{"user+system(%)": 47.1, "I/O wait(%)": 2.477777777777778, "Idle(%)": 50.31111111111111, "Available Memory(Kb)": 9040167.711111112}