{"%guest": 17.52144144144144, "user+system(%)": 6.5928828828828845, "%idle": 65.40072727272727, "%iowait": 9.983963963963966, "%sys": 3.429909909909909}