{"sys(%)": 3.4727272727272727, "I/O wait(%)": 10.045454545454545, "Available Memory(Kb)": 3728209.2, "Idle(%)": 65.52727272727273, "user+system(%)": 24.454545454545453}