{"user+system(%)": 2.6523423423423416, "%iowait": 0.06747747747747745, "%sys": 0.23900900900900904, "%idle": 97.10563636363634, "%guest": 0.0}