{"I/O wait(%)": 0.045454545454545456, "user+system(%)": 2.7363636363636363, "Idle(%)": 97.10909090909091, "sys(%)": 0.24545454545454545, "Available Memory(Kb)": 1413872.3636363635}