Device,kB_read/s,kB_wrtn/s
loop0,0.0,0.0
sda,154.12822966507176,350.39234449760767
