{"Disk Read(KB/s)": 154.75697777777776, "Disk Write(KB/s)": 351.9672111111109}