{"%idle": 65.40872222222227, "user+system(%)": 29.883646408839766, "%iowait": 1.7190055248618783}