{"I/O wait(%)": 1.7055555555555555, "user+system(%)": 32.55555555555556, "Available Memory(Kb)": 8849837.777777778, "Idle(%)": 65.74444444444444}