Device,kB_read/s,kB_wrtn/s
loop0,0.0,0.0
sda,44.90491803278689,692.0393442622951
