{"Disk Write(KB/s)": 671.0987666666665, "Disk Read(KB/s)": 42.67483333333332}