Device,kB_read/s,kB_wrtn/s
loop0,0.0,0.0
sda,28.324050632911394,283.2607594936709
