{"Disk Read(KB/s)": 32.321933333333305, "Disk Write(KB/s)": 248.90913333333324}