{"%iowait": 2.286936936936937, "user+system(%)": 44.12990990990993, "%idle": 51.27172727272726}