{"Idle(%)": 51.21818181818182, "Available Memory(Kb)": 9986298.4, "user+system(%)": 46.50909090909091, "I/O wait(%)": 2.3727272727272726}