Device,kB_read/s,kB_wrtn/s
loop0,0.0,0.0
sda,0.043835616438356165,172.62465753424658
Device,kB_read/s,kB_wrtn/s
loop0,0.0,0.0
sda,0.043835616438356165,172.62465753424658
