{"Disk Write(KB/s)": 167.50453333333337, "Disk Read(KB/s)": 0.04806666666666667}