{"user+system(%)": 87.05990990990989, "%iowait": 1.163063063063063, "%idle": 5.570636363636362}