{"Idle(%)": 6.4, "I/O wait(%)": 1.1818181818181819, "Available Memory(Kb)": 3156456.9454545453, "user+system(%)": 92.72727272727273}