Device,kB_read/s,kB_wrtn/s
loop0,0.0,0.0
sda,683.5666666666667,676.6019607843137
