{"Disk Read(KB/s)": 1280.9018333333333, "Disk Write(KB/s)": 900.9431333333338}