{"user+system(%)": 3.272154696132596, "%idle": 90.7542222222222, "%iowait": 5.155082872928176}