{"I/O wait(%)": 5.116666666666666, "Idle(%)": 90.78333333333333, "user+system(%)": 4.033333333333333, "Available Memory(Kb)": 12026709.755555555}