Device,kB_read/s,kB_wrtn/s
loop0,0.0,0.0
sda,7.4619469026548675,423.7203539823009
