{"Disk Read(KB/s)": 8.088044444444444, "Disk Write(KB/s)": 413.1334888888892}