{"%idle": 80.94627777777778, "user+system(%)": 17.4314364640884, "%iowait": 0.9241988950276239}