{"user+system(%)": 18.13888888888889, "I/O wait(%)": 0.8833333333333333, "Idle(%)": 80.95555555555555, "Available Memory(Kb)": 2783278.2}