{"Disk Write(KB/s)": 848.5458000000001, "Disk Read(KB/s)": 0.9950666666666667}