{"%guest": 0.0, "user+system(%)": 82.00603603603604, "%idle": 14.777454545454543, "%sys": 7.619549549549552, "%iowait": 1.0783783783783782}