{
  "AssignmentsList" : {
    "transaction" : "AssignmentsList",
    "sampleCount" : 140,
    "errorCount" : 103,
    "errorPct" : 73.57143,
    "meanResTime" : 1914.2999999999997,
    "medianResTime" : 0.0,
    "minResTime" : 0.0,
    "maxResTime" : 50004.0,
    "pct1ResTime" : 3042.500000000001,
    "pct2ResTime" : 16863.249999999985,
    "pct3ResTime" : 48523.08000000001,
    "throughput" : 1.0773623092491555,
    "receivedKBytesPerSec" : 1.0351500876318807,
    "sentKBytesPerSec" : 0.09509586119725734
  },
  "Get CSRF Token" : {
    "transaction" : "Get CSRF Token",
    "sampleCount" : 140,
    "errorCount" : 95,
    "errorPct" : 67.85714,
    "meanResTime" : 46250.42857142857,
    "medianResTime" : 50004.0,
    "minResTime" : 18146.0,
    "maxResTime" : 50563.0,
    "pct1ResTime" : 50134.7,
    "pct2ResTime" : 50248.1,
    "pct3ResTime" : 50503.14,
    "throughput" : 2.725379119702544,
    "receivedKBytesPerSec" : 29.61532383952384,
    "sentKBytesPerSec" : 0.36462591738207867
  },
  "StudentCourses" : {
    "transaction" : "StudentCourses",
    "sampleCount" : 140,
    "errorCount" : 64,
    "errorPct" : 45.714287,
    "meanResTime" : 25417.478571428568,
    "medianResTime" : 17042.0,
    "minResTime" : 30.0,
    "maxResTime" : 50933.0,
    "pct1ResTime" : 50636.3,
    "pct2ResTime" : 50676.65,
    "pct3ResTime" : 50841.16,
    "throughput" : 1.192829391316202,
    "receivedKBytesPerSec" : 11.595914199888385,
    "sentKBytesPerSec" : 0.36071107542089836
  },
  "Total" : {
    "transaction" : "Total",
    "sampleCount" : 2803,
    "errorCount" : 2282,
    "errorPct" : 81.41277,
    "meanResTime" : 4925.338565822346,
    "medianResTime" : 0.0,
    "minResTime" : 0.0,
    "maxResTime" : 74812.0,
    "pct1ResTime" : 15545.799999999997,
    "pct2ResTime" : 50005.0,
    "pct3ResTime" : 50591.72,
    "throughput" : 9.310591088007174,
    "receivedKBytesPerSec" : 65.4774622006361,
    "sentKBytesPerSec" : 2.4456085941522314
  },
  "Upload" : {
    "transaction" : "Upload",
    "sampleCount" : 2103,
    "errorCount" : 1805,
    "errorPct" : 85.829765,
    "meanResTime" : 792.0128388017102,
    "medianResTime" : 0.0,
    "minResTime" : 0.0,
    "maxResTime" : 74812.0,
    "pct1ResTime" : 722.6000000000001,
    "pct2ResTime" : 922.7999999999997,
    "pct3ResTime" : 35731.000000000015,
    "throughput" : 9.108154461826308,
    "receivedKBytesPerSec" : 66.44934881622144,
    "sentKBytesPerSec" : 2.5992815702254735
  },
  "Course Page" : {
    "transaction" : "Course Page",
    "sampleCount" : 140,
    "errorCount" : 114,
    "errorPct" : 81.42857,
    "meanResTime" : 5912.928571428569,
    "medianResTime" : 0.0,
    "minResTime" : 0.0,
    "maxResTime" : 50005.0,
    "pct1ResTime" : 30623.800000000017,
    "pct2ResTime" : 50004.95,
    "pct3ResTime" : 50005.0,
    "throughput" : 1.2482168330955776,
    "receivedKBytesPerSec" : 10.1239736342056,
    "sentKBytesPerSec" : 0.0989274529689729
  },
  "Login" : {
    "transaction" : "Login",
    "sampleCount" : 140,
    "errorCount" : 101,
    "errorPct" : 72.14286,
    "meanResTime" : 7220.0142857142855,
    "medianResTime" : 3348.0,
    "minResTime" : 19.0,
    "maxResTime" : 50006.0,
    "pct1ResTime" : 19333.000000000007,
    "pct2ResTime" : 28170.19999999997,
    "pct3ResTime" : 50005.59,
    "throughput" : 1.7065470458451675,
    "receivedKBytesPerSec" : 2.6497309331460195,
    "sentKBytesPerSec" : 0.6288606817655448
  }
}