{"%iowait": 0.4156756756756756, "%idle": 0.20054545454545453, "user+system(%)": 92.82900900900906}