{"Idle(%)": 0.22727272727272727, "Available Memory(Kb)": 3985430.1818181816, "user+system(%)": 99.63636363636364, "I/O wait(%)": 0.42727272727272725}