Device,kB_read/s,kB_wrtn/s
loop0,0.0,0.0
sda,9.453807106598985,254.16852791878173
