{"Disk Write(KB/s)": 262.43176666666636, "Disk Read(KB/s)": 8.949433333333324}