{"user+system(%)": 20.904143646408848, "%iowait": 1.5032596685082877, "%idle": 74.7563333333334}