{"Available Memory(Kb)": 9205389.044444444, "user+system(%)": 23.761111111111113, "I/O wait(%)": 1.4722222222222223, "Idle(%)": 74.83333333333333}