Device,kB_read/s,kB_wrtn/s
loop0,0.0,0.0
sda,0.2828729281767956,182.37348066298344
