{"Disk Read(KB/s)": 0.16902222222222224, "Disk Write(KB/s)": 132.76776666666652}