{"%idle": 13.808944444444435, "%iowait": 1.5998342541436463, "user+system(%)": 73.09618784530392}