{"Available Memory(Kb)": 7164171.933333334, "user+system(%)": 84.06666666666666, "I/O wait(%)": 1.5611111111111111, "Idle(%)": 14.305555555555555}