Device,kB_read/s,kB_wrtn/s
loop0,0.0,0.0
sda,61.19475982532751,403.8812227074236
