{"Disk Write(KB/s)": 414.4012888888884, "Disk Read(KB/s)": 65.42996666666672}