{"user+system(%)": 16.278287292817694, "%iowait": 1.0884530386740325, "%idle": 81.42011111111107}