{"Available Memory(Kb)": 10243600.733333332, "Idle(%)": 81.43333333333334, "I/O wait(%)": 1.0222222222222221, "user+system(%)": 17.45}