Device,kB_read/s,kB_wrtn/s
loop0,0.0,0.0
sda,0.19672131147540983,62.87213114754098
