{"%iowait": 0.001081081081081081, "%idle": 0.8631818181818176, "user+system(%)": 97.40927927927923}