{"I/O wait(%)": 0.0, "user+system(%)": 99.03636363636363, "Idle(%)": 0.8272727272727273, "Available Memory(Kb)": 3302470.0727272728}