{"Disk Read(KB/s)": 19.581666666666692, "Disk Write(KB/s)": 593.9019000000006}