{"user+system(%)": 53.12432432432431, "%idle": 42.356454545454554, "%iowait": 2.1292792792792796}