{"Idle(%)": 41.654545454545456, "user+system(%)": 56.2, "Available Memory(Kb)": 4336769.345454546, "I/O wait(%)": 2.081818181818182}