{"%idle": 29.737090909090888, "%iowait": 2.5152252252252243, "user+system(%)": 65.76927927927929}