{"Available Memory(Kb)": 5233538.836363636, "I/O wait(%)": 2.5, "user+system(%)": 67.89090909090909, "Idle(%)": 29.5}