{"user+system(%)": 96.33837837837838, "%iowait": 0.3148648648648648, "%idle": 1.3230909090909093}