{"user+system(%)": 75.51287292817673, "%idle": 11.583555555555558, "%iowait": 1.2687292817679559}