Device,kB_read/s,kB_wrtn/s
loop0,0.0,0.0
sda,8.438709677419356,895.858064516129
