{"%idle": 2.556363636363636, "%iowait": 0.2581981981981982, "user+system(%)": 95.67783783783786}