{"I/O wait(%)": 0.34545454545454546, "user+system(%)": 96.58181818181818, "Idle(%)": 3.090909090909091, "Available Memory(Kb)": 6200238.4363636365}