Device,kB_read/s,kB_wrtn/s
loop0,0.0,0.0
sda,0.027586206896551724,39.255172413793105
Device,kB_read/s,kB_wrtn/s
loop0,0.0,0.0
sda,0.027586206896551724,39.255172413793105
