{"Disk Write(KB/s)": 38.22950000000001, "Disk Read(KB/s)": 0.026166666666666668}