{"%iowait": 1.1642342342342347, "%idle": 81.91009090909085, "user+system(%)": 15.43063063063062, "%sys": 2.56207207207207, "%guest": 0.0}