{"I/O wait(%)": 1.2545454545454546, "Available Memory(Kb)": 9812253.309090909, "Idle(%)": 81.9, "sys(%)": 2.890909090909091, "user+system(%)": 17.227272727272727}