{"%idle": 6.827555555555558, "%iowait": 0.5163535911602211, "user+system(%)": 80.37491712707178}