{"I/O wait(%)": 0.4777777777777778, "Idle(%)": 7.35, "user+system(%)": 92.11666666666666, "Available Memory(Kb)": 7288171.0}