Device,kB_read/s,kB_wrtn/s
loop0,0.0,0.0
sda,13.589140271493212,384.7746606334842
