{"Disk Write(KB/s)": 398.6478111111111, "Disk Read(KB/s)": 14.316277777777783}