{"%iowait": 1.7092265193370175, "%idle": 58.33744444444447, "user+system(%)": 36.7842541436464}