{"Available Memory(Kb)": 9057316.4, "Idle(%)": 58.52777777777778, "I/O wait(%)": 1.6944444444444444, "user+system(%)": 39.74444444444445}