Device,kB_read/s,kB_wrtn/s
loop0,0.0,0.0
sda,32.23606557377049,387.9213114754098
