{"Disk Read(KB/s)": 32.11949999999999, "Disk Write(KB/s)": 385.4558333333333}