{"sys(%)": 3.0636363636363635, "I/O wait(%)": 1.6454545454545455, "user+system(%)": 34.38181818181818, "Available Memory(Kb)": 6885981.127272727, "Idle(%)": 63.981818181818184}