Device,kB_read/s,kB_wrtn/s
loop0,0.0,0.0
sda,3348.271186440678,8647.905084745762
