{"Disk Read(KB/s)": 3227.5073333333326, "Disk Write(KB/s)": 8289.200833333332}