{"%guest": 0.0, "%sys": 2.143963963963963, "user+system(%)": 13.063423423423432, "%iowait": 21.62747747747749, "%idle": 65.03418181818184}