{"user+system(%)": 13.136363636363637, "Available Memory(Kb)": 5782573.454545454, "Idle(%)": 64.87272727272727, "sys(%)": 1.9636363636363636, "I/O wait(%)": 21.963636363636365}