{"Disk Write(KB/s)": 931.8653333333334, "Disk Read(KB/s)": 89.12633333333336}