{"%guest": 74.89117117117117, "%idle": 8.205818181818184, "%iowait": 2.1610810810810803, "%sys": 4.604864864864864, "user+system(%)": 13.500090090090087}