{"sys(%)": 4.736363636363636, "Available Memory(Kb)": 342247.12727272726, "Idle(%)": 8.027272727272727, "I/O wait(%)": 2.1636363636363636, "user+system(%)": 89.86363636363636}