Device,kB_read/s,kB_wrtn/s
loop0,0.0,0.0
sda,200.36610169491524,440.8033898305085
