{"Disk Write(KB/s)": 430.0934777777781, "Disk Read(KB/s)": 217.10326666666677}