{"%iowait": 4.862099447513812, "%idle": 54.664944444444465, "user+system(%)": 37.0846408839779}