{"Available Memory(Kb)": 10457375.91111111, "Idle(%)": 54.76111111111111, "I/O wait(%)": 4.855555555555555, "user+system(%)": 40.33888888888889}