Device,kB_read/s,kB_wrtn/s
loop0,0.0,0.0
sda,1167.0709677419354,24.374193548387098
