{"%iowait": 15.602792792792794, "user+system(%)": 0.635135135135135, "%idle": 82.83254545454545}