Device,kB_read/s,kB_wrtn/s
loop0,0.0,0.0
sda,2.321311475409836,473.21967213114755
