Device,kB_read/s,kB_wrtn/s
loop0,0.0,0.0
sda,21.496774193548386,1002.2451612903226
