{"Disk Write(KB/s)": 981.8148333333332, "Disk Read(KB/s)": 21.159333333333343}