{"user+system(%)": 96.19630630630628, "%iowait": 0.3124324324324325, "%idle": 1.8354545454545457}