{"I/O wait(%)": 0.3090909090909091, "Available Memory(Kb)": 6381732.581818182, "user+system(%)": 97.84545454545454, "Idle(%)": 1.809090909090909}