Device,kB_read/s,kB_wrtn/s
loop0,0.0,0.0
sda,0.49836065573770494,53.50819672131148
