{"%iowait": 0.005675675675675678, "%idle": 10.7119090909091, "user+system(%)": 87.68477477477481}