{"user+system(%)": 89.03636363636363, "I/O wait(%)": 0.0, "Idle(%)": 10.963636363636363, "Available Memory(Kb)": 3359243.345454545}