Device,kB_read/s,kB_wrtn/s
loop0,0.0,0.0
sda,20.340983606557376,68.24918032786886
Device,kB_read/s,kB_wrtn/s
loop0,0.0,0.0
sda,20.340983606557376,68.24918032786886
Device,kB_read/s,kB_wrtn/s
loop0,0.0,0.0
sda,20.340983606557376,68.24918032786886
