{"Disk Write(KB/s)": 39.088904761904764, "Disk Read(KB/s)": 0.3773809523809524}