Device,kB_read/s,kB_wrtn/s
loop0,0.0,0.0
sda,16.133333333333333,222.67111111111112
