{"Disk Write(KB/s)": 216.5084555555557, "Disk Read(KB/s)": 14.169922222222223}