{"%iowait": 1.0565745856353592, "user+system(%)": 22.999834254143654, "%idle": 72.61988888888888}