{"Idle(%)": 72.55, "I/O wait(%)": 1.011111111111111, "user+system(%)": 26.57777777777778, "Available Memory(Kb)": 7229928.177777777}