Device,kB_read/s,kB_wrtn/s
loop0,0.0,0.0
sda,11.466666666666667,195.61092896174864
