{"%iowait": 0.6997237569060774, "%idle": 5.9570000000000025, "user+system(%)": 81.36895027624305}