{"user+system(%)": 92.81666666666666, "Idle(%)": 6.444444444444445, "Available Memory(Kb)": 7223939.177777777, "I/O wait(%)": 0.7111111111111111}