Device,kB_read/s,kB_wrtn/s
loop0,0.0,0.0
sda,15.25303867403315,127.45635359116022
