{"Disk Read(KB/s)": 13.271466666666665, "Disk Write(KB/s)": 130.83173333333337}