{"%iowait": 0.5024861878453033, "user+system(%)": 10.842596685082873, "%idle": 85.32355555555557}