{"Idle(%)": 85.28333333333333, "I/O wait(%)": 0.45555555555555555, "Available Memory(Kb)": 7291411.288888888, "user+system(%)": 14.294444444444444}