{"Disk Read(KB/s)": 0.026166666666666668, "Disk Write(KB/s)": 61.034999999999975}