{"%idle": 4.623181818181822, "%iowait": 0.002162162162162162, "user+system(%)": 93.69855855855853}