{"user+system(%)": 95.05454545454545, "I/O wait(%)": 0.0, "Idle(%)": 4.954545454545454, "Available Memory(Kb)": 3333162.4727272727}