Device,kB_read/s,kB_wrtn/s
loop0,0.0,0.0
sda,851.3462068965517,654.7089655172414
