{"Disk Write(KB/s)": 826.2065000000005, "Disk Read(KB/s)": 1185.8925444444426}