{"%idle": 91.37583333333332, "%iowait": 5.047734806629832, "user+system(%)": 2.7698342541436456}