{"user+system(%)": 3.533333333333333, "Available Memory(Kb)": 11767463.133333333, "I/O wait(%)": 5.033333333333333, "Idle(%)": 91.37777777777778}