Device,kB_read/s,kB_wrtn/s
loop0,0.0,0.0
sda,53.1030303030303,268.0242424242424
