{"Disk Write(KB/s)": 249.20816666666676, "Disk Read(KB/s)": 55.611500000000014}