{"%iowait": 2.5240540540540546, "%idle": 63.9480909090909, "user+system(%)": 31.95567567567568}