{"user+system(%)": 33.08181818181818, "I/O wait(%)": 2.5272727272727273, "Available Memory(Kb)": 10172447.309090909, "Idle(%)": 64.48181818181818}