{"Disk Read(KB/s)": 436.3497555555557, "Disk Write(KB/s)": 185.82267777777804}