{"user+system(%)": 36.66303867403314, "%iowait": 2.0796132596685077, "%idle": 54.848111111111066}