Device,kB_read/s,kB_wrtn/s
loop0,0.0,0.0
sda,10.115968992248062,13.673178294573644
