Device,kB_read/s,kB_wrtn/s
loop0,0.0,0.0
sda,28.816161616161615,298.7070707070707
