{"Disk Read(KB/s)": 27.466733333333337, "Disk Write(KB/s)": 287.4031333333334}