{"%iowait": 1.7519337016574583, "%idle": 76.83383333333333, "user+system(%)": 19.029226519337023}