{"user+system(%)": 21.47222222222222, "Available Memory(Kb)": 9772599.8, "Idle(%)": 76.86111111111111, "I/O wait(%)": 1.7555555555555555}