Device,kB_read/s,kB_wrtn/s
loop0,0.0,0.0
sda,336.6967741935484,868.4258064516129
