{"Disk Read(KB/s)": 306.0525000000001, "Disk Write(KB/s)": 834.0582999999999}