Device,kB_read/s,kB_wrtn/s
loop0,0.0,0.0
sda,13.845161290322581,850.8645161290323
