{"Disk Read(KB/s)": 13.137933333333335, "Disk Write(KB/s)": 825.5360000000001}