{"%idle": 29.882909090909084, "%iowait": 2.4806306306306283, "user+system(%)": 65.65522522522527}