{"%idle": 34.33505555555556, "%iowait": 6.101988950276241, "user+system(%)": 52.5479005524862}