Device,kB_read/s,kB_wrtn/s
loop0,0.0,0.0
sda,12.45464480874317,485.6830601092896
