{"Disk Read(KB/s)": 11.881644444444445, "Disk Write(KB/s)": 462.78743333333296}