{"%iowait": 1.5377348066298344, "user+system(%)": 18.32044198895027, "%idle": 78.17466666666668}