{"Idle(%)": 78.28888888888889, "I/O wait(%)": 1.4833333333333334, "user+system(%)": 20.2, "Available Memory(Kb)": 7305614.444444444}