{
  "AssignmentsList" : {
    "transaction" : "AssignmentsList",
    "sampleCount" : 140,
    "errorCount" : 0,
    "errorPct" : 0.0,
    "meanResTime" : 45.87142857142857,
    "medianResTime" : 35.0,
    "minResTime" : 26.0,
    "maxResTime" : 498.0,
    "pct1ResTime" : 56.0,
    "pct2ResTime" : 82.19999999999982,
    "pct3ResTime" : 410.67000000000075,
    "throughput" : 17.3374613003096,
    "receivedKBytesPerSec" : 6.65513738390093,
    "sentKBytesPerSec" : 5.604198916408669
  },
  "Get CSRF Token" : {
    "transaction" : "Get CSRF Token",
    "sampleCount" : 140,
    "errorCount" : 0,
    "errorPct" : 0.0,
    "meanResTime" : 8003.057142857144,
    "medianResTime" : 10179.0,
    "minResTime" : 38.0,
    "maxResTime" : 11620.0,
    "pct1ResTime" : 10891.2,
    "pct2ResTime" : 11206.949999999999,
    "pct3ResTime" : 11594.17,
    "throughput" : 11.185682326621924,
    "receivedKBytesPerSec" : 298.9362678271812,
    "sentKBytesPerSec" : 1.4746749161073824
  },
  "StudentCourses" : {
    "transaction" : "StudentCourses",
    "sampleCount" : 140,
    "errorCount" : 0,
    "errorPct" : 0.0,
    "meanResTime" : 121.46428571428571,
    "medianResTime" : 52.0,
    "minResTime" : 23.0,
    "maxResTime" : 1811.0,
    "pct1ResTime" : 209.20000000000005,
    "pct2ResTime" : 399.5999999999992,
    "pct3ResTime" : 1764.6700000000003,
    "throughput" : 15.228978570651583,
    "receivedKBytesPerSec" : 19.002229957576418,
    "sentKBytesPerSec" : 3.68826824757968
  },
  "GetSubmissionId" : {
    "transaction" : "GetSubmissionId",
    "sampleCount" : 930,
    "errorCount" : 1,
    "errorPct" : 0.10752688,
    "meanResTime" : 1778.032258064516,
    "medianResTime" : 1293.5,
    "minResTime" : 46.0,
    "maxResTime" : 15330.0,
    "pct1ResTime" : 3171.7,
    "pct2ResTime" : 4099.2499999999945,
    "pct3ResTime" : 11923.399999999961,
    "throughput" : 3.441028904642799,
    "receivedKBytesPerSec" : 152.7467318030159,
    "sentKBytesPerSec" : 0.7955536553069547
  },
  "TestcasesResults" : {
    "transaction" : "TestcasesResults",
    "sampleCount" : 853,
    "errorCount" : 0,
    "errorPct" : 0.0,
    "meanResTime" : 20093.137162954285,
    "medianResTime" : 20606.0,
    "minResTime" : 9325.0,
    "maxResTime" : 35790.0,
    "pct1ResTime" : 23312.0,
    "pct2ResTime" : 24179.7,
    "pct3ResTime" : 26264.780000000017,
    "throughput" : 3.126408808189505,
    "receivedKBytesPerSec" : 90.62666580114684,
    "sentKBytesPerSec" : 0.7571771332333957
  },
  "Total" : {
    "transaction" : "Total",
    "sampleCount" : 4349,
    "errorCount" : 3,
    "errorPct" : 0.06898137,
    "meanResTime" : 6216.464244653939,
    "medianResTime" : 2443.0,
    "minResTime" : 17.0,
    "maxResTime" : 35790.0,
    "pct1ResTime" : 20829.0,
    "pct2ResTime" : 22021.5,
    "pct3ResTime" : 24265.5,
    "throughput" : 13.520529504848302,
    "receivedKBytesPerSec" : 444.45207429490546,
    "sentKBytesPerSec" : 6.6948689256324245
  },
  "Upload" : {
    "transaction" : "Upload",
    "sampleCount" : 944,
    "errorCount" : 1,
    "errorPct" : 0.105932206,
    "meanResTime" : 3894.0836864406797,
    "medianResTime" : 2478.5,
    "minResTime" : 17.0,
    "maxResTime" : 27248.0,
    "pct1ResTime" : 6929.0,
    "pct2ResTime" : 15481.75,
    "pct3ResTime" : 23743.55,
    "throughput" : 3.4815191815479483,
    "receivedKBytesPerSec" : 155.31415011423735,
    "sentKBytesPerSec" : 4.775981505351361
  },
  "Course Page" : {
    "transaction" : "Course Page",
    "sampleCount" : 140,
    "errorCount" : 1,
    "errorPct" : 0.71428573,
    "meanResTime" : 264.6285714285713,
    "medianResTime" : 73.0,
    "minResTime" : 49.0,
    "maxResTime" : 2927.0,
    "pct1ResTime" : 649.9,
    "pct2ResTime" : 1594.0999999999995,
    "pct3ResTime" : 2784.7300000000014,
    "throughput" : 16.466713714420134,
    "receivedKBytesPerSec" : 529.6787934089037,
    "sentKBytesPerSec" : 4.741875992413549
  },
  "Login" : {
    "transaction" : "Login",
    "sampleCount" : 140,
    "errorCount" : 0,
    "errorPct" : 0.0,
    "meanResTime" : 1093.4714285714279,
    "medianResTime" : 255.5,
    "minResTime" : 72.0,
    "maxResTime" : 6288.0,
    "pct1ResTime" : 4564.100000000002,
    "pct2ResTime" : 5456.2,
    "pct3ResTime" : 6287.18,
    "throughput" : 10.788317793018416,
    "receivedKBytesPerSec" : 18.489743873776682,
    "sentKBytesPerSec" : 6.384492756415196
  },
  "RunPractice" : {
    "transaction" : "RunPractice",
    "sampleCount" : 922,
    "errorCount" : 0,
    "errorPct" : 0.0,
    "meanResTime" : 3505.838394793924,
    "medianResTime" : 2592.5,
    "minResTime" : 194.0,
    "maxResTime" : 22745.0,
    "pct1ResTime" : 5630.100000000001,
    "pct2ResTime" : 7544.8499999999985,
    "pct3ResTime" : 12325.039999999992,
    "throughput" : 3.4194120243141706,
    "receivedKBytesPerSec" : 96.89750783576623,
    "sentKBytesPerSec" : 0.8014246931986337
  }
}