{"user+system(%)": 0.8113545816733067, "%idle": 98.97460000000004, "%iowait": 0.1356175298804781}