Device,kB_read/s,kB_wrtn/s
loop0,0.0,0.0
sda,401.49508196721314,1093.639344262295
