{"Disk Read(KB/s)": 394.0439999999998, "Disk Write(KB/s)": 1070.6408333333334}