{"%idle": 22.665545454545455, "user+system(%)": 9.145225225225227, "%iowait": 5.717567567567567}