{"Available Memory(Kb)": 521271.92727272725, "user+system(%)": 71.32727272727273, "Idle(%)": 22.818181818181817, "I/O wait(%)": 5.818181818181818}