Device,kB_read/s,kB_wrtn/s
loop0,0.0,0.0
sda,31.80327868852459,795.7114754098361
