{"%iowait": 1.983513513513512, "user+system(%)": 67.71774774774771, "%idle": 28.491454545454545}