Device,kB_read/s,kB_wrtn/s
loop0,0.0,0.0
sda,426.64516129032256,65.98709677419355
