{"Disk Write(KB/s)": 66.29699999999997, "Disk Read(KB/s)": 397.2010999999999}