{"%iowait": 0.3447747747747748, "%idle": 96.19972727272739, "user+system(%)": 2.6998198198198184}