{"user+system(%)": 3.581818181818182, "Idle(%)": 96.13636363636364, "Available Memory(Kb)": 5674293.345454546, "I/O wait(%)": 0.2818181818181818}