Device,kB_read/s,kB_wrtn/s
loop0,0.0,0.0
sda,55.57333333333333,52.50666666666667
