{"Disk Write(KB/s)": 51.677999999999976, "Disk Read(KB/s)": 54.70333333333334}