{"%idle": 98.20218181818183, "user+system(%)": 1.2037837837837841, "%guest": 0.0, "%iowait": 0.169009009009009, "%sys": 0.4179279279279281}