{"Available Memory(Kb)": 4058657.1636363636, "Idle(%)": 98.14545454545454, "I/O wait(%)": 0.11818181818181818, "user+system(%)": 1.5818181818181818, "sys(%)": 0.45454545454545453}