{"Disk Write(KB/s)": 696.9665999999997, "Disk Read(KB/s)": 20.68656666666666}