{"I/O wait(%)": 2.0636363636363635, "Idle(%)": 44.06363636363636, "user+system(%)": 53.88181818181818, "Available Memory(Kb)": 2053983.2727272727}