Device,kB_read/s,kB_wrtn/s
loop0,0.0,0.0
sda,270.6933333333333,533.9466666666667
