{"%sys": 6.340450450450449, "user+system(%)": 11.42801801801801, "%iowait": 2.965045045045045, "%idle": 56.275909090909096, "%guest": 28.698198198198195}