Device,kB_read/s,kB_wrtn/s
loop0,0.0,0.0
sda,3.470967741935484,806.916129032258
Device,kB_read/s,kB_wrtn/s
loop0,0.0,0.0
sda,3.470967741935484,806.916129032258
