{"Disk Write(KB/s)": 789.1869999999999, "Disk Read(KB/s)": 3.5148333333333337}