{"%iowait": 0.713693693693694, "%guest": 0.0, "user+system(%)": 89.8358558558559, "%sys": 4.495225225225226, "%idle": 7.962909090909085}