{"Idle(%)": 8.50909090909091, "Available Memory(Kb)": 6967349.927272728, "user+system(%)": 90.8, "sys(%)": 5.081818181818182, "I/O wait(%)": 0.7}