Device,kB_read/s,kB_wrtn/s
loop0,0.0,0.0
sda,0.1180327868852459,137.62622950819673
