{"Disk Write(KB/s)": 136.42750000000004, "Disk Read(KB/s)": 0.11666666666666667}