{"user+system(%)": 58.50711711711713, "%idle": 40.1829090909091, "%sys": 4.37981981981982, "%iowait": 0.023873873873873866, "%guest": 0.0}