{"user+system(%)": 59.527272727272724, "I/O wait(%)": 0.00909090909090909, "Available Memory(Kb)": 3038860.8, "Idle(%)": 40.40909090909091, "sys(%)": 5.0181818181818185}