Device,kB_read/s,kB_wrtn/s
loop0,0.0,0.0
sda,11.716129032258065,1053.225806451613
