{"Disk Read(KB/s)": 11.343499999999997, "Disk Write(KB/s)": 1027.366166666667}