{"user+system(%)": 97.23396396396397, "%idle": 0.8600000000000002, "%iowait": 0.09837837837837837}