{"Idle(%)": 0.8454545454545455, "Available Memory(Kb)": 5746412.509090909, "user+system(%)": 99.06363636363636, "I/O wait(%)": 0.08181818181818182}