{"%idle": 81.23205555555553, "%iowait": 0.5200552486187853, "user+system(%)": 5.5931491712707135}