{"Available Memory(Kb)": 6353353.709090909, "user+system(%)": 80.81818181818181, "I/O wait(%)": 0.0, "Idle(%)": 19.027272727272727}