Device,kB_read/s,kB_wrtn/s
loop0,0.0,0.0
sda,3.2131147540983607,18.21639344262295
