{"user+system(%)": 0.46675675675675693, "%iowait": 0.024144144144144144, "%idle": 99.35290909090911, "%guest": 0.0, "%sys": 0.25063063063063057}