{"Idle(%)": 99.27272727272727, "user+system(%)": 0.19090909090909092, "Available Memory(Kb)": 3193303.0545454547, "I/O wait(%)": 0.0, "sys(%)": 0.06363636363636363}