Device,kB_read/s,kB_wrtn/s
loop0,0.0,0.0
sda,28.18064516129032,906.0774193548388
