{"%iowait": 0.8952252252252247, "%idle": 9.567545454545455, "user+system(%)": 87.69261261261262}