{"user+system(%)": 89.52727272727273, "Available Memory(Kb)": 2094976.4363636363, "I/O wait(%)": 0.9090909090909091, "Idle(%)": 9.590909090909092}