Device,kB_read/s,kB_wrtn/s
loop0,0.0,0.0
sda,0.5161290322580645,966.5548387096774
