Device,kB_read/s,kB_wrtn/s
loop0,0.0,0.0
sda,0.16551724137931034,32.689655172413794
