{"Disk Write(KB/s)": 217.95620000000028, "Disk Read(KB/s)": 1.660644444444445}