{"user+system(%)": 37.544444444444444, "Idle(%)": 58.52777777777778, "I/O wait(%)": 3.838888888888889, "Available Memory(Kb)": 10693114.333333334}