Device,kB_read/s,kB_wrtn/s
loop0,0.0,0.0
sda,0.02711864406779661,58.603389830508476
Device,kB_read/s,kB_wrtn/s
loop0,0.0,0.0
sda,0.02711864406779661,58.603389830508476
Device,kB_read/s,kB_wrtn/s
loop0,0.0,0.0
sda,0.02711864406779661,58.603389830508476
