{"Disk Read(KB/s)": 0.30283333333333334, "Disk Write(KB/s)": 55.91903333333335}