{"%guest": 0.0, "%sys": 0.26171171171171165, "%idle": 98.39954545454546, "user+system(%)": 1.1957657657657659, "%iowait": 0.09882882882882882}