{"user+system(%)": 1.2818181818181817, "Idle(%)": 98.42727272727272, "sys(%)": 0.16363636363636364, "I/O wait(%)": 0.02727272727272727, "Available Memory(Kb)": 9370004.10909091}