{"Disk Read(KB/s)": 39.01899999999997, "Disk Write(KB/s)": 280.83446666666674}