{"%idle": 51.26154545454544, "user+system(%)": 44.5128828828829, "%iowait": 2.190450450450449}