{"I/O wait(%)": 2.2545454545454544, "user+system(%)": 46.24545454545454, "Idle(%)": 51.54545454545455, "Available Memory(Kb)": 9713647.2}