{"Disk Write(KB/s)": 78.88485555555553, "Disk Read(KB/s)": 0.7615444444444445}