{"%iowait": 0.24618784530386717, "%idle": 95.60383333333333, "user+system(%)": 2.2744751381215456}