Device,kB_read/s,kB_wrtn/s
loop0,0.0,0.0
sda,7.838251366120218,148.16612021857924
