{"Disk Read(KB/s)": 6.925200000000004, "Disk Write(KB/s)": 156.3842000000001}