{"%iowait": 0.8422099447513816, "%idle": 87.34755555555559, "user+system(%)": 9.111933701657458}