{"Idle(%)": 87.58333333333333, "user+system(%)": 11.822222222222223, "Available Memory(Kb)": 9900050.577777777, "I/O wait(%)": 0.7833333333333333}