Device,kB_read/s,kB_wrtn/s
loop0,0.0,0.0
sda,1.3367088607594937,337.2151898734177
