{"Disk Write(KB/s)": 209.8456333333332, "Disk Read(KB/s)": 0.6903666666666665}