{"%iowait": 0.2659116022099446, "%idle": 92.7433888888889, "user+system(%)": 6.504088397790074}