{"Idle(%)": 92.79444444444445, "user+system(%)": 6.8277777777777775, "I/O wait(%)": 0.2, "Available Memory(Kb)": 1477468.6888888888}