Device,kB_read/s,kB_wrtn/s
loop0,0.0,0.0
sda,5.902222222222222,203.07555555555555
