{"Disk Write(KB/s)": 399.27666666666653, "Disk Read(KB/s)": 22.125933333333332}