Device,kB_read/s,kB_wrtn/s
loop0,0.0,0.0
sda,10.307692307692308,355.0065934065934
