{"Disk Read(KB/s)": 56.26918888888889, "Disk Write(KB/s)": 139.24447777777786}