{"%iowait": 0.9860773480662983, "%idle": 10.70505555555556, "user+system(%)": 76.30640883977902}