Device,kB_read/s,kB_wrtn/s
loop0,0.0,0.0
sda,25.626373626373628,750.589010989011
