{"Disk Read(KB/s)": 20.26394444444446, "Disk Write(KB/s)": 621.7895222222223}