{"%idle": 51.43305555555557, "user+system(%)": 45.32889502762429, "%iowait": 1.3007182320441992}