{"Idle(%)": 51.49444444444445, "I/O wait(%)": 1.2833333333333334, "Available Memory(Kb)": 6930057.688888889, "user+system(%)": 47.272222222222226}