{"%idle": 65.94744444444449, "%iowait": 1.8314364640883962, "user+system(%)": 27.83740331491715}