Device,kB_read/s,kB_wrtn/s
loop0,0.0,0.0
sda,94.53333333333333,673.7466666666667
