{"Disk Write(KB/s)": 662.1769999999998, "Disk Read(KB/s)": 90.29433333333334}