{"%sys": 5.556396396396399, "%guest": 49.183603603603615, "%iowait": 2.882342342342343, "user+system(%)": 14.045225225225225, "%idle": 32.984545454545454}