{"Idle(%)": 32.78181818181818, "Available Memory(Kb)": 588053.2, "I/O wait(%)": 2.909090909090909, "user+system(%)": 64.39090909090909, "sys(%)": 5.709090909090909}