{"Disk Write(KB/s)": 84.7018555555556, "Disk Read(KB/s)": 73.9635222222223}