{"user+system(%)": 19.027955801104973, "%idle": 64.15772222222226, "%iowait": 1.7540883977900534}