Device,kB_read/s,kB_wrtn/s
loop0,0.0,0.0
sda,4.189090909090909,438.73818181818183
