{"Disk Write(KB/s)": 413.94346666666627, "Disk Read(KB/s)": 3.1952444444444446}