{"%idle": 82.70383333333331, "user+system(%)": 15.433922651933697, "%iowait": 1.1590055248618794}