{"user+system(%)": 16.105555555555554, "Available Memory(Kb)": 8681436.08888889, "I/O wait(%)": 1.1277777777777778, "Idle(%)": 82.71111111111111}