{"Disk Read(KB/s)": 914.7487000000003, "Disk Write(KB/s)": 1060.8426999999995}