{"%idle": 2.7246363636363635, "user+system(%)": 94.30504504504496, "%iowait": 0.5711711711711711}