Device,kB_read/s,kB_wrtn/s
loop0,0.0,0.0
sda,102.51803278688524,669.4032786885246
