{"Available Memory(Kb)": 587804.3636363636, "I/O wait(%)": 2.909090909090909, "sys(%)": 5.6909090909090905, "Idle(%)": 32.68181818181818, "user+system(%)": 64.45454545454545}