{"Idle(%)": 14.783333333333333, "I/O wait(%)": 1.0, "Available Memory(Kb)": 7089962.533333333, "user+system(%)": 84.13888888888889}