{"Disk Write(KB/s)": 859.7123333333333, "Disk Read(KB/s)": 9.830833333333329}