{"%sys": 3.990900900900901, "%guest": 0.0, "user+system(%)": 98.11441441441444, "%idle": 0.09563636363636362, "%iowait": 0.03936936936936937}