Device,kB_read/s,kB_wrtn/s
loop0,0.0,0.0
sda,2.831746031746032,115.68253968253968
