{"Disk Write(KB/s)": 112.87666666666665, "Disk Read(KB/s)": 2.823833333333333}