Device,kB_read/s,kB_wrtn/s
loop0,0.0,0.0
sda,365.7711627906977,1457.893953488372
