{"Disk Write(KB/s)": 1504.8330222222228, "Disk Read(KB/s)": 379.05226666666664}