{"user+system(%)": 31.450662983425392, "%idle": 51.074833333333316, "%iowait": 14.736850828729276}