{"user+system(%)": 33.983333333333334, "I/O wait(%)": 14.816666666666666, "Idle(%)": 51.16111111111111, "Available Memory(Kb)": 8640524.155555556}