Device,kB_read/s,kB_wrtn/s
loop0,0.0,0.0
sda,54.85925925925926,48.666666666666664
