{"Disk Write(KB/s)": 53.41716666666665, "Disk Read(KB/s)": 169.09483333333336}