{"%idle": 98.3034545454545, "%guest": 0.0, "user+system(%)": 1.1533333333333333, "%sys": 0.43405405405405395, "%iowait": 0.08963963963963964}