{"Available Memory(Kb)": 6750931.345454546, "user+system(%)": 1.6272727272727272, "sys(%)": 0.4818181818181818, "I/O wait(%)": 0.03636363636363636, "Idle(%)": 98.25454545454545}