Device,kB_read/s,kB_wrtn/s
loop0,0.0,0.0
sda,6.321311475409836,134.8065573770492
