{"Disk Read(KB/s)": 6.287666666666666, "Disk Write(KB/s)": 133.33783333333332}