{"%guest": 0.0, "%sys": 4.3369369369369375, "%idle": 41.70736363636364, "user+system(%)": 57.04396396396394, "%iowait": 0.01954954954954956}