{"user+system(%)": 57.96363636363636, "sys(%)": 4.972727272727273, "I/O wait(%)": 0.0, "Available Memory(Kb)": 2965381.5272727273, "Idle(%)": 41.93636363636364}