Device,kB_read/s,kB_wrtn/s
loop0,0.0,0.0
sda,54.325274725274724,171.1912087912088
