{"Disk Write(KB/s)": 131.1185444444444, "Disk Read(KB/s)": 36.577944444444455}