{"Idle(%)": 9.077777777777778, "I/O wait(%)": 0.6555555555555556, "user+system(%)": 90.20555555555555, "Available Memory(Kb)": 7083039.511111111}