Device,kB_read/s,kB_wrtn/s
loop0,0.0,0.0
sda,0.25193370165745854,179.16906077348065
