{"Disk Write(KB/s)": 132.3668555555554, "Disk Read(KB/s)": 0.16658888888888887}