{"%idle": 11.588611111111105, "user+system(%)": 75.45298342541442, "%iowait": 1.2253038674033152}