{"Idle(%)": 12.083333333333334, "user+system(%)": 86.65555555555555, "I/O wait(%)": 1.1611111111111112, "Available Memory(Kb)": 7075795.822222223}