Device,kB_read/s,kB_wrtn/s
loop0,0.0,0.0
sda,28.387096774193548,880.5290322580645
