Device,kB_read/s,kB_wrtn/s
loop0,0.0,0.0
sda,32.89478672985782,428.59526066350713
