{"Disk Write(KB/s)": 421.72087777777784, "Disk Read(KB/s)": 101.68556666666666}