{"Idle(%)": 12.877777777777778, "user+system(%)": 85.35, "Available Memory(Kb)": 7793366.266666667, "I/O wait(%)": 1.8333333333333333}