Device,kB_read/s,kB_wrtn/s
loop0,0.0,0.0
sda,7.310497237569061,187.50055248618784
