{"Disk Write(KB/s)": 136.12021111111096, "Disk Read(KB/s)": 26.108855555555557}