{"%idle": 4.952166666666667, "user+system(%)": 83.05651933701658, "%iowait": 0.2265193370165746}