{"user+system(%)": 94.32222222222222, "Idle(%)": 5.466666666666667, "Available Memory(Kb)": 7208672.022222222, "I/O wait(%)": 0.20555555555555555}