{"%idle": 35.644727272727266, "%iowait": 3.053603603603603, "user+system(%)": 59.58612612612613}