Device,kB_read/s,kB_wrtn/s
loop0,0.0,0.0
sda,2740.773184357542,662.6055865921787
