{"%idle": 38.19394444444443, "%iowait": 24.830994475138127, "user+system(%)": 32.52845303867403}