Device,kB_read/s,kB_wrtn/s
loop0,0.0,0.0
sda,311.5672131147541,3494.0065573770494
