{"Disk Read(KB/s)": 284.7853333333334, "Disk Write(KB/s)": 3441.5556666666666}