{"%iowait": 3.4104504504504503, "%idle": 12.923454545454543, "%sys": 4.905315315315317, "user+system(%)": 13.329369369369372, "%guest": 69.23027027027027}