{"sys(%)": 5.027272727272727, "Idle(%)": 12.9, "Available Memory(Kb)": 191014.18181818182, "user+system(%)": 83.6, "I/O wait(%)": 3.4727272727272727}