Device,kB_read/s,kB_wrtn/s
loop0,0.0,0.0
sda,48.23529411764706,271.5176470588235
Device,kB_read/s,kB_wrtn/s
loop0,0.0,0.0
sda,48.23529411764706,271.5176470588235
