{"Disk Write(KB/s)": 226.8955333333333, "Disk Read(KB/s)": 50.95176666666669}