{"user+system(%)": 61.755495495495474, "%iowait": 2.5509909909909907, "%idle": 32.55227272727272}