{"Idle(%)": 32.45454545454545, "Available Memory(Kb)": 10412060.836363636, "I/O wait(%)": 2.6272727272727274, "user+system(%)": 64.95454545454545}