Device,kB_read/s,kB_wrtn/s
loop0,0.0,0.0
sda,7.184834123222749,414.1952606635071
