{"Disk Read(KB/s)": 7.2711888888888785, "Disk Write(KB/s)": 415.42223333333357}