{"%idle": 58.14222222222222, "user+system(%)": 36.54966850828727, "%iowait": 2.15867403314917}