{"user+system(%)": 39.50555555555555, "Idle(%)": 58.361111111111114, "Available Memory(Kb)": 9577730.022222223, "I/O wait(%)": 2.1555555555555554}