{"Disk Read(KB/s)": 4.438655555555554, "Disk Write(KB/s)": 545.9879000000014}