{"%iowait": 1.6709944751381225, "%idle": 16.014000000000014, "user+system(%)": 77.40933701657461}