{"user+system(%)": 81.94444444444444, "Available Memory(Kb)": 7097853.711111112, "I/O wait(%)": 1.6722222222222223, "Idle(%)": 16.41111111111111}