{"Disk Read(KB/s)": 87.8508555555556, "Disk Write(KB/s)": 576.9597111111116}