{"%iowait": 2.846906077348067, "user+system(%)": 67.14762430939227, "%idle": 24.131388888888885}