{"Disk Read(KB/s)": 29.52066666666666, "Disk Write(KB/s)": 322.6909111111113}