{"user+system(%)": 79.69364640883981, "%iowait": 0.5515469613259666, "%idle": 11.98316666666665}