{"Idle(%)": 12.405555555555555, "Available Memory(Kb)": 7116534.422222222, "I/O wait(%)": 0.5611111111111111, "user+system(%)": 87.04444444444445}