{"%idle": 94.04555555555552, "user+system(%)": 1.2616574585635365, "%iowait": 0.07314917127071816}