Device,kB_read/s,kB_wrtn/s
loop0,0.0,0.0
sda,300.5377049180328,3490.32131147541
