Device,kB_read/s,kB_wrtn/s
loop0,0.0,0.0
sda,11.554098360655738,724.9180327868852
