{"Disk Write(KB/s)": 709.1084999999999, "Disk Read(KB/s)": 11.520999999999999}