{"user+system(%)": 78.05513513513516, "%idle": 18.432181818181817, "%iowait": 1.4899999999999989}