{"Available Memory(Kb)": 2942467.672727273, "Idle(%)": 18.427272727272726, "user+system(%)": 80.07272727272728, "I/O wait(%)": 1.518181818181818}