Device,kB_read/s,kB_wrtn/s
loop0,0.0,0.0
sda,720.6306188925081,688.5472312703583
