{"Disk Write(KB/s)": 911.1211333333347, "Disk Read(KB/s)": 1057.633744444446}