{"user+system(%)": 15.16265193370166, "%iowait": 10.317900552486188, "%idle": 72.22638888888892}