{"Available Memory(Kb)": 11460978.866666667, "I/O wait(%)": 10.338888888888889, "user+system(%)": 17.38888888888889, "Idle(%)": 72.16111111111111}