Device,kB_read/s,kB_wrtn/s
loop0,0.0,0.0
sda,0.43278688524590164,509.62622950819673
