{"Disk Read(KB/s)": 0.43016666666666664, "Disk Write(KB/s)": 501.29999999999995}