{"user+system(%)": 38.01396396396396, "%iowait": 1.6481081081081066, "%idle": 59.15890909090907}