{"Idle(%)": 58.81818181818182, "user+system(%)": 39.5, "I/O wait(%)": 1.6363636363636365, "Available Memory(Kb)": 2852135.018181818}