Device,kB_read/s,kB_wrtn/s
loop0,0.0,0.0
sda,101.1047619047619,1146.7809523809524
Device,kB_read/s,kB_wrtn/s
loop0,0.0,0.0
sda,101.1047619047619,1146.7809523809524
