Device,kB_read/s,kB_wrtn/s
loop0,0.0,0.0
sda,12.787301587301588,88.5079365079365
