{"Disk Read(KB/s)": 3.2230000000000003, "Disk Write(KB/s)": 104.65744444444444}