{"user+system(%)": 1.5206629834254148, "%iowait": 0.0961878453038674, "%idle": 98.02283333333338}