{"I/O wait(%)": 0.03333333333333333, "user+system(%)": 1.4333333333333333, "Idle(%)": 98.18888888888888, "Available Memory(Kb)": 733085.1111111111}