Device,kB_read/s,kB_wrtn/s
loop0,0.0,0.0
sda,9.029834254143646,232.14585635359117
