{"Disk Write(KB/s)": 227.8419000000002, "Disk Read(KB/s)": 7.868199999999996}