{"%idle": 77.25683333333338, "user+system(%)": 18.830552486187855, "%iowait": 1.2109944751381225}