{"user+system(%)": 21.57777777777778, "Idle(%)": 77.36111111111111, "I/O wait(%)": 1.1888888888888889, "Available Memory(Kb)": 8990693.177777778}