{"Disk Write(KB/s)": 412.3273444444439, "Disk Read(KB/s)": 30.047233333333324}