{"%idle": 80.99655555555555, "user+system(%)": 16.57651933701657, "%iowait": 1.2200552486187843}