{"Available Memory(Kb)": 9188568.844444444, "I/O wait(%)": 1.1444444444444444, "Idle(%)": 81.1, "user+system(%)": 17.705555555555556}