Device,kB_read/s,kB_wrtn/s
loop0,0.0,0.0
sda,51.24419889502762,420.6939226519337
