{"Disk Write(KB/s)": 388.85499999999985, "Disk Read(KB/s)": 44.583088888888895}