{"user+system(%)": 47.71850828729282, "%idle": 46.11172222222221, "%iowait": 2.246519337016575}