{"user+system(%)": 51.23888888888889, "I/O wait(%)": 2.2666666666666666, "Available Memory(Kb)": 7215188.355555556, "Idle(%)": 46.56666666666667}