Device,kB_read/s,kB_wrtn/s
loop0,0.0,0.0
sda,216.69508196721313,495.94754098360653
Device,kB_read/s,kB_wrtn/s
loop0,0.0,0.0
sda,216.69508196721313,495.94754098360653
