{"Disk Write(KB/s)": 487.7123333333332, "Disk Read(KB/s)": 256.5065000000001}