{"%iowait": 1.5794594594594584, "%guest": 0.0, "%idle": 54.65663636363636, "%sys": 3.7108108108108095, "user+system(%)": 42.8544144144144}