{"sys(%)": 4.109090909090909, "I/O wait(%)": 1.5909090909090908, "Available Memory(Kb)": 7402212.7272727275, "user+system(%)": 43.18181818181818, "Idle(%)": 55.263636363636365}