Device,kB_read/s,kB_wrtn/s
loop0,0.0,0.0
sda,0.839344262295082,86.00655737704918
