{"%idle": 88.24061111111115, "%iowait": 1.1067955801104972, "user+system(%)": 7.353701657458565}