{"Available Memory(Kb)": 7069953.133333334, "Idle(%)": 88.33333333333333, "user+system(%)": 10.644444444444444, "I/O wait(%)": 1.0444444444444445}