Device,kB_read/s,kB_wrtn/s
loop0,0.0,0.0
sda,10.270967741935484,750.1290322580645
Device,kB_read/s,kB_wrtn/s
loop0,0.0,0.0
sda,10.270967741935484,750.1290322580645
