{"Disk Write(KB/s)": 725.5951666666666, "Disk Read(KB/s)": 10.310666666666664}