{"%iowait": 0.0966666666666666, "%sys": 8.137567567567567, "%idle": 0.5285454545454551, "user+system(%)": 97.56693693693693, "%guest": 0.0}