{"sys(%)": 8.972727272727273, "user+system(%)": 99.38181818181818, "Idle(%)": 0.5, "I/O wait(%)": 0.06363636363636363, "Available Memory(Kb)": 5879366.181818182}