Device,kB_read/s,kB_wrtn/s
loop0,0.0,0.0
sda,3.8666666666666667,397.4598290598291
