{"Disk Read(KB/s)": 4.190033333333332, "Disk Write(KB/s)": 428.93093333333337}