{"user+system(%)": 38.21922651933701, "%idle": 56.77111111111109, "%iowait": 1.8119889502762425}