{"Idle(%)": 56.916666666666664, "Available Memory(Kb)": 10028917.844444444, "I/O wait(%)": 1.8111111111111111, "user+system(%)": 41.26111111111111}