{"Disk Read(KB/s)": 8.15265555555556, "Disk Write(KB/s)": 314.3101333333334}