{"I/O wait(%)": 3.0555555555555554, "user+system(%)": 56.90555555555556, "Available Memory(Kb)": 8770375.444444444, "Idle(%)": 40.12222222222222}