{"Disk Read(KB/s)": 5.8599444444444435, "Disk Write(KB/s)": 117.6739222222222}