{"%idle": 29.99283333333333, "%iowait": 2.11657458563536, "user+system(%)": 56.21933701657458}