{"I/O wait(%)": 2.1055555555555556, "user+system(%)": 67.38333333333334, "Idle(%)": 30.466666666666665, "Available Memory(Kb)": 6973927.333333333}