Device,kB_read/s,kB_wrtn/s
loop0,0.0,0.0
sda,2.4133333333333336,165.2711111111111
