{"Disk Read(KB/s)": 6.001966666666667, "Disk Write(KB/s)": 138.03855555555558}