{
  "AssignmentsList" : {
    "transaction" : "AssignmentsList",
    "sampleCount" : 140,
    "errorCount" : 0,
    "errorPct" : 0.0,
    "meanResTime" : 32.7142857142857,
    "medianResTime" : 31.0,
    "minResTime" : 25.0,
    "maxResTime" : 74.0,
    "pct1ResTime" : 38.0,
    "pct2ResTime" : 48.849999999999966,
    "pct3ResTime" : 69.49000000000004,
    "throughput" : 59.95717344753748,
    "receivedKBytesPerSec" : 23.01508966809422,
    "sentKBytesPerSec" : 19.38068790149893
  },
  "Get CSRF Token" : {
    "transaction" : "Get CSRF Token",
    "sampleCount" : 140,
    "errorCount" : 0,
    "errorPct" : 0.0,
    "meanResTime" : 34.04999999999999,
    "medianResTime" : 28.0,
    "minResTime" : 24.0,
    "maxResTime" : 132.0,
    "pct1ResTime" : 38.900000000000006,
    "pct2ResTime" : 51.94999999999999,
    "pct3ResTime" : 132.0,
    "throughput" : 57.61316872427984,
    "receivedKBytesPerSec" : 1539.7862815072015,
    "sentKBytesPerSec" : 7.595486111111111
  },
  "StudentCourses" : {
    "transaction" : "StudentCourses",
    "sampleCount" : 140,
    "errorCount" : 0,
    "errorPct" : 0.0,
    "meanResTime" : 38.657142857142844,
    "medianResTime" : 31.0,
    "minResTime" : 23.0,
    "maxResTime" : 119.0,
    "pct1ResTime" : 66.0,
    "pct2ResTime" : 78.79999999999995,
    "pct3ResTime" : 110.80000000000007,
    "throughput" : 59.171597633136095,
    "receivedKBytesPerSec" : 73.83241758241758,
    "sentKBytesPerSec" : 14.330621301775148
  },
  "GetSubmissionId" : {
    "transaction" : "GetSubmissionId",
    "sampleCount" : 977,
    "errorCount" : 1,
    "errorPct" : 0.10235415,
    "meanResTime" : 4133.046059365405,
    "medianResTime" : 3440.0,
    "minResTime" : 91.0,
    "maxResTime" : 23693.0,
    "pct1ResTime" : 8451.000000000002,
    "pct2ResTime" : 10653.299999999997,
    "pct3ResTime" : 16824.680000000004,
    "throughput" : 3.6033710144393014,
    "receivedKBytesPerSec" : 160.00479610018994,
    "sentKBytesPerSec" : 0.8331297139801206
  },
  "TestcasesResults" : {
    "transaction" : "TestcasesResults",
    "sampleCount" : 880,
    "errorCount" : 19,
    "errorPct" : 2.159091,
    "meanResTime" : 12468.781818181844,
    "medianResTime" : 11177.5,
    "minResTime" : 5267.0,
    "maxResTime" : 39599.0,
    "pct1ResTime" : 19749.0,
    "pct2ResTime" : 23424.55,
    "pct3ResTime" : 28508.69999999988,
    "throughput" : 3.085478266662459,
    "receivedKBytesPerSec" : 87.64698685406564,
    "sentKBytesPerSec" : 0.731130152836361
  },
  "Total" : {
    "transaction" : "Total",
    "sampleCount" : 4507,
    "errorCount" : 27,
    "errorPct" : 0.5990681,
    "meanResTime" : 6613.785666740629,
    "medianResTime" : 4940.0,
    "minResTime" : 23.0,
    "maxResTime" : 51083.0,
    "pct1ResTime" : 14671.000000000004,
    "pct2ResTime" : 18539.79999999998,
    "pct3ResTime" : 36129.84000000001,
    "throughput" : 13.85183728163456,
    "receivedKBytesPerSec" : 455.39963199814366,
    "sentKBytesPerSec" : 6.849119527033672
  },
  "Upload" : {
    "transaction" : "Upload",
    "sampleCount" : 983,
    "errorCount" : 5,
    "errorPct" : 0.508647,
    "meanResTime" : 8421.295015259411,
    "medianResTime" : 5581.0,
    "minResTime" : 187.0,
    "maxResTime" : 51083.0,
    "pct1ResTime" : 17813.8,
    "pct2ResTime" : 26261.6,
    "pct3ResTime" : 46839.32,
    "throughput" : 3.5751044708809014,
    "receivedKBytesPerSec" : 158.93221627609046,
    "sentKBytesPerSec" : 4.897555572325855
  },
  "Course Page" : {
    "transaction" : "Course Page",
    "sampleCount" : 140,
    "errorCount" : 0,
    "errorPct" : 0.0,
    "meanResTime" : 76.15714285714289,
    "medianResTime" : 67.0,
    "minResTime" : 52.0,
    "maxResTime" : 145.0,
    "pct1ResTime" : 111.9,
    "pct2ResTime" : 117.0,
    "pct3ResTime" : 143.36,
    "throughput" : 58.62646566164154,
    "receivedKBytesPerSec" : 1898.572043158501,
    "sentKBytesPerSec" : 17.003965138190956
  },
  "Login" : {
    "transaction" : "Login",
    "sampleCount" : 140,
    "errorCount" : 0,
    "errorPct" : 0.0,
    "meanResTime" : 145.9285714285715,
    "medianResTime" : 123.0,
    "minResTime" : 84.0,
    "maxResTime" : 326.0,
    "pct1ResTime" : 252.10000000000005,
    "pct2ResTime" : 304.79999999999995,
    "pct3ResTime" : 322.72,
    "throughput" : 57.755775577557756,
    "receivedKBytesPerSec" : 98.9857286509901,
    "sentKBytesPerSec" : 34.1796875
  },
  "RunPractice" : {
    "transaction" : "RunPractice",
    "sampleCount" : 967,
    "errorCount" : 2,
    "errorPct" : 0.20682523,
    "meanResTime" : 6694.761116856257,
    "medianResTime" : 5324.0,
    "minResTime" : 344.0,
    "maxResTime" : 35967.0,
    "pct1ResTime" : 12287.600000000002,
    "pct2ResTime" : 16016.599999999991,
    "pct3ResTime" : 21603.439999999988,
    "throughput" : 3.5860636739537557,
    "receivedKBytesPerSec" : 101.42771043671544,
    "sentKBytesPerSec" : 0.8396145074261557
  }
}