{
  "AssignmentsList" : {
    "transaction" : "AssignmentsList",
    "sampleCount" : 1,
    "errorCount" : 0,
    "errorPct" : 0.0,
    "meanResTime" : 421.0,
    "medianResTime" : 421.0,
    "minResTime" : 421.0,
    "maxResTime" : 421.0,
    "pct1ResTime" : 421.0,
    "pct2ResTime" : 421.0,
    "pct3ResTime" : 421.0,
    "throughput" : 2.375296912114014,
    "receivedKBytesPerSec" : 0.9208914786223278,
    "sentKBytesPerSec" : 0.7677961698337292
  },
  "Get CSRF Token" : {
    "transaction" : "Get CSRF Token",
    "sampleCount" : 1,
    "errorCount" : 0,
    "errorPct" : 0.0,
    "meanResTime" : 2184.0,
    "medianResTime" : 2184.0,
    "minResTime" : 2184.0,
    "maxResTime" : 2184.0,
    "pct1ResTime" : 2184.0,
    "pct2ResTime" : 2184.0,
    "pct3ResTime" : 2184.0,
    "throughput" : 0.45787545787545786,
    "receivedKBytesPerSec" : 12.236542754120878,
    "sentKBytesPerSec" : 0.060364440247252744
  },
  "StudentCourses" : {
    "transaction" : "StudentCourses",
    "sampleCount" : 1,
    "errorCount" : 0,
    "errorPct" : 0.0,
    "meanResTime" : 44.0,
    "medianResTime" : 44.0,
    "minResTime" : 44.0,
    "maxResTime" : 44.0,
    "pct1ResTime" : 44.0,
    "pct2ResTime" : 44.0,
    "pct3ResTime" : 44.0,
    "throughput" : 22.727272727272727,
    "receivedKBytesPerSec" : 28.34250710227273,
    "sentKBytesPerSec" : 5.504261363636364
  },
  "GetSubmissionId" : {
    "transaction" : "GetSubmissionId",
    "sampleCount" : 12,
    "errorCount" : 0,
    "errorPct" : 0.0,
    "meanResTime" : 324.33333333333337,
    "medianResTime" : 316.5,
    "minResTime" : 312.0,
    "maxResTime" : 367.0,
    "pct1ResTime" : 364.6,
    "pct2ResTime" : 367.0,
    "pct3ResTime" : 367.0,
    "throughput" : 0.04800307219662058,
    "receivedKBytesPerSec" : 2.0434706258700555,
    "sentKBytesPerSec" : 0.011110086045506912
  },
  "TestcasesResults" : {
    "transaction" : "TestcasesResults",
    "sampleCount" : 12,
    "errorCount" : 0,
    "errorPct" : 0.0,
    "meanResTime" : 5563.916666666667,
    "medianResTime" : 5359.0,
    "minResTime" : 5317.0,
    "maxResTime" : 7819.0,
    "pct1ResTime" : 7095.100000000002,
    "pct2ResTime" : 7819.0,
    "pct3ResTime" : 7819.0,
    "throughput" : 0.04724483850139372,
    "receivedKBytesPerSec" : 1.3696389411644276,
    "sentKBytesPerSec" : 0.011442109324556292
  },
  "Total" : {
    "transaction" : "Total",
    "sampleCount" : 53,
    "errorCount" : 0,
    "errorPct" : 0.0,
    "meanResTime" : 2201.8490566037744,
    "medianResTime" : 1152.0,
    "minResTime" : 44.0,
    "maxResTime" : 8896.0,
    "pct1ResTime" : 5372.2,
    "pct2ResTime" : 6129.899999999993,
    "pct3ResTime" : 8896.0,
    "throughput" : 0.17634454396635477,
    "receivedKBytesPerSec" : 5.905365209966461,
    "sentKBytesPerSec" : 0.08441286312835221
  },
  "Upload" : {
    "transaction" : "Upload",
    "sampleCount" : 12,
    "errorCount" : 0,
    "errorPct" : 0.0,
    "meanResTime" : 1404.0833333333333,
    "medianResTime" : 631.0,
    "minResTime" : 594.0,
    "maxResTime" : 8896.0,
    "pct1ResTime" : 6572.800000000008,
    "pct2ResTime" : 8896.0,
    "pct3ResTime" : 8896.0,
    "throughput" : 0.04640945515299651,
    "receivedKBytesPerSec" : 1.985964372766545,
    "sentKBytesPerSec" : 0.059152415902199815
  },
  "Course Page" : {
    "transaction" : "Course Page",
    "sampleCount" : 1,
    "errorCount" : 0,
    "errorPct" : 0.0,
    "meanResTime" : 298.0,
    "medianResTime" : 298.0,
    "minResTime" : 298.0,
    "maxResTime" : 298.0,
    "pct1ResTime" : 298.0,
    "pct2ResTime" : 298.0,
    "pct3ResTime" : 298.0,
    "throughput" : 3.3557046979865772,
    "receivedKBytesPerSec" : 108.65404781879195,
    "sentKBytesPerSec" : 0.9732854446308725
  },
  "Login" : {
    "transaction" : "Login",
    "sampleCount" : 1,
    "errorCount" : 0,
    "errorPct" : 0.0,
    "meanResTime" : 593.0,
    "medianResTime" : 593.0,
    "minResTime" : 593.0,
    "maxResTime" : 593.0,
    "pct1ResTime" : 593.0,
    "pct2ResTime" : 593.0,
    "pct3ResTime" : 593.0,
    "throughput" : 1.6863406408094435,
    "receivedKBytesPerSec" : 2.890163891231029,
    "sentKBytesPerSec" : 0.9979711214165262
  },
  "RunPractice" : {
    "transaction" : "RunPractice",
    "sampleCount" : 12,
    "errorCount" : 0,
    "errorPct" : 0.0,
    "meanResTime" : 2137.5,
    "medianResTime" : 2130.0,
    "minResTime" : 2099.0,
    "maxResTime" : 2302.0,
    "pct1ResTime" : 2257.9,
    "pct2ResTime" : 2302.0,
    "pct3ResTime" : 2302.0,
    "throughput" : 0.04775872293174881,
    "receivedKBytesPerSec" : 1.3538362007637414,
    "sentKBytesPerSec" : 0.011193450687128625
  }
}