{
  "AssignmentsList" : {
    "transaction" : "AssignmentsList",
    "sampleCount" : 60,
    "errorCount" : 0,
    "errorPct" : 0.0,
    "meanResTime" : 32.48333333333333,
    "medianResTime" : 32.0,
    "minResTime" : 25.0,
    "maxResTime" : 53.0,
    "pct1ResTime" : 36.9,
    "pct2ResTime" : 40.0,
    "pct3ResTime" : 53.0,
    "throughput" : 51.99306759098787,
    "receivedKBytesPerSec" : 20.064382040727903,
    "sentKBytesPerSec" : 16.806352902946276
  },
  "Get CSRF Token" : {
    "transaction" : "Get CSRF Token",
    "sampleCount" : 60,
    "errorCount" : 0,
    "errorPct" : 0.0,
    "meanResTime" : 41.78333333333334,
    "medianResTime" : 31.0,
    "minResTime" : 24.0,
    "maxResTime" : 140.0,
    "pct1ResTime" : 66.39999999999999,
    "pct2ResTime" : 140.0,
    "pct3ResTime" : 140.0,
    "throughput" : 51.59071367153913,
    "receivedKBytesPerSec" : 1378.8432730546,
    "sentKBytesPerSec" : 6.801510103181427
  },
  "StudentCourses" : {
    "transaction" : "StudentCourses",
    "sampleCount" : 60,
    "errorCount" : 0,
    "errorPct" : 0.0,
    "meanResTime" : 42.35000000000001,
    "medianResTime" : 32.0,
    "minResTime" : 23.0,
    "maxResTime" : 164.0,
    "pct1ResTime" : 65.9,
    "pct2ResTime" : 112.04999999999993,
    "pct3ResTime" : 164.0,
    "throughput" : 51.23825789923143,
    "receivedKBytesPerSec" : 63.91438941076003,
    "sentKBytesPerSec" : 12.409265584970111
  },
  "GetSubmissionId" : {
    "transaction" : "GetSubmissionId",
    "sampleCount" : 687,
    "errorCount" : 0,
    "errorPct" : 0.0,
    "meanResTime" : 739.5662299854442,
    "medianResTime" : 485.0,
    "minResTime" : 255.0,
    "maxResTime" : 4493.0,
    "pct1ResTime" : 1488.4000000000008,
    "pct2ResTime" : 2112.000000000001,
    "pct3ResTime" : 4190.12,
    "throughput" : 2.514843801477425,
    "receivedKBytesPerSec" : 109.2688313858089,
    "sentKBytesPerSec" : 0.5820488095216306
  },
  "TestcasesResults" : {
    "transaction" : "TestcasesResults",
    "sampleCount" : 677,
    "errorCount" : 1,
    "errorPct" : 0.14771049,
    "meanResTime" : 6203.048744460855,
    "medianResTime" : 5753.0,
    "minResTime" : 5216.0,
    "maxResTime" : 15524.0,
    "pct1ResTime" : 7833.8,
    "pct2ResTime" : 8644.5,
    "pct3ResTime" : 13701.880000000001,
    "throughput" : 2.5122644520146356,
    "receivedKBytesPerSec" : 72.73551131145214,
    "sentKBytesPerSec" : 0.6075403186902084
  },
  "Total" : {
    "transaction" : "Total",
    "sampleCount" : 3036,
    "errorCount" : 2,
    "errorPct" : 0.065876156,
    "meanResTime" : 2538.5111989459774,
    "medianResTime" : 1763.0,
    "minResTime" : 23.0,
    "maxResTime" : 16741.0,
    "pct1ResTime" : 5970.6,
    "pct2ResTime" : 6982.250000000002,
    "pct3ResTime" : 12300.750000000015,
    "throughput" : 9.943893643572332,
    "receivedKBytesPerSec" : 336.2096112483337,
    "sentKBytesPerSec" : 4.880483947006843
  },
  "Upload" : {
    "transaction" : "Upload",
    "sampleCount" : 691,
    "errorCount" : 0,
    "errorPct" : 0.0,
    "meanResTime" : 1766.6396526772787,
    "medianResTime" : 938.0,
    "minResTime" : 506.0,
    "maxResTime" : 16741.0,
    "pct1ResTime" : 2329.2000000000007,
    "pct2ResTime" : 4574.599999999992,
    "pct3ResTime" : 16563.920000000002,
    "throughput" : 2.5140985992359473,
    "receivedKBytesPerSec" : 109.79477442241222,
    "sentKBytesPerSec" : 3.321804791249772
  },
  "Course Page" : {
    "transaction" : "Course Page",
    "sampleCount" : 60,
    "errorCount" : 0,
    "errorPct" : 0.0,
    "meanResTime" : 65.80000000000001,
    "medianResTime" : 65.0,
    "minResTime" : 53.0,
    "maxResTime" : 88.0,
    "pct1ResTime" : 76.0,
    "pct2ResTime" : 82.0,
    "pct3ResTime" : 88.0,
    "throughput" : 50.08347245409015,
    "receivedKBytesPerSec" : 1621.6056709098498,
    "sentKBytesPerSec" : 14.526163397328881
  },
  "Login" : {
    "transaction" : "Login",
    "sampleCount" : 60,
    "errorCount" : 0,
    "errorPct" : 0.0,
    "meanResTime" : 188.74999999999997,
    "medianResTime" : 165.0,
    "minResTime" : 78.0,
    "maxResTime" : 413.0,
    "pct1ResTime" : 365.3,
    "pct2ResTime" : 391.24999999999994,
    "pct3ResTime" : 413.0,
    "throughput" : 47.132757266300075,
    "receivedKBytesPerSec" : 80.7792861351139,
    "sentKBytesPerSec" : 27.89301846032993
  },
  "RunPractice" : {
    "transaction" : "RunPractice",
    "sampleCount" : 681,
    "errorCount" : 1,
    "errorPct" : 0.14684288,
    "meanResTime" : 2579.08370044053,
    "medianResTime" : 2240.0,
    "minResTime" : 2070.0,
    "maxResTime" : 12347.0,
    "pct1ResTime" : 3276.4000000000024,
    "pct2ResTime" : 3847.0999999999995,
    "pct3ResTime" : 6466.259999999762,
    "throughput" : 2.4992935183520077,
    "receivedKBytesPerSec" : 70.73808781337507,
    "sentKBytesPerSec" : 0.5857719183637519
  }
}