{
  "AssignmentsList" : {
    "transaction" : "AssignmentsList",
    "sampleCount" : 80,
    "errorCount" : 0,
    "errorPct" : 0.0,
    "meanResTime" : 34.39999999999999,
    "medianResTime" : 32.0,
    "minResTime" : 25.0,
    "maxResTime" : 101.0,
    "pct1ResTime" : 40.0,
    "pct2ResTime" : 60.900000000000006,
    "pct3ResTime" : 101.0,
    "throughput" : 56.69737774627923,
    "receivedKBytesPerSec" : 21.75291238483345,
    "sentKBytesPerSec" : 18.32698440822112
  },
  "Get CSRF Token" : {
    "transaction" : "Get CSRF Token",
    "sampleCount" : 80,
    "errorCount" : 0,
    "errorPct" : 0.0,
    "meanResTime" : 36.91250000000001,
    "medianResTime" : 30.0,
    "minResTime" : 26.0,
    "maxResTime" : 128.0,
    "pct1ResTime" : 39.70000000000002,
    "pct2ResTime" : 127.75000000000001,
    "pct3ResTime" : 128.0,
    "throughput" : 56.022408963585434,
    "receivedKBytesPerSec" : 1497.2658985469188,
    "sentKBytesPerSec" : 7.38576680672269
  },
  "StudentCourses" : {
    "transaction" : "StudentCourses",
    "sampleCount" : 80,
    "errorCount" : 0,
    "errorPct" : 0.0,
    "meanResTime" : 37.249999999999986,
    "medianResTime" : 32.0,
    "minResTime" : 24.0,
    "maxResTime" : 83.0,
    "pct1ResTime" : 56.70000000000002,
    "pct2ResTime" : 62.85000000000001,
    "pct3ResTime" : 83.0,
    "throughput" : 59.65697240865026,
    "receivedKBytesPerSec" : 74.44013329604773,
    "sentKBytesPerSec" : 14.448173005219985
  },
  "GetSubmissionId" : {
    "transaction" : "GetSubmissionId",
    "sampleCount" : 843,
    "errorCount" : 0,
    "errorPct" : 0.0,
    "meanResTime" : 1243.4317912218248,
    "medianResTime" : 728.0,
    "minResTime" : 270.0,
    "maxResTime" : 12057.0,
    "pct1ResTime" : 2286.4,
    "pct2ResTime" : 3853.999999999998,
    "pct3ResTime" : 11138.119999999999,
    "throughput" : 3.090663117720169,
    "receivedKBytesPerSec" : 137.66382699962787,
    "sentKBytesPerSec" : 0.7153194911129687
  },
  "TestcasesResults" : {
    "transaction" : "TestcasesResults",
    "sampleCount" : 807,
    "errorCount" : 3,
    "errorPct" : 0.37174723,
    "meanResTime" : 6854.928128872367,
    "medianResTime" : 6296.0,
    "minResTime" : 5210.0,
    "maxResTime" : 24033.0,
    "pct1ResTime" : 8849.800000000001,
    "pct2ResTime" : 9672.199999999995,
    "pct3ResTime" : 14848.999999999929,
    "throughput" : 2.9189634966795435,
    "receivedKBytesPerSec" : 84.32760315502155,
    "sentKBytesPerSec" : 0.7043084552280915
  },
  "Total" : {
    "transaction" : "Total",
    "sampleCount" : 3742,
    "errorCount" : 4,
    "errorPct" : 0.10689471,
    "meanResTime" : 3098.0630678781413,
    "medianResTime" : 2098.0,
    "minResTime" : 24.0,
    "maxResTime" : 30803.0,
    "pct1ResTime" : 6839.0,
    "pct2ResTime" : 8614.899999999998,
    "pct3ResTime" : 25126.690000000002,
    "throughput" : 12.00825366874292,
    "receivedKBytesPerSec" : 409.9460887634419,
    "sentKBytesPerSec" : 6.049633251061392
  },
  "Upload" : {
    "transaction" : "Upload",
    "sampleCount" : 851,
    "errorCount" : 1,
    "errorPct" : 0.117508814,
    "meanResTime" : 2939.243243243241,
    "medianResTime" : 1217.0,
    "minResTime" : 381.0,
    "maxResTime" : 30803.0,
    "pct1ResTime" : 3826.2000000000025,
    "pct2ResTime" : 13222.8,
    "pct3ResTime" : 28062.2,
    "throughput" : 3.0960991333832975,
    "receivedKBytesPerSec" : 138.46126149781526,
    "sentKBytesPerSec" : 4.263652362367297
  },
  "Course Page" : {
    "transaction" : "Course Page",
    "sampleCount" : 80,
    "errorCount" : 0,
    "errorPct" : 0.0,
    "meanResTime" : 93.73750000000003,
    "medianResTime" : 70.5,
    "minResTime" : 52.0,
    "maxResTime" : 254.0,
    "pct1ResTime" : 151.40000000000003,
    "pct2ResTime" : 227.45000000000016,
    "pct3ResTime" : 254.0,
    "throughput" : 54.6448087431694,
    "receivedKBytesPerSec" : 1769.7447062841532,
    "sentKBytesPerSec" : 15.849129098360656
  },
  "Login" : {
    "transaction" : "Login",
    "sampleCount" : 80,
    "errorCount" : 0,
    "errorPct" : 0.0,
    "meanResTime" : 148.8,
    "medianResTime" : 128.5,
    "minResTime" : 82.0,
    "maxResTime" : 370.0,
    "pct1ResTime" : 222.50000000000003,
    "pct2ResTime" : 268.9,
    "pct3ResTime" : 370.0,
    "throughput" : 55.94405594405595,
    "receivedKBytesPerSec" : 95.88068181818183,
    "sentKBytesPerSec" : 33.10751748251749
  },
  "RunPractice" : {
    "transaction" : "RunPractice",
    "sampleCount" : 841,
    "errorCount" : 0,
    "errorPct" : 0.0,
    "meanResTime" : 2952.946492271107,
    "medianResTime" : 2565.0,
    "minResTime" : 1246.0,
    "maxResTime" : 11812.0,
    "pct1ResTime" : 4406.000000000002,
    "pct2ResTime" : 5185.699999999996,
    "pct3ResTime" : 7476.100000000008,
    "throughput" : 3.069892060989009,
    "receivedKBytesPerSec" : 86.98623410870009,
    "sentKBytesPerSec" : 0.7195059517942989
  }
}