{
  "AssignmentsList" : {
    "transaction" : "AssignmentsList",
    "sampleCount" : 20,
    "errorCount" : 0,
    "errorPct" : 0.0,
    "meanResTime" : 35.1,
    "medianResTime" : 34.5,
    "minResTime" : 27.0,
    "maxResTime" : 47.0,
    "pct1ResTime" : 46.500000000000014,
    "pct2ResTime" : 47.0,
    "pct3ResTime" : 47.0,
    "throughput" : 9.666505558240695,
    "receivedKBytesPerSec" : 3.747658893185114,
    "sentKBytesPerSec" : 3.124622402126631
  },
  "Get CSRF Token" : {
    "transaction" : "Get CSRF Token",
    "sampleCount" : 20,
    "errorCount" : 0,
    "errorPct" : 0.0,
    "meanResTime" : 345.2,
    "medianResTime" : 32.5,
    "minResTime" : 27.0,
    "maxResTime" : 2025.0,
    "pct1ResTime" : 1990.0,
    "pct2ResTime" : 2023.35,
    "pct3ResTime" : 2025.0,
    "throughput" : 8.635578583765112,
    "receivedKBytesPerSec" : 230.79680078799657,
    "sentKBytesPerSec" : 1.138479598445596
  },
  "StudentCourses" : {
    "transaction" : "StudentCourses",
    "sampleCount" : 20,
    "errorCount" : 0,
    "errorPct" : 0.0,
    "meanResTime" : 45.050000000000004,
    "medianResTime" : 35.0,
    "minResTime" : 29.0,
    "maxResTime" : 140.0,
    "pct1ResTime" : 80.40000000000003,
    "pct2ResTime" : 137.09999999999997,
    "pct3ResTime" : 140.0,
    "throughput" : 9.652509652509652,
    "receivedKBytesPerSec" : 12.037358228764479,
    "sentKBytesPerSec" : 2.3377171814671813
  },
  "GetSubmissionId" : {
    "transaction" : "GetSubmissionId",
    "sampleCount" : 243,
    "errorCount" : 0,
    "errorPct" : 0.0,
    "meanResTime" : 416.7242798353911,
    "medianResTime" : 320.0,
    "minResTime" : 263.0,
    "maxResTime" : 2428.0,
    "pct1ResTime" : 531.0,
    "pct2ResTime" : 754.7999999999987,
    "pct3ResTime" : 2327.08,
    "throughput" : 0.8944543828264758,
    "receivedKBytesPerSec" : 38.0822853746586,
    "sentKBytesPerSec" : 0.20701727415026835
  },
  "TestcasesResults" : {
    "transaction" : "TestcasesResults",
    "sampleCount" : 240,
    "errorCount" : 0,
    "errorPct" : 0.0,
    "meanResTime" : 5452.987499999997,
    "medianResTime" : 5288.0,
    "minResTime" : 4976.0,
    "maxResTime" : 8421.0,
    "pct1ResTime" : 5754.8,
    "pct2ResTime" : 5952.6,
    "pct3ResTime" : 8350.65,
    "throughput" : 0.9218961868068972,
    "receivedKBytesPerSec" : 26.727475753410054,
    "sentKBytesPerSec" : 0.22327173274229542
  },
  "Total" : {
    "transaction" : "Total",
    "sampleCount" : 1070,
    "errorCount" : 2,
    "errorPct" : 0.18691589,
    "meanResTime" : 2023.2794392523344,
    "medianResTime" : 764.5,
    "minResTime" : 27.0,
    "maxResTime" : 8421.0,
    "pct1ResTime" : 5307.9,
    "pct2ResTime" : 5619.7,
    "pct3ResTime" : 6517.399999999998,
    "throughput" : 3.5403032087720114,
    "receivedKBytesPerSec" : 118.60737587639049,
    "sentKBytesPerSec" : 1.7068986695739063
  },
  "Upload" : {
    "transaction" : "Upload",
    "sampleCount" : 245,
    "errorCount" : 0,
    "errorPct" : 0.0,
    "meanResTime" : 882.3265306122453,
    "medianResTime" : 639.0,
    "minResTime" : 512.0,
    "maxResTime" : 6708.0,
    "pct1ResTime" : 993.8000000000001,
    "pct2ResTime" : 1408.8999999999999,
    "pct3ResTime" : 6594.139999999999,
    "throughput" : 0.8961491192134371,
    "receivedKBytesPerSec" : 38.35293549989576,
    "sentKBytesPerSec" : 1.14566563876229
  },
  "Course Page" : {
    "transaction" : "Course Page",
    "sampleCount" : 20,
    "errorCount" : 0,
    "errorPct" : 0.0,
    "meanResTime" : 69.99999999999999,
    "medianResTime" : 70.5,
    "minResTime" : 58.0,
    "maxResTime" : 86.0,
    "pct1ResTime" : 82.9,
    "pct2ResTime" : 85.85,
    "pct3ResTime" : 86.0,
    "throughput" : 9.447331128956069,
    "receivedKBytesPerSec" : 305.8960941190364,
    "sentKBytesPerSec" : 2.740095063769485
  },
  "Login" : {
    "transaction" : "Login",
    "sampleCount" : 20,
    "errorCount" : 0,
    "errorPct" : 0.0,
    "meanResTime" : 274.75,
    "medianResTime" : 247.0,
    "minResTime" : 99.0,
    "maxResTime" : 485.0,
    "pct1ResTime" : 461.6,
    "pct2ResTime" : 483.84999999999997,
    "pct3ResTime" : 485.0,
    "throughput" : 8.775778850372971,
    "receivedKBytesPerSec" : 15.040519416410707,
    "sentKBytesPerSec" : 5.193478499341817
  },
  "RunPractice" : {
    "transaction" : "RunPractice",
    "sampleCount" : 242,
    "errorCount" : 2,
    "errorPct" : 0.8264463,
    "meanResTime" : 2162.6280991735534,
    "medianResTime" : 2092.0,
    "minResTime" : 1650.0,
    "maxResTime" : 2961.0,
    "pct1ResTime" : 2436.1,
    "pct2ResTime" : 2594.45,
    "pct3ResTime" : 2875.3399999999997,
    "throughput" : 0.8890684986866033,
    "receivedKBytesPerSec" : 25.014071081853086,
    "sentKBytesPerSec" : 0.20837542937967266
  }
}