{
  "AssignmentsList" : {
    "transaction" : "AssignmentsList",
    "sampleCount" : 40,
    "errorCount" : 0,
    "errorPct" : 0.0,
    "meanResTime" : 33.575,
    "medianResTime" : 33.0,
    "minResTime" : 26.0,
    "maxResTime" : 56.0,
    "pct1ResTime" : 41.699999999999996,
    "pct2ResTime" : 43.949999999999996,
    "pct3ResTime" : 56.0,
    "throughput" : 60.24096385542169,
    "receivedKBytesPerSec" : 23.355139307228914,
    "sentKBytesPerSec" : 19.472420933734938
  },
  "Get CSRF Token" : {
    "transaction" : "Get CSRF Token",
    "sampleCount" : 40,
    "errorCount" : 0,
    "errorPct" : 0.0,
    "meanResTime" : 43.9,
    "medianResTime" : 29.0,
    "minResTime" : 25.0,
    "maxResTime" : 173.0,
    "pct1ResTime" : 130.89999999999995,
    "pct2ResTime" : 171.09999999999985,
    "pct3ResTime" : 173.0,
    "throughput" : 54.94505494505494,
    "receivedKBytesPerSec" : 1468.470982142857,
    "sentKBytesPerSec" : 7.24373282967033
  },
  "StudentCourses" : {
    "transaction" : "StudentCourses",
    "sampleCount" : 40,
    "errorCount" : 0,
    "errorPct" : 0.0,
    "meanResTime" : 37.85000000000001,
    "medianResTime" : 31.5,
    "minResTime" : 24.0,
    "maxResTime" : 73.0,
    "pct1ResTime" : 59.699999999999996,
    "pct2ResTime" : 69.64999999999998,
    "pct3ResTime" : 73.0,
    "throughput" : 60.422960725075534,
    "receivedKBytesPerSec" : 75.35168051359516,
    "sentKBytesPerSec" : 14.633685800604228
  },
  "GetSubmissionId" : {
    "transaction" : "GetSubmissionId",
    "sampleCount" : 484,
    "errorCount" : 0,
    "errorPct" : 0.0,
    "meanResTime" : 562.8739669421495,
    "medianResTime" : 362.5,
    "minResTime" : 266.0,
    "maxResTime" : 2841.0,
    "pct1ResTime" : 1055.0,
    "pct2ResTime" : 1811.5,
    "pct3ResTime" : 2687.2,
    "throughput" : 1.782938311807914,
    "receivedKBytesPerSec" : 75.90874180248986,
    "sentKBytesPerSec" : 0.41265271474460513
  },
  "TestcasesResults" : {
    "transaction" : "TestcasesResults",
    "sampleCount" : 466,
    "errorCount" : 1,
    "errorPct" : 0.21459228,
    "meanResTime" : 5679.480686695281,
    "medianResTime" : 5378.0,
    "minResTime" : 5210.0,
    "maxResTime" : 9171.0,
    "pct1ResTime" : 6387.4,
    "pct2ResTime" : 7440.749999999984,
    "pct3ResTime" : 8548.65,
    "throughput" : 1.7201538541043757,
    "receivedKBytesPerSec" : 49.769749758680135,
    "sentKBytesPerSec" : 0.41570577063630926
  },
  "Total" : {
    "transaction" : "Total",
    "sampleCount" : 2118,
    "errorCount" : 1,
    "errorPct" : 0.04721435,
    "meanResTime" : 2181.4164305949034,
    "medianResTime" : 1351.0,
    "minResTime" : 24.0,
    "maxResTime" : 9171.0,
    "pct1ResTime" : 5482.000000000002,
    "pct2ResTime" : 5937.15,
    "pct3ResTime" : 8215.589999999982,
    "throughput" : 6.925551951449199,
    "receivedKBytesPerSec" : 232.22402964000534,
    "sentKBytesPerSec" : 3.3312186145054015
  },
  "Upload" : {
    "transaction" : "Upload",
    "sampleCount" : 484,
    "errorCount" : 0,
    "errorPct" : 0.0,
    "meanResTime" : 1198.1962809917352,
    "medianResTime" : 723.5,
    "minResTime" : 500.0,
    "maxResTime" : 7941.0,
    "pct1ResTime" : 1807.0,
    "pct2ResTime" : 5816.75,
    "pct3ResTime" : 7303.849999999999,
    "throughput" : 1.7772816403868892,
    "receivedKBytesPerSec" : 76.06170215683592,
    "sentKBytesPerSec" : 2.2676069134511576
  },
  "Course Page" : {
    "transaction" : "Course Page",
    "sampleCount" : 40,
    "errorCount" : 0,
    "errorPct" : 0.0,
    "meanResTime" : 86.30000000000004,
    "medianResTime" : 75.5,
    "minResTime" : 55.0,
    "maxResTime" : 166.0,
    "pct1ResTime" : 126.39999999999999,
    "pct2ResTime" : 163.99999999999991,
    "pct3ResTime" : 166.0,
    "throughput" : 55.710306406685234,
    "receivedKBytesPerSec" : 1803.8374281859333,
    "sentKBytesPerSec" : 16.15816504178273
  },
  "Login" : {
    "transaction" : "Login",
    "sampleCount" : 40,
    "errorCount" : 0,
    "errorPct" : 0.0,
    "meanResTime" : 151.19999999999996,
    "medianResTime" : 137.0,
    "minResTime" : 87.0,
    "maxResTime" : 267.0,
    "pct1ResTime" : 220.29999999999998,
    "pct2ResTime" : 264.9,
    "pct3ResTime" : 267.0,
    "throughput" : 53.691275167785236,
    "receivedKBytesPerSec" : 92.01971476510067,
    "sentKBytesPerSec" : 31.774328859060404
  },
  "RunPractice" : {
    "transaction" : "RunPractice",
    "sampleCount" : 484,
    "errorCount" : 0,
    "errorPct" : 0.0,
    "meanResTime" : 2287.4607438016515,
    "medianResTime" : 2116.0,
    "minResTime" : 2073.0,
    "maxResTime" : 5410.0,
    "pct1ResTime" : 2725.5,
    "pct2ResTime" : 3003.5,
    "pct3ResTime" : 3522.849999999997,
    "throughput" : 1.7759382384453934,
    "receivedKBytesPerSec" : 50.33791401674849,
    "sentKBytesPerSec" : 0.4162355246356391
  }
}