{
  "AssignmentsList" : {
    "transaction" : "AssignmentsList",
    "sampleCount" : 180,
    "errorCount" : 0,
    "errorPct" : 0.0,
    "meanResTime" : 32.694444444444436,
    "medianResTime" : 31.0,
    "minResTime" : 24.0,
    "maxResTime" : 79.0,
    "pct1ResTime" : 38.0,
    "pct2ResTime" : 46.74999999999994,
    "pct3ResTime" : 64.41999999999996,
    "throughput" : 59.96002664890073,
    "receivedKBytesPerSec" : 22.959953780812793,
    "sentKBytesPerSec" : 19.381610176548968
  },
  "Get CSRF Token" : {
    "transaction" : "Get CSRF Token",
    "sampleCount" : 180,
    "errorCount" : 0,
    "errorPct" : 0.0,
    "meanResTime" : 34.38888888888889,
    "medianResTime" : 29.0,
    "minResTime" : 25.0,
    "maxResTime" : 142.0,
    "pct1ResTime" : 43.0,
    "pct2ResTime" : 58.59999999999991,
    "pct3ResTime" : 140.38,
    "throughput" : 58.765915768854065,
    "receivedKBytesPerSec" : 1570.57840046523,
    "sentKBytesPerSec" : 7.747459598432909
  },
  "StudentCourses" : {
    "transaction" : "StudentCourses",
    "sampleCount" : 180,
    "errorCount" : 0,
    "errorPct" : 0.0,
    "meanResTime" : 36.03888888888891,
    "medianResTime" : 31.0,
    "minResTime" : 22.0,
    "maxResTime" : 117.0,
    "pct1ResTime" : 56.0,
    "pct2ResTime" : 63.94999999999999,
    "pct3ResTime" : 99.17999999999995,
    "throughput" : 59.66191581040769,
    "receivedKBytesPerSec" : 74.45439385150813,
    "sentKBytesPerSec" : 14.449370235333113
  },
  "GetSubmissionId" : {
    "transaction" : "GetSubmissionId",
    "sampleCount" : 994,
    "errorCount" : 8,
    "errorPct" : 0.804829,
    "meanResTime" : 5889.886317907456,
    "medianResTime" : 5034.5,
    "minResTime" : 31.0,
    "maxResTime" : 45522.0,
    "pct1ResTime" : 11653.5,
    "pct2ResTime" : 14829.25,
    "pct3ResTime" : 22803.099999999995,
    "throughput" : 3.6693454611230267,
    "receivedKBytesPerSec" : 163.4863997558538,
    "sentKBytesPerSec" : 0.8424177742688074
  },
  "TestcasesResults" : {
    "transaction" : "TestcasesResults",
    "sampleCount" : 959,
    "errorCount" : 21,
    "errorPct" : 2.189781,
    "meanResTime" : 15180.191866527635,
    "medianResTime" : 14098.0,
    "minResTime" : 5285.0,
    "maxResTime" : 36831.0,
    "pct1ResTime" : 24103.0,
    "pct2ResTime" : 28169.0,
    "pct3ResTime" : 32591.199999999997,
    "throughput" : 3.4182002231275637,
    "receivedKBytesPerSec" : 97.06677670446646,
    "sentKBytesPerSec" : 0.8097173658115819
  },
  "Total" : {
    "transaction" : "Total",
    "sampleCount" : 4846,
    "errorCount" : 36,
    "errorPct" : 0.7428807,
    "meanResTime" : 8306.270738753607,
    "medianResTime" : 6544.0,
    "minResTime" : 0.0,
    "maxResTime" : 56031.0,
    "pct1ResTime" : 17784.6,
    "pct2ResTime" : 23359.59999999997,
    "pct3ResTime" : 42382.969999999965,
    "throughput" : 15.177044641682691,
    "receivedKBytesPerSec" : 488.2733958559089,
    "sentKBytesPerSec" : 7.432855509390913
  },
  "Upload" : {
    "transaction" : "Upload",
    "sampleCount" : 1006,
    "errorCount" : 2,
    "errorPct" : 0.19880715,
    "meanResTime" : 11941.066600397598,
    "medianResTime" : 9597.0,
    "minResTime" : 463.0,
    "maxResTime" : 56031.0,
    "pct1ResTime" : 27088.800000000003,
    "pct2ResTime" : 36607.799999999996,
    "pct3ResTime" : 52315.46999999999,
    "throughput" : 3.636863187424985,
    "receivedKBytesPerSec" : 163.78463306680476,
    "sentKBytesPerSec" : 5.073982379876867
  },
  "Course Page" : {
    "transaction" : "Course Page",
    "sampleCount" : 180,
    "errorCount" : 0,
    "errorPct" : 0.0,
    "meanResTime" : 70.90555555555557,
    "medianResTime" : 67.0,
    "minResTime" : 53.0,
    "maxResTime" : 172.0,
    "pct1ResTime" : 89.20000000000005,
    "pct2ResTime" : 113.89999999999998,
    "pct3ResTime" : 147.69999999999993,
    "throughput" : 59.13272010512484,
    "receivedKBytesPerSec" : 1914.9309476634362,
    "sentKBytesPerSec" : 17.150798702365307
  },
  "Login" : {
    "transaction" : "Login",
    "sampleCount" : 180,
    "errorCount" : 0,
    "errorPct" : 0.0,
    "meanResTime" : 143.06111111111107,
    "medianResTime" : 128.0,
    "minResTime" : 76.0,
    "maxResTime" : 358.0,
    "pct1ResTime" : 225.70000000000007,
    "pct2ResTime" : 257.34999999999985,
    "pct3ResTime" : 352.33,
    "throughput" : 58.36575875486381,
    "receivedKBytesPerSec" : 100.03115880350194,
    "sentKBytesPerSec" : 34.5406736381323
  },
  "RunPractice" : {
    "transaction" : "RunPractice",
    "sampleCount" : 987,
    "errorCount" : 5,
    "errorPct" : 0.5065856,
    "meanResTime" : 7872.389057750751,
    "medianResTime" : 6144.0,
    "minResTime" : 0.0,
    "maxResTime" : 30582.0,
    "pct1ResTime" : 15390.200000000004,
    "pct2ResTime" : 20172.59999999998,
    "pct3ResTime" : 27013.52,
    "throughput" : 3.6367253995976387,
    "receivedKBytesPerSec" : 102.57281424559133,
    "sentKBytesPerSec" : 0.8480395949859615
  }
}