{
  "AssignmentsList" : {
    "transaction" : "AssignmentsList",
    "sampleCount" : 100,
    "errorCount" : 0,
    "errorPct" : 0.0,
    "meanResTime" : 35.55999999999998,
    "medianResTime" : 33.0,
    "minResTime" : 25.0,
    "maxResTime" : 119.0,
    "pct1ResTime" : 47.400000000000034,
    "pct2ResTime" : 63.64999999999992,
    "pct3ResTime" : 118.69999999999985,
    "throughput" : 57.537399309551205,
    "receivedKBytesPerSec" : 21.997941239930956,
    "sentKBytesPerSec" : 18.59851481588032
  },
  "Get CSRF Token" : {
    "transaction" : "Get CSRF Token",
    "sampleCount" : 100,
    "errorCount" : 0,
    "errorPct" : 0.0,
    "meanResTime" : 37.690000000000005,
    "medianResTime" : 29.5,
    "minResTime" : 25.0,
    "maxResTime" : 133.0,
    "pct1ResTime" : 53.80000000000001,
    "pct2ResTime" : 126.39999999999964,
    "pct3ResTime" : 133.0,
    "throughput" : 55.92841163310962,
    "receivedKBytesPerSec" : 1494.7965822497204,
    "sentKBytesPerSec" : 7.373374580536913
  },
  "StudentCourses" : {
    "transaction" : "StudentCourses",
    "sampleCount" : 100,
    "errorCount" : 0,
    "errorPct" : 0.0,
    "meanResTime" : 36.84000000000001,
    "medianResTime" : 31.0,
    "minResTime" : 23.0,
    "maxResTime" : 118.0,
    "pct1ResTime" : 61.900000000000006,
    "pct2ResTime" : 67.0,
    "pct3ResTime" : 117.7999999999999,
    "throughput" : 56.52911249293386,
    "receivedKBytesPerSec" : 70.55098219332957,
    "sentKBytesPerSec" : 13.69064443188242
  },
  "GetSubmissionId" : {
    "transaction" : "GetSubmissionId",
    "sampleCount" : 823,
    "errorCount" : 1,
    "errorPct" : 0.12150668,
    "meanResTime" : 3038.0364520048583,
    "medianResTime" : 2214.0,
    "minResTime" : 74.0,
    "maxResTime" : 15139.0,
    "pct1ResTime" : 6473.200000000001,
    "pct2ResTime" : 9176.4,
    "pct3ResTime" : 12558.119999999999,
    "throughput" : 3.009382838838956,
    "receivedKBytesPerSec" : 136.03796154878088,
    "sentKBytesPerSec" : 0.6956612483453879
  },
  "TestcasesResults" : {
    "transaction" : "TestcasesResults",
    "sampleCount" : 790,
    "errorCount" : 5,
    "errorPct" : 0.6329114,
    "meanResTime" : 9795.824050632913,
    "medianResTime" : 9367.5,
    "minResTime" : 5222.0,
    "maxResTime" : 22912.0,
    "pct1ResTime" : 14512.099999999997,
    "pct2ResTime" : 17038.449999999986,
    "pct3ResTime" : 19213.890000000007,
    "throughput" : 2.8971157196032054,
    "receivedKBytesPerSec" : 83.4847392882355,
    "sentKBytesPerSec" : 0.6972044208518987
  },
  "Total" : {
    "transaction" : "Total",
    "sampleCount" : 3773,
    "errorCount" : 7,
    "errorPct" : 0.18552876,
    "meanResTime" : 4861.936390140465,
    "medianResTime" : 3780.0,
    "minResTime" : 23.0,
    "maxResTime" : 22912.0,
    "pct1ResTime" : 10706.2,
    "pct2ResTime" : 13212.199999999999,
    "pct3ResTime" : 19315.839999999967,
    "throughput" : 12.200287788394691,
    "receivedKBytesPerSec" : 413.26680942405943,
    "sentKBytesPerSec" : 6.242512878732761
  },
  "Upload" : {
    "transaction" : "Upload",
    "sampleCount" : 852,
    "errorCount" : 1,
    "errorPct" : 0.11737089,
    "meanResTime" : 4785.06220657276,
    "medianResTime" : 3303.0,
    "minResTime" : 266.0,
    "maxResTime" : 22826.0,
    "pct1ResTime" : 10027.600000000011,
    "pct2ResTime" : 18402.899999999998,
    "pct3ResTime" : 21589.52,
    "throughput" : 3.0894078997465377,
    "receivedKBytesPerSec" : 140.3206442000174,
    "sentKBytesPerSec" : 4.361714293905309
  },
  "Course Page" : {
    "transaction" : "Course Page",
    "sampleCount" : 100,
    "errorCount" : 0,
    "errorPct" : 0.0,
    "meanResTime" : 123.85000000000001,
    "medianResTime" : 68.5,
    "minResTime" : 53.0,
    "maxResTime" : 513.0,
    "pct1ResTime" : 357.8,
    "pct2ResTime" : 378.5499999999999,
    "pct3ResTime" : 512.0399999999995,
    "throughput" : 55.74136008918617,
    "receivedKBytesPerSec" : 1805.1458420429208,
    "sentKBytesPerSec" : 16.167171822742475
  },
  "Login" : {
    "transaction" : "Login",
    "sampleCount" : 100,
    "errorCount" : 0,
    "errorPct" : 0.0,
    "meanResTime" : 133.67999999999995,
    "medianResTime" : 117.0,
    "minResTime" : 81.0,
    "maxResTime" : 354.0,
    "pct1ResTime" : 199.60000000000002,
    "pct2ResTime" : 245.95,
    "pct3ResTime" : 353.3499999999997,
    "throughput" : 54.70459518599562,
    "receivedKBytesPerSec" : 93.75641069474835,
    "sentKBytesPerSec" : 32.37400847921225
  },
  "RunPractice" : {
    "transaction" : "RunPractice",
    "sampleCount" : 808,
    "errorCount" : 0,
    "errorPct" : 0.0,
    "meanResTime" : 4939.90841584158,
    "medianResTime" : 4078.5,
    "minResTime" : 88.0,
    "maxResTime" : 19281.0,
    "pct1ResTime" : 9030.300000000001,
    "pct2ResTime" : 11599.84999999999,
    "pct3ResTime" : 14889.889999999998,
    "throughput" : 2.9501648514146552,
    "receivedKBytesPerSec" : 83.58708657072546,
    "sentKBytesPerSec" : 0.6914448870503098
  }
}