{
  "AssignmentsList" : {
    "transaction" : "AssignmentsList",
    "sampleCount" : 120,
    "errorCount" : 0,
    "errorPct" : 0.0,
    "meanResTime" : 32.291666666666664,
    "medianResTime" : 31.5,
    "minResTime" : 25.0,
    "maxResTime" : 71.0,
    "pct1ResTime" : 38.0,
    "pct2ResTime" : 39.0,
    "pct3ResTime" : 68.89999999999992,
    "throughput" : 55.81395348837209,
    "receivedKBytesPerSec" : 21.388989825581397,
    "sentKBytesPerSec" : 18.041424418604652
  },
  "Get CSRF Token" : {
    "transaction" : "Get CSRF Token",
    "sampleCount" : 120,
    "errorCount" : 0,
    "errorPct" : 0.0,
    "meanResTime" : 35.45000000000001,
    "medianResTime" : 30.0,
    "minResTime" : 25.0,
    "maxResTime" : 134.0,
    "pct1ResTime" : 38.0,
    "pct2ResTime" : 81.59999999999968,
    "pct3ResTime" : 134.0,
    "throughput" : 56.57708628005658,
    "receivedKBytesPerSec" : 1512.1004427451674,
    "sentKBytesPerSec" : 7.458893210749647
  },
  "StudentCourses" : {
    "transaction" : "StudentCourses",
    "sampleCount" : 120,
    "errorCount" : 0,
    "errorPct" : 0.0,
    "meanResTime" : 39.80833333333331,
    "medianResTime" : 32.0,
    "minResTime" : 24.0,
    "maxResTime" : 251.0,
    "pct1ResTime" : 61.900000000000006,
    "pct2ResTime" : 92.29999999999984,
    "pct3ResTime" : 223.48999999999896,
    "throughput" : 54.919908466819216,
    "receivedKBytesPerSec" : 68.53368135011442,
    "sentKBytesPerSec" : 13.30091533180778
  },
  "GetSubmissionId" : {
    "transaction" : "GetSubmissionId",
    "sampleCount" : 881,
    "errorCount" : 1,
    "errorPct" : 0.113507375,
    "meanResTime" : 3788.606129398411,
    "medianResTime" : 3367.0,
    "minResTime" : 95.0,
    "maxResTime" : 13572.0,
    "pct1ResTime" : 7498.4000000000015,
    "pct2ResTime" : 9105.699999999999,
    "pct3ResTime" : 11852.479999999996,
    "throughput" : 3.228241432884824,
    "receivedKBytesPerSec" : 144.36908359945255,
    "sentKBytesPerSec" : 0.7463132640049248
  },
  "TestcasesResults" : {
    "transaction" : "TestcasesResults",
    "sampleCount" : 824,
    "errorCount" : 15,
    "errorPct" : 1.8203883,
    "meanResTime" : 11827.02669902912,
    "medianResTime" : 11039.5,
    "minResTime" : 5237.0,
    "maxResTime" : 26302.0,
    "pct1ResTime" : 17855.5,
    "pct2ResTime" : 20499.25,
    "pct3ResTime" : 23272.25,
    "throughput" : 2.983701890522763,
    "receivedKBytesPerSec" : 85.02513594582264,
    "sentKBytesPerSec" : 0.709460896848646
  },
  "Total" : {
    "transaction" : "Total",
    "sampleCount" : 4092,
    "errorCount" : 18,
    "errorPct" : 0.4398827,
    "meanResTime" : 6050.84921798631,
    "medianResTime" : 4776.0,
    "minResTime" : 24.0,
    "maxResTime" : 37470.0,
    "pct1ResTime" : 12724.7,
    "pct2ResTime" : 16243.849999999997,
    "pct3ResTime" : 26801.070000000083,
    "throughput" : 13.042231075697211,
    "receivedKBytesPerSec" : 434.8472142679283,
    "sentKBytesPerSec" : 6.637123381474104
  },
  "Upload" : {
    "transaction" : "Upload",
    "sampleCount" : 933,
    "errorCount" : 2,
    "errorPct" : 0.21436228,
    "meanResTime" : 6741.811361200434,
    "medianResTime" : 5037.0,
    "minResTime" : 285.0,
    "maxResTime" : 37470.0,
    "pct1ResTime" : 11810.0,
    "pct2ResTime" : 22337.5,
    "pct3ResTime" : 35958.1,
    "throughput" : 3.377057724883812,
    "receivedKBytesPerSec" : 151.51633211670574,
    "sentKBytesPerSec" : 4.680636251203507
  },
  "Course Page" : {
    "transaction" : "Course Page",
    "sampleCount" : 120,
    "errorCount" : 0,
    "errorPct" : 0.0,
    "meanResTime" : 72.74166666666665,
    "medianResTime" : 65.0,
    "minResTime" : 53.0,
    "maxResTime" : 164.0,
    "pct1ResTime" : 106.20000000000005,
    "pct2ResTime" : 125.69999999999993,
    "pct3ResTime" : 161.2699999999999,
    "throughput" : 54.570259208731244,
    "receivedKBytesPerSec" : 1767.2397254433836,
    "sentKBytesPerSec" : 15.827506821282402
  },
  "Login" : {
    "transaction" : "Login",
    "sampleCount" : 120,
    "errorCount" : 0,
    "errorPct" : 0.0,
    "meanResTime" : 174.825,
    "medianResTime" : 138.0,
    "minResTime" : 78.0,
    "maxResTime" : 485.0,
    "pct1ResTime" : 372.5,
    "pct2ResTime" : 385.84999999999997,
    "pct3ResTime" : 473.86999999999955,
    "throughput" : 52.63157894736842,
    "receivedKBytesPerSec" : 90.20353618421053,
    "sentKBytesPerSec" : 31.147203947368425
  },
  "RunPractice" : {
    "transaction" : "RunPractice",
    "sampleCount" : 854,
    "errorCount" : 0,
    "errorPct" : 0.0,
    "meanResTime" : 6257.750585480091,
    "medianResTime" : 5011.0,
    "minResTime" : 1280.0,
    "maxResTime" : 21954.0,
    "pct1ResTime" : 12395.0,
    "pct2ResTime" : 15189.0,
    "pct3ResTime" : 18141.70000000001,
    "throughput" : 3.131416837782341,
    "receivedKBytesPerSec" : 88.72920400273173,
    "sentKBytesPerSec" : 0.7339258213552361
  }
}