Device,kB_read/s,kB_wrtn/s
loop0,0.0,0.0
sda,15.178666666666667,242.51733333333334
