{"Disk Write(KB/s)": 207.7538999999999, "Disk Read(KB/s)": 15.393833333333331}