{"user+system(%)": 30.527837837837826, "%iowait": 1.10036036036036, "%idle": 66.63572727272724}