{"I/O wait(%)": 1.0727272727272728, "Available Memory(Kb)": 553176.3636363636, "Idle(%)": 67.42727272727272, "user+system(%)": 31.509090909090908}