{"Disk Write(KB/s)": 904.1866333333331, "Disk Read(KB/s)": 8.142666666666667}