{"user+system(%)": 67.62198198198199, "%iowait": 2.387567567567565, "%idle": 27.928454545454535}