Device,kB_read/s,kB_wrtn/s
loop0,0.0,0.0
sda,393.54754098360655,1098.1901639344262
