{"user+system(%)": 71.4090909090909, "Idle(%)": 22.80909090909091, "I/O wait(%)": 5.827272727272727, "Available Memory(Kb)": 521433.45454545453}