{
  "AssignmentsList" : {
    "transaction" : "AssignmentsList",
    "sampleCount" : 1,
    "errorCount" : 0,
    "errorPct" : 0.0,
    "meanResTime" : 436.0,
    "medianResTime" : 436.0,
    "minResTime" : 436.0,
    "maxResTime" : 436.0,
    "pct1ResTime" : 436.0,
    "pct2ResTime" : 436.0,
    "pct3ResTime" : 436.0,
    "throughput" : 2.293577981651376,
    "receivedKBytesPerSec" : 0.8892094323394495,
    "sentKBytesPerSec" : 0.7458608084862385
  },
  "Get CSRF Token" : {
    "transaction" : "Get CSRF Token",
    "sampleCount" : 1,
    "errorCount" : 0,
    "errorPct" : 0.0,
    "meanResTime" : 2654.0,
    "medianResTime" : 2654.0,
    "minResTime" : 2654.0,
    "maxResTime" : 2654.0,
    "pct1ResTime" : 2654.0,
    "pct2ResTime" : 2654.0,
    "pct3ResTime" : 2654.0,
    "throughput" : 0.37678975131876413,
    "receivedKBytesPerSec" : 12.259281391296158,
    "sentKBytesPerSec" : 0.050410347588545595
  },
  "StudentCourses" : {
    "transaction" : "StudentCourses",
    "sampleCount" : 1,
    "errorCount" : 0,
    "errorPct" : 0.0,
    "meanResTime" : 174.0,
    "medianResTime" : 174.0,
    "minResTime" : 174.0,
    "maxResTime" : 174.0,
    "pct1ResTime" : 174.0,
    "pct2ResTime" : 174.0,
    "pct3ResTime" : 174.0,
    "throughput" : 5.747126436781609,
    "receivedKBytesPerSec" : 7.167070761494253,
    "sentKBytesPerSec" : 1.403107040229885
  },
  "Total" : {
    "transaction" : "Total",
    "sampleCount" : 24,
    "errorCount" : 0,
    "errorPct" : 0.0,
    "meanResTime" : 2119.0416666666665,
    "medianResTime" : 1628.0,
    "minResTime" : 174.0,
    "maxResTime" : 9455.0,
    "pct1ResTime" : 3406.0,
    "pct2ResTime" : 8026.0,
    "pct3ResTime" : 9455.0,
    "throughput" : 0.08106738726566458,
    "receivedKBytesPerSec" : 3.069592736657659,
    "sentKBytesPerSec" : 0.08738758233406518
  },
  "Upload" : {
    "transaction" : "Upload",
    "sampleCount" : 19,
    "errorCount" : 0,
    "errorPct" : 0.0,
    "meanResTime" : 2181.368421052631,
    "medianResTime" : 848.0,
    "minResTime" : 766.0,
    "maxResTime" : 9455.0,
    "pct1ResTime" : 3073.0,
    "pct2ResTime" : 9455.0,
    "pct3ResTime" : 9455.0,
    "throughput" : 0.07225241189959196,
    "receivedKBytesPerSec" : 3.174516075210958,
    "sentKBytesPerSec" : 0.09234687123289234
  },
  "Course Page" : {
    "transaction" : "Course Page",
    "sampleCount" : 1,
    "errorCount" : 0,
    "errorPct" : 0.0,
    "meanResTime" : 2408.0,
    "medianResTime" : 2408.0,
    "minResTime" : 2408.0,
    "maxResTime" : 2408.0,
    "pct1ResTime" : 2408.0,
    "pct2ResTime" : 2408.0,
    "pct3ResTime" : 2408.0,
    "throughput" : 0.4152823920265781,
    "receivedKBytesPerSec" : 15.824124662583056,
    "sentKBytesPerSec" : 0.1212592140780731
  },
  "Login" : {
    "transaction" : "Login",
    "sampleCount" : 1,
    "errorCount" : 0,
    "errorPct" : 0.0,
    "meanResTime" : 3739.0,
    "medianResTime" : 3739.0,
    "minResTime" : 3739.0,
    "maxResTime" : 3739.0,
    "pct1ResTime" : 3739.0,
    "pct2ResTime" : 3739.0,
    "pct3ResTime" : 3739.0,
    "throughput" : 0.26745119015779617,
    "receivedKBytesPerSec" : 0.4505403349826157,
    "sentKBytesPerSec" : 0.15827677855041455
  }
}