{
  "AssignmentsList" : {
    "transaction" : "AssignmentsList",
    "sampleCount" : 400,
    "errorCount" : 0,
    "errorPct" : 0.0,
    "meanResTime" : 44.439999999999976,
    "medianResTime" : 40.0,
    "minResTime" : 25.0,
    "maxResTime" : 127.0,
    "pct1ResTime" : 60.80000000000007,
    "pct2ResTime" : 71.94999999999999,
    "pct3ResTime" : 102.96000000000004,
    "throughput" : 109.22992900054615,
    "receivedKBytesPerSec" : 41.761247269251776,
    "sentKBytesPerSec" : 35.521060895685416
  },
  "Get CSRF Token" : {
    "transaction" : "Get CSRF Token",
    "sampleCount" : 400,
    "errorCount" : 0,
    "errorPct" : 0.0,
    "meanResTime" : 30.745000000000015,
    "medianResTime" : 26.0,
    "minResTime" : 19.0,
    "maxResTime" : 157.0,
    "pct1ResTime" : 33.0,
    "pct2ResTime" : 53.94999999999999,
    "pct3ResTime" : 155.99,
    "throughput" : 107.15242432360033,
    "receivedKBytesPerSec" : 3486.8079041655506,
    "sentKBytesPerSec" : 14.335822394856683
  },
  "StudentCourses" : {
    "transaction" : "StudentCourses",
    "sampleCount" : 400,
    "errorCount" : 0,
    "errorPct" : 0.0,
    "meanResTime" : 60.734999999999985,
    "medianResTime" : 56.0,
    "minResTime" : 25.0,
    "maxResTime" : 179.0,
    "pct1ResTime" : 85.0,
    "pct2ResTime" : 104.89999999999998,
    "pct3ResTime" : 143.8800000000001,
    "throughput" : 109.25976509150505,
    "receivedKBytesPerSec" : 136.36130838568698,
    "sentKBytesPerSec" : 26.674747336793224
  },
  "Total" : {
    "transaction" : "Total",
    "sampleCount" : 4842,
    "errorCount" : 359,
    "errorPct" : 7.4142914,
    "meanResTime" : 17298.78913672039,
    "medianResTime" : 12648.5,
    "minResTime" : 19.0,
    "maxResTime" : 99332.0,
    "pct1ResTime" : 47159.79999999997,
    "pct2ResTime" : 51032.0,
    "pct3ResTime" : 71089.52999999991,
    "throughput" : 14.65979999455026,
    "receivedKBytesPerSec" : 440.8879393001172,
    "sentKBytesPerSec" : 13.763097233765073
  },
  "Upload" : {
    "transaction" : "Upload",
    "sampleCount" : 2842,
    "errorCount" : 359,
    "errorPct" : 12.631949,
    "meanResTime" : 29413.581984517867,
    "medianResTime" : 27403.0,
    "minResTime" : 303.0,
    "maxResTime" : 99332.0,
    "pct1ResTime" : 50005.0,
    "pct2ResTime" : 57047.89999999999,
    "pct3ResTime" : 77504.85,
    "throughput" : 9.300772991759555,
    "receivedKBytesPerSec" : 379.72478096998685,
    "sentKBytesPerSec" : 12.794977062034063
  },
  "Course Page" : {
    "transaction" : "Course Page",
    "sampleCount" : 400,
    "errorCount" : 0,
    "errorPct" : 0.0,
    "meanResTime" : 68.69249999999998,
    "medianResTime" : 64.0,
    "minResTime" : 43.0,
    "maxResTime" : 167.0,
    "pct1ResTime" : 91.90000000000003,
    "pct2ResTime" : 108.94999999999999,
    "pct3ResTime" : 147.97000000000003,
    "throughput" : 108.37171498238959,
    "receivedKBytesPerSec" : 4130.792171836901,
    "sentKBytesPerSec" : 31.643694120834464
  },
  "Login" : {
    "transaction" : "Login",
    "sampleCount" : 400,
    "errorCount" : 0,
    "errorPct" : 0.0,
    "meanResTime" : 213.73000000000005,
    "medianResTime" : 195.0,
    "minResTime" : 136.0,
    "maxResTime" : 486.0,
    "pct1ResTime" : 280.90000000000003,
    "pct2ResTime" : 357.34999999999985,
    "pct3ResTime" : 454.94000000000005,
    "throughput" : 105.59662090813093,
    "receivedKBytesPerSec" : 178.24173376451955,
    "sentKBytesPerSec" : 62.84855134635692
  }
}