{
  "AssignmentsList" : {
    "transaction" : "AssignmentsList",
    "sampleCount" : 30,
    "errorCount" : 0,
    "errorPct" : 0.0,
    "meanResTime" : 38.56666666666666,
    "medianResTime" : 38.0,
    "minResTime" : 29.0,
    "maxResTime" : 71.0,
    "pct1ResTime" : 44.900000000000006,
    "pct2ResTime" : 56.69999999999998,
    "pct3ResTime" : 71.0,
    "throughput" : 13.761467889908257,
    "receivedKBytesPerSec" : 5.3352565940366965,
    "sentKBytesPerSec" : 4.475164850917431
  },
  "Get CSRF Token" : {
    "transaction" : "Get CSRF Token",
    "sampleCount" : 30,
    "errorCount" : 0,
    "errorPct" : 0.0,
    "meanResTime" : 422.53333333333336,
    "medianResTime" : 34.5,
    "minResTime" : 22.0,
    "maxResTime" : 2274.0,
    "pct1ResTime" : 2256.1,
    "pct2ResTime" : 2269.05,
    "pct3ResTime" : 2274.0,
    "throughput" : 13.192612137203167,
    "receivedKBytesPerSec" : 429.3091571844767,
    "sentKBytesPerSec" : 1.765027209762533
  },
  "StudentCourses" : {
    "transaction" : "StudentCourses",
    "sampleCount" : 30,
    "errorCount" : 0,
    "errorPct" : 0.0,
    "meanResTime" : 50.83333333333333,
    "medianResTime" : 49.5,
    "minResTime" : 23.0,
    "maxResTime" : 90.0,
    "pct1ResTime" : 79.0,
    "pct2ResTime" : 86.14999999999999,
    "pct3ResTime" : 90.0,
    "throughput" : 13.458950201884253,
    "receivedKBytesPerSec" : 16.784257234185734,
    "sentKBytesPerSec" : 3.2858765141318975
  },
  "Total" : {
    "transaction" : "Total",
    "sampleCount" : 781,
    "errorCount" : 0,
    "errorPct" : 0.0,
    "meanResTime" : 837.2138284250952,
    "medianResTime" : 759.0,
    "minResTime" : 22.0,
    "maxResTime" : 5296.0,
    "pct1ResTime" : 1072.8000000000002,
    "pct2ResTime" : 2107.5999999999995,
    "pct3ResTime" : 4214.239999999999,
    "throughput" : 2.597964207304903,
    "receivedKBytesPerSec" : 99.61384168031901,
    "sentKBytesPerSec" : 2.8428130041663895
  },
  "Upload" : {
    "transaction" : "Upload",
    "sampleCount" : 631,
    "errorCount" : 0,
    "errorPct" : 0.0,
    "meanResTime" : 956.7892234548343,
    "medianResTime" : 787.0,
    "minResTime" : 655.0,
    "maxResTime" : 5296.0,
    "pct1ResTime" : 1083.6000000000004,
    "pct2ResTime" : 1547.3999999999987,
    "pct3ResTime" : 4377.919999999989,
    "throughput" : 2.286057944866514,
    "receivedKBytesPerSec" : 100.45110075410928,
    "sentKBytesPerSec" : 2.923538454728082
  },
  "Course Page" : {
    "transaction" : "Course Page",
    "sampleCount" : 30,
    "errorCount" : 0,
    "errorPct" : 0.0,
    "meanResTime" : 64.53333333333333,
    "medianResTime" : 60.5,
    "minResTime" : 45.0,
    "maxResTime" : 124.0,
    "pct1ResTime" : 71.0,
    "pct2ResTime" : 124.0,
    "pct3ResTime" : 124.0,
    "throughput" : 13.59311282283643,
    "receivedKBytesPerSec" : 518.09229157227,
    "sentKBytesPerSec" : 3.9690827480743094
  },
  "Login" : {
    "transaction" : "Login",
    "sampleCount" : 30,
    "errorCount" : 0,
    "errorPct" : 0.0,
    "meanResTime" : 1094.5333333333333,
    "medianResTime" : 671.5,
    "minResTime" : 216.0,
    "maxResTime" : 2659.0,
    "pct1ResTime" : 2621.6,
    "pct2ResTime" : 2655.7,
    "pct3ResTime" : 2659.0,
    "throughput" : 10.559662090813093,
    "receivedKBytesPerSec" : 17.8029303062302,
    "sentKBytesPerSec" : 6.263612064413938
  }
}