{
  "AssignmentsList" : {
    "transaction" : "AssignmentsList",
    "sampleCount" : 150,
    "errorCount" : 0,
    "errorPct" : 0.0,
    "meanResTime" : 42.36,
    "medianResTime" : 40.0,
    "minResTime" : 27.0,
    "maxResTime" : 82.0,
    "pct1ResTime" : 59.70000000000002,
    "pct2ResTime" : 65.0,
    "pct3ResTime" : 81.49000000000001,
    "throughput" : 58.25242718446602,
    "receivedKBytesPerSec" : 22.375606796116504,
    "sentKBytesPerSec" : 18.943416262135923
  },
  "Get CSRF Token" : {
    "transaction" : "Get CSRF Token",
    "sampleCount" : 150,
    "errorCount" : 0,
    "errorPct" : 0.0,
    "meanResTime" : 35.653333333333315,
    "medianResTime" : 25.0,
    "minResTime" : 19.0,
    "maxResTime" : 148.0,
    "pct1ResTime" : 48.900000000000006,
    "pct2ResTime" : 147.0,
    "pct3ResTime" : 148.0,
    "throughput" : 104.38413361169103,
    "receivedKBytesPerSec" : 3396.7500924234514,
    "sentKBytesPerSec" : 13.96545537578288
  },
  "StudentCourses" : {
    "transaction" : "StudentCourses",
    "sampleCount" : 150,
    "errorCount" : 0,
    "errorPct" : 0.0,
    "meanResTime" : 50.39999999999997,
    "medianResTime" : 44.5,
    "minResTime" : 23.0,
    "maxResTime" : 141.0,
    "pct1ResTime" : 83.0,
    "pct2ResTime" : 92.0,
    "pct3ResTime" : 122.64000000000033,
    "throughput" : 57.38332058148431,
    "receivedKBytesPerSec" : 71.59839446250956,
    "sentKBytesPerSec" : 14.009599751338945
  },
  "Total" : {
    "transaction" : "Total",
    "sampleCount" : 2990,
    "errorCount" : 72,
    "errorPct" : 2.4080267,
    "meanResTime" : 4984.96454849497,
    "medianResTime" : 2318.0,
    "minResTime" : 19.0,
    "maxResTime" : 67193.0,
    "pct1ResTime" : 10556.2,
    "pct2ResTime" : 24988.999999999935,
    "pct3ResTime" : 50005.0,
    "throughput" : 9.818054055119015,
    "receivedKBytesPerSec" : 361.8243155016484,
    "sentKBytesPerSec" : 10.763075748626623
  },
  "Upload" : {
    "transaction" : "Upload",
    "sampleCount" : 2240,
    "errorCount" : 72,
    "errorPct" : 3.2142856,
    "meanResTime" : 6612.342857142846,
    "medianResTime" : 2923.5,
    "minResTime" : 59.0,
    "maxResTime" : 67193.0,
    "pct1ResTime" : 15310.500000000005,
    "pct2ResTime" : 36778.29999999995,
    "pct3ResTime" : 50006.0,
    "throughput" : 7.995773662492682,
    "receivedKBytesPerSec" : 353.72061569911256,
    "sentKBytesPerSec" : 10.849214494436868
  },
  "Course Page" : {
    "transaction" : "Course Page",
    "sampleCount" : 150,
    "errorCount" : 0,
    "errorPct" : 0.0,
    "meanResTime" : 65.58666666666664,
    "medianResTime" : 63.0,
    "minResTime" : 42.0,
    "maxResTime" : 178.0,
    "pct1ResTime" : 85.9,
    "pct2ResTime" : 94.0,
    "pct3ResTime" : 141.79000000000065,
    "throughput" : 57.559478127398314,
    "receivedKBytesPerSec" : 2193.8795088257866,
    "sentKBytesPerSec" : 16.806917929777438
  },
  "Login" : {
    "transaction" : "Login",
    "sampleCount" : 150,
    "errorCount" : 0,
    "errorPct" : 0.0,
    "meanResTime" : 428.6399999999999,
    "medianResTime" : 204.5,
    "minResTime" : 135.0,
    "maxResTime" : 1489.0,
    "pct1ResTime" : 829.1,
    "pct2ResTime" : 1387.8999999999996,
    "pct3ResTime" : 1484.92,
    "throughput" : 54.94505494505494,
    "receivedKBytesPerSec" : 92.69617101648352,
    "sentKBytesPerSec" : 32.65367445054945
  }
}