{
  "AssignmentsList" : {
    "transaction" : "AssignmentsList",
    "sampleCount" : 60,
    "errorCount" : 0,
    "errorPct" : 0.0,
    "meanResTime" : 45.383333333333326,
    "medianResTime" : 37.5,
    "minResTime" : 27.0,
    "maxResTime" : 77.0,
    "pct1ResTime" : 67.9,
    "pct2ResTime" : 74.89999999999999,
    "pct3ResTime" : 77.0,
    "throughput" : 23.923444976076556,
    "receivedKBytesPerSec" : 9.232175787480063,
    "sentKBytesPerSec" : 7.77979216507177
  },
  "Get CSRF Token" : {
    "transaction" : "Get CSRF Token",
    "sampleCount" : 60,
    "errorCount" : 0,
    "errorPct" : 0.0,
    "meanResTime" : 83.51666666666671,
    "medianResTime" : 29.0,
    "minResTime" : 20.0,
    "maxResTime" : 1905.0,
    "pct1ResTime" : 155.0,
    "pct2ResTime" : 155.0,
    "pct3ResTime" : 1905.0,
    "throughput" : 24.40016266775112,
    "receivedKBytesPerSec" : 793.9882034109394,
    "sentKBytesPerSec" : 3.264474888165921
  },
  "StudentCourses" : {
    "transaction" : "StudentCourses",
    "sampleCount" : 60,
    "errorCount" : 0,
    "errorPct" : 0.0,
    "meanResTime" : 47.46666666666665,
    "medianResTime" : 35.5,
    "minResTime" : 22.0,
    "maxResTime" : 336.0,
    "pct1ResTime" : 56.8,
    "pct2ResTime" : 61.949999999999996,
    "pct3ResTime" : 336.0,
    "throughput" : 23.68732727990525,
    "receivedKBytesPerSec" : 29.54747335175681,
    "sentKBytesPerSec" : 5.783038886695618
  },
  "Total" : {
    "transaction" : "Total",
    "sampleCount" : 1517,
    "errorCount" : 7,
    "errorPct" : 0.46143705,
    "meanResTime" : 1236.119314436387,
    "medianResTime" : 791.0,
    "minResTime" : 20.0,
    "maxResTime" : 29094.0,
    "pct1ResTime" : 1385.2000000000003,
    "pct2ResTime" : 2411.399999999996,
    "pct3ResTime" : 22245.999999999975,
    "throughput" : 5.043033665657173,
    "receivedKBytesPerSec" : 195.05009738257579,
    "sentKBytesPerSec" : 5.641776392610311
  },
  "Upload" : {
    "transaction" : "Upload",
    "sampleCount" : 1217,
    "errorCount" : 7,
    "errorPct" : 0.5751849,
    "meanResTime" : 1503.5283483976996,
    "medianResTime" : 830.0,
    "minResTime" : 43.0,
    "maxResTime" : 29094.0,
    "pct1ResTime" : 1540.0000000000002,
    "pct2ResTime" : 3428.4999999999995,
    "pct3ResTime" : 23379.139999999978,
    "throughput" : 4.399791760061315,
    "receivedKBytesPerSec" : 196.07455019743932,
    "sentKBytesPerSec" : 5.790928349960594
  },
  "Course Page" : {
    "transaction" : "Course Page",
    "sampleCount" : 60,
    "errorCount" : 0,
    "errorPct" : 0.0,
    "meanResTime" : 70.08333333333331,
    "medianResTime" : 65.5,
    "minResTime" : 45.0,
    "maxResTime" : 157.0,
    "pct1ResTime" : 94.0,
    "pct2ResTime" : 109.74999999999997,
    "pct3ResTime" : 157.0,
    "throughput" : 23.612750885478157,
    "receivedKBytesPerSec" : 899.8902376033058,
    "sentKBytesPerSec" : 6.894738783943329
  },
  "Login" : {
    "transaction" : "Login",
    "sampleCount" : 60,
    "errorCount" : 0,
    "errorPct" : 0.0,
    "meanResTime" : 510.2,
    "medianResTime" : 465.0,
    "minResTime" : 116.0,
    "maxResTime" : 2246.0,
    "pct1ResTime" : 959.9,
    "pct2ResTime" : 1035.25,
    "pct3ResTime" : 2246.0,
    "throughput" : 22.744503411675513,
    "receivedKBytesPerSec" : 38.35247464935557,
    "sentKBytesPerSec" : 13.497885471948447
  }
}