{
  "AssignmentsList" : {
    "transaction" : "AssignmentsList",
    "sampleCount" : 90,
    "errorCount" : 0,
    "errorPct" : 0.0,
    "meanResTime" : 39.011111111111084,
    "medianResTime" : 38.0,
    "minResTime" : 28.0,
    "maxResTime" : 56.0,
    "pct1ResTime" : 51.0,
    "pct2ResTime" : 52.45,
    "pct3ResTime" : 56.0,
    "throughput" : 75.0,
    "receivedKBytesPerSec" : 28.719075520833336,
    "sentKBytesPerSec" : 24.3896484375
  },
  "Get CSRF Token" : {
    "transaction" : "Get CSRF Token",
    "sampleCount" : 90,
    "errorCount" : 0,
    "errorPct" : 0.0,
    "meanResTime" : 41.944444444444464,
    "medianResTime" : 28.0,
    "minResTime" : 20.0,
    "maxResTime" : 158.0,
    "pct1ResTime" : 137.0,
    "pct2ResTime" : 138.0,
    "pct3ResTime" : 158.0,
    "throughput" : 97.93253536452666,
    "receivedKBytesPerSec" : 3186.8305393090313,
    "sentKBytesPerSec" : 13.102302094668117
  },
  "StudentCourses" : {
    "transaction" : "StudentCourses",
    "sampleCount" : 90,
    "errorCount" : 0,
    "errorPct" : 0.0,
    "meanResTime" : 50.07777777777778,
    "medianResTime" : 37.0,
    "minResTime" : 23.0,
    "maxResTime" : 329.0,
    "pct1ResTime" : 79.60000000000002,
    "pct2ResTime" : 119.35000000000001,
    "pct3ResTime" : 329.0,
    "throughput" : 74.1962077493817,
    "receivedKBytesPerSec" : 92.59229441467436,
    "sentKBytesPerSec" : 18.11430853256389
  },
  "Total" : {
    "transaction" : "Total",
    "sampleCount" : 2140,
    "errorCount" : 7,
    "errorPct" : 0.3271028,
    "meanResTime" : 2134.3313084112137,
    "medianResTime" : 1013.5,
    "minResTime" : 20.0,
    "maxResTime" : 51763.0,
    "pct1ResTime" : 2670.0,
    "pct2ResTime" : 10499.999999999942,
    "pct3ResTime" : 25324.420000000064,
    "throughput" : 7.091705024837537,
    "receivedKBytesPerSec" : 280.1885937360195,
    "sentKBytesPerSec" : 8.275216795120972
  },
  "Upload" : {
    "transaction" : "Upload",
    "sampleCount" : 1690,
    "errorCount" : 7,
    "errorPct" : 0.41420117,
    "meanResTime" : 2674.786390532548,
    "medianResTime" : 1223.0,
    "minResTime" : 44.0,
    "maxResTime" : 51763.0,
    "pct1ResTime" : 3971.2000000000016,
    "pct2ResTime" : 13496.999999999967,
    "pct3ResTime" : 27570.689999999995,
    "throughput" : 6.091165647267445,
    "receivedKBytesPerSec" : 280.7426539393442,
    "sentKBytesPerSec" : 8.484947708108818
  },
  "Course Page" : {
    "transaction" : "Course Page",
    "sampleCount" : 90,
    "errorCount" : 0,
    "errorPct" : 0.0,
    "meanResTime" : 61.377777777777794,
    "medianResTime" : 60.0,
    "minResTime" : 44.0,
    "maxResTime" : 157.0,
    "pct1ResTime" : 71.0,
    "pct2ResTime" : 74.35000000000001,
    "pct3ResTime" : 157.0,
    "throughput" : 73.77049180327869,
    "receivedKBytesPerSec" : 2811.81640625,
    "sentKBytesPerSec" : 21.540407274590166
  },
  "Login" : {
    "transaction" : "Login",
    "sampleCount" : 90,
    "errorCount" : 0,
    "errorPct" : 0.0,
    "meanResTime" : 330.7,
    "medianResTime" : 264.0,
    "minResTime" : 136.0,
    "maxResTime" : 935.0,
    "pct1ResTime" : 609.4000000000001,
    "pct2ResTime" : 667.9000000000001,
    "pct3ResTime" : 935.0,
    "throughput" : 68.4931506849315,
    "receivedKBytesPerSec" : 115.50192636986301,
    "sentKBytesPerSec" : 40.65443065068493
  }
}