{
  "AssignmentsList" : {
    "transaction" : "AssignmentsList",
    "sampleCount" : 250,
    "errorCount" : 0,
    "errorPct" : 0.0,
    "meanResTime" : 41.563999999999965,
    "medianResTime" : 39.0,
    "minResTime" : 26.0,
    "maxResTime" : 73.0,
    "pct1ResTime" : 52.900000000000006,
    "pct2ResTime" : 59.0,
    "pct3ResTime" : 66.47000000000003,
    "throughput" : 87.16875871687587,
    "receivedKBytesPerSec" : 33.420365890864716,
    "sentKBytesPerSec" : 28.34687173117155
  },
  "Get CSRF Token" : {
    "transaction" : "Get CSRF Token",
    "sampleCount" : 250,
    "errorCount" : 0,
    "errorPct" : 0.0,
    "meanResTime" : 31.772000000000034,
    "medianResTime" : 26.0,
    "minResTime" : 19.0,
    "maxResTime" : 147.0,
    "pct1ResTime" : 34.0,
    "pct2ResTime" : 75.59999999999991,
    "pct3ResTime" : 147.0,
    "throughput" : 101.33765707336846,
    "receivedKBytesPerSec" : 3297.5356740220914,
    "sentKBytesPerSec" : 13.55787013579246
  },
  "StudentCourses" : {
    "transaction" : "StudentCourses",
    "sampleCount" : 250,
    "errorCount" : 0,
    "errorPct" : 0.0,
    "meanResTime" : 50.931999999999995,
    "medianResTime" : 44.0,
    "minResTime" : 22.0,
    "maxResTime" : 219.0,
    "pct1ResTime" : 80.9,
    "pct2ResTime" : 90.79999999999995,
    "pct3ResTime" : 172.45000000000005,
    "throughput" : 86.68515950069349,
    "receivedKBytesPerSec" : 108.17021172850208,
    "sentKBytesPerSec" : 21.163369018723994
  },
  "Total" : {
    "transaction" : "Total",
    "sampleCount" : 3854,
    "errorCount" : 151,
    "errorPct" : 3.9180074,
    "meanResTime" : 10386.603528801235,
    "medianResTime" : 7026.0,
    "minResTime" : 19.0,
    "maxResTime" : 95071.0,
    "pct1ResTime" : 25009.5,
    "pct2ResTime" : 39994.0,
    "pct3ResTime" : 56298.99999999988,
    "throughput" : 12.322547640363217,
    "receivedKBytesPerSec" : 420.5671912219034,
    "sentKBytesPerSec" : 12.569623323394936
  },
  "Upload" : {
    "transaction" : "Upload",
    "sampleCount" : 2604,
    "errorCount" : 151,
    "errorPct" : 5.798771,
    "meanResTime" : 15330.96006144391,
    "medianResTime" : 11662.0,
    "minResTime" : 130.0,
    "maxResTime" : 95071.0,
    "pct1ResTime" : 32887.0,
    "pct2ResTime" : 49390.0,
    "pct3ResTime" : 60826.54999999992,
    "throughput" : 9.040442440086238,
    "receivedKBytesPerSec" : 392.4571900419735,
    "sentKBytesPerSec" : 12.268412437204685
  },
  "Course Page" : {
    "transaction" : "Course Page",
    "sampleCount" : 250,
    "errorCount" : 0,
    "errorPct" : 0.0,
    "meanResTime" : 65.336,
    "medianResTime" : 62.0,
    "minResTime" : 42.0,
    "maxResTime" : 169.0,
    "pct1ResTime" : 81.0,
    "pct2ResTime" : 90.0,
    "pct3ResTime" : 165.43000000000006,
    "throughput" : 86.20689655172414,
    "receivedKBytesPerSec" : 3285.819639008621,
    "sentKBytesPerSec" : 25.17174030172414
  },
  "Login" : {
    "transaction" : "Login",
    "sampleCount" : 250,
    "errorCount" : 0,
    "errorPct" : 0.0,
    "meanResTime" : 242.99599999999987,
    "medianResTime" : 185.5,
    "minResTime" : 128.0,
    "maxResTime" : 702.0,
    "pct1ResTime" : 432.20000000000005,
    "pct2ResTime" : 566.6999999999999,
    "pct3ResTime" : 657.0300000000004,
    "throughput" : 83.55614973262033,
    "receivedKBytesPerSec" : 141.01209997493316,
    "sentKBytesPerSec" : 49.70415900735294
  }
}