{
  "AssignmentsList" : {
    "transaction" : "AssignmentsList",
    "sampleCount" : 350,
    "errorCount" : 0,
    "errorPct" : 0.0,
    "meanResTime" : 51.77714285714289,
    "medianResTime" : 40.0,
    "minResTime" : 27.0,
    "maxResTime" : 179.0,
    "pct1ResTime" : 92.0,
    "pct2ResTime" : 108.24999999999994,
    "pct3ResTime" : 158.3900000000001,
    "throughput" : 100.9518315546582,
    "receivedKBytesPerSec" : 38.67379038073262,
    "sentKBytesPerSec" : 32.829062409864434
  },
  "Get CSRF Token" : {
    "transaction" : "Get CSRF Token",
    "sampleCount" : 350,
    "errorCount" : 0,
    "errorPct" : 0.0,
    "meanResTime" : 29.622857142857146,
    "medianResTime" : 25.0,
    "minResTime" : 19.0,
    "maxResTime" : 152.0,
    "pct1ResTime" : 33.0,
    "pct2ResTime" : 48.44999999999999,
    "pct3ResTime" : 151.0,
    "throughput" : 107.09914320685435,
    "receivedKBytesPerSec" : 3485.040484910496,
    "sentKBytesPerSec" : 14.328693964198287
  },
  "StudentCourses" : {
    "transaction" : "StudentCourses",
    "sampleCount" : 350,
    "errorCount" : 0,
    "errorPct" : 0.0,
    "meanResTime" : 59.13428571428573,
    "medianResTime" : 51.0,
    "minResTime" : 25.0,
    "maxResTime" : 331.0,
    "pct1ResTime" : 88.90000000000003,
    "pct2ResTime" : 118.44999999999999,
    "pct3ResTime" : 207.0500000000004,
    "throughput" : 102.3990637799883,
    "receivedKBytesPerSec" : 127.78454596986542,
    "sentKBytesPerSec" : 24.999771430661205
  },
  "Total" : {
    "transaction" : "Total",
    "sampleCount" : 4515,
    "errorCount" : 345,
    "errorPct" : 7.6411963,
    "meanResTime" : 15150.56589147289,
    "medianResTime" : 10688.0,
    "minResTime" : 19.0,
    "maxResTime" : 89214.0,
    "pct1ResTime" : 40415.200000000004,
    "pct2ResTime" : 50005.0,
    "pct3ResTime" : 66684.68000000002,
    "throughput" : 14.122880004003829,
    "receivedKBytesPerSec" : 431.1940920458313,
    "sentKBytesPerSec" : 13.357475234130137
  },
  "Upload" : {
    "transaction" : "Upload",
    "sampleCount" : 2765,
    "errorCount" : 345,
    "errorPct" : 12.477396,
    "meanResTime" : 24681.347558770365,
    "medianResTime" : 21992.0,
    "minResTime" : 88.0,
    "maxResTime" : 89214.0,
    "pct1ResTime" : 50004.0,
    "pct2ResTime" : 51317.299999999996,
    "pct3ResTime" : 71897.62000000005,
    "throughput" : 9.374120646458344,
    "receivedKBytesPerSec" : 379.5734727430067,
    "sentKBytesPerSec" : 12.590574739118052
  },
  "Course Page" : {
    "transaction" : "Course Page",
    "sampleCount" : 350,
    "errorCount" : 0,
    "errorPct" : 0.0,
    "meanResTime" : 80.40571428571427,
    "medianResTime" : 65.0,
    "minResTime" : 44.0,
    "maxResTime" : 319.0,
    "pct1ResTime" : 133.7000000000001,
    "pct2ResTime" : 165.45,
    "pct3ResTime" : 211.35000000000014,
    "throughput" : 100.31527658354828,
    "receivedKBytesPerSec" : 3823.466665323159,
    "sentKBytesPerSec" : 29.291277049297793
  },
  "Login" : {
    "transaction" : "Login",
    "sampleCount" : 350,
    "errorCount" : 0,
    "errorPct" : 0.0,
    "meanResTime" : 238.71428571428575,
    "medianResTime" : 191.0,
    "minResTime" : 116.0,
    "maxResTime" : 795.0,
    "pct1ResTime" : 419.80000000000007,
    "pct2ResTime" : 479.0,
    "pct3ResTime" : 592.96,
    "throughput" : 99.00990099009901,
    "receivedKBytesPerSec" : 167.1162261315417,
    "sentKBytesPerSec" : 58.92083628005658
  }
}