{
  "AssignmentsList" : {
    "transaction" : "AssignmentsList",
    "sampleCount" : 300,
    "errorCount" : 0,
    "errorPct" : 0.0,
    "meanResTime" : 43.57666666666666,
    "medianResTime" : 39.0,
    "minResTime" : 28.0,
    "maxResTime" : 108.0,
    "pct1ResTime" : 63.900000000000034,
    "pct2ResTime" : 79.94999999999999,
    "pct3ResTime" : 100.97000000000003,
    "throughput" : 102.73972602739725,
    "receivedKBytesPerSec" : 39.2798854880137,
    "sentKBytesPerSec" : 33.41047731164384
  },
  "Get CSRF Token" : {
    "transaction" : "Get CSRF Token",
    "sampleCount" : 300,
    "errorCount" : 0,
    "errorPct" : 0.0,
    "meanResTime" : 31.946666666666644,
    "medianResTime" : 26.0,
    "minResTime" : 20.0,
    "maxResTime" : 185.0,
    "pct1ResTime" : 35.0,
    "pct2ResTime" : 60.849999999999966,
    "pct3ResTime" : 153.99,
    "throughput" : 107.21944245889921,
    "receivedKBytesPerSec" : 3488.9747559640814,
    "sentKBytesPerSec" : 14.344788688348821
  },
  "StudentCourses" : {
    "transaction" : "StudentCourses",
    "sampleCount" : 300,
    "errorCount" : 0,
    "errorPct" : 0.0,
    "meanResTime" : 65.23333333333329,
    "medianResTime" : 55.5,
    "minResTime" : 26.0,
    "maxResTime" : 297.0,
    "pct1ResTime" : 104.0,
    "pct2ResTime" : 136.95,
    "pct3ResTime" : 239.48000000000047,
    "throughput" : 102.45901639344262,
    "receivedKBytesPerSec" : 127.87365522540983,
    "sentKBytesPerSec" : 25.014408299180328
  },
  "Total" : {
    "transaction" : "Total",
    "sampleCount" : 4168,
    "errorCount" : 190,
    "errorPct" : 4.5585413,
    "meanResTime" : 13075.56717850286,
    "medianResTime" : 9553.5,
    "minResTime" : 20.0,
    "maxResTime" : 85918.0,
    "pct1ResTime" : 33054.1,
    "pct2ResTime" : 49258.29999999996,
    "pct3ResTime" : 60814.68000000005,
    "throughput" : 13.091068988802865,
    "receivedKBytesPerSec" : 432.74179710197564,
    "sentKBytesPerSec" : 13.128400339800871
  },
  "Upload" : {
    "transaction" : "Upload",
    "sampleCount" : 2668,
    "errorCount" : 190,
    "errorPct" : 7.1214395,
    "meanResTime" : 20373.727886056902,
    "medianResTime" : 17255.5,
    "minResTime" : 79.0,
    "maxResTime" : 85918.0,
    "pct1ResTime" : 41565.5,
    "pct2ResTime" : 50005.0,
    "pct3ResTime" : 64138.02999999996,
    "throughput" : 9.082244008714596,
    "receivedKBytesPerSec" : 393.4754780954265,
    "sentKBytesPerSec" : 12.605019696138005
  },
  "Course Page" : {
    "transaction" : "Course Page",
    "sampleCount" : 300,
    "errorCount" : 0,
    "errorPct" : 0.0,
    "meanResTime" : 66.09333333333333,
    "medianResTime" : 60.5,
    "minResTime" : 43.0,
    "maxResTime" : 173.0,
    "pct1ResTime" : 89.80000000000007,
    "pct2ResTime" : 106.94999999999999,
    "pct3ResTime" : 147.8900000000001,
    "throughput" : 101.90217391304347,
    "receivedKBytesPerSec" : 3883.6772752844768,
    "sentKBytesPerSec" : 29.754638671875
  },
  "Login" : {
    "transaction" : "Login",
    "sampleCount" : 300,
    "errorCount" : 0,
    "errorPct" : 0.0,
    "meanResTime" : 266.01,
    "medianResTime" : 206.5,
    "minResTime" : 121.0,
    "maxResTime" : 818.0,
    "pct1ResTime" : 458.4000000000002,
    "pct2ResTime" : 547.9,
    "pct3ResTime" : 758.7700000000002,
    "throughput" : 98.71668311944718,
    "receivedKBytesPerSec" : 166.6113956071076,
    "sentKBytesPerSec" : 58.73642645607107
  }
}