Device,kB_read/s,kB_wrtn/s
loop0,0.0,0.0
sda,6.071111111111111,121.38222222222223
