{"I/O wait(%)": 1.2833333333333334, "Available Memory(Kb)": 7020879.133333334, "Idle(%)": 41.266666666666666, "user+system(%)": 57.37777777777778}