Device,kB_read/s,kB_wrtn/s
loop0,0.0,0.0
sda,0.017679558011049725,114.34696132596684
