{"Disk Write(KB/s)": 113.07636666666659, "Disk Read(KB/s)": 0.015244444444444442}