{"%iowait": 1.4507734806629826, "%idle": 77.91900000000005, "user+system(%)": 14.1792817679558}