{"I/O wait(%)": 1.35, "user+system(%)": 20.655555555555555, "Available Memory(Kb)": 7475182.288888888, "Idle(%)": 77.93333333333334}