Device,kB_read/s,kB_wrtn/s
loop0,0.0,0.0
sda,44.71688311688312,378.95064935064937
