{"Disk Read(KB/s)": 48.50803333333339, "Disk Write(KB/s)": 323.7614333333335}