{"user+system(%)": 25.58216216216217, "%iowait": 0.7845045045045047, "%idle": 72.7060909090909}