{"I/O wait(%)": 0.7, "Available Memory(Kb)": 4636907.672727273, "user+system(%)": 25.654545454545456, "Idle(%)": 73.5}