{"Available Memory(Kb)": 4245743.028571429, "Idle(%)": 94.4095238095238, "user+system(%)": 5.595238095238095, "I/O wait(%)": 0.2904761904761905}