Device,kB_read/s,kB_wrtn/s
loop0,0.0,0.0
sda,2.041860465116279,247.4093023255814
