{"user+system(%)": 31.07530386740332, "%idle": 58.51361111111113, "%iowait": 3.871988950276242}