Device,kB_read/s,kB_wrtn/s
loop0,0.0,0.0
sda,30.87741935483871,876.2451612903226
