{"Available Memory(Kb)": 3338216.5090909093, "user+system(%)": 96.76363636363637, "Idle(%)": 2.9454545454545453, "I/O wait(%)": 0.35454545454545455}