{"Disk Read(KB/s)": 1.9729999999999988, "Disk Write(KB/s)": 130.5465111111111}