{"%idle": 12.17155555555556, "user+system(%)": 74.89828729281767, "%iowait": 1.4036464088397786}