{"Available Memory(Kb)": 7231874.866666666, "I/O wait(%)": 1.3888888888888888, "Idle(%)": 12.71111111111111, "user+system(%)": 85.91666666666667}