{"Disk Read(KB/s)": 2.587433333333333, "Disk Write(KB/s)": 38.40235555555556}