{"user+system(%)": 1.2728176795580113, "%iowait": 0.11298342541436417, "%idle": 94.18800000000002}