{"I/O wait(%)": 0.03888888888888889, "Available Memory(Kb)": 13169536.08888889, "user+system(%)": 5.605555555555555, "Idle(%)": 94.32222222222222}