Device,kB_read/s,kB_wrtn/s
loop0,0.0,0.0
sda,49.527272727272724,253.4181818181818
