{"Disk Read(KB/s)": 50.63473333333331, "Disk Write(KB/s)": 220.51940000000008}