{"user+system(%)": 35.95036036036038, "%idle": 59.881454545454545, "%iowait": 2.4038738738738727}