{"Available Memory(Kb)": 10278087.709090909, "I/O wait(%)": 2.4454545454545453, "Idle(%)": 60.763636363636365, "user+system(%)": 36.945454545454545}