{"Disk Write(KB/s)": 790.5693000000005, "Disk Read(KB/s)": 23.85930000000001}