{"%iowait": 2.610990990990989, "user+system(%)": 60.8620720720721, "%idle": 34.717636363636366}