Device,kB_read/s,kB_wrtn/s
loop0,0.0,0.0
sda,618.1639344262295,1024.3672131147541
