{"Disk Write(KB/s)": 1014.0906666666666, "Disk Read(KB/s)": 406.7876666666665}