{"%idle": 6.09772727272727, "user+system(%)": 1.3011711711711706, "%iowait": 1.5436936936936925}