{"user+system(%)": 92.46363636363637, "Available Memory(Kb)": 172524.54545454544, "Idle(%)": 5.945454545454545, "I/O wait(%)": 1.5545454545454545}