,,,IO%,IO%,IO%,SWAPIN%,SWAPIN%,SWAPIN%
,,,mean,min,max,mean,min,max
TID,USER,COMMAND,,,,,,
118051,root,python2,0.49,0.49,0.49,0.0,0.0,0.0
118060,root,python2,0.0,0.0,0.0,0.24,0.24,0.24
118411,libvirt-,qemu-system-x86_64,31.50372881355932,0.58,49.53,0.0,0.0,0.0
118412,libvirt-,qemu-system-x86_64,0.0,0.0,0.0,0.0,0.0,0.0
118414,libvirt-,qemu-system-x86_64,0.0,0.0,0.0,0.09875,0.0,0.5
118415,libvirt-,qemu-system-x86_64,0.0,0.0,0.0,0.0,0.0,0.0
118416,libvirt-,qemu-system-x86_64,0.0,0.0,0.0,0.0,0.0,0.0
118417,libvirt-,qemu-system-x86_64,0.0,0.0,0.0,0.0,0.0,0.0
118418,libvirt-,qemu-system-x86_64,0.0,0.0,0.0,0.0,0.0,0.0
118419,libvirt-,qemu-system-x86_64,0.0,0.0,0.0,0.0,0.0,0.0
118420,libvirt-,qemu-system-x86_64,0.0,0.0,0.0,0.04833333333333333,0.0,0.36
1426,syslog,rsyslogd,0.0,0.0,0.0,0.0,0.0,0.0
36737,libvirt-,qemu-system-x86_64,35.39762711864407,0.99,65.23,0.0,0.0,0.0
37318,root,[kworker/4:1],0.0,0.0,0.0,0.3271428571428571,0.2,0.4
46422,root,[kworker/1:1],0.0,0.0,0.0,0.2945454545454545,0.0,0.8
46993,root,[kworker/6:0],0.0,0.0,0.0,0.42000000000000004,0.22,0.84
47027,root,[kworker/7:1],0.0,0.0,0.0,0.5133333333333333,0.21,1.11
472,root,[jbd2/sda1-8],22.284406779661012,0.75,32.15,0.0,0.0,0.0
48732,root,[kworker/0:0],0.0,0.0,0.0,0.29,0.0,0.53
48733,root,[kworker/2:2],0.0,0.0,0.0,0.21428571428571427,0.0,0.39
48781,root,[kworker/3:3],0.0,0.0,0.0,0.39888888888888885,0.0,0.83
50759,root,[kworker/5:3],0.0,0.0,0.0,0.5733333333333333,0.23,1.01
51461,panda,mpstat,0.58,0.58,0.58,0.0,0.0,0.0
530,root,systemd-journald,0.36,0.33,0.39,0.0,0.0,0.0
