{"%iowait": 4.331081081081083, "user+system(%)": 1.2839639639639637, "%idle": 57.06454545454546}