{"Disk Write(KB/s)": 1084.8264999999997, "Disk Read(KB/s)": 393.1823333333333}