{"%iowait": 5.654234234234235, "user+system(%)": 9.144774774774772, "%idle": 22.4619090909091}