{
  "AssignmentsList" : {
    "transaction" : "AssignmentsList",
    "sampleCount" : 150,
    "errorCount" : 0,
    "errorPct" : 0.0,
    "meanResTime" : 70.08666666666669,
    "medianResTime" : 56.5,
    "minResTime" : 34.0,
    "maxResTime" : 203.0,
    "pct1ResTime" : 120.30000000000004,
    "pct2ResTime" : 151.79999999999995,
    "pct3ResTime" : 199.94000000000005,
    "throughput" : 49.70178926441352,
    "receivedKBytesPerSec" : 19.09118207422134,
    "sentKBytesPerSec" : 16.162788891650102
  },
  "Get CSRF Token" : {
    "transaction" : "Get CSRF Token",
    "sampleCount" : 150,
    "errorCount" : 0,
    "errorPct" : 0.0,
    "meanResTime" : 55.74666666666667,
    "medianResTime" : 38.5,
    "minResTime" : 30.0,
    "maxResTime" : 220.0,
    "pct1ResTime" : 101.3000000000001,
    "pct2ResTime" : 188.0,
    "pct3ResTime" : 217.45000000000005,
    "throughput" : 96.83666881859264,
    "receivedKBytesPerSec" : 3234.8818794383474,
    "sentKBytesPerSec" : 12.955687136862492
  },
  "StudentCourses" : {
    "transaction" : "StudentCourses",
    "sampleCount" : 150,
    "errorCount" : 0,
    "errorPct" : 0.0,
    "meanResTime" : 230.33333333333334,
    "medianResTime" : 214.5,
    "minResTime" : 35.0,
    "maxResTime" : 608.0,
    "pct1ResTime" : 408.9,
    "pct2ResTime" : 462.1499999999999,
    "pct3ResTime" : 605.45,
    "throughput" : 54.30847212165098,
    "receivedKBytesPerSec" : 67.19612712708182,
    "sentKBytesPerSec" : 13.258904326574946
  },
  "Total" : {
    "transaction" : "Total",
    "sampleCount" : 3267,
    "errorCount" : 22,
    "errorPct" : 0.6734007,
    "meanResTime" : 3564.1172329354163,
    "medianResTime" : 1890.0,
    "minResTime" : 14.0,
    "maxResTime" : 25104.0,
    "pct1ResTime" : 9186.000000000005,
    "pct2ResTime" : 11432.999999999996,
    "pct3ResTime" : 21471.720000000005,
    "throughput" : 10.694679503337381,
    "receivedKBytesPerSec" : 398.96779550517385,
    "sentKBytesPerSec" : 11.972063111334986
  },
  "Upload" : {
    "transaction" : "Upload",
    "sampleCount" : 2517,
    "errorCount" : 22,
    "errorPct" : 0.8740564,
    "meanResTime" : 4524.984108065146,
    "medianResTime" : 3072.0,
    "minResTime" : 14.0,
    "maxResTime" : 25104.0,
    "pct1ResTime" : 10167.2,
    "pct2ResTime" : 12654.699999999984,
    "pct3ResTime" : 22973.400000000038,
    "throughput" : 8.963260247922996,
    "receivedKBytesPerSec" : 393.5035768353851,
    "sentKBytesPerSec" : 12.174656293734621
  },
  "Course Page" : {
    "transaction" : "Course Page",
    "sampleCount" : 150,
    "errorCount" : 0,
    "errorPct" : 0.0,
    "meanResTime" : 218.4933333333334,
    "medianResTime" : 134.5,
    "minResTime" : 72.0,
    "maxResTime" : 698.0,
    "pct1ResTime" : 518.1,
    "pct2ResTime" : 612.8499999999997,
    "pct3ResTime" : 692.9000000000001,
    "throughput" : 47.24409448818898,
    "receivedKBytesPerSec" : 1847.0706200787401,
    "sentKBytesPerSec" : 13.794906496062993
  },
  "Login" : {
    "transaction" : "Login",
    "sampleCount" : 150,
    "errorCount" : 0,
    "errorPct" : 0.0,
    "meanResTime" : 1122.58,
    "medianResTime" : 1071.0,
    "minResTime" : 193.0,
    "maxResTime" : 2347.0,
    "pct1ResTime" : 1705.9,
    "pct2ResTime" : 2009.3499999999997,
    "pct3ResTime" : 2337.82,
    "throughput" : 49.521294156487286,
    "receivedKBytesPerSec" : 84.8032818174315,
    "sentKBytesPerSec" : 29.43035036315616
  }
}