{"user+system(%)": 13.286353591160221, "%iowait": 0.8343646408839765, "%idle": 81.60766666666672}