{"Disk Read(KB/s)": 177.50064444444453, "Disk Write(KB/s)": 210.74726666666672}