{"%iowait": 9.118729281767957, "%idle": 0.3053333333333334, "user+system(%)": 77.92033149171269}