Device,kB_read/s,kB_wrtn/s
loop0,0.0,0.0
sda,1.3161290322580645,853.5612903225806
