{"Disk Read(KB/s)": 1.2299666666666667, "Disk Write(KB/s)": 835.2113333333335}