Device,kB_read/s,kB_wrtn/s
loop0,0.0,0.0
sda,0.2754098360655738,206.88524590163934
