{"Disk Write(KB/s)": 206.1893333333334, "Disk Read(KB/s)": 0.2751666666666666}