{"user+system(%)": 13.676576576576576, "%iowait": 0.5200900900900902, "%idle": 85.43509090909086}