{"Idle(%)": 85.44545454545455, "Available Memory(Kb)": 6417137.345454546, "I/O wait(%)": 0.509090909090909, "user+system(%)": 14.0}