Device,kB_read/s,kB_wrtn/s
loop0,0.0,0.0
sda,26.61657458563536,183.63314917127073
