Device,kB_read/s,kB_wrtn/s
loop0,0.0,0.0
sda,82.63225806451612,172.83870967741936
