{"Disk Read(KB/s)": 82.68400000000001, "Disk Write(KB/s)": 197.7221666666666}