{"%guest": 0.0, "%sys": 5.252252252252255, "user+system(%)": 85.30756756756759, "%iowait": 0.03306306306306305, "%idle": 13.00590909090909}