{"Available Memory(Kb)": 2901355.6363636362, "user+system(%)": 87.0909090909091, "sys(%)": 6.072727272727272, "I/O wait(%)": 0.02727272727272727, "Idle(%)": 12.909090909090908}