{"I/O wait(%)": 15.454545454545455, "Available Memory(Kb)": 3460113.2, "user+system(%)": 54.91818181818182, "Idle(%)": 29.581818181818182}