{"Disk Write(KB/s)": 447.7263777777776, "Disk Read(KB/s)": 24.26024444444444}