Device,kB_read/s,kB_wrtn/s
loop0,0.0,0.0
sda,2.766101694915254,96.32542372881356
