{"Disk Read(KB/s)": 21.854933333333324, "Disk Write(KB/s)": 703.5721666666661}