{"Available Memory(Kb)": 2131912.618181818, "Idle(%)": 32.63636363636363, "I/O wait(%)": 1.018181818181818, "user+system(%)": 66.33636363636364}