{"Disk Read(KB/s)": 9.75201111111112, "Disk Write(KB/s)": 368.2689666666666}