{"user+system(%)": 11.434585635359115, "%idle": 86.97794444444443, "%iowait": 0.9877348066298343}