{"I/O wait(%)": 0.9555555555555556, "user+system(%)": 11.938888888888888, "Available Memory(Kb)": 9482714.133333333, "Idle(%)": 87.02222222222223}