{"%iowait": 1.0020994475138119, "user+system(%)": 76.41845303867406, "%idle": 10.739166666666671}