Device,kB_read/s,kB_wrtn/s
loop0,0.0,0.0
sda,559.6565217391304,461.7130434782609
