{"%iowait": 1.0156906077348067, "%idle": 76.91916666666667, "user+system(%)": 19.913535911602207}