{"I/O wait(%)": 1.0222222222222221, "user+system(%)": 21.93888888888889, "Available Memory(Kb)": 7064913.755555555, "Idle(%)": 76.9888888888889}