{
  "AssignmentsList" : {
    "transaction" : "AssignmentsList",
    "sampleCount" : 180,
    "errorCount" : 5,
    "errorPct" : 2.7777777,
    "meanResTime" : 49.383333333333304,
    "medianResTime" : 39.0,
    "minResTime" : 0.0,
    "maxResTime" : 220.0,
    "pct1ResTime" : 85.9,
    "pct2ResTime" : 102.84999999999997,
    "pct3ResTime" : 187.5999999999999,
    "throughput" : 24.18054809242343,
    "receivedKBytesPerSec" : 9.846699103304674,
    "sentKBytesPerSec" : 7.599057336445459
  },
  "Get CSRF Token" : {
    "transaction" : "Get CSRF Token",
    "sampleCount" : 180,
    "errorCount" : 0,
    "errorPct" : 0.0,
    "meanResTime" : 4531.638888888888,
    "medianResTime" : 5602.0,
    "minResTime" : 28.0,
    "maxResTime" : 7944.0,
    "pct1ResTime" : 6603.7,
    "pct2ResTime" : 6964.849999999999,
    "pct3ResTime" : 7935.9,
    "throughput" : 21.84996358339403,
    "receivedKBytesPerSec" : 583.9483377336733,
    "sentKBytesPerSec" : 2.880610433357611
  },
  "StudentCourses" : {
    "transaction" : "StudentCourses",
    "sampleCount" : 180,
    "errorCount" : 2,
    "errorPct" : 1.1111112,
    "meanResTime" : 105.2277777777778,
    "medianResTime" : 53.5,
    "minResTime" : 1.0,
    "maxResTime" : 1799.0,
    "pct1ResTime" : 189.50000000000003,
    "pct2ResTime" : 376.09999999999957,
    "pct3ResTime" : 1671.8299999999997,
    "throughput" : 20.896215463199443,
    "receivedKBytesPerSec" : 35.23436139569306,
    "sentKBytesPerSec" : 5.0664706437195255
  },
  "GetSubmissionId" : {
    "transaction" : "GetSubmissionId",
    "sampleCount" : 1059,
    "errorCount" : 5,
    "errorPct" : 0.47214353,
    "meanResTime" : 2369.0509915014145,
    "medianResTime" : 1652.0,
    "minResTime" : 0.0,
    "maxResTime" : 29207.0,
    "pct1ResTime" : 4303.0,
    "pct2ResTime" : 5525.0,
    "pct3ResTime" : 15518.400000000302,
    "throughput" : 3.860525308495707,
    "receivedKBytesPerSec" : 172.50396726846873,
    "sentKBytesPerSec" : 0.8892818816871115
  },
  "TestcasesResults" : {
    "transaction" : "TestcasesResults",
    "sampleCount" : 956,
    "errorCount" : 0,
    "errorPct" : 0.0,
    "meanResTime" : 23784.345188284504,
    "medianResTime" : 24696.5,
    "minResTime" : 7564.0,
    "maxResTime" : 45218.0,
    "pct1ResTime" : 27609.0,
    "pct2ResTime" : 28835.3,
    "pct3ResTime" : 30830.429999999986,
    "throughput" : 3.367335437330929,
    "receivedKBytesPerSec" : 97.61040139778764,
    "sentKBytesPerSec" : 0.8155265512285843
  },
  "Total" : {
    "transaction" : "Total",
    "sampleCount" : 5043,
    "errorCount" : 33,
    "errorPct" : 0.6543724,
    "meanResTime" : 7164.280983541533,
    "medianResTime" : 2922.0,
    "minResTime" : 0.0,
    "maxResTime" : 45218.0,
    "pct1ResTime" : 24705.6,
    "pct2ResTime" : 26156.0,
    "pct3ResTime" : 28886.68,
    "throughput" : 15.41084901768443,
    "receivedKBytesPerSec" : 501.4971230713519,
    "sentKBytesPerSec" : 7.614192489885006
  },
  "Upload" : {
    "transaction" : "Upload",
    "sampleCount" : 1075,
    "errorCount" : 6,
    "errorPct" : 0.55813956,
    "meanResTime" : 5263.154418604659,
    "medianResTime" : 3070.0,
    "minResTime" : 0.0,
    "maxResTime" : 30036.0,
    "pct1ResTime" : 12627.599999999999,
    "pct2ResTime" : 21595.99999999999,
    "pct3ResTime" : 27921.800000000007,
    "throughput" : 3.900920254303713,
    "receivedKBytesPerSec" : 175.0135114723343,
    "sentKBytesPerSec" : 5.411729517220294
  },
  "Course Page" : {
    "transaction" : "Course Page",
    "sampleCount" : 180,
    "errorCount" : 5,
    "errorPct" : 2.7777777,
    "meanResTime" : 225.62222222222212,
    "medianResTime" : 93.5,
    "minResTime" : 0.0,
    "maxResTime" : 1499.0,
    "pct1ResTime" : 607.8000000000006,
    "pct2ResTime" : 1137.6999999999998,
    "pct3ResTime" : 1458.5,
    "throughput" : 23.721665788086455,
    "receivedKBytesPerSec" : 747.6409606450975,
    "sentKBytesPerSec" : 6.689092769833948
  },
  "Login" : {
    "transaction" : "Login",
    "sampleCount" : 180,
    "errorCount" : 4,
    "errorPct" : 2.2222223,
    "meanResTime" : 384.3055555555557,
    "medianResTime" : 304.0,
    "minResTime" : 73.0,
    "maxResTime" : 1533.0,
    "pct1ResTime" : 871.0000000000005,
    "pct2ResTime" : 1251.449999999999,
    "pct3ResTime" : 1468.1999999999998,
    "throughput" : 20.02447435754811,
    "receivedKBytesPerSec" : 34.56340301340527,
    "sentKBytesPerSec" : 11.625971673712314
  },
  "RunPractice" : {
    "transaction" : "RunPractice",
    "sampleCount" : 1053,
    "errorCount" : 6,
    "errorPct" : 0.56980056,
    "meanResTime" : 4056.6068376068324,
    "medianResTime" : 3355.0,
    "minResTime" : 0.0,
    "maxResTime" : 26509.0,
    "pct1ResTime" : 6653.200000000001,
    "pct2ResTime" : 8594.999999999996,
    "pct3ResTime" : 12505.640000000003,
    "throughput" : 3.825140582089769,
    "receivedKBytesPerSec" : 107.79891814566956,
    "sentKBytesPerSec" : 0.8922603565772076
  }
}