Device,kB_read/s,kB_wrtn/s
loop0,0.0,0.0
sda,1.6363636363636365,311.3090909090909
