{"Disk Write(KB/s)": 159.52772222222237, "Disk Read(KB/s)": 0.6267777777777778}