{"%iowait": 0.26005524861878443, "user+system(%)": 6.098066298342541, "%idle": 93.14055555555551}