{"Idle(%)": 93.19444444444444, "Available Memory(Kb)": 1561155.911111111, "user+system(%)": 6.416666666666667, "I/O wait(%)": 0.2222222222222222}