{"Disk Read(KB/s)": 5.659833333333333, "Disk Write(KB/s)": 825.6011333333331}