Device,kB_read/s,kB_wrtn/s
loop0,0.0,0.0
sda,2484.6623655913977,1623.6387096774195
