{"user+system(%)": 8.117679558011043, "%iowait": 24.753867403314917, "%idle": 60.876333333333335}