{"Disk Write(KB/s)": 814.3446666666665, "Disk Read(KB/s)": 343.58526666666654}