{"%idle": 2.0280000000000005, "user+system(%)": 95.36810810810813, "%iowait": 0.247837837837838}