{"I/O wait(%)": 0.22727272727272727, "user+system(%)": 97.72727272727273, "Idle(%)": 1.981818181818182, "Available Memory(Kb)": 1655255.9272727272}