Device,kB_read/s,kB_wrtn/s
loop0,0.0,0.0
sda,342.7672131147541,940.1836065573771
