{"Disk Write(KB/s)": 923.3218333333334, "Disk Read(KB/s)": 318.19649999999984}