{"%idle": 5.914272727272727, "%iowait": 1.296576576576576, "user+system(%)": 1.5256756756756744}