Device,kB_read/s,kB_wrtn/s
loop0,0.0,0.0
sda,57.902702702702705,358.3783783783784
