{"Disk Write(KB/s)": 331.6271333333334, "Disk Read(KB/s)": 57.93936666666671}