{"user+system(%)": 38.77927927927926, "%iowait": 1.7668468468468477, "%idle": 57.73663636363635}