{"user+system(%)": 39.82727272727273, "I/O wait(%)": 1.8, "Idle(%)": 58.445454545454545, "Available Memory(Kb)": 5186572.181818182}