Device,kB_read/s,kB_wrtn/s
loop0,0.0,0.0
sda,1.2327868852459016,166.75409836065575
