{"Disk Write(KB/s)": 163.54716666666673, "Disk Read(KB/s)": 1.1879999999999995}