{"%iowait": 0.3831531531531532, "%guest": 0.0, "%idle": 0.1139090909090909, "user+system(%)": 96.4727927927928, "%sys": 10.52756756756757}