{"sys(%)": 11.518181818181818, "Available Memory(Kb)": 9812187.636363637, "I/O wait(%)": 0.4090909090909091, "Idle(%)": 0.10909090909090909, "user+system(%)": 99.75454545454545}