Device,kB_read/s,kB_wrtn/s
loop0,0.0,0.0
sda,14.297777777777778,102.16444444444444
