{"Disk Write(KB/s)": 110.70491111111116, "Disk Read(KB/s)": 12.324277777777779}