{"user+system(%)": 7.8120994475138135, "%idle": 88.50700000000002, "%iowait": 0.4298342541436464}