{"user+system(%)": 11.016666666666667, "Available Memory(Kb)": 7250553.266666667, "I/O wait(%)": 0.3611111111111111, "Idle(%)": 88.6}