Device,kB_read/s,kB_wrtn/s
loop0,0.0,0.0
sda,7.134841628959276,445.76651583710407
