{"Disk Write(KB/s)": 438.82575555555536, "Disk Read(KB/s)": 7.604588888888897}