{"%idle": 83.26600000000002, "user+system(%)": 14.813038674033159, "%iowait": 1.2294475138121548}