{"user+system(%)": 15.45, "I/O wait(%)": 1.1777777777777778, "Idle(%)": 83.39444444444445, "Available Memory(Kb)": 8964136.0}