{"Disk Write(KB/s)": 708.4093333333332, "Disk Read(KB/s)": 25.725833333333323}