{"sys(%)": 4.2272727272727275, "Available Memory(Kb)": 6832436.618181818, "I/O wait(%)": 0.00909090909090909, "user+system(%)": 100.0, "Idle(%)": 0.01818181818181818}