{"Disk Read(KB/s)": 63.497333333333344, "Disk Write(KB/s)": 119.74199999999998}