{"user+system(%)": 97.06189189189192, "%iowait": 0.10810810810810811, "%idle": 0.0, "%sys": 6.301711711711713, "%guest": 0.0}