{"user+system(%)": 100.08181818181818, "Idle(%)": 0.0, "I/O wait(%)": 0.10909090909090909, "Available Memory(Kb)": 7620210.618181818, "sys(%)": 7.1909090909090905}