{"Disk Write(KB/s)": 886.8416666666668, "Disk Read(KB/s)": 27.081500000000002}