{
  "AssignmentsList" : {
    "transaction" : "AssignmentsList",
    "sampleCount" : 10,
    "errorCount" : 0,
    "errorPct" : 0.0,
    "meanResTime" : 320.7,
    "medianResTime" : 308.0,
    "minResTime" : 235.0,
    "maxResTime" : 433.0,
    "pct1ResTime" : 432.6,
    "pct2ResTime" : 433.0,
    "pct3ResTime" : 433.0,
    "throughput" : 9.182736455463727,
    "receivedKBytesPerSec" : 3.5601038797061526,
    "sentKBytesPerSec" : 2.968247819100092
  },
  "Get CSRF Token" : {
    "transaction" : "Get CSRF Token",
    "sampleCount" : 10,
    "errorCount" : 0,
    "errorPct" : 0.0,
    "meanResTime" : 430.70000000000005,
    "medianResTime" : 412.5,
    "minResTime" : 318.0,
    "maxResTime" : 575.0,
    "pct1ResTime" : 571.3,
    "pct2ResTime" : 575.0,
    "pct3ResTime" : 575.0,
    "throughput" : 17.391304347826086,
    "receivedKBytesPerSec" : 464.77581521739137,
    "sentKBytesPerSec" : 2.2927989130434785
  },
  "StudentCourses" : {
    "transaction" : "StudentCourses",
    "sampleCount" : 10,
    "errorCount" : 0,
    "errorPct" : 0.0,
    "meanResTime" : 180.1,
    "medianResTime" : 147.5,
    "minResTime" : 99.0,
    "maxResTime" : 409.0,
    "pct1ResTime" : 398.1,
    "pct2ResTime" : 409.0,
    "pct3ResTime" : 409.0,
    "throughput" : 13.333333333333334,
    "receivedKBytesPerSec" : 16.627604166666668,
    "sentKBytesPerSec" : 3.2291666666666665
  },
  "GetSubmissionId" : {
    "transaction" : "GetSubmissionId",
    "sampleCount" : 99,
    "errorCount" : 0,
    "errorPct" : 0.0,
    "meanResTime" : 1542.7878787878792,
    "medianResTime" : 1198.0,
    "minResTime" : 585.0,
    "maxResTime" : 11452.0,
    "pct1ResTime" : 1941.0,
    "pct2ResTime" : 4496.0,
    "pct3ResTime" : 11452.0,
    "throughput" : 0.3492359141514626,
    "receivedKBytesPerSec" : 14.866751285823138,
    "sentKBytesPerSec" : 0.08082901528700842
  },
  "TestcasesResults" : {
    "transaction" : "TestcasesResults",
    "sampleCount" : 90,
    "errorCount" : 0,
    "errorPct" : 0.0,
    "meanResTime" : 23804.688888888886,
    "medianResTime" : 24451.5,
    "minResTime" : 9235.0,
    "maxResTime" : 28008.0,
    "pct1ResTime" : 27158.3,
    "pct2ResTime" : 27545.4,
    "pct3ResTime" : 28008.0,
    "throughput" : 0.3056888698682481,
    "receivedKBytesPerSec" : 8.859411406695266,
    "sentKBytesPerSec" : 0.07403402317121634
  },
  "Total" : {
    "transaction" : "Total",
    "sampleCount" : 437,
    "errorCount" : 0,
    "errorPct" : 0.0,
    "meanResTime" : 6459.659038901602,
    "medianResTime" : 2190.0,
    "minResTime" : 99.0,
    "maxResTime" : 28008.0,
    "pct1ResTime" : 24499.8,
    "pct2ResTime" : 25665.7,
    "pct3ResTime" : 27550.84,
    "throughput" : 1.3403304512650327,
    "receivedKBytesPerSec" : 44.43379293293901,
    "sentKBytesPerSec" : 0.6441037105606998
  },
  "Upload" : {
    "transaction" : "Upload",
    "sampleCount" : 99,
    "errorCount" : 0,
    "errorPct" : 0.0,
    "meanResTime" : 2200.666666666668,
    "medianResTime" : 1925.0,
    "minResTime" : 922.0,
    "maxResTime" : 11938.0,
    "pct1ResTime" : 2719.0,
    "pct2ResTime" : 5404.0,
    "pct3ResTime" : 11938.0,
    "throughput" : 0.3488605650131616,
    "receivedKBytesPerSec" : 14.924240242695952,
    "sentKBytesPerSec" : 0.44518814684563096
  },
  "Course Page" : {
    "transaction" : "Course Page",
    "sampleCount" : 10,
    "errorCount" : 0,
    "errorPct" : 0.0,
    "meanResTime" : 610.0000000000001,
    "medianResTime" : 625.0,
    "minResTime" : 410.0,
    "maxResTime" : 745.0,
    "pct1ResTime" : 744.9,
    "pct2ResTime" : 745.0,
    "pct3ResTime" : 745.0,
    "throughput" : 7.892659826361484,
    "receivedKBytesPerSec" : 255.51869573796372,
    "sentKBytesPerSec" : 2.289179656669298
  },
  "Login" : {
    "transaction" : "Login",
    "sampleCount" : 10,
    "errorCount" : 0,
    "errorPct" : 0.0,
    "meanResTime" : 513.2,
    "medianResTime" : 451.0,
    "minResTime" : 276.0,
    "maxResTime" : 873.0,
    "pct1ResTime" : 865.6,
    "pct2ResTime" : 873.0,
    "pct3ResTime" : 873.0,
    "throughput" : 11.454753722794958,
    "receivedKBytesPerSec" : 19.58941867124857,
    "sentKBytesPerSec" : 6.736379581901489
  },
  "RunPractice" : {
    "transaction" : "RunPractice",
    "sampleCount" : 99,
    "errorCount" : 0,
    "errorPct" : 0.0,
    "meanResTime" : 2922.2222222222217,
    "medianResTime" : 2386.0,
    "minResTime" : 2150.0,
    "maxResTime" : 10669.0,
    "pct1ResTime" : 4132.0,
    "pct2ResTime" : 7031.0,
    "pct3ResTime" : 10669.0,
    "throughput" : 0.3547077602175541,
    "receivedKBytesPerSec" : 10.049220460278105,
    "sentKBytesPerSec" : 0.08313463130098923
  }
}