Device,kB_read/s,kB_wrtn/s
loop0,0.0,0.0
sda,88.5934065934066,75.11208791208792
