{"Disk Read(KB/s)": 101.4152888888889, "Disk Write(KB/s)": 84.65262222222223}