{"user+system(%)": 4.25, "I/O wait(%)": 0.22777777777777777, "Available Memory(Kb)": 2863318.6, "Idle(%)": 95.86111111111111}