Device,kB_read/s,kB_wrtn/s
loop0,0.0,0.0
sda,59.226229508196724,623.6459016393443
