{"Available Memory(Kb)": 7181425.527272727, "I/O wait(%)": 0.38181818181818183, "Idle(%)": 6.918181818181818, "sys(%)": 5.2, "user+system(%)": 92.67272727272727}