{
  "Login_user1" : {
    "transaction" : "Login_user1",
    "sampleCount" : 1,
    "errorCount" : 0,
    "errorPct" : 0.0,
    "meanResTime" : 109.0,
    "medianResTime" : 109.0,
    "minResTime" : 109.0,
    "maxResTime" : 109.0,
    "pct1ResTime" : 109.0,
    "pct2ResTime" : 109.0,
    "pct3ResTime" : 109.0,
    "throughput" : 9.174311926605505,
    "receivedKBytesPerSec" : 15.68771502293578,
    "sentKBytesPerSec" : 5.393491972477064
  },
  "RunPractice_2_119520_user1 1628489688839" : {
    "transaction" : "RunPractice_2_119520_user1 1628489688839",
    "sampleCount" : 1,
    "errorCount" : 0,
    "errorPct" : 0.0,
    "meanResTime" : 2097.0,
    "medianResTime" : 2097.0,
    "minResTime" : 2097.0,
    "maxResTime" : 2097.0,
    "pct1ResTime" : 2097.0,
    "pct2ResTime" : 2097.0,
    "pct3ResTime" : 2097.0,
    "throughput" : 0.47687172150691465,
    "receivedKBytesPerSec" : 13.513072991177873,
    "sentKBytesPerSec" : 0.11176680972818312
  },
  "TestcasesResults_2_119522_user1" : {
    "transaction" : "TestcasesResults_2_119522_user1",
    "sampleCount" : 1,
    "errorCount" : 0,
    "errorPct" : 0.0,
    "meanResTime" : 5332.0,
    "medianResTime" : 5332.0,
    "minResTime" : 5332.0,
    "maxResTime" : 5332.0,
    "pct1ResTime" : 5332.0,
    "pct2ResTime" : 5332.0,
    "pct3ResTime" : 5332.0,
    "throughput" : 0.18754688672168043,
    "receivedKBytesPerSec" : 7.491618998499625,
    "sentKBytesPerSec" : 0.04542151162790698
  },
  "TestcasesResults_2_119519_user1" : {
    "transaction" : "TestcasesResults_2_119519_user1",
    "sampleCount" : 1,
    "errorCount" : 0,
    "errorPct" : 0.0,
    "meanResTime" : 5339.0,
    "medianResTime" : 5339.0,
    "minResTime" : 5339.0,
    "maxResTime" : 5339.0,
    "pct1ResTime" : 5339.0,
    "pct2ResTime" : 5339.0,
    "pct3ResTime" : 5339.0,
    "throughput" : 0.18730099269526126,
    "receivedKBytesPerSec" : 7.483077062652182,
    "sentKBytesPerSec" : 0.04536195916838359
  },
  "GetSubmissionId_2_user1" : {
    "transaction" : "GetSubmissionId_2_user1",
    "sampleCount" : 7,
    "errorCount" : 0,
    "errorPct" : 0.0,
    "meanResTime" : 284.85714285714283,
    "medianResTime" : 291.0,
    "minResTime" : 238.0,
    "maxResTime" : 307.0,
    "pct1ResTime" : 307.0,
    "pct2ResTime" : 307.0,
    "pct3ResTime" : 307.0,
    "throughput" : 0.009177054218036319,
    "receivedKBytesPerSec" : 0.3905471589151148,
    "sentKBytesPerSec" : 0.002123986181322859
  },
  "TestcasesResults_2_119520_user1" : {
    "transaction" : "TestcasesResults_2_119520_user1",
    "sampleCount" : 1,
    "errorCount" : 0,
    "errorPct" : 0.0,
    "meanResTime" : 5348.0,
    "medianResTime" : 5348.0,
    "minResTime" : 5348.0,
    "maxResTime" : 5348.0,
    "pct1ResTime" : 5348.0,
    "pct2ResTime" : 5348.0,
    "pct3ResTime" : 5348.0,
    "throughput" : 0.1869857890800299,
    "receivedKBytesPerSec" : 7.470666604338071,
    "sentKBytesPerSec" : 0.045285620792819746
  },
  "AssignmentsList_6_user1" : {
    "transaction" : "AssignmentsList_6_user1",
    "sampleCount" : 1,
    "errorCount" : 0,
    "errorPct" : 0.0,
    "meanResTime" : 32.0,
    "medianResTime" : 32.0,
    "minResTime" : 32.0,
    "maxResTime" : 32.0,
    "pct1ResTime" : 32.0,
    "pct2ResTime" : 32.0,
    "pct3ResTime" : 32.0,
    "throughput" : 31.25,
    "receivedKBytesPerSec" : 12.115478515625,
    "sentKBytesPerSec" : 10.101318359375
  },
  "Course Page_6_user1" : {
    "transaction" : "Course Page_6_user1",
    "sampleCount" : 1,
    "errorCount" : 0,
    "errorPct" : 0.0,
    "meanResTime" : 92.0,
    "medianResTime" : 92.0,
    "minResTime" : 92.0,
    "maxResTime" : 92.0,
    "pct1ResTime" : 92.0,
    "pct2ResTime" : 92.0,
    "pct3ResTime" : 92.0,
    "throughput" : 10.869565217391305,
    "receivedKBytesPerSec" : 351.8915591032609,
    "sentKBytesPerSec" : 3.1525985054347827
  },
  "RunPractice_2_119523_user1 1628490069011" : {
    "transaction" : "RunPractice_2_119523_user1 1628490069011",
    "sampleCount" : 1,
    "errorCount" : 0,
    "errorPct" : 0.0,
    "meanResTime" : 2098.0,
    "medianResTime" : 2098.0,
    "minResTime" : 2098.0,
    "maxResTime" : 2098.0,
    "pct1ResTime" : 2098.0,
    "pct2ResTime" : 2098.0,
    "pct3ResTime" : 2098.0,
    "throughput" : 0.47664442326024786,
    "receivedKBytesPerSec" : 13.5029082757388,
    "sentKBytesPerSec" : 0.1117135367016206
  },
  "TestcasesResults_2_119524_user1" : {
    "transaction" : "TestcasesResults_2_119524_user1",
    "sampleCount" : 1,
    "errorCount" : 0,
    "errorPct" : 0.0,
    "meanResTime" : 5356.0,
    "medianResTime" : 5356.0,
    "minResTime" : 5356.0,
    "maxResTime" : 5356.0,
    "pct1ResTime" : 5356.0,
    "pct2ResTime" : 5356.0,
    "pct3ResTime" : 5356.0,
    "throughput" : 0.18670649738610906,
    "receivedKBytesPerSec" : 7.458049383868559,
    "sentKBytesPerSec" : 0.04521797983569829
  },
  "RunPractice_2_119518_user1 1628489433289" : {
    "transaction" : "RunPractice_2_119518_user1 1628489433289",
    "sampleCount" : 1,
    "errorCount" : 0,
    "errorPct" : 0.0,
    "meanResTime" : 2107.0,
    "medianResTime" : 2107.0,
    "minResTime" : 2107.0,
    "maxResTime" : 2107.0,
    "pct1ResTime" : 2107.0,
    "pct2ResTime" : 2107.0,
    "pct3ResTime" : 2107.0,
    "throughput" : 0.47460844803037494,
    "receivedKBytesPerSec" : 13.448938805173231,
    "sentKBytesPerSec" : 0.11123635500711912
  },
  "RunPractice_2_119522_user1 1628489942333" : {
    "transaction" : "RunPractice_2_119522_user1 1628489942333",
    "sampleCount" : 1,
    "errorCount" : 0,
    "errorPct" : 0.0,
    "meanResTime" : 2096.0,
    "medianResTime" : 2096.0,
    "minResTime" : 2096.0,
    "maxResTime" : 2096.0,
    "pct1ResTime" : 2096.0,
    "pct2ResTime" : 2096.0,
    "pct3ResTime" : 2096.0,
    "throughput" : 0.47709923664122134,
    "receivedKBytesPerSec" : 13.51952006798664,
    "sentKBytesPerSec" : 0.11182013358778625
  },
  "TestcasesResults_2_119521_user1" : {
    "transaction" : "TestcasesResults_2_119521_user1",
    "sampleCount" : 1,
    "errorCount" : 0,
    "errorPct" : 0.0,
    "meanResTime" : 5341.0,
    "medianResTime" : 5341.0,
    "minResTime" : 5341.0,
    "maxResTime" : 5341.0,
    "pct1ResTime" : 5341.0,
    "pct2ResTime" : 5341.0,
    "pct3ResTime" : 5341.0,
    "throughput" : 0.18723085564501032,
    "receivedKBytesPerSec" : 7.480274936809586,
    "sentKBytesPerSec" : 0.04534497285152593
  },
  "Upload_2_user1-0" : {
    "transaction" : "Upload_2_user1-0",
    "sampleCount" : 7,
    "errorCount" : 0,
    "errorPct" : 0.0,
    "meanResTime" : 308.7142857142857,
    "medianResTime" : 308.0,
    "minResTime" : 281.0,
    "maxResTime" : 334.0,
    "pct1ResTime" : 334.0,
    "pct2ResTime" : 334.0,
    "pct3ResTime" : 334.0,
    "throughput" : 0.009176488786986167,
    "receivedKBytesPerSec" : 0.002096971070463636,
    "sentKBytesPerSec" : 0.009645042762437748
  },
  "Upload_2_user1-1" : {
    "transaction" : "Upload_2_user1-1",
    "sampleCount" : 7,
    "errorCount" : 0,
    "errorPct" : 0.0,
    "meanResTime" : 287.7142857142857,
    "medianResTime" : 285.0,
    "minResTime" : 238.0,
    "maxResTime" : 359.0,
    "pct1ResTime" : 359.0,
    "pct2ResTime" : 359.0,
    "pct3ResTime" : 359.0,
    "throughput" : 0.009176970000485068,
    "receivedKBytesPerSec" : 0.39047828114368643,
    "sentKBytesPerSec" : 0.002123966689565392
  },
  "TestcasesResults_2_119518_user1" : {
    "transaction" : "TestcasesResults_2_119518_user1",
    "sampleCount" : 1,
    "errorCount" : 0,
    "errorPct" : 0.0,
    "meanResTime" : 6503.0,
    "medianResTime" : 6503.0,
    "minResTime" : 6503.0,
    "maxResTime" : 6503.0,
    "pct1ResTime" : 6503.0,
    "pct2ResTime" : 6503.0,
    "pct3ResTime" : 6503.0,
    "throughput" : 0.15377518068583731,
    "receivedKBytesPerSec" : 6.143648844763955,
    "sentKBytesPerSec" : 0.037242426572351224
  },
  "Upload_2_user1" : {
    "transaction" : "Upload_2_user1",
    "sampleCount" : 7,
    "errorCount" : 0,
    "errorPct" : 0.0,
    "meanResTime" : 597.1428571428571,