Device,kB_read/s,kB_wrtn/s
loop0,0.0,0.0
sda,70.57606177606178,445.3127413127413
