{"Disk Write(KB/s)": 458.60576666666657, "Disk Read(KB/s)": 81.86252222222225}