{"%iowait": 1.9291160220994479, "%idle": 52.021833333333326, "user+system(%)": 42.704475138121545}