{"I/O wait(%)": 1.85, "Available Memory(Kb)": 11076084.933333334, "user+system(%)": 45.922222222222224, "Idle(%)": 52.15555555555556}