Device,kB_read/s,kB_wrtn/s
loop0,0.0,0.0
sda,479.96065573770494,250.7672131147541
