{"Disk Read(KB/s)": 478.1751666666667, "Disk Write(KB/s)": 250.02916666666673}