{"user+system(%)": 14.628288288288301, "%iowait": 0.904144144144144, "%idle": 84.03772727272735}