{"Idle(%)": 83.46363636363637, "Available Memory(Kb)": 1217966.4727272727, "user+system(%)": 15.6, "I/O wait(%)": 0.8909090909090909}