Device,kB_read/s,kB_wrtn/s
loop0,0.0,0.0
sda,3.8972477064220183,409.98899082568806
