{"Disk Write(KB/s)": 417.5675444444444, "Disk Read(KB/s)": 4.076055555555552}