{"%idle": 58.25866666666666, "user+system(%)": 36.470276243093934, "%iowait": 2.0882872928176806}