{"I/O wait(%)": 2.061111111111111, "user+system(%)": 39.43333333333333, "Available Memory(Kb)": 9448762.022222223, "Idle(%)": 58.49444444444445}