Device,kB_read/s,kB_wrtn/s
loop0,0.0,0.0
sda,5.345054945054945,333.9912087912088
