{"Disk Write(KB/s)": 312.89356666666663, "Disk Read(KB/s)": 4.304199999999996}