Device,kB_read/s,kB_wrtn/s
loop0,0.0,0.0
sda,68.53770491803279,69.75737704918033
