{"Disk Read(KB/s)": 68.47533333333332, "Disk Write(KB/s)": 69.68266666666672}