{"%sys": 0.6993693693693692, "%guest": 0.0, "user+system(%)": 16.892252252252256, "%idle": 82.44309090909094, "%iowait": 0.05954954954954954}