{"Available Memory(Kb)": 2319749.381818182, "I/O wait(%)": 0.03636363636363636, "user+system(%)": 17.745454545454546, "sys(%)": 1.1, "Idle(%)": 82.24545454545455}