Device,kB_read/s,kB_wrtn/s
loop0,0.0,0.0
sda,104.26229508196721,627.055737704918
