{"Disk Read(KB/s)": 103.40699999999997, "Disk Write(KB/s)": 619.0193333333332}