{"%idle": 48.8420909090909, "%iowait": 2.339009009009007, "user+system(%)": 47.80135135135134}