{"user+system(%)": 48.41818181818182, "I/O wait(%)": 2.3454545454545452, "Idle(%)": 49.18181818181818, "Available Memory(Kb)": 7158093.527272727}