{"Disk Read(KB/s)": 4.593511111111111, "Disk Write(KB/s)": 435.26067777777826}