Device,kB_read/s,kB_wrtn/s
loop0,0.0,0.0
sda,0.4747252747252747,219.68351648351648
Device,kB_read/s,kB_wrtn/s
loop0,0.0,0.0
sda,0.4747252747252747,219.68351648351648
