{"Disk Write(KB/s)": 185.32159999999996, "Disk Read(KB/s)": 0.17886666666666667}