{"%idle": 6.5864545454545445, "%iowait": 0.13612612612612612, "user+system(%)": 86.7094594594595}