{"Idle(%)": 7.218181818181818, "I/O wait(%)": 0.16363636363636364, "user+system(%)": 92.89090909090909, "Available Memory(Kb)": 3100046.1454545455}