Device,kB_read/s,kB_wrtn/s
loop0,0.0,0.0
sda,64.82197802197803,617.8813186813187
