{"Disk Write(KB/s)": 571.6483111111119, "Disk Read(KB/s)": 55.4368777777778}