{"%iowait": 1.1430939226519337, "%idle": 14.574888888888902, "user+system(%)": 79.08994475138124}