{"Available Memory(Kb)": 6991841.2, "Idle(%)": 14.922222222222222, "I/O wait(%)": 1.1222222222222222, "user+system(%)": 83.87222222222222}