Device,kB_read/s,kB_wrtn/s
loop0,0.0,0.0
sda,529.3806451612903,768.5290322580645
