{"Disk Read(KB/s)": 533.0971666666667, "Disk Write(KB/s)": 765.2665000000001}