{"%iowait": 1.4740540540540539, "user+system(%)": 85.07225225225226, "%idle": 11.889545454545454}