{"I/O wait(%)": 1.4454545454545455, "Available Memory(Kb)": 1710391.3818181818, "user+system(%)": 87.14545454545454, "Idle(%)": 11.354545454545455}