Device,kB_read/s,kB_wrtn/s
loop0,0.0,0.0
sda,26.386813186813185,591.5824175824176
