{"Disk Write(KB/s)": 549.7066000000002, "Disk Read(KB/s)": 22.41454444444443}