{"%idle": 18.009166666666673, "%iowait": 0.9783425414364642, "user+system(%)": 76.35348066298344}