{"I/O wait(%)": 0.9666666666666667, "user+system(%)": 80.58333333333333, "Available Memory(Kb)": 7098630.711111112, "Idle(%)": 18.41111111111111}