{"Idle(%)": 94.3952380952381, "I/O wait(%)": 0.36666666666666664, "user+system(%)": 5.542857142857143, "Available Memory(Kb)": 4289947.3904761905}