{"Disk Read(KB/s)": 16.926333333333343, "Disk Write(KB/s)": 262.2345999999999}