{"user+system(%)": 18.554504504504504, "%iowait": 1.0079279279279274, "%idle": 79.63172727272728}