{"Available Memory(Kb)": 4263351.163636364, "user+system(%)": 19.345454545454544, "Idle(%)": 79.65454545454546, "I/O wait(%)": 0.9090909090909091}