Device,kB_read/s,kB_wrtn/s
loop0,0.0,0.0
sda,16.030939226519337,291.44309392265194
