{"Disk Write(KB/s)": 271.27760000000006, "Disk Read(KB/s)": 13.354233333333331}