{"%idle": 87.45644444444446, "%iowait": 0.7802209944751383, "user+system(%)": 10.774751381215472}