{"Available Memory(Kb)": 7792616.266666667, "I/O wait(%)": 0.7388888888888889, "Idle(%)": 87.4888888888889, "user+system(%)": 11.75}