Device,kB_read/s,kB_wrtn/s
loop0,0.0,0.0
sda,12.991812865497076,283.45730994152046
