{"Disk Read(KB/s)": 10.69807777777777, "Disk Write(KB/s)": 256.5940333333333}