{"user+system(%)": 27.54784530386741, "%iowait": 2.1180110497237576, "%idle": 66.83833333333337}