{"Idle(%)": 66.78333333333333, "user+system(%)": 31.2, "Available Memory(Kb)": 8648513.844444444, "I/O wait(%)": 2.1333333333333333}