Device,kB_read/s,kB_wrtn/s
loop0,0.0,0.0
sda,25.42950819672131,336.97049180327866
