{
  "AssignmentsList" : {
    "transaction" : "AssignmentsList",
    "sampleCount" : 20,
    "errorCount" : 0,
    "errorPct" : 0.0,
    "meanResTime" : 80.5,
    "medianResTime" : 86.0,
    "minResTime" : 28.0,
    "maxResTime" : 127.0,
    "pct1ResTime" : 118.80000000000001,
    "pct2ResTime" : 126.6,
    "pct3ResTime" : 127.0,
    "throughput" : 14.194464158977997,
    "receivedKBytesPerSec" : 5.503127217885025,
    "sentKBytesPerSec" : 4.588249645138396
  },
  "Get CSRF Token" : {
    "transaction" : "Get CSRF Token",
    "sampleCount" : 20,
    "errorCount" : 0,
    "errorPct" : 0.0,
    "meanResTime" : 156.45,
    "medianResTime" : 46.0,
    "minResTime" : 29.0,
    "maxResTime" : 1765.0,
    "pct1ResTime" : 176.10000000000005,
    "pct2ResTime" : 1685.699999999999,
    "pct3ResTime" : 1765.0,
    "throughput" : 10.660980810234541,
    "receivedKBytesPerSec" : 284.9105477078891,
    "sentKBytesPerSec" : 1.4055003997867805
  },
  "StudentCourses" : {
    "transaction" : "StudentCourses",
    "sampleCount" : 20,
    "errorCount" : 0,
    "errorPct" : 0.0,
    "meanResTime" : 70.95000000000002,
    "medianResTime" : 54.0,
    "minResTime" : 28.0,
    "maxResTime" : 212.0,
    "pct1ResTime" : 132.40000000000003,
    "pct2ResTime" : 208.09999999999994,
    "pct3ResTime" : 212.0,
    "throughput" : 12.414649286157667,
    "receivedKBytesPerSec" : 15.481940564866543,
    "sentKBytesPerSec" : 3.0066728739913096
  },
  "GetSubmissionId" : {
    "transaction" : "GetSubmissionId",
    "sampleCount" : 213,
    "errorCount" : 0,
    "errorPct" : 0.0,
    "meanResTime" : 850.7230046948356,
    "medianResTime" : 681.0,
    "minResTime" : 291.0,
    "maxResTime" : 5534.0,
    "pct1ResTime" : 1550.5999999999997,
    "pct2ResTime" : 1939.999999999999,
    "pct3ResTime" : 2595.5199999999995,
    "throughput" : 0.7891051621555537,
    "receivedKBytesPerSec" : 33.59493160278188,
    "sentKBytesPerSec" : 0.1826346908504553
  },
  "TestcasesResults" : {
    "transaction" : "TestcasesResults",
    "sampleCount" : 202,
    "errorCount" : 1,
    "errorPct" : 0.4950495,
    "meanResTime" : 7805.920792079211,
    "medianResTime" : 8313.5,
    "minResTime" : 5232.0,
    "maxResTime" : 15032.0,
    "pct1ResTime" : 11359.400000000001,
    "pct2ResTime" : 11693.95,
    "pct3ResTime" : 12931.23,
    "throughput" : 0.7515216453115466,
    "receivedKBytesPerSec" : 21.685970768551794,
    "sentKBytesPerSec" : 0.1811081130854056
  },
  "Total" : {
    "transaction" : "Total",
    "sampleCount" : 942,
    "errorCount" : 1,
    "errorPct" : 0.10615711,
    "meanResTime" : 2936.020169851377,
    "medianResTime" : 2078.5,
    "minResTime" : 28.0,
    "maxResTime" : 15609.0,
    "pct1ResTime" : 8445.6,
    "pct2ResTime" : 9341.199999999999,
    "pct3ResTime" : 12707.629999999965,
    "throughput" : 3.072797909714543,
    "receivedKBytesPerSec" : 102.33165513959702,
    "sentKBytesPerSec" : 1.4834393430263473
  },
  "Upload" : {
    "transaction" : "Upload",
    "sampleCount" : 216,
    "errorCount" : 0,
    "errorPct" : 0.0,
    "meanResTime" : 2082.7175925925935,
    "medianResTime" : 1343.0,
    "minResTime" : 593.0,
    "maxResTime" : 15609.0,
    "pct1ResTime" : 2972.800000000001,
    "pct2ResTime" : 6679.099999999971,
    "pct3ResTime" : 15484.65,
    "throughput" : 0.7887616077590771,
    "receivedKBytesPerSec" : 33.75648913900828,
    "sentKBytesPerSec" : 1.006956268007318
  },
  "Course Page" : {
    "transaction" : "Course Page",
    "sampleCount" : 20,
    "errorCount" : 0,
    "errorPct" : 0.0,
    "meanResTime" : 285.9,
    "medianResTime" : 290.0,
    "minResTime" : 71.0,
    "maxResTime" : 508.0,
    "pct1ResTime" : 479.3000000000002,
    "pct2ResTime" : 506.95,
    "pct3ResTime" : 508.0,
    "throughput" : 13.596193065941536,
    "receivedKBytesPerSec" : 440.25243244391567,
    "sentKBytesPerSec" : 3.9434270904146835
  },
  "Login" : {
    "transaction" : "Login",
    "sampleCount" : 20,
    "errorCount" : 0,
    "errorPct" : 0.0,
    "meanResTime" : 460.45,
    "medianResTime" : 490.5,
    "minResTime" : 109.0,
    "maxResTime" : 813.0,
    "pct1ResTime" : 784.1000000000003,
    "pct2ResTime" : 812.05,
    "pct3ResTime" : 813.0,
    "throughput" : 10.875475802066342,
    "receivedKBytesPerSec" : 18.639121125611744,
    "sentKBytesPerSec" : 6.436072593800979
  },
  "RunPractice" : {
    "transaction" : "RunPractice",
    "sampleCount" : 211,
    "errorCount" : 0,
    "errorPct" : 0.0,
    "meanResTime" : 2543.9763033175363,
    "medianResTime" : 2219.0,
    "minResTime" : 2072.0,
    "maxResTime" : 6151.0,
    "pct1ResTime" : 3621.4000000000005,
    "pct2ResTime" : 4221.799999999999,
    "pct3ResTime" : 6062.239999999999,
    "throughput" : 0.7837310799517133,
    "receivedKBytesPerSec" : 22.214247782988206,
    "sentKBytesPerSec" : 0.18368697186368277
  }
}