{
  "AssignmentsList" : {
    "transaction" : "AssignmentsList",
    "sampleCount" : 40,
    "errorCount" : 0,
    "errorPct" : 0.0,
    "meanResTime" : 85.30000000000001,
    "medianResTime" : 66.5,
    "minResTime" : 23.0,
    "maxResTime" : 544.0,
    "pct1ResTime" : 118.9,
    "pct2ResTime" : 287.49999999999943,
    "pct3ResTime" : 544.0,
    "throughput" : 19.351717464925013,
    "receivedKBytesPerSec" : 7.50257014997581,
    "sentKBytesPerSec" : 6.255291485244315
  },
  "Get CSRF Token" : {
    "transaction" : "Get CSRF Token",
    "sampleCount" : 40,
    "errorCount" : 0,
    "errorPct" : 0.0,
    "meanResTime" : 47.7,
    "medianResTime" : 29.0,
    "minResTime" : 23.0,
    "maxResTime" : 192.0,
    "pct1ResTime" : 141.89999999999995,
    "pct2ResTime" : 190.04999999999993,
    "pct3ResTime" : 192.0,
    "throughput" : 51.28205128205128,
    "receivedKBytesPerSec" : 1370.4752604166665,
    "sentKBytesPerSec" : 6.7608173076923075
  },
  "StudentCourses" : {
    "transaction" : "StudentCourses",
    "sampleCount" : 40,
    "errorCount" : 0,
    "errorPct" : 0.0,
    "meanResTime" : 171.25,
    "medianResTime" : 111.5,
    "minResTime" : 22.0,
    "maxResTime" : 1079.0,
    "pct1ResTime" : 341.9,
    "pct2ResTime" : 429.59999999999997,
    "pct3ResTime" : 1079.0,
    "throughput" : 29.027576197387518,
    "receivedKBytesPerSec" : 36.19942851959362,
    "sentKBytesPerSec" : 7.03011611030479
  },
  "GetSubmissionId" : {
    "transaction" : "GetSubmissionId",
    "sampleCount" : 248,
    "errorCount" : 1,
    "errorPct" : 0.4032258,
    "meanResTime" : 1225.4153225806463,
    "medianResTime" : 934.0,
    "minResTime" : 9.0,
    "maxResTime" : 17309.0,
    "pct1ResTime" : 1989.7999999999997,
    "pct2ResTime" : 2821.7999999999975,
    "pct3ResTime" : 8500.65999999995,
    "throughput" : 0.9161196422700558,
    "receivedKBytesPerSec" : 38.85130533196408,
    "sentKBytesPerSec" : 0.21117663077607893
  },
  "TestcasesResults" : {
    "transaction" : "TestcasesResults",
    "sampleCount" : 226,
    "errorCount" : 0,
    "errorPct" : 0.0,
    "meanResTime" : 24244.190265486748,
    "medianResTime" : 25580.0,
    "minResTime" : 5481.0,
    "maxResTime" : 36001.0,
    "pct1ResTime" : 28379.9,
    "pct2ResTime" : 29159.249999999996,
    "pct3ResTime" : 34104.41999999997,
    "throughput" : 0.7973665734053551,
    "receivedKBytesPerSec" : 23.115506188852393,
    "sentKBytesPerSec" : 0.19311221699660944
  },
  "Total" : {
    "transaction" : "Total",
    "sampleCount" : 1169,
    "errorCount" : 2,
    "errorPct" : 0.1710864,
    "meanResTime" : 6648.273738237809,
    "medianResTime" : 2077.0,
    "minResTime" : 0.0,
    "maxResTime" : 36054.0,
    "pct1ResTime" : 26226.0,
    "pct2ResTime" : 27566.0,
    "pct3ResTime" : 31285.29999999998,
    "throughput" : 3.6026096577058557,
    "receivedKBytesPerSec" : 114.54752761666876,
    "sentKBytesPerSec" : 1.6951878079861442
  },
  "Upload" : {
    "transaction" : "Upload",
    "sampleCount" : 249,
    "errorCount" : 0,
    "errorPct" : 0.0,
    "meanResTime" : 4540.510040160635,
    "medianResTime" : 1914.0,
    "minResTime" : 800.0,
    "maxResTime" : 36054.0,
    "pct1ResTime" : 15946.0,
    "pct2ResTime" : 25173.5,
    "pct3ResTime" : 35868.0,
    "throughput" : 0.912686340127776,
    "receivedKBytesPerSec" : 39.06021627963023,
    "sentKBytesPerSec" : 1.164056658257612
  },
  "Course Page" : {
    "transaction" : "Course Page",
    "sampleCount" : 40,
    "errorCount" : 0,
    "errorPct" : 0.0,
    "meanResTime" : 415.22499999999997,
    "medianResTime" : 277.0,
    "minResTime" : 57.0,
    "maxResTime" : 1076.0,
    "pct1ResTime" : 839.6999999999999,
    "pct2ResTime" : 875.9,
    "pct3ResTime" : 1076.0,
    "throughput" : 19.074868860276585,
    "receivedKBytesPerSec" : 617.6126795720077,
    "sentKBytesPerSec" : 5.532457081545065
  },
  "Login" : {
    "transaction" : "Login",
    "sampleCount" : 40,
    "errorCount" : 0,
    "errorPct" : 0.0,
    "meanResTime" : 789.1749999999998,
    "medianResTime" : 844.5,
    "minResTime" : 182.0,
    "maxResTime" : 1254.0,
    "pct1ResTime" : 1197.8,
    "pct2ResTime" : 1251.3,
    "pct3ResTime" : 1254.0,
    "throughput" : 25.60819462227913,
    "receivedKBytesPerSec" : 43.889044494238156,
    "sentKBytesPerSec" : 15.154849551856593
  },
  "RunPractice" : {
    "transaction" : "RunPractice",
    "sampleCount" : 246,
    "errorCount" : 1,
    "errorPct" : 0.40650406,
    "meanResTime" : 3243.1260162601625,
    "medianResTime" : 2272.0,
    "minResTime" : 0.0,
    "maxResTime" : 31552.0,
    "pct1ResTime" : 3980.8,
    "pct2ResTime" : 6427.849999999979,
    "pct3ResTime" : 27877.61,
    "throughput" : 0.9129505373790154,
    "receivedKBytesPerSec" : 25.776634943413764,
    "sentKBytesPerSec" : 0.21310297414049045
  }
}