{
  "AssignmentsList" : {
    "transaction" : "AssignmentsList",
    "sampleCount" : 80,
    "errorCount" : 0,
    "errorPct" : 0.0,
    "meanResTime" : 135.75000000000003,
    "medianResTime" : 73.0,
    "minResTime" : 24.0,
    "maxResTime" : 744.0,
    "pct1ResTime" : 332.70000000000005,
    "pct2ResTime" : 569.1500000000001,
    "pct3ResTime" : 744.0,
    "throughput" : 19.17086029235562,
    "receivedKBytesPerSec" : 7.355226306014857,
    "sentKBytesPerSec" : 6.19683081715792
  },
  "Get CSRF Token" : {
    "transaction" : "Get CSRF Token",
    "sampleCount" : 80,
    "errorCount" : 0,
    "errorPct" : 0.0,
    "meanResTime" : 43.962500000000006,
    "medianResTime" : 31.0,
    "minResTime" : 22.0,
    "maxResTime" : 207.0,
    "pct1ResTime" : 84.70000000000007,
    "pct2ResTime" : 183.45000000000005,
    "pct3ResTime" : 207.0,
    "throughput" : 51.513200257566,
    "receivedKBytesPerSec" : 1376.6701545396008,
    "sentKBytesPerSec" : 6.791291049581456
  },
  "StudentCourses" : {
    "transaction" : "StudentCourses",
    "sampleCount" : 80,
    "errorCount" : 0,
    "errorPct" : 0.0,
    "meanResTime" : 289.6250000000001,
    "medianResTime" : 233.5,
    "minResTime" : 22.0,
    "maxResTime" : 1361.0,
    "pct1ResTime" : 673.7000000000004,
    "pct2ResTime" : 730.45,
    "pct3ResTime" : 1361.0,
    "throughput" : 25.940337224383917,
    "receivedKBytesPerSec" : 32.368423719195846,
    "sentKBytesPerSec" : 6.28242542153048
  },
  "GetSubmissionId" : {
    "transaction" : "GetSubmissionId",
    "sampleCount" : 257,
    "errorCount" : 1,
    "errorPct" : 0.38910505,
    "meanResTime" : 3235.3735408560306,
    "medianResTime" : 1629.0,
    "minResTime" : 11.0,
    "maxResTime" : 41619.0,
    "pct1ResTime" : 7346.200000000002,
    "pct2ResTime" : 13105.899999999996,
    "pct3ResTime" : 26300.47999999995,
    "throughput" : 0.9656100062745864,
    "receivedKBytesPerSec" : 42.77732169090711,
    "sentKBytesPerSec" : 0.2226163146761449
  },
  "TestcasesResults" : {
    "transaction" : "TestcasesResults",
    "sampleCount" : 194,
    "errorCount" : 0,
    "errorPct" : 0.0,
    "meanResTime" : 63069.4381443299,
    "medianResTime" : 73967.5,
    "minResTime" : 5972.0,
    "maxResTime" : 87444.0,
    "pct1ResTime" : 77520.0,
    "pct2ResTime" : 78420.75,
    "pct3ResTime" : 82295.95000000006,
    "throughput" : 0.5850792722096393,
    "receivedKBytesPerSec" : 16.959600172583304,
    "sentKBytesPerSec" : 0.141698886238272
  },
  "Total" : {
    "transaction" : "Total",
    "sampleCount" : 1367,
    "errorCount" : 6,
    "errorPct" : 0.43891734,
    "meanResTime" : 12687.930504754939,
    "medianResTime" : 2246.0,
    "minResTime" : 0.0,
    "maxResTime" : 87444.0,
    "pct1ResTime" : 57155.000000000095,
    "pct2ResTime" : 75392.0,
    "pct3ResTime" : 78072.15999999999,
    "throughput" : 3.615445649299127,
    "receivedKBytesPerSec" : 107.52268486759455,
    "sentKBytesPerSec" : 1.7116446748545358
  },
  "Upload" : {
    "transaction" : "Upload",
    "sampleCount" : 259,
    "errorCount" : 4,
    "errorPct" : 1.5444015,
    "meanResTime" : 11414.528957528952,
    "medianResTime" : 3071.0,
    "minResTime" : 726.0,
    "maxResTime" : 58869.0,
    "pct1ResTime" : 39961.0,
    "pct2ResTime" : 49265.0,
    "pct3ResTime" : 53599.59999999995,
    "throughput" : 0.945876853407348,
    "receivedKBytesPerSec" : 41.61140587338397,
    "sentKBytesPerSec" : 1.2950491255660654
  },
  "Course Page" : {
    "transaction" : "Course Page",
    "sampleCount" : 80,
    "errorCount" : 0,
    "errorPct" : 0.0,
    "meanResTime" : 588.8999999999997,
    "medianResTime" : 527.5,
    "minResTime" : 48.0,
    "maxResTime" : 1939.0,
    "pct1ResTime" : 1361.1000000000001,
    "pct2ResTime" : 1591.2000000000005,
    "pct3ResTime" : 1939.0,
    "throughput" : 18.917001655237645,
    "receivedKBytesPerSec" : 612.5316822830456,
    "sentKBytesPerSec" : 5.486669425396075
  },
  "Login" : {
    "transaction" : "Login",
    "sampleCount" : 80,
    "errorCount" : 0,
    "errorPct" : 0.0,
    "meanResTime" : 1442.7250000000001,
    "medianResTime" : 1588.0,
    "minResTime" : 112.0,
    "maxResTime" : 3064.0,
    "pct1ResTime" : 2249.3,
    "pct2ResTime" : 2584.35,
    "pct3ResTime" : 3064.0,
    "throughput" : 24.622960911049553,
    "receivedKBytesPerSec" : 42.200484764542935,
    "sentKBytesPerSec" : 14.571791320406279
  },
  "RunPractice" : {
    "transaction" : "RunPractice",
    "sampleCount" : 257,
    "errorCount" : 1,
    "errorPct" : 0.38910505,
    "meanResTime" : 4361.8638132295755,
    "medianResTime" : 2882.0,
    "minResTime" : 0.0,
    "maxResTime" : 30157.0,
    "pct1ResTime" : 7744.600000000002,
    "pct2ResTime" : 10526.9,
    "pct3ResTime" : 26244.93999999995,
    "throughput" : 0.9764808693339413,
    "receivedKBytesPerSec" : 27.567688890392873,
    "sentKBytesPerSec" : 0.22797218739313804
  }
}