{
  "AssignmentsList" : {
    "transaction" : "AssignmentsList",
    "sampleCount" : 60,
    "errorCount" : 0,
    "errorPct" : 0.0,
    "meanResTime" : 83.96666666666668,
    "medianResTime" : 76.5,
    "minResTime" : 22.0,
    "maxResTime" : 333.0,
    "pct1ResTime" : 151.2,
    "pct2ResTime" : 202.7,
    "pct3ResTime" : 333.0,
    "throughput" : 20.51983584131327,
    "receivedKBytesPerSec" : 7.918706181600547,
    "sentKBytesPerSec" : 6.632876624487004
  },
  "Get CSRF Token" : {
    "transaction" : "Get CSRF Token",
    "sampleCount" : 60,
    "errorCount" : 0,
    "errorPct" : 0.0,
    "meanResTime" : 47.316666666666656,
    "medianResTime" : 30.0,
    "minResTime" : 24.0,
    "maxResTime" : 206.0,
    "pct1ResTime" : 98.39999999999998,
    "pct2ResTime" : 173.0,
    "pct3ResTime" : 206.0,
    "throughput" : 51.724137931034484,
    "receivedKBytesPerSec" : 1382.3014884159484,
    "sentKBytesPerSec" : 6.819100215517242
  },
  "StudentCourses" : {
    "transaction" : "StudentCourses",
    "sampleCount" : 60,
    "errorCount" : 0,
    "errorPct" : 0.0,
    "meanResTime" : 205.51666666666665,
    "medianResTime" : 156.0,
    "minResTime" : 29.0,
    "maxResTime" : 836.0,
    "pct1ResTime" : 447.5,
    "pct2ResTime" : 573.1499999999997,
    "pct3ResTime" : 836.0,
    "throughput" : 27.497708524289642,
    "receivedKBytesPerSec" : 34.30052703941338,
    "sentKBytesPerSec" : 6.659601283226398
  },
  "GetSubmissionId" : {
    "transaction" : "GetSubmissionId",
    "sampleCount" : 253,
    "errorCount" : 1,
    "errorPct" : 0.3952569,
    "meanResTime" : 1913.4782608695655,
    "medianResTime" : 1324.0,
    "minResTime" : 316.0,
    "maxResTime" : 28068.0,
    "pct1ResTime" : 3190.6,
    "pct2ResTime" : 4766.9999999999945,
    "pct3ResTime" : 21601.220000000038,
    "throughput" : 0.9312357830110203,
    "receivedKBytesPerSec" : 40.31241747014892,
    "sentKBytesPerSec" : 0.21467825895716314
  },
  "TestcasesResults" : {
    "transaction" : "TestcasesResults",
    "sampleCount" : 211,
    "errorCount" : 1,
    "errorPct" : 0.47393364,
    "meanResTime" : 44681.597156398115,
    "medianResTime" : 47682.0,
    "minResTime" : 6169.0,
    "maxResTime" : 60216.0,
    "pct1ResTime" : 54910.0,
    "pct2ResTime" : 55930.2,
    "pct3ResTime" : 57688.56,
    "throughput" : 0.6813066881068393,
    "receivedKBytesPerSec" : 19.662794686332536,
    "sentKBytesPerSec" : 0.16422195422006527
  },
  "Total" : {
    "transaction" : "Total",
    "sampleCount" : 1271,
    "errorCount" : 3,
    "errorPct" : 0.23603462,
    "meanResTime" : 10022.6113296617,
    "medianResTime" : 2156.0,
    "minResTime" : 0.0,
    "maxResTime" : 60216.0,
    "pct1ResTime" : 46184.0,
    "pct2ResTime" : 51255.6,
    "pct3ResTime" : 55751.56,
    "throughput" : 3.6306713171252856,
    "receivedKBytesPerSec" : 111.55556919110444,
    "sentKBytesPerSec" : 1.7153927761138392
  },
  "Upload" : {
    "transaction" : "Upload",
    "sampleCount" : 256,
    "errorCount" : 0,
    "errorPct" : 0.0,
    "meanResTime" : 7551.796874999994,
    "medianResTime" : 2372.5,
    "minResTime" : 722.0,
    "maxResTime" : 47127.0,
    "pct1ResTime" : 29491.50000000003,
    "pct2ResTime" : 36708.35,
    "pct3ResTime" : 45932.530000000006,
    "throughput" : 0.9326794861518956,
    "receivedKBytesPerSec" : 40.72340127214203,
    "sentKBytesPerSec" : 1.2313892472711838
  },
  "Course Page" : {
    "transaction" : "Course Page",
    "sampleCount" : 60,
    "errorCount" : 0,
    "errorPct" : 0.0,
    "meanResTime" : 515.1000000000001,
    "medianResTime" : 409.0,
    "minResTime" : 47.0,
    "maxResTime" : 1522.0,
    "pct1ResTime" : 1170.0,
    "pct2ResTime" : 1403.8999999999992,
    "pct3ResTime" : 1522.0,
    "throughput" : 20.236087689713322,
    "receivedKBytesPerSec" : 655.233913891231,
    "sentKBytesPerSec" : 5.8692559021922435
  },
  "Login" : {
    "transaction" : "Login",
    "sampleCount" : 60,
    "errorCount" : 0,
    "errorPct" : 0.0,
    "meanResTime" : 1147.3666666666668,
    "medianResTime" : 1149.0,
    "minResTime" : 174.0,
    "maxResTime" : 2339.0,
    "pct1ResTime" : 1854.3,
    "pct2ResTime" : 2077.4,
    "pct3ResTime" : 2339.0,
    "throughput" : 25.64102564102564,
    "receivedKBytesPerSec" : 43.9453125,
    "sentKBytesPerSec" : 15.174278846153847
  },
  "RunPractice" : {
    "transaction" : "RunPractice",
    "sampleCount" : 251,
    "errorCount" : 1,
    "errorPct" : 0.3984064,
    "meanResTime" : 3082.0557768924305,
    "medianResTime" : 2470.0,
    "minResTime" : 0.0,
    "maxResTime" : 13497.0,
    "pct1ResTime" : 4862.800000000001,
    "pct2ResTime" : 5911.999999999998,
    "pct3ResTime" : 9957.399999999996,
    "throughput" : 0.9343289582418237,
    "receivedKBytesPerSec" : 26.37763501239568,
    "sentKBytesPerSec" : 0.21811090596407115
  }
}