{
  "AssignmentsList" : {
    "transaction" : "AssignmentsList",
    "sampleCount" : 1,
    "errorCount" : 0,
    "errorPct" : 0.0,
    "meanResTime" : 468.0,
    "medianResTime" : 468.0,
    "minResTime" : 468.0,
    "maxResTime" : 468.0,
    "pct1ResTime" : 468.0,
    "pct2ResTime" : 468.0,
    "pct3ResTime" : 468.0,
    "throughput" : 2.136752136752137,
    "receivedKBytesPerSec" : 0.8284087873931624,
    "sentKBytesPerSec" : 0.6906884348290598
  },
  "Get CSRF Token" : {
    "transaction" : "Get CSRF Token",
    "sampleCount" : 1,
    "errorCount" : 0,
    "errorPct" : 0.0,
    "meanResTime" : 1941.0,
    "medianResTime" : 1941.0,
    "minResTime" : 1941.0,
    "maxResTime" : 1941.0,
    "pct1ResTime" : 1941.0,
    "pct2ResTime" : 1941.0,
    "pct3ResTime" : 1941.0,
    "throughput" : 0.5151983513652757,
    "receivedKBytesPerSec" : 13.76847469088099,
    "sentKBytesPerSec" : 0.06792165765069552
  },
  "StudentCourses" : {
    "transaction" : "StudentCourses",
    "sampleCount" : 1,
    "errorCount" : 0,
    "errorPct" : 0.0,
    "meanResTime" : 150.0,
    "medianResTime" : 150.0,
    "minResTime" : 150.0,
    "maxResTime" : 150.0,
    "pct1ResTime" : 150.0,
    "pct2ResTime" : 150.0,
    "pct3ResTime" : 150.0,
    "throughput" : 6.666666666666667,
    "receivedKBytesPerSec" : 8.313802083333334,
    "sentKBytesPerSec" : 1.6145833333333335
  },
  "GetSubmissionId" : {
    "transaction" : "GetSubmissionId",
    "sampleCount" : 11,
    "errorCount" : 0,
    "errorPct" : 0.0,
    "meanResTime" : 321.3636363636364,
    "medianResTime" : 318.0,
    "minResTime" : 298.0,
    "maxResTime" : 362.0,
    "pct1ResTime" : 355.8,
    "pct2ResTime" : 362.0,
    "pct3ResTime" : 362.0,
    "throughput" : 0.046911716414409575,
    "receivedKBytesPerSec" : 1.997063086662999,
    "sentKBytesPerSec" : 0.010857496865444403
  },
  "TestcasesResults" : {
    "transaction" : "TestcasesResults",
    "sampleCount" : 11,
    "errorCount" : 0,
    "errorPct" : 0.0,
    "meanResTime" : 6174.454545454546,
    "medianResTime" : 5343.0,
    "minResTime" : 5304.0,
    "maxResTime" : 12306.0,
    "pct1ResTime" : 11258.200000000004,
    "pct2ResTime" : 12306.0,
    "pct3ResTime" : 12306.0,
    "throughput" : 0.04670555965998353,
    "receivedKBytesPerSec" : 1.3540051211584676,
    "sentKBytesPerSec" : 0.011311502730152261
  },
  "Total" : {
    "transaction" : "Total",
    "sampleCount" : 49,
    "errorCount" : 0,
    "errorPct" : 0.0,
    "meanResTime" : 2500.1632653061224,
    "medianResTime" : 2098.0,
    "minResTime" : 150.0,
    "maxResTime" : 12306.0,
    "pct1ResTime" : 5404.0,
    "pct2ResTime" : 8862.0,
    "pct3ResTime" : 12306.0,
    "throughput" : 0.16843581564184357,
    "receivedKBytesPerSec" : 5.610470933864881,
    "sentKBytesPerSec" : 0.08029369169198934
  },
  "Upload" : {
    "transaction" : "Upload",
    "sampleCount" : 11,
    "errorCount" : 0,
    "errorPct" : 0.0,
    "meanResTime" : 1914.9090909090908,
    "medianResTime" : 679.0,
    "minResTime" : 618.0,
    "maxResTime" : 10657.0,
    "pct1ResTime" : 9045.200000000004,
    "pct2ResTime" : 10657.0,
    "pct3ResTime" : 10657.0,
    "throughput" : 0.04492968504290785,
    "receivedKBytesPerSec" : 1.922670619202539,
    "sentKBytesPerSec" : 0.05714733643552386
  },
  "Course Page" : {
    "transaction" : "Course Page",
    "sampleCount" : 1,
    "errorCount" : 0,
    "errorPct" : 0.0,
    "meanResTime" : 384.0,
    "medianResTime" : 384.0,
    "minResTime" : 384.0,
    "maxResTime" : 384.0,
    "pct1ResTime" : 384.0,
    "pct2ResTime" : 384.0,
    "pct3ResTime" : 384.0,
    "throughput" : 2.6041666666666665,
    "receivedKBytesPerSec" : 84.320068359375,
    "sentKBytesPerSec" : 0.75531005859375
  },
  "Login" : {
    "transaction" : "Login",
    "sampleCount" : 1,
    "errorCount" : 0,
    "errorPct" : 0.0,
    "meanResTime" : 3155.0,
    "medianResTime" : 3155.0,
    "minResTime" : 3155.0,
    "maxResTime" : 3155.0,
    "pct1ResTime" : 3155.0,
    "pct2ResTime" : 3155.0,
    "pct3ResTime" : 3155.0,
    "throughput" : 0.31695721077654515,
    "receivedKBytesPerSec" : 0.5432225633914421,
    "sentKBytesPerSec" : 0.18757428684627575
  },
  "RunPractice" : {
    "transaction" : "RunPractice",
    "sampleCount" : 11,
    "errorCount" : 0,
    "errorPct" : 0.0,
    "meanResTime" : 2172.0,
    "medianResTime" : 2103.0,
    "minResTime" : 2089.0,
    "maxResTime" : 2779.0,
    "pct1ResTime" : 2650.8,
    "pct2ResTime" : 2779.0,
    "pct3ResTime" : 2779.0,
    "throughput" : 0.04665979495141019,
    "receivedKBytesPerSec" : 1.322633692242597,
    "sentKBytesPerSec" : 0.010935889441736762
  }
}