Device,kB_read/s,kB_wrtn/s
loop0,0.0,0.0
sda,91.98688524590163,945.2983606557377
