{"Disk Write(KB/s)": 927.713666666667, "Disk Read(KB/s)": 88.50733333333336}