{"%sys": 4.610180180180181, "%guest": 75.11792792792792, "%iowait": 2.119099099099098, "user+system(%)": 13.526756756756749, "%idle": 7.994909090909092}