{"user+system(%)": 89.8, "Available Memory(Kb)": 342263.45454545453, "Idle(%)": 8.027272727272727, "I/O wait(%)": 2.118181818181818, "sys(%)": 4.6909090909090905}