{
  "AssignmentsList" : {
    "transaction" : "AssignmentsList",
    "sampleCount" : 90,
    "errorCount" : 90,
    "errorPct" : 100.0,
    "meanResTime" : 0.0,
    "medianResTime" : 0.0,
    "minResTime" : 0.0,
    "maxResTime" : 0.0,
    "pct1ResTime" : 0.0,
    "pct2ResTime" : 0.0,
    "pct3ResTime" : 0.0,
    "throughput" : 1.4640812077043206,
    "receivedKBytesPerSec" : 1.7228689993004944,
    "sentKBytesPerSec" : 0.0
  },
  "Get CSRF Token" : {
    "transaction" : "Get CSRF Token",
    "sampleCount" : 90,
    "errorCount" : 90,
    "errorPct" : 100.0,
    "meanResTime" : 50547.52222222223,
    "medianResTime" : 50529.5,
    "minResTime" : 50026.0,
    "maxResTime" : 51169.0,
    "pct1ResTime" : 51003.7,
    "pct2ResTime" : 51110.9,
    "pct3ResTime" : 51169.0,
    "throughput" : 1.755994771037793,
    "receivedKBytesPerSec" : 0.33439353550036094,
    "sentKBytesPerSec" : 0.23493289417204846
  },
  "StudentCourses" : {
    "transaction" : "StudentCourses",
    "sampleCount" : 90,
    "errorCount" : 20,
    "errorPct" : 22.222221,
    "meanResTime" : 54601.51111111111,
    "medianResTime" : 58835.5,
    "minResTime" : 12744.0,
    "maxResTime" : 71352.0,
    "pct1ResTime" : 69936.10000000002,
    "pct2ResTime" : 70820.90000000001,
    "pct3ResTime" : 71352.0,
    "throughput" : 1.0802635843145727,
    "receivedKBytesPerSec" : 28.502653866293375,
    "sentKBytesPerSec" : 0.31718676857153144
  },
  "Total" : {
    "transaction" : "Total",
    "sampleCount" : 1658,
    "errorCount" : 1588,
    "errorPct" : 95.778046,
    "meanResTime" : 6390.753920386021,
    "medianResTime" : 0.0,
    "minResTime" : 0.0,
    "maxResTime" : 71352.0,
    "pct1ResTime" : 48178.700000000084,
    "pct2ResTime" : 50698.0,
    "pct3ResTime" : 65238.670000000006,
    "throughput" : 5.518811558215473,
    "receivedKBytesPerSec" : 13.52912570587031,
    "sentKBytesPerSec" : 0.21633271144071603
  },
  "Upload" : {
    "transaction" : "Upload",
    "sampleCount" : 1208,
    "errorCount" : 1208,
    "errorPct" : 100.0,
    "meanResTime" : 0.0016556291390728498,
    "medianResTime" : 0.0,
    "minResTime" : 0.0,
    "maxResTime" : 1.0,
    "pct1ResTime" : 0.0,
    "pct2ResTime" : 0.0,
    "pct3ResTime" : 0.0,
    "throughput" : 5.994888464306096,
    "receivedKBytesPerSec" : 6.5861811741644125,
    "sentKBytesPerSec" : 0.0
  },
  "Course Page" : {
    "transaction" : "Course Page",
    "sampleCount" : 90,
    "errorCount" : 90,
    "errorPct" : 100.0,
    "meanResTime" : 0.0,
    "medianResTime" : 0.0,
    "minResTime" : 0.0,
    "maxResTime" : 0.0,
    "pct1ResTime" : 0.0,
    "pct2ResTime" : 0.0,
    "pct3ResTime" : 0.0,
    "throughput" : 1.4639859457349211,
    "receivedKBytesPerSec" : 1.6741479906792895,
    "sentKBytesPerSec" : 0.0
  },
  "Login" : {
    "transaction" : "Login",
    "sampleCount" : 90,
    "errorCount" : 90,
    "errorPct" : 100.0,
    "meanResTime" : 12582.833333333332,
    "medianResTime" : 10519.0,
    "minResTime" : 2830.0,
    "maxResTime" : 34285.0,
    "pct1ResTime" : 23176.9,
    "pct2ResTime" : 31676.500000000004,
    "pct3ResTime" : 34285.0,
    "throughput" : 2.5873965041398344,
    "receivedKBytesPerSec" : 3.931629844181233,
    "sentKBytesPerSec" : 0.7625744774896505
  }
}