Device,kB_read/s,kB_wrtn/s
loop0,0.0,0.0
sda,10.974585635359116,137.95359116022098
