{"Disk Write(KB/s)": 130.8028555555555, "Disk Read(KB/s)": 9.37752222222222}