{"%iowait": 0.2947513812154697, "user+system(%)": 3.56911602209945, "%idle": 95.29077777777776}