{"user+system(%)": 4.311111111111111, "I/O wait(%)": 0.2722222222222222, "Idle(%)": 95.37777777777778, "Available Memory(Kb)": 8817105.333333334}