Device,kB_read/s,kB_wrtn/s
loop0,0.0,0.0
sda,15.911602209944752,303.107182320442
