{"Disk Write(KB/s)": 282.2708777777778, "Disk Read(KB/s)": 13.92616666666665}