{"%idle": 64.27116666666666, "user+system(%)": 29.865193370165752, "%iowait": 2.3669060773480672}