{"Available Memory(Kb)": 8544150.022222223, "user+system(%)": 33.48888888888889, "Idle(%)": 64.16666666666667, "I/O wait(%)": 2.361111111111111}