{"Available Memory(Kb)": 7636117.488888889, "I/O wait(%)": 0.4888888888888889, "Idle(%)": 78.10555555555555, "user+system(%)": 21.33888888888889}