Device,kB_read/s,kB_wrtn/s
loop0,0.0,0.0
sda,0.6295081967213115,421.67868852459014
