Device,kB_read/s,kB_wrtn/s
loop0,0.0,0.0
sda,7.409836065573771,100.07868852459016
