{"Disk Write(KB/s)": 99.27833333333338, "Disk Read(KB/s)": 7.400833333333333}