{"%iowait": 0.027747747747747742, "%sys": 2.930270270270269, "user+system(%)": 35.61063063063064, "%idle": 63.48672727272728, "%guest": 0.0}