{"I/O wait(%)": 0.00909090909090909, "sys(%)": 3.390909090909091, "Idle(%)": 63.59090909090909, "Available Memory(Kb)": 3033722.1454545455, "user+system(%)": 36.38181818181818}