{"Disk Write(KB/s)": 138.43300000000002, "Disk Read(KB/s)": 8.089966666666665}