{"%idle": 84.78933333333337, "user+system(%)": 10.300000000000006, "%iowait": 1.5086187845303871}