{"Idle(%)": 84.82222222222222, "I/O wait(%)": 1.4555555555555555, "Available Memory(Kb)": 7106550.0, "user+system(%)": 13.744444444444444}