{
  "AssignmentsList" : {
    "transaction" : "AssignmentsList",
    "sampleCount" : 180,
    "errorCount" : 0,
    "errorPct" : 0.0,
    "meanResTime" : 104.99444444444445,
    "medianResTime" : 93.0,
    "minResTime" : 36.0,
    "maxResTime" : 362.0,
    "pct1ResTime" : 173.70000000000002,
    "pct2ResTime" : 198.95,
    "pct3ResTime" : 326.3599999999999,
    "throughput" : 100.5586592178771,
    "receivedKBytesPerSec" : 38.50602304469274,
    "sentKBytesPerSec" : 32.50480097765363
  },
  "Get CSRF Token" : {
    "transaction" : "Get CSRF Token",
    "sampleCount" : 180,
    "errorCount" : 0,
    "errorPct" : 0.0,
    "meanResTime" : 97.2388888888889,
    "medianResTime" : 31.0,
    "minResTime" : 25.0,
    "maxResTime" : 676.0,
    "pct1ResTime" : 367.6000000000001,
    "pct2ResTime" : 541.8999999999997,
    "pct3ResTime" : 675.19,
    "throughput" : 59.86032590621882,
    "receivedKBytesPerSec" : 1599.8438539241768,
    "sentKBytesPerSec" : 7.891742184901895
  },
  "StudentCourses" : {
    "transaction" : "StudentCourses",
    "sampleCount" : 180,
    "errorCount" : 0,
    "errorPct" : 0.0,
    "meanResTime" : 188.8277777777778,
    "medianResTime" : 159.5,
    "minResTime" : 32.0,
    "maxResTime" : 687.0,
    "pct1ResTime" : 369.8,
    "pct2ResTime" : 445.9,
    "pct3ResTime" : 561.4499999999996,
    "throughput" : 109.82306284319706,
    "receivedKBytesPerSec" : 137.05241381940206,
    "sentKBytesPerSec" : 26.59777303233679
  },
  "GetSubmissionId" : {
    "transaction" : "GetSubmissionId",
    "sampleCount" : 1008,
    "errorCount" : 4,
    "errorPct" : 0.3968254,
    "meanResTime" : 4911.988095238086,
    "medianResTime" : 3280.0,
    "minResTime" : 34.0,
    "maxResTime" : 39814.0,
    "pct1ResTime" : 10790.200000000003,
    "pct2ResTime" : 13400.449999999997,
    "pct3ResTime" : 26286.579999999976,
    "throughput" : 3.7026017389004595,
    "receivedKBytesPerSec" : 165.5103892036376,
    "sentKBytesPerSec" : 0.853549222012849
  },
  "TestcasesResults" : {
    "transaction" : "TestcasesResults",
    "sampleCount" : 965,
    "errorCount" : 15,
    "errorPct" : 1.5544041,
    "meanResTime" : 15721.1823834197,
    "medianResTime" : 13560.0,
    "minResTime" : 5448.0,
    "maxResTime" : 56472.0,
    "pct1ResTime" : 25404.0,
    "pct2ResTime" : 29332.599999999984,
    "pct3ResTime" : 42895.56000000003,
    "throughput" : 3.5054197785591814,
    "receivedKBytesPerSec" : 100.14344991086607,
    "sentKBytesPerSec" : 0.8357724455842608
  },
  "Total" : {
    "transaction" : "Total",
    "sampleCount" : 4937,
    "errorCount" : 26,
    "errorPct" : 0.5266356,
    "meanResTime" : 8158.036864492597,
    "medianResTime" : 5129.0,
    "minResTime" : 25.0,
    "maxResTime" : 56472.0,
    "pct1ResTime" : 18641.4,
    "pct2ResTime" : 25582.49999999998,
    "pct3ResTime" : 45628.299999999996,
    "throughput" : 15.51120690196867,
    "receivedKBytesPerSec" : 502.9234989571093,
    "sentKBytesPerSec" : 7.76263881481592
  },
  "Upload" : {
    "transaction" : "Upload",
    "sampleCount" : 1071,
    "errorCount" : 4,
    "errorPct" : 0.37348273,
    "meanResTime" : 11321.265172735786,
    "medianResTime" : 6574.0,
    "minResTime" : 76.0,
    "maxResTime" : 55158.0,
    "pct1ResTime" : 28072.800000000025,
    "pct2ResTime" : 44317.19999999999,
    "pct3ResTime" : 53914.72,
    "throughput" : 3.8911071307898837,
    "receivedKBytesPerSec" : 174.91894378331148,
    "sentKBytesPerSec" : 5.420739157081197
  },
  "Course Page" : {
    "transaction" : "Course Page",
    "sampleCount" : 180,
    "errorCount" : 0,
    "errorPct" : 0.0,
    "meanResTime" : 626.1611111111114,
    "medianResTime" : 683.5,
    "minResTime" : 70.0,
    "maxResTime" : 1201.0,
    "pct1ResTime" : 902.9,
    "pct2ResTime" : 1033.5999999999997,
    "pct3ResTime" : 1190.47,
    "throughput" : 84.07286314806166,
    "receivedKBytesPerSec" : 2722.239808354741,
    "sentKBytesPerSec" : 24.3844144091546
  },
  "Login" : {
    "transaction" : "Login",
    "sampleCount" : 180,
    "errorCount" : 0,
    "errorPct" : 0.0,
    "meanResTime" : 1497.5111111111123,
    "medianResTime" : 1473.5,
    "minResTime" : 404.0,
    "maxResTime" : 2894.0,
    "pct1ResTime" : 2329.8,
    "pct2ResTime" : 2470.5499999999997,
    "pct3ResTime" : 2800.04,
    "throughput" : 58.27128520556815,
    "receivedKBytesPerSec" : 99.86924368727743,
    "sentKBytesPerSec" : 34.48476448688896
  },
  "RunPractice" : {
    "transaction" : "RunPractice",
    "sampleCount" : 993,
    "errorCount" : 3,
    "errorPct" : 0.3021148,
    "meanResTime" : 7629.683786505543,
    "medianResTime" : 5317.0,
    "minResTime" : 45.0,
    "maxResTime" : 44730.0,
    "pct1ResTime" : 16930.800000000007,
    "pct2ResTime" : 21447.799999999996,
    "pct3ResTime" : 33691.71999999999,
    "throughput" : 3.649581382357049,
    "receivedKBytesPerSec" : 103.12986834815095,
    "sentKBytesPerSec" : 0.8527864351712325
  }
}