{"Disk Write(KB/s)": 130.77221111111118, "Disk Read(KB/s)": 0.048299999999999996}