{"user+system(%)": 25.171878453038676, "%idle": 67.15861111111111, "%iowait": 1.193812154696132}