{"user+system(%)": 31.72222222222222, "Idle(%)": 67.11111111111111, "I/O wait(%)": 1.15, "Available Memory(Kb)": 7661858.2}