{"user+system(%)": 1.5860663507109, "%idle": 94.98204761904756, "%iowait": 0.18488151658767774}