{"user+system(%)": 5.033333333333333, "Available Memory(Kb)": 4194943.047619048, "Idle(%)": 94.96666666666667, "I/O wait(%)": 0.21428571428571427}