{"Disk Write(KB/s)": 611.8198333333333, "Disk Read(KB/s)": 59.185999999999986}