{"%guest": 0.0, "%iowait": 0.3595495495495502, "user+system(%)": 91.72018018018018, "%sys": 4.576576576576575, "%idle": 6.37336363636363}