{"Disk Read(KB/s)": 3.334244444444444, "Disk Write(KB/s)": 86.17904444444432}