{"%idle": 54.138111111111094, "user+system(%)": 32.07038674033149, "%iowait": 1.6598895027624312}