Device,kB_read/s,kB_wrtn/s
loop0,0.0,0.0
sda,0.05245901639344262,91.54098360655738
