{"Disk Write(KB/s)": 57.259166666666644, "Disk Read(KB/s)": 0.05266666666666667}