{"%iowait": 0.019549549549549558, "%idle": 56.582727272727254, "user+system(%)": 42.4493693693694}