{"I/O wait(%)": 0.0, "Available Memory(Kb)": 3394796.727272727, "Idle(%)": 56.50909090909091, "user+system(%)": 43.46363636363636}