{"Disk Write(KB/s)": 287.5643666666666, "Disk Read(KB/s)": 0.3482111111111111}