{"%iowait": 3.8832044198894993, "user+system(%)": 42.407182320442, "%idle": 46.91994444444445}