{"user+system(%)": 6.642792792792796, "%iowait": 10.190000000000005, "%idle": 46.60618181818181}