{"user+system(%)": 33.72027027027028, "%idle": 63.937545454545464, "%iowait": 1.5926126126126126, "%guest": 0.0, "%sys": 2.7363063063063056}