{"user+system(%)": 19.3685635359116, "%iowait": 1.1744751381215464, "%idle": 77.36194444444438}