{"Disk Read(KB/s)": 604.7653333333329, "Disk Write(KB/s)": 892.0659999999996}