{"%iowait": 0.24513513513513505, "%idle": 1.173636363636364, "user+system(%)": 96.56495495495501}