Device,kB_read/s,kB_wrtn/s
loop0,0.0,0.0
sda,1003.9330543933054,818.1723849372385
