{"Disk Write(KB/s)": 913.8768222222233, "Disk Read(KB/s)": 1148.559633333332}