{"%idle": 86.95916666666663, "user+system(%)": 5.653480662983425, "%iowait": 6.496353591160214}