{"user+system(%)": 6.522222222222222, "Available Memory(Kb)": 11555478.066666666, "Idle(%)": 86.86666666666666, "I/O wait(%)": 6.5055555555555555}