Device,kB_read/s,kB_wrtn/s
loop0,0.0,0.0
sda,10.006629834254143,254.72265193370166
