{"Disk Read(KB/s)": 8.652744444444446, "Disk Write(KB/s)": 244.22341111111115}