{"%iowait": 1.1966850828729287, "user+system(%)": 20.690718232044198, "%idle": 75.36616666666671}