{"Idle(%)": 75.43333333333334, "user+system(%)": 23.455555555555556, "Available Memory(Kb)": 8850785.533333333, "I/O wait(%)": 1.2}