Device,kB_read/s,kB_wrtn/s
loop0,0.0,0.0
sda,399.8838709677419,856.7225806451613
