{"Disk Read(KB/s)": 405.36266666666677, "Disk Write(KB/s)": 834.3235000000002}