{"%iowait": 1.081351351351351, "%idle": 12.708454545454545, "user+system(%)": 84.39801801801802}