{"I/O wait(%)": 1.0545454545454545, "Idle(%)": 12.690909090909091, "user+system(%)": 86.21818181818182, "Available Memory(Kb)": 2406808.690909091}