{"Disk Write(KB/s)": 590.0016666666668, "Disk Read(KB/s)": 60.748333333333335}