{"user+system(%)": 15.560810810810823, "%sys": 6.194504504504508, "%iowait": 1.1840540540540543, "%guest": 66.79423423423425, "%idle": 15.411999999999999}