Device,kB_read/s,kB_wrtn/s
loop0,0.0,0.0
sda,34.9524861878453,435.5756906077348
