{"Disk Write(KB/s)": 399.41364444444497, "Disk Read(KB/s)": 30.471322222222206}