{"user+system(%)": 39.100055248618816, "%idle": 55.43894444444446, "%iowait": 2.2859116022099446}