{"Available Memory(Kb)": 8441810.8, "I/O wait(%)": 2.2666666666666666, "Idle(%)": 55.416666666666664, "user+system(%)": 42.388888888888886}