{"Disk Write(KB/s)": 43.113688888888895, "Disk Read(KB/s)": 0.3265111111111111}