{"%idle": 97.50866666666663, "user+system(%)": 0.7881767955801107, "%iowait": 0.09480662983425428}