{"Available Memory(Kb)": 8810126.577777777, "user+system(%)": 2.3722222222222222, "Idle(%)": 97.58888888888889, "I/O wait(%)": 0.011111111111111112}