Device,kB_read/s,kB_wrtn/s
loop0,0.0,0.0
sda,70.4655737704918,33.00983606557377
