{"Disk Write(KB/s)": 32.795333333333325, "Disk Read(KB/s)": 70.38266666666664}