{"user+system(%)": 24.476846846846836, "%idle": 74.74536363636365, "%iowait": 0.06729729729729726}