{"Disk Read(KB/s)": 31.939888888888884, "Disk Write(KB/s)": 452.0919888888884}