{"user+system(%)": 20.29823204419889, "%iowait": 0.9508839779005526, "%idle": 76.65388888888889}