{"I/O wait(%)": 0.9277777777777778, "Available Memory(Kb)": 7338285.022222222, "Idle(%)": 76.77777777777777, "user+system(%)": 22.244444444444444}