{"I/O wait(%)": 1.3454545454545455, "user+system(%)": 94.64545454545454, "Idle(%)": 3.909090909090909, "Available Memory(Kb)": 654132.2545454545}