Device,kB_read/s,kB_wrtn/s
loop0,0.0,0.0
sda,84.72258064516129,1020.8516129032258
