Device,kB_read/s,kB_wrtn/s
loop0,0.0,0.0
sda,26.07741935483871,839.483870967742
