{"%idle": 2.0507272727272734, "%iowait": 0.38495495495495485, "user+system(%)": 95.09504504504498}