{"Available Memory(Kb)": 920634.0363636364, "user+system(%)": 97.58181818181818, "I/O wait(%)": 0.38181818181818183, "Idle(%)": 2.0}