Device,kB_read/s,kB_wrtn/s
loop0,0.0,0.0
sda,68.20645161290322,597.6516129032258
