Device,kB_read/s,kB_wrtn/s
loop0,0.0,0.0
sda,857.1483870967742,858.3225806451613
