{"Disk Read(KB/s)": 2254.472833333334, "Disk Write(KB/s)": 851.9513333333337}