{"%iowait": 0.47225225225225254, "user+system(%)": 94.7544144144144, "%idle": 2.8780909090909095}