{"Disk Write(KB/s)": 842.7022666666668, "Disk Read(KB/s)": 62.370833333333294}