{"user+system(%)": 63.680450450450415, "%idle": 31.79563636363637, "%iowait": 2.619639639639639}