{"I/O wait(%)": 2.6818181818181817, "user+system(%)": 65.80909090909091, "Idle(%)": 31.545454545454547, "Available Memory(Kb)": 4960019.927272728}