Device,kB_read/s,kB_wrtn/s
loop0,0.0,0.0
sda,11.72192513368984,74.15187165775401
