{"Disk Write(KB/s)": 33.17353333333333, "Disk Read(KB/s)": 0.4034666666666667}