{"%idle": 97.80627272727273, "%iowait": 0.10459459459459462, "user+system(%)": 1.1733333333333336}