{"Available Memory(Kb)": 9935856.836363636, "user+system(%)": 2.018181818181818, "I/O wait(%)": 0.01818181818181818, "Idle(%)": 97.72727272727273}