Device,kB_read/s,kB_wrtn/s
loop0,0.0,0.0
sda,5.6605405405405405,437.5481081081081
