{"%iowait": 1.0215469613259673, "%idle": 77.05733333333332, "user+system(%)": 19.764198895027636}