{"I/O wait(%)": 1.0611111111111111, "user+system(%)": 21.783333333333335, "Available Memory(Kb)": 7865760.333333333, "Idle(%)": 77.16111111111111}