{"Disk Write(KB/s)": 320.90877777777763, "Disk Read(KB/s)": 8.349666666666668}