{"Available Memory(Kb)": 8239061.377777778, "user+system(%)": 84.05, "Idle(%)": 13.955555555555556, "I/O wait(%)": 1.9111111111111112}