{"Disk Read(KB/s)": 25.934433333333356, "Disk Write(KB/s)": 274.67903333333345}