{"%idle": 24.079909090909094, "%iowait": 2.5013513513513512, "user+system(%)": 70.0457657657658}