{"Idle(%)": 24.845454545454544, "user+system(%)": 72.83636363636364, "I/O wait(%)": 2.618181818181818, "Available Memory(Kb)": 9983250.036363637}