{"Disk Read(KB/s)": 90.75108888888879, "Disk Write(KB/s)": 318.0085222222218}