{"%iowait": 2.27558011049724, "user+system(%)": 71.36895027624308, "%idle": 19.132666666666676}