{"%idle": 23.173611111111125, "user+system(%)": 68.34613259668504, "%iowait": 2.5560220994475147}