Device,kB_read/s,kB_wrtn/s
loop0,0.0,0.0
sda,9.378313253012049,167.51325301204818
