{"Disk Read(KB/s)": 7.787666666666664, "Disk Write(KB/s)": 145.4659666666665}