Device,kB_read/s,kB_wrtn/s
loop0,0.0,0.0
sda,17.650526315789474,318.46736842105264
