{"Disk Write(KB/s)": 258.6560000000002, "Disk Read(KB/s)": 13.534066666666684}