{"%iowait": 1.1768468468468471, "%idle": 72.60009090909092, "user+system(%)": 24.969999999999995}