{"I/O wait(%)": 1.0727272727272728, "user+system(%)": 25.87272727272727, "Idle(%)": 72.83636363636364, "Available Memory(Kb)": 4836763.054545455}