Device,kB_read/s,kB_wrtn/s
loop0,0.0,0.0
sda,2.351381215469613,494.6563535911602
