{"Disk Write(KB/s)": 456.7922444444446, "Disk Read(KB/s)": 2.03848888888889}