{"user+system(%)": 57.26513812154694, "%iowait": 2.663370165745857, "%idle": 35.88816666666667}