{"I/O wait(%)": 2.6444444444444444, "user+system(%)": 61.40555555555556, "Idle(%)": 35.90555555555556, "Available Memory(Kb)": 7112791.533333333}