Device,kB_read/s,kB_wrtn/s
loop0,0.0,0.0
sda,67.48415300546448,171.4710382513661
