{"Idle(%)": 8.011111111111111, "user+system(%)": 91.41666666666667, "Available Memory(Kb)": 7229176.022222222, "I/O wait(%)": 0.5833333333333334}