{"%idle": 0.2545454545454546, "user+system(%)": 93.00180180180182, "%iowait": 0.5414414414414416}