{"%iowait": 1.6700900900900895, "%idle": 40.7222727272727, "user+system(%)": 55.463333333333345, "%guest": 0.0, "%sys": 4.433153153153153}