{"Idle(%)": 41.5, "user+system(%)": 57.10909090909091, "Available Memory(Kb)": 3962966.1454545455, "I/O wait(%)": 1.7727272727272727, "sys(%)": 5.0636363636363635}