Device,kB_read/s,kB_wrtn/s
loop0,0.0,0.0
sda,182.43870967741935,806.0903225806452
