{"Available Memory(Kb)": 3884186.327272727, "Idle(%)": 2.2454545454545456, "user+system(%)": 97.38181818181818, "I/O wait(%)": 0.2818181818181818}