{"Idle(%)": 11.618181818181819, "Available Memory(Kb)": 373220.5090909091, "I/O wait(%)": 1.7727272727272727, "user+system(%)": 86.61818181818182}