Device,kB_read/s,kB_wrtn/s
loop0,0.0,0.0
sda,265.02666666666664,533.9466666666667
