{"Disk Read(KB/s)": 234.0398333333334, "Disk Write(KB/s)": 528.1346666666666}