{"%iowait": 2.9626126126126135, "%sys": 6.3454054054054065, "%guest": 28.749999999999996, "%idle": 56.218272727272726, "user+system(%)": 11.436036036036034}