{"user+system(%)": 40.57272727272727, "sys(%)": 6.418181818181818, "Available Memory(Kb)": 1725903.6727272726, "I/O wait(%)": 2.9727272727272727, "Idle(%)": 56.445454545454545}