Device,kB_read/s,kB_wrtn/s
loop0,0.0,0.0
sda,10.342541436464089,99.7524861878453
