{"Disk Write(KB/s)": 103.50415555555547, "Disk Read(KB/s)": 9.053211111111114}