{"%iowait": 0.7374033149171261, "user+system(%)": 7.40348066298342, "%idle": 88.64077777777777}