{"Available Memory(Kb)": 9422654.266666668, "I/O wait(%)": 0.7444444444444445, "user+system(%)": 10.577777777777778, "Idle(%)": 88.71666666666667}