Device,kB_read/s,kB_wrtn/s
loop0,0.0,0.0
sda,11.58011049723757,311.70828729281766
