{"%iowait": 2.935580110497237, "user+system(%)": 53.53375690607734, "%idle": 36.830722222222214}