{"Available Memory(Kb)": 8666494.888888888, "user+system(%)": 60.21666666666667, "I/O wait(%)": 2.933333333333333, "Idle(%)": 36.855555555555554}