Device,kB_read/s,kB_wrtn/s
loop0,0.0,0.0
sda,22.20327868852459,777.4819672131148
