{"Disk Write(KB/s)": 744.9959666666666, "Disk Read(KB/s)": 20.377666666666663}