{"%idle": 24.899818181818176, "%iowait": 0.9954954954954953, "user+system(%)": 72.16576576576577}