Device,kB_read/s,kB_wrtn/s
loop0,0.0,0.0
sda,87.26451612903226,831.2774193548387
