{"Disk Read(KB/s)": 83.00200000000001, "Disk Write(KB/s)": 827.9645666666663}