{"%iowait": 2.2861261261261236, "user+system(%)": 68.56207207207206, "%idle": 27.00854545454545}