{"Idle(%)": 27.154545454545456, "Available Memory(Kb)": 4917078.654545454, "user+system(%)": 70.43636363636364, "I/O wait(%)": 2.3181818181818183}