Device,kB_read/s,kB_wrtn/s
loop0,0.0,0.0
sda,1.4032085561497327,438.4513368983957
