{"Disk Write(KB/s)": 461.7899333333334, "Disk Read(KB/s)": 1.2773444444444455}