{"%idle": 76.69105555555555, "user+system(%)": 20.210994475138115, "%iowait": 0.8653591160221002}