{"user+system(%)": 22.344444444444445, "Idle(%)": 76.81111111111112, "I/O wait(%)": 0.8666666666666667, "Available Memory(Kb)": 7758051.244444445}