Device,kB_read/s,kB_wrtn/s
loop0,0.0,0.0
sda,8.812903225806451,667.083870967742
