{"Disk Write(KB/s)": 660.4855000000001, "Disk Read(KB/s)": 8.859833333333333}