{"user+system(%)": 74.0979279279279, "%idle": 23.06372727272727, "%iowait": 1.078918918918919}