{"user+system(%)": 75.57272727272728, "I/O wait(%)": 1.1090909090909091, "Available Memory(Kb)": 5700277.672727273, "Idle(%)": 23.363636363636363}