Device,kB_read/s,kB_wrtn/s
loop0,0.0,0.0
sda,27.717127071823203,223.5270718232044
