{"Disk Read(KB/s)": 15.680911111111106, "Disk Write(KB/s)": 189.68898888888884}