{"Idle(%)": 77.53333333333333, "user+system(%)": 21.355555555555554, "Available Memory(Kb)": 9281572.844444444, "I/O wait(%)": 1.0611111111111111}