Device,kB_read/s,kB_wrtn/s
loop0,0.0,0.0
sda,30.06451612903226,57.71612903225807
