{"Disk Write(KB/s)": 57.143166666666666, "Disk Read(KB/s)": 8.619333333333334}