{"user+system(%)": 1.1227027027027028, "%idle": 98.65472727272726, "%iowait": 0.09261261261261261}