{"Idle(%)": 98.71818181818182, "Available Memory(Kb)": 3496906.654545455, "I/O wait(%)": 0.02727272727272727, "user+system(%)": 1.0363636363636364}