Device,kB_read/s,kB_wrtn/s
loop0,0.0,0.0
sda,253.13432835820896,530.6029850746269
