{"Disk Read(KB/s)": 260.46023333333335, "Disk Write(KB/s)": 527.7426000000004}