Device,kB_read/s,kB_wrtn/s
loop0,0.0,0.0
sda,0.6276923076923077,306.1907692307692
