{"Disk Write(KB/s)": 155.55994444444443, "Disk Read(KB/s)": 0.7579999999999999}