{"user+system(%)": 4.722762430939229, "%iowait": 0.28005524861878445, "%idle": 94.50722222222225}