{"Idle(%)": 94.53888888888889, "Available Memory(Kb)": 1067641.6666666667, "I/O wait(%)": 0.25, "user+system(%)": 5.044444444444444}