Device,kB_read/s,kB_wrtn/s
loop0,0.0,0.0
sda,0.16703296703296702,315.4153846153846
