{"Idle(%)": 46.93333333333333, "user+system(%)": 49.17777777777778, "Available Memory(Kb)": 7218769.444444444, "I/O wait(%)": 3.8777777777777778}