{
  "Login_user1" : {
    "transaction" : "Login_user1",
    "sampleCount" : 1,
    "errorCount" : 0,
    "errorPct" : 0.0,
    "meanResTime" : 131.0,
    "medianResTime" : 131.0,
    "minResTime" : 131.0,
    "maxResTime" : 131.0,
    "pct1ResTime" : 131.0,
    "pct2ResTime" : 131.0,
    "pct3ResTime" : 131.0,
    "throughput" : 7.633587786259541,
    "receivedKBytesPerSec" : 13.053136927480915,
    "sentKBytesPerSec" : 4.487714694656488
  },
  "Upload_2_user1-0" : {
    "transaction" : "Upload_2_user1-0",
    "sampleCount" : 2,
    "errorCount" : 0,
    "errorPct" : 0.0,
    "meanResTime" : 318.0,
    "medianResTime" : 318.0,
    "minResTime" : 269.0,
    "maxResTime" : 367.0,
    "pct1ResTime" : 367.0,
    "pct2ResTime" : 367.0,
    "pct3ResTime" : 367.0,
    "throughput" : 0.015092061575611227,
    "receivedKBytesPerSec" : 0.0034487718834892846,
    "sentKBytesPerSec" : 0.01585108615680652
  },
  "Upload_2_user1-1" : {
    "transaction" : "Upload_2_user1-1",
    "sampleCount" : 2,
    "errorCount" : 0,
    "errorPct" : 0.0,
    "meanResTime" : 259.5,
    "medianResTime" : 259.5,
    "minResTime" : 235.0,
    "maxResTime" : 284.0,
    "pct1ResTime" : 284.0,
    "pct2ResTime" : 284.0,
    "pct3ResTime" : 284.0,
    "throughput" : 0.015106995294170965,
    "receivedKBytesPerSec" : 0.6427333110190423,
    "sentKBytesPerSec" : 0.0034964432467954284
  },
  "TestcasesResults_2_91693_user1" : {
    "transaction" : "TestcasesResults_2_91693_user1",
    "sampleCount" : 1,
    "errorCount" : 0,
    "errorPct" : 0.0,
    "meanResTime" : 5348.0,
    "medianResTime" : 5348.0,
    "minResTime" : 5348.0,
    "maxResTime" : 5348.0,
    "pct1ResTime" : 5348.0,
    "pct2ResTime" : 5348.0,
    "pct3ResTime" : 5348.0,
    "throughput" : 0.1869857890800299,
    "receivedKBytesPerSec" : 7.470484001028422,
    "sentKBytesPerSec" : 0.04510301748317128
  },
  "GetSubmissionId_2_user1" : {
    "transaction" : "GetSubmissionId_2_user1",
    "sampleCount" : 2,
    "errorCount" : 0,
    "errorPct" : 0.0,
    "meanResTime" : 272.0,
    "medianResTime" : 272.0,
    "minResTime" : 270.0,
    "maxResTime" : 274.0,
    "pct1ResTime" : 274.0,
    "pct2ResTime" : 274.0,
    "pct3ResTime" : 274.0,
    "throughput" : 0.015108478878346527,
    "receivedKBytesPerSec" : 0.6429513516422917,
    "sentKBytesPerSec" : 0.0034967866153985615
  },
  "AssignmentsList_6_user1" : {
    "transaction" : "AssignmentsList_6_user1",
    "sampleCount" : 1,
    "errorCount" : 0,
    "errorPct" : 0.0,
    "meanResTime" : 41.0,
    "medianResTime" : 41.0,
    "minResTime" : 41.0,
    "maxResTime" : 41.0,
    "pct1ResTime" : 41.0,
    "pct2ResTime" : 41.0,
    "pct3ResTime" : 41.0,
    "throughput" : 24.390243902439025,
    "receivedKBytesPerSec" : 9.455983231707316,
    "sentKBytesPerSec" : 7.883955792682927
  },
  "Course Page_6_user1" : {
    "transaction" : "Course Page_6_user1",
    "sampleCount" : 1,
    "errorCount" : 0,
    "errorPct" : 0.0,
    "meanResTime" : 88.0,
    "medianResTime" : 88.0,
    "minResTime" : 88.0,
    "maxResTime" : 88.0,
    "pct1ResTime" : 88.0,
    "pct2ResTime" : 88.0,
    "pct3ResTime" : 88.0,
    "throughput" : 11.363636363636363,
    "receivedKBytesPerSec" : 367.88662997159093,
    "sentKBytesPerSec" : 3.2958984375
  },
  "TestcasesResults_2_91692_user1" : {
    "transaction" : "TestcasesResults_2_91692_user1",
    "sampleCount" : 1,
    "errorCount" : 0,
    "errorPct" : 0.0,
    "meanResTime" : 9750.0,
    "medianResTime" : 9750.0,
    "minResTime" : 9750.0,
    "maxResTime" : 9750.0,
    "pct1ResTime" : 9750.0,
    "pct2ResTime" : 9750.0,
    "pct3ResTime" : 9750.0,
    "throughput" : 0.10256410256410256,
    "receivedKBytesPerSec" : 4.09765625,
    "sentKBytesPerSec" : 0.024739583333333332
  },
  "Upload_2_user1" : {
    "transaction" : "Upload_2_user1",
    "sampleCount" : 2,
    "errorCount" : 0,
    "errorPct" : 0.0,
    "meanResTime" : 578.0,
    "medianResTime" : 578.0,
    "minResTime" : 505.0,
    "maxResTime" : 651.0,
    "pct1ResTime" : 651.0,
    "pct2ResTime" : 651.0,
    "pct3ResTime" : 651.0,
    "throughput" : 0.015065232456536804,
    "receivedKBytesPerSec" : 0.6443991349731839,
    "sentKBytesPerSec" : 0.0193096851554732
  },
  "RunPractice_2_91693_user1 1628193289004" : {
    "transaction" : "RunPractice_2_91693_user1 1628193289004",
    "sampleCount" : 1,
    "errorCount" : 0,
    "errorPct" : 0.0,
    "meanResTime" : 2091.0,
    "medianResTime" : 2091.0,
    "minResTime" : 2091.0,
    "maxResTime" : 2091.0,
    "pct1ResTime" : 2091.0,
    "pct2ResTime" : 2091.0,
    "pct3ResTime" : 2091.0,
    "throughput" : 0.47824007651841227,
    "receivedKBytesPerSec" : 13.550446855571495,
    "sentKBytesPerSec" : 0.11162048660927784
  },
  "Get CSRF Token" : {
    "transaction" : "Get CSRF Token",
    "sampleCount" : 1,
    "errorCount" : 0,
    "errorPct" : 0.0,
    "meanResTime" : 135.0,
    "medianResTime" : 135.0,
    "minResTime" : 135.0,
    "maxResTime" : 135.0,
    "pct1ResTime" : 135.0,
    "pct2ResTime" : 135.0,
    "pct3ResTime" : 135.0,
    "throughput" : 7.407407407407407,
    "receivedKBytesPerSec" : 197.96006944444443,
    "sentKBytesPerSec" : 0.9765624999999999
  },
  "Login_user1-0" : {
    "transaction" : "Login_user1-0",
    "sampleCount" : 1,
    "errorCount" : 0,
    "errorPct" : 0.0,
    "meanResTime" : 113.0,
    "medianResTime" : 113.0,
    "minResTime" : 113.0,
    "maxResTime" : 113.0,
    "pct1ResTime" : 113.0,
    "pct2ResTime" : 113.0,
    "pct3ResTime" : 113.0,
    "throughput" : 8.849557522123893,
    "receivedKBytesPerSec" : 4.286504424778761,
    "sentKBytesPerSec" : 3.0593196902654864
  },
  "StudentCourses_user1" : {
    "transaction" : "StudentCourses_user1",
    "sampleCount" : 1,
    "errorCount" : 0,
    "errorPct" : 0.0,
    "meanResTime" : 22.0,
    "medianResTime" : 22.0,
    "minResTime" : 22.0,
    "maxResTime" : 22.0,
    "pct1ResTime" : 22.0,
    "pct2ResTime" : 22.0,
    "pct3ResTime" : 22.0,
    "throughput" : 45.45454545454545,
    "receivedKBytesPerSec" : 56.418678977272734,
    "sentKBytesPerSec" : 11.008522727272728
  },
  "RunPractice_2_91692_user1 1628193156903" : {
    "transaction" : "RunPractice_2_91692_user1 1628193156903",
    "sampleCount" : 1,
    "errorCount" : 0,
    "errorPct" : 0.0,
    "meanResTime" : 2161.0,
    "medianResTime" : 2161.0,
    "minResTime" : 2161.0,
    "maxResTime" : 2161.0,
    "pct1ResTime" : 2161.0,
    "pct2ResTime" : 2161.0,
    "pct3ResTime" : 2161.0,
    "throughput" : 0.46274872744099954,
    "receivedKBytesPerSec" : 13.111515212864415,
    "sentKBytesPerSec" : 0.10800482993984266
  },
  "Login_user1-1" : {
    "transaction" : "Login_user1-1",
    "sampleCount" : 1,
    "errorCount" : 0,
    "errorPct" : 0.0,
    "meanResTime" : 15.0,
    "medianResTime" : 15.0,
    "minResTime" : 15.0,
    "maxResTime" : 15.0,
    "pct1ResTime" : 15.0,
    "pct2ResTime" : 15.0,
    "pct3ResTime" : 15.0,
    "throughput" : 66.66666666666667,
    "receivedKBytesPerSec" : 81.70572916666667,
    "sentKBytesPerSec" : 16.145833333333336
  },
  "Total" : {
    "transaction" : "Total",
    "sampleCount" : 20,
    "errorCount" : 0,
    "errorPct" : 0.0,
    "meanResTime" : 1138.4,
    "medianResTime" : 269.5,
    "minResTime" : 15.0,
    "maxResTime" : 9750.0,
    "pct1ResTime" : 5029.300000000007,
    "pct2ResTime" : 9529.899999999998,
    "pct3ResTime" : 9750.0,
    "throughput" : 0.07284355753366283,
    "receivedKBytesPerSec" : 1.6642085285692434,
    "sentKBytesPerSec" : 0.03169477251867527
  },
  "Get solutions folder" : {
    "transaction" : "Get solutions folder",
    "sampleCount" : 1,
    "errorCount" : 0,
    "errorPct" : 0.0,
    "meanResTime" : 18.0,
    "medianResTime" : 18.0,
    "minResTime" : 18.0,
    "maxResTime" : 18.0,
    "pct1ResTime" : 18.0,
    "pct2ResTime" : 18.0,
    "pct3ResTime" : 18.0,
    "throughput" : 55.55555555555555,
    "receivedKBytesPerSec" : 0.0,
    "sentKBytesPerSec" : 0.0
  }
}