Device,kB_read/s,kB_wrtn/s
loop0,0.0,0.0
sda,385.9936507936508,72.02539682539683
