{"Disk Write(KB/s)": 74.43316666666666, "Disk Read(KB/s)": 365.9526333333334}