{"%iowait": 0.33585585585585603, "user+system(%)": 2.9740540540540548, "%idle": 95.73390909090905}