{"user+system(%)": 3.9909090909090907, "I/O wait(%)": 0.2727272727272727, "Idle(%)": 95.71818181818182, "Available Memory(Kb)": 5883459.090909091}