{"Disk Read(KB/s)": 0.10855555555555554, "Disk Write(KB/s)": 413.0730333333335}