{"%iowait": 1.6682872928176804, "user+system(%)": 15.529779005524858, "%idle": 80.9358888888889}