{"I/O wait(%)": 1.6722222222222223, "Available Memory(Kb)": 7288387.688888889, "Idle(%)": 81.04444444444445, "user+system(%)": 17.266666666666666}