Device,kB_read/s,kB_wrtn/s
loop0,0.0,0.0
sda,8.93968253968254,783.1238095238095
