{"Disk Write(KB/s)": 756.4681666666667, "Disk Read(KB/s)": 9.151499999999997}