{"%iowait": 0.5981981981981981, "user+system(%)": 93.86252252252248, "%idle": 3.8196363636363624}