{"Available Memory(Kb)": 8225283.163636364, "Idle(%)": 3.8363636363636364, "user+system(%)": 95.55454545454545, "I/O wait(%)": 0.5}