Device,kB_read/s,kB_wrtn/s
loop0,0.0,0.0
sda,20.430434782608696,587.2652173913043
