{"Disk Read(KB/s)": 18.08011111111111, "Disk Write(KB/s)": 535.4899333333336}