{"user+system(%)": 43.94154696132596, "%iowait": 6.413038674033148, "%idle": 45.36944444444445}