{"Idle(%)": 45.72222222222222, "user+system(%)": 47.90555555555556, "Available Memory(Kb)": 7050893.866666666, "I/O wait(%)": 6.427777777777778}