Device,kB_read/s,kB_wrtn/s
loop0,0.0,0.0
sda,9.643478260869566,414.7739130434783
