Device,kB_read/s,kB_wrtn/s
loop0,0.0,0.0
sda,373.9612903225806,3234.696774193548
