{"%guest": 69.59837837837838, "%sys": 5.384414414414414, "user+system(%)": 13.918198198198196, "%iowait": 3.497117117117117, "%idle": 11.816818181818176}