{"Idle(%)": 1.7272727272727273, "Available Memory(Kb)": 1339325.8909090909, "user+system(%)": 97.9090909090909, "I/O wait(%)": 0.3181818181818182}