Device,kB_read/s,kB_wrtn/s
loop0,0.0,0.0
sda,16.554455445544555,340.43564356435644
