{"Disk Write(KB/s)": 273.7690333333335, "Disk Read(KB/s)": 17.549866666666663}