{"%iowait": 1.969279279279279, "%idle": 37.00281818181818, "user+system(%)": 58.363783783783774}