{"Idle(%)": 37.70909090909091, "I/O wait(%)": 1.990909090909091, "user+system(%)": 60.38181818181818, "Available Memory(Kb)": 9723644.472727273}