{"user+system(%)": 79.54386740331493, "%iowait": 0.2951381215469614, "%idle": 7.37227777777778}