{"user+system(%)": 91.78333333333333, "Available Memory(Kb)": 7153760.266666667, "I/O wait(%)": 0.2722222222222222, "Idle(%)": 7.911111111111111}