Device,kB_read/s,kB_wrtn/s
loop0,0.0,0.0
sda,484.8524590163934,66.84590163934426
Device,kB_read/s,kB_wrtn/s
loop0,0.0,0.0
sda,484.8524590163934,66.84590163934426
Device,kB_read/s,kB_wrtn/s
loop0,0.0,0.0
sda,484.8524590163934,66.84590163934426
