Device,kB_read/s,kB_wrtn/s
loop0,0.0,0.0
sda,8.851612903225806,981.4709677419355
