{"Disk Write(KB/s)": 966.5845000000004, "Disk Read(KB/s)": 7.962333333333333}