{"user+system(%)": 97.14513513513512, "%sys": 7.571261261261259, "%guest": 0.0, "%iowait": 0.2727927927927929, "%idle": 0.797727272727273}