{"Available Memory(Kb)": 6238564.0, "I/O wait(%)": 0.23636363636363636, "Idle(%)": 0.8090909090909091, "user+system(%)": 98.96363636363637, "sys(%)": 8.263636363636364}