{"Disk Write(KB/s)": 424.41440000000017, "Disk Read(KB/s)": 10.581788888888887}