{"user+system(%)": 76.53552486187843, "%idle": 13.139333333333344, "%iowait": 1.7709392265193362}