Device,kB_read/s,kB_wrtn/s
loop0,0.0,0.0
sda,2.0989690721649485,295.220618556701
