{"Disk Read(KB/s)": 2.1423444444444426, "Disk Write(KB/s)": 298.7582333333336}