{"%iowait": 0.722762430939227, "%idle": 89.57944444444448, "user+system(%)": 8.925027624309394}