{"user+system(%)": 9.53888888888889, "Idle(%)": 89.53888888888889, "Available Memory(Kb)": 7227743.222222222, "I/O wait(%)": 0.7277777777777777}