Device,kB_read/s,kB_wrtn/s
loop0,0.0,0.0
sda,53.31506849315068,397.33698630136985
