{"Disk Write(KB/s)": 384.06963333333306, "Disk Read(KB/s)": 58.50546666666663}