{"%iowait": 2.826216216216217, "%idle": 44.90454545454547, "user+system(%)": 50.29945945945948}