{"Available Memory(Kb)": 9630456.0, "Idle(%)": 44.25454545454546, "user+system(%)": 52.9, "I/O wait(%)": 2.8727272727272726}