Device,kB_read/s,kB_wrtn/s
loop0,0.0,0.0
sda,385.31612903225806,3235.0451612903225
