{"Disk Read(KB/s)": 340.3256666666666, "Disk Write(KB/s)": 3219.8013333333347}