{"%idle": 11.749818181818185, "%guest": 69.69657657657656, "user+system(%)": 13.917117117117122, "%iowait": 3.4736936936936944, "%sys": 5.379369369369371}