{"I/O wait(%)": 3.463636363636364, "Available Memory(Kb)": 243635.56363636363, "user+system(%)": 84.95454545454545, "sys(%)": 5.536363636363636, "Idle(%)": 11.581818181818182}