Device,kB_read/s,kB_wrtn/s
loop0,0.0,0.0
sda,10.980645161290322,662.8129032258065
Device,kB_read/s,kB_wrtn/s
loop0,0.0,0.0
sda,10.980645161290322,662.8129032258065
