{"%sys": 7.294594594594597, "%idle": 0.06981818181818188, "%iowait": 0.011351351351351353, "user+system(%)": 98.04810810810812, "%guest": 0.0}