{"Available Memory(Kb)": 5316335.090909091, "Idle(%)": 0.07272727272727272, "I/O wait(%)": 0.0, "sys(%)": 8.2, "user+system(%)": 99.95454545454545}