Device,kB_read/s,kB_wrtn/s
loop0,0.0,0.0
sda,0.06222222222222222,61.03111111111111
