{"Disk Read(KB/s)": 11.404066666666667, "Disk Write(KB/s)": 63.10756666666673}