{"user+system(%)": 1.5526519337016564, "%idle": 95.04950000000007, "%iowait": 0.15751381215469643}