{"I/O wait(%)": 0.09444444444444444, "Available Memory(Kb)": 7207878.577777778, "user+system(%)": 4.938888888888889, "Idle(%)": 95.03888888888889}