{"%idle": 30.811727272727268, "user+system(%)": 64.50432432432433, "%iowait": 2.0345045045045054}