{"Available Memory(Kb)": 4232462.618181818, "I/O wait(%)": 2.036363636363636, "user+system(%)": 66.9090909090909, "Idle(%)": 31.0}