{"Disk Read(KB/s)": 0.22916666666666666, "Disk Write(KB/s)": 788.5853999999997}