{"%idle": 24.632909090909095, "user+system(%)": 72.13891891891892, "%iowait": 1.2926126126126125}