{"user+system(%)": 74.07272727272728, "Available Memory(Kb)": 8025366.509090909, "Idle(%)": 24.62727272727273, "I/O wait(%)": 1.2636363636363637}