Device,kB_read/s,kB_wrtn/s
loop0,0.0,0.0
sda,78.1639344262295,865.9934426229509
