{"Disk Read(KB/s)": 77.17283333333333, "Disk Write(KB/s)": 847.2790000000001}