{"%iowait": 1.066036036036036, "user+system(%)": 79.70558558558557, "%idle": 17.77999999999999}