{"user+system(%)": 80.57272727272728, "I/O wait(%)": 1.1363636363636365, "Available Memory(Kb)": 6798261.30909091, "Idle(%)": 18.30909090909091}