{"Disk Write(KB/s)": 286.29059999999987, "Disk Read(KB/s)": 14.785433333333334}