{"user+system(%)": 71.64054054054051, "%iowait": 2.5078378378378385, "%idle": 22.321181818181817}