{"I/O wait(%)": 2.5454545454545454, "Available Memory(Kb)": 9703472.981818182, "user+system(%)": 74.48181818181818, "Idle(%)": 23.054545454545455}