{"Disk Write(KB/s)": 137.52479999999989, "Disk Read(KB/s)": 33.193177777777784}