{"%iowait": 0.7371270718232048, "%idle": 8.546944444444446, "user+system(%)": 78.75756906077352}