{"user+system(%)": 10.03160220994475, "%iowait": 0.9280662983425415, "%idle": 87.35294444444449}