{"Idle(%)": 87.33888888888889, "user+system(%)": 11.71111111111111, "Available Memory(Kb)": 7629629.577777778, "I/O wait(%)": 0.8944444444444445}