{
  "AssignmentsList" : {
    "transaction" : "AssignmentsList",
    "sampleCount" : 90,
    "errorCount" : 0,
    "errorPct" : 0.0,
    "meanResTime" : 38.744444444444454,
    "medianResTime" : 33.0,
    "minResTime" : 25.0,
    "maxResTime" : 139.0,
    "pct1ResTime" : 52.70000000000002,
    "pct2ResTime" : 72.50000000000003,
    "pct3ResTime" : 139.0,
    "throughput" : 35.53099091985788,
    "receivedKBytesPerSec" : 13.60556282076589,
    "sentKBytesPerSec" : 11.554511695617844
  },
  "Get CSRF Token" : {
    "transaction" : "Get CSRF Token",
    "sampleCount" : 90,
    "errorCount" : 0,
    "errorPct" : 0.0,
    "meanResTime" : 46.35555555555556,
    "medianResTime" : 35.0,
    "minResTime" : 26.0,
    "maxResTime" : 189.0,
    "pct1ResTime" : 72.40000000000003,
    "pct2ResTime" : 150.90000000000018,
    "pct3ResTime" : 189.0,
    "throughput" : 36.94581280788178,
    "receivedKBytesPerSec" : 987.3551993534483,
    "sentKBytesPerSec" : 4.9429456588669956
  },
  "StudentCourses" : {
    "transaction" : "StudentCourses",
    "sampleCount" : 90,
    "errorCount" : 0,
    "errorPct" : 0.0,
    "meanResTime" : 42.02222222222221,
    "medianResTime" : 34.0,
    "minResTime" : 23.0,
    "maxResTime" : 101.0,
    "pct1ResTime" : 66.80000000000001,
    "pct2ResTime" : 82.25000000000001,
    "pct3ResTime" : 101.0,
    "throughput" : 36.885245901639344,
    "receivedKBytesPerSec" : 45.63828765368853,
    "sentKBytesPerSec" : 9.005186987704919
  },
  "GetSubmissionId" : {
    "transaction" : "GetSubmissionId",
    "sampleCount" : 279,
    "errorCount" : 0,
    "errorPct" : 0.0,
    "meanResTime" : 1222.2974910394273,
    "medianResTime" : 355.0,
    "minResTime" : 198.0,
    "maxResTime" : 16949.0,
    "pct1ResTime" : 4008.0,
    "pct2ResTime" : 5916.0,
    "pct3ResTime" : 8757.399999999963,
    "throughput" : 1.0293949445270503,
    "receivedKBytesPerSec" : 45.861365071319725,
    "sentKBytesPerSec" : 0.2402591716230127
  },
  "TestcasesResults" : {
    "transaction" : "TestcasesResults",
    "sampleCount" : 208,
    "errorCount" : 0,
    "errorPct" : 0.0,
    "meanResTime" : 75068.79807692314,
    "medianResTime" : 93291.0,
    "minResTime" : 7968.0,
    "maxResTime" : 106864.0,
    "pct1ResTime" : 96160.9,
    "pct2ResTime" : 96677.9,
    "pct3ResTime" : 106025.68,
    "throughput" : 0.5842762278227845,
    "receivedKBytesPerSec" : 16.91498497788599,
    "sentKBytesPerSec" : 0.14093381667209745
  },
  "Total" : {
    "transaction" : "Total",
    "sampleCount" : 1495,
    "errorCount" : 1,
    "errorPct" : 0.06688963,
    "meanResTime" : 11835.111036789283,
    "medianResTime" : 522.0,
    "minResTime" : 5.0,
    "maxResTime" : 106864.0,
    "pct1ResTime" : 63862.400000000016,
    "pct2ResTime" : 93532.0,
    "pct3ResTime" : 96422.51999999999,
    "throughput" : 3.7605143478085887,
    "receivedKBytesPerSec" : 111.77809070417203,
    "sentKBytesPerSec" : 1.793910863390198
  },
  "Upload" : {
    "transaction" : "Upload",
    "sampleCount" : 279,
    "errorCount" : 0,
    "errorPct" : 0.0,
    "meanResTime" : 3427.247311827955,
    "medianResTime" : 594.0,
    "minResTime" : 345.0,
    "maxResTime" : 21399.0,
    "pct1ResTime" : 12055.0,
    "pct2ResTime" : 16947.0,
    "pct3ResTime" : 20839.399999999994,
    "throughput" : 1.024913855806743,
    "receivedKBytesPerSec" : 45.89578997806905,
    "sentKBytesPerSec" : 1.4327255063037712
  },
  "Course Page" : {
    "transaction" : "Course Page",
    "sampleCount" : 90,
    "errorCount" : 0,
    "errorPct" : 0.0,
    "meanResTime" : 92.77777777777779,
    "medianResTime" : 83.0,
    "minResTime" : 57.0,
    "maxResTime" : 275.0,
    "pct1ResTime" : 138.30000000000004,
    "pct2ResTime" : 165.95000000000005,
    "pct3ResTime" : 275.0,
    "throughput" : 34.70883146934053,
    "receivedKBytesPerSec" : 1123.5300719485153,
    "sentKBytesPerSec" : 10.134707626301582
  },
  "Login" : {
    "transaction" : "Login",
    "sampleCount" : 90,
    "errorCount" : 0,
    "errorPct" : 0.0,
    "meanResTime" : 154.1888888888888,
    "medianResTime" : 125.5,
    "minResTime" : 75.0,
    "maxResTime" : 368.0,
    "pct1ResTime" : 256.9,
    "pct2ResTime" : 316.05,
    "pct3ResTime" : 368.0,
    "throughput" : 35.94249201277955,
    "receivedKBytesPerSec" : 61.5234375,
    "sentKBytesPerSec" : 21.333834614616613
  },
  "RunPractice" : {
    "transaction" : "RunPractice",
    "sampleCount" : 279,
    "errorCount" : 1,
    "errorPct" : 0.35842294,
    "meanResTime" : 2682.0430107526877,
    "medianResTime" : 2143.0,
    "minResTime" : 5.0,
    "maxResTime" : 16018.0,
    "pct1ResTime" : 4513.0,
    "pct2ResTime" : 5282.0,
    "pct3ResTime" : 7320.399999999999,
    "throughput" : 1.0351659604781798,
    "receivedKBytesPerSec" : 29.2144881146066,
    "sentKBytesPerSec" : 0.24075463923167684
  }
}