Device,kB_read/s,kB_wrtn/s
loop0,0.0,0.0
sda,188.90322580645162,873.5096774193548
