Device,kB_read/s,kB_wrtn/s
loop0,0.0,0.0
sda,5.235555555555556,176.94666666666666
