{"Disk Read(KB/s)": 3.286366666666667, "Disk Write(KB/s)": 132.39136666666658}