{"I/O wait(%)": 0.9611111111111111, "user+system(%)": 87.72222222222223, "Idle(%)": 11.238888888888889, "Available Memory(Kb)": 6725544.111111111}