{"user+system(%)": 96.34891891891883, "%idle": 2.0170909090909097, "%iowait": 0.0013513513513513512}