{"Available Memory(Kb)": 6576173.418181818, "Idle(%)": 2.2636363636363637, "user+system(%)": 97.65454545454546, "I/O wait(%)": 0.0}