{
  "AssignmentsList" : {
    "transaction" : "AssignmentsList",
    "sampleCount" : 180,
    "errorCount" : 3,
    "errorPct" : 1.6666666,
    "meanResTime" : 69.42222222222219,
    "medianResTime" : 37.0,
    "minResTime" : 0.0,
    "maxResTime" : 413.0,
    "pct1ResTime" : 266.80000000000047,
    "pct2ResTime" : 343.5999999999999,
    "pct3ResTime" : 412.19,
    "throughput" : 22.721534965917698,
    "receivedKBytesPerSec" : 9.029320050176723,
    "sentKBytesPerSec" : 7.222149354645292
  },
  "Get CSRF Token" : {
    "transaction" : "Get CSRF Token",
    "sampleCount" : 180,
    "errorCount" : 0,
    "errorPct" : 0.0,
    "meanResTime" : 5011.627777777774,
    "medianResTime" : 5541.5,
    "minResTime" : 70.0,
    "maxResTime" : 7983.0,
    "pct1ResTime" : 7076.4,
    "pct2ResTime" : 7187.45,
    "pct3ResTime" : 7562.609999999999,
    "throughput" : 22.058823529411764,
    "receivedKBytesPerSec" : 589.5197849647672,
    "sentKBytesPerSec" : 2.908145680147059
  },
  "StudentCourses" : {
    "transaction" : "StudentCourses",
    "sampleCount" : 180,
    "errorCount" : 0,
    "errorPct" : 0.0,
    "meanResTime" : 105.4222222222223,
    "medianResTime" : 38.0,
    "minResTime" : 22.0,
    "maxResTime" : 1461.0,
    "pct1ResTime" : 317.8,
    "pct2ResTime" : 402.7499999999995,
    "pct3ResTime" : 1418.8799999999999,
    "throughput" : 19.893899204244033,
    "receivedKBytesPerSec" : 33.37214543269231,
    "sentKBytesPerSec" : 4.876984209217507
  },
  "GetSubmissionId" : {
    "transaction" : "GetSubmissionId",
    "sampleCount" : 809,
    "errorCount" : 4,
    "errorPct" : 0.49443758,
    "meanResTime" : 1070.9629171817076,
    "medianResTime" : 494.0,
    "minResTime" : 0.0,
    "maxResTime" : 50002.0,
    "pct1ResTime" : 1735.0,
    "pct2ResTime" : 3207.0,
    "pct3ResTime" : 5454.399999999992,
    "throughput" : 2.955618232036125,
    "receivedKBytesPerSec" : 132.22188369400217,
    "sentKBytesPerSec" : 0.6815272832972862
  },
  "TestcasesResults" : {
    "transaction" : "TestcasesResults",
    "sampleCount" : 679,
    "errorCount" : 4,
    "errorPct" : 0.5891016,
    "meanResTime" : 32477.525773195866,
    "medianResTime" : 37056.0,
    "minResTime" : 3422.0,
    "maxResTime" : 75155.0,
    "pct1ResTime" : 40018.0,
    "pct2ResTime" : 40443.0,
    "pct3ResTime" : 66394.60000000003,
    "throughput" : 2.379308774007716,
    "receivedKBytesPerSec" : 68.57035550780196,
    "sentKBytesPerSec" : 0.5762388437049937
  },
  "Total" : {
    "transaction" : "Total",
    "sampleCount" : 4009,
    "errorCount" : 95,
    "errorPct" : 2.3696682,
    "meanResTime" : 8327.48765278125,
    "medianResTime" : 1445.0,
    "minResTime" : 0.0,
    "maxResTime" : 79413.0,
    "pct1ResTime" : 37694.0,
    "pct2ResTime" : 39709.5,
    "pct3ResTime" : 50006.0,
    "throughput" : 11.798290145528922,
    "receivedKBytesPerSec" : 362.75901991458085,
    "sentKBytesPerSec" : 5.7097127266072185
  },
  "Upload" : {
    "transaction" : "Upload",
    "sampleCount" : 812,
    "errorCount" : 71,
    "errorPct" : 8.743842,
    "meanResTime" : 9055.71798029555,
    "medianResTime" : 1074.5,
    "minResTime" : 0.0,
    "maxResTime" : 79413.0,
    "pct1ResTime" : 43679.100000000006,
    "pct2ResTime" : 50005.0,
    "pct3ResTime" : 72719.11,
    "throughput" : 2.960823779936408,
    "receivedKBytesPerSec" : 122.20057994383734,
    "sentKBytesPerSec" : 4.081391574642295
  },
  "Course Page" : {
    "transaction" : "Course Page",
    "sampleCount" : 180,
    "errorCount" : 3,
    "errorPct" : 1.6666666,
    "meanResTime" : 203.96666666666673,
    "medianResTime" : 78.5,
    "minResTime" : 0.0,
    "maxResTime" : 1726.0,
    "pct1ResTime" : 666.8000000000003,
    "pct2ResTime" : 916.8499999999997,
    "pct3ResTime" : 1500.8199999999993,
    "throughput" : 22.83684344075108,
    "receivedKBytesPerSec" : 727.7133867118117,
    "sentKBytesPerSec" : 6.513183717647806
  },
  "Login" : {
    "transaction" : "Login",
    "sampleCount" : 180,
    "errorCount" : 3,
    "errorPct" : 1.6666666,
    "meanResTime" : 557.0388888888888,
    "medianResTime" : 417.0,
    "minResTime" : 83.0,
    "maxResTime" : 2411.0,
    "pct1ResTime" : 1342.4,
    "pct2ResTime" : 1409.6499999999999,
    "pct3ResTime" : 2031.109999999999,
    "throughput" : 19.672131147540984,
    "receivedKBytesPerSec" : 33.81627817622951,
    "sentKBytesPerSec" : 11.447873975409836
  },
  "RunPractice" : {
    "transaction" : "RunPractice",
    "sampleCount" : 809,
    "errorCount" : 7,
    "errorPct" : 0.8652658,
    "meanResTime" : 2524.672435105064,
    "medianResTime" : 2166.0,
    "minResTime" : 0.0,
    "maxResTime" : 50003.0,
    "pct1ResTime" : 3146.0,
    "pct2ResTime" : 3600.5,
    "pct3ResTime" : 8272.699999999953,
    "throughput" : 2.9393491285501994,
    "receivedKBytesPerSec" : 82.69987869280713,
    "sentKBytesPerSec" : 0.6855037223277901
  }
}