Device,kB_read/s,kB_wrtn/s
loop0,0.0,0.0
sda,1.7419354838709677,832.6064516129032
