{"Disk Read(KB/s)": 1.713933333333333, "Disk Write(KB/s)": 822.0008666666669}