Device,kB_read/s,kB_wrtn/s
loop0,0.0,0.0
sda,430.8857142857143,100.24285714285715
