Device,kB_read/s,kB_wrtn/s
loop0,0.0,0.0
sda,0.34098360655737703,582.1639344262295
