{"Disk Write(KB/s)": 574.8498333333334, "Disk Read(KB/s)": 0.3401666666666667}