{"user+system(%)": 45.496576576576565, "%iowait": 1.9509909909909884, "%idle": 51.20090909090908}