{"user+system(%)": 46.7, "Idle(%)": 51.35454545454545, "I/O wait(%)": 1.981818181818182, "Available Memory(Kb)": 3052164.036363636}