Device,kB_read/s,kB_wrtn/s
loop0,0.0,0.0
sda,15.871604938271606,319.4765432098765
