{"user+system(%)": 29.109189189189202, "%iowait": 1.3220720720720716, "%idle": 68.2100909090909}