{"I/O wait(%)": 1.3181818181818181, "Idle(%)": 68.19090909090909, "user+system(%)": 30.4, "Available Memory(Kb)": 4415187.818181818}