{"Disk Read(KB/s)": 1247.5846666666666, "Disk Write(KB/s)": 227.85616666666664}