Device,kB_read/s,kB_wrtn/s
loop0,0.0,0.0
sda,404.51147540983607,807.4098360655738
