{"Disk Write(KB/s)": 799.0646666666665, "Disk Read(KB/s)": 382.5423333333334}