{"%idle": 12.049999999999997, "%guest": 63.217297297297286, "user+system(%)": 21.87405405405405, "%sys": 5.876486486486484, "%iowait": 1.6208108108108106}