{"user+system(%)": 86.36363636363636, "sys(%)": 6.009090909090909, "I/O wait(%)": 1.6272727272727272, "Idle(%)": 11.954545454545455, "Available Memory(Kb)": 2156600.7636363637}