Device,kB_read/s,kB_wrtn/s
loop0,0.0,0.0
sda,0.04861878453038674,159.460773480663
