{"Disk Write(KB/s)": 149.16562222222223, "Disk Read(KB/s)": 0.04163333333333332}