{"Idle(%)": 71.36111111111111, "user+system(%)": 26.57777777777778, "I/O wait(%)": 2.022222222222222, "Available Memory(Kb)": 7442165.533333333}