{"user+system(%)": 96.9943243243243, "%iowait": 0.0005405405405405405, "%idle": 1.3667272727272732}