{"Idle(%)": 1.481818181818182, "I/O wait(%)": 0.0, "user+system(%)": 98.46363636363637, "Available Memory(Kb)": 6599343.781818182}