{"user+system(%)": 15.201801801801803, "%iowait": 1.074144144144144, "%idle": 83.03445454545452}