Device,kB_read/s,kB_wrtn/s
loop0,0.0,0.0
sda,219.2495575221239,407.3628318584071
