{"Disk Write(KB/s)": 421.0269777777782, "Disk Read(KB/s)": 227.81198888888946}