{"%idle": 83.51233333333336, "user+system(%)": 12.764806629834258, "%iowait": 2.582099447513814}