{"Idle(%)": 83.61666666666666, "Available Memory(Kb)": 10336832.888888888, "user+system(%)": 13.805555555555555, "I/O wait(%)": 2.6}