Device,kB_read/s,kB_wrtn/s
loop0,0.0,0.0
sda,15.754838709677419,901.083870967742
