{"Disk Write(KB/s)": 875.2121666666667, "Disk Read(KB/s)": 15.828000000000005}