{"%idle": 1.6141818181818184, "%iowait": 0.2578378378378381, "user+system(%)": 96.48855855855855}