{"user+system(%)": 98.00909090909092, "I/O wait(%)": 0.24545454545454545, "Idle(%)": 1.5909090909090908, "Available Memory(Kb)": 2934251.2}