Device,kB_read/s,kB_wrtn/s
loop0,0.0,0.0
sda,0.9657370517928286,362.23107569721117
