{"Disk Write(KB/s)": 369.1275444444446, "Disk Read(KB/s)": 0.6948222222222222}