{"%idle": 83.75961111111111, "user+system(%)": 14.83955801104972, "%iowait": 0.7570165745856355}