{"I/O wait(%)": 0.7166666666666667, "Available Memory(Kb)": 2622976.311111111, "user+system(%)": 15.438888888888888, "Idle(%)": 83.7611111111111}