{"Disk Write(KB/s)": 265.88863333333336, "Disk Read(KB/s)": 0.7766666666666666}