{"%iowait": 0.9000900900900904, "%idle": 80.89945454545455, "user+system(%)": 17.450360360360374}