{"%idle": 0.25777777777777783, "user+system(%)": 77.77248618784529, "%iowait": 9.61922651933702}