{"Available Memory(Kb)": 5194396.533333333, "I/O wait(%)": 9.661111111111111, "user+system(%)": 89.54444444444445, "Idle(%)": 0.7944444444444444}