{"Disk Write(KB/s)": 248.46669999999995, "Disk Read(KB/s)": 12.285499999999999}