{"%iowait": 3.061381215469614, "user+system(%)": 19.522651933701656, "%idle": 73.80388888888892}