{"Disk Read(KB/s)": 77.55642222222227, "Disk Write(KB/s)": 575.0813555555551}