{"%idle": 40.179111111111084, "user+system(%)": 49.48607734806632, "%iowait": 5.6653038674033125}