{"Idle(%)": 40.55, "user+system(%)": 53.83888888888889, "I/O wait(%)": 5.627777777777778, "Available Memory(Kb)": 6970435.111111111}