Device,kB_read/s,kB_wrtn/s
loop0,0.0,0.0
sda,9.182978723404256,226.45106382978724
