{"Disk Write(KB/s)": 215.31767777777762, "Disk Read(KB/s)": 8.206788888888882}