{"user+system(%)": 5.417955801104973, "%iowait": 0.4907734806629839, "%idle": 93.17644444444444}