{"Available Memory(Kb)": 8787179.08888889, "I/O wait(%)": 0.4777777777777778, "user+system(%)": 6.272222222222222, "Idle(%)": 93.22777777777777}