Device,kB_read/s,kB_wrtn/s
loop0,0.0,0.0
sda,113.12265193370166,176.77348066298342
