{"Disk Read(KB/s)": 67.22074444444445, "Disk Write(KB/s)": 141.05175555555536}