{"%iowait": 0.5431491712707185, "%idle": 6.341944444444449, "user+system(%)": 80.80872928176798}