{"user+system(%)": 5.502988047808757, "%iowait": 0.16876494023904381, "%idle": 91.5049199999999}