{"%idle": 13.32972727272727, "user+system(%)": 81.02171171171166, "%iowait": 2.3818018018018012}