Device,kB_read/s,kB_wrtn/s
loop0,0.0,0.0
sda,2.876502732240437,450.92896174863387
