{"%idle": 29.289055555555564, "%iowait": 5.333425414364642, "user+system(%)": 58.15850828729284}