{"I/O wait(%)": 5.333333333333333, "Idle(%)": 29.794444444444444, "user+system(%)": 64.95, "Available Memory(Kb)": 7282846.244444445}