Device,kB_read/s,kB_wrtn/s
loop0,0.0,0.0
sda,0.9483146067415731,215.8112359550562
