{"%idle": 50.302111111111124, "%iowait": 1.7720441988950284, "user+system(%)": 41.497845303867415}