{"user+system(%)": 47.91111111111111, "Available Memory(Kb)": 7054664.0, "Idle(%)": 50.25555555555555, "I/O wait(%)": 1.7444444444444445}