{"Idle(%)": 29.772727272727273, "Available Memory(Kb)": 5121325.890909091, "user+system(%)": 67.7, "I/O wait(%)": 2.5636363636363635}