{"%idle": 12.388944444444455, "user+system(%)": 77.10331491712711, "%iowait": 1.8479005524861873}