{"Disk Read(KB/s)": 1163.4294555555553, "Disk Write(KB/s)": 379.27390000000025}