{"%idle": 73.50911111111104, "%iowait": 4.659005524861877, "user+system(%)": 19.44425414364641}