{"I/O wait(%)": 4.5777777777777775, "Available Memory(Kb)": 8208366.111111111, "user+system(%)": 21.944444444444443, "Idle(%)": 73.51666666666667}