Device,kB_read/s,kB_wrtn/s
loop0,0.0,0.0
sda,10.180645161290322,718.1161290322581
Device,kB_read/s,kB_wrtn/s
loop0,0.0,0.0
sda,10.180645161290322,718.1161290322581
