{"Disk Read(KB/s)": 10.276499999999997, "Disk Write(KB/s)": 698.0729999999998}