{"%guest": 0.0, "%sys": 7.484144144144147, "%iowait": 0.03567567567567566, "user+system(%)": 97.96477477477472, "%idle": 0.1686363636363638}