{"Idle(%)": 0.14545454545454545, "I/O wait(%)": 0.01818181818181818, "user+system(%)": 99.81818181818181, "Available Memory(Kb)": 5504797.30909091, "sys(%)": 8.363636363636363}