{"user+system(%)": 94.38711711711714, "%iowait": 0.5887387387387395, "%idle": 2.6752727272727257}