Device,kB_read/s,kB_wrtn/s
loop0,0.0,0.0
sda,0.49230769230769234,407.5252747252747
