{"Disk Write(KB/s)": 382.8523555555553, "Disk Read(KB/s)": 0.44856666666666656}