{"%idle": 82.3353888888889, "%iowait": 1.5391712707182326, "user+system(%)": 14.309392265193363}