{"user+system(%)": 16.08888888888889, "Idle(%)": 82.37222222222222, "I/O wait(%)": 1.5277777777777777, "Available Memory(Kb)": 7390995.022222222}