Device,kB_read/s,kB_wrtn/s
loop0,0.0,0.0
sda,550.2508474576272,63.11864406779661
