{"Disk Read(KB/s)": 495.75803333333323, "Disk Write(KB/s)": 62.1880666666667}