{"user+system(%)": 1.629099099099099, "%idle": 97.81245454545454, "%iowait": 0.16342342342342328}