{"I/O wait(%)": 0.1, "Available Memory(Kb)": 9995177.781818181, "Idle(%)": 97.73636363636363, "user+system(%)": 1.690909090909091}