Device,kB_read/s,kB_wrtn/s
loop0,0.0,0.0
sda,1.3901639344262295,913.1540983606558
