Device,kB_read/s,kB_wrtn/s
loop0,0.0,0.0
sda,2.6857142857142855,58.034285714285716
