{"Disk Write(KB/s)": 59.36083333333335, "Disk Read(KB/s)": 2.9811666666666667}