{"%sys": 4.447027027027027, "%guest": 0.0, "user+system(%)": 96.76900900900901, "%iowait": 0.0, "%idle": 0.0}