{"Available Memory(Kb)": 7468875.345454546, "I/O wait(%)": 0.0, "Idle(%)": 0.0, "sys(%)": 5.581818181818182, "user+system(%)": 100.22727272727273}