{"Disk Read(KB/s)": 2198.797333333333, "Disk Write(KB/s)": 303.6276666666666}