{"user+system(%)": 2.3443243243243237, "%iowait": 31.601081081081084, "%idle": 55.299454545454545}