{"Idle(%)": 55.372727272727275, "user+system(%)": 12.554545454545455, "I/O wait(%)": 32.163636363636364, "Available Memory(Kb)": 3996830.8}