{"%iowait": 13.698011049723755, "%idle": 10.111166666666666, "user+system(%)": 69.0108287292818}