{
  "RunPractice_2_91686_user1 1628177860497" : {
    "transaction" : "RunPractice_2_91686_user1 1628177860497",
    "sampleCount" : 1,
    "errorCount" : 0,
    "errorPct" : 0.0,
    "meanResTime" : 2139.0,
    "medianResTime" : 2139.0,
    "minResTime" : 2139.0,
    "maxResTime" : 2139.0,
    "pct1ResTime" : 2139.0,
    "pct2ResTime" : 2139.0,
    "pct3ResTime" : 2139.0,
    "throughput" : 0.4675081813931744,
    "receivedKBytesPerSec" : 13.24636950677887,
    "sentKBytesPerSec" : 0.10911567905563349
  },
  "Login_user1" : {
    "transaction" : "Login_user1",
    "sampleCount" : 1,
    "errorCount" : 0,
    "errorPct" : 0.0,
    "meanResTime" : 121.0,
    "medianResTime" : 121.0,
    "minResTime" : 121.0,
    "maxResTime" : 121.0,
    "pct1ResTime" : 121.0,
    "pct2ResTime" : 121.0,
    "pct3ResTime" : 121.0,
    "throughput" : 8.264462809917356,
    "receivedKBytesPerSec" : 14.131908574380166,
    "sentKBytesPerSec" : 4.8586002066115705
  },
  "Upload_2_user1-0" : {
    "transaction" : "Upload_2_user1-0",
    "sampleCount" : 2,
    "errorCount" : 0,
    "errorPct" : 0.0,
    "meanResTime" : 310.5,
    "medianResTime" : 310.5,
    "minResTime" : 297.0,
    "maxResTime" : 324.0,
    "pct1ResTime" : 324.0,
    "pct2ResTime" : 324.0,
    "pct3ResTime" : 324.0,
    "throughput" : 0.015463598688686834,
    "receivedKBytesPerSec" : 0.0035336739190944513,
    "sentKBytesPerSec" : 0.01612049960954413
  },
  "Upload_2_user1-1" : {
    "transaction" : "Upload_2_user1-1",
    "sampleCount" : 2,
    "errorCount" : 0,
    "errorPct" : 0.0,
    "meanResTime" : 275.0,
    "medianResTime" : 275.0,
    "minResTime" : 269.0,
    "maxResTime" : 281.0,
    "pct1ResTime" : 281.0,
    "pct2ResTime" : 281.0,
    "pct3ResTime" : 281.0,
    "throughput" : 0.01547029702970297,
    "receivedKBytesPerSec" : 0.6581372553759283,
    "sentKBytesPerSec" : 0.003580527730507426
  },
  "RunPractice_2_91687_user1 1628177989494" : {
    "transaction" : "RunPractice_2_91687_user1 1628177989494",
    "sampleCount" : 1,
    "errorCount" : 0,
    "errorPct" : 0.0,
    "meanResTime" : 2130.0,
    "medianResTime" : 2130.0,
    "minResTime" : 2130.0,
    "maxResTime" : 2130.0,
    "pct1ResTime" : 2130.0,
    "pct2ResTime" : 2130.0,
    "pct3ResTime" : 2130.0,
    "throughput" : 0.4694835680751174,
    "receivedKBytesPerSec" : 13.302340082159626,
    "sentKBytesPerSec" : 0.10957673122065728
  },
  "TestcasesResults_2_91687_user1" : {
    "transaction" : "TestcasesResults_2_91687_user1",
    "sampleCount" : 1,
    "errorCount" : 0,
    "errorPct" : 0.0,
    "meanResTime" : 5387.0,
    "medianResTime" : 5387.0,
    "minResTime" : 5387.0,
    "maxResTime" : 5387.0,
    "pct1ResTime" : 5387.0,
    "pct2ResTime" : 5387.0,
    "pct3ResTime" : 5387.0,
    "throughput" : 0.18563207722294414,
    "receivedKBytesPerSec" : 7.4164003039725275,
    "sentKBytesPerSec" : 0.04477648737701875
  },
  "GetSubmissionId_2_user1" : {
    "transaction" : "GetSubmissionId_2_user1",
    "sampleCount" : 2,
    "errorCount" : 0,
    "errorPct" : 0.0,
    "meanResTime" : 266.5,
    "medianResTime" : 266.5,
    "minResTime" : 266.0,
    "maxResTime" : 267.0,
    "pct1ResTime" : 267.0,
    "pct2ResTime" : 267.0,
    "pct3ResTime" : 267.0,
    "throughput" : 0.015472211907414284,
    "receivedKBytesPerSec" : 0.6583773686989417,
    "sentKBytesPerSec" : 0.0035809709199777196
  },
  "AssignmentsList_6_user1" : {
    "transaction" : "AssignmentsList_6_user1",
    "sampleCount" : 1,
    "errorCount" : 0,
    "errorPct" : 0.0,
    "meanResTime" : 40.0,
    "medianResTime" : 40.0,
    "minResTime" : 40.0,
    "maxResTime" : 40.0,
    "pct1ResTime" : 40.0,
    "pct2ResTime" : 40.0,
    "pct3ResTime" : 40.0,
    "throughput" : 25.0,
    "receivedKBytesPerSec" : 9.6923828125,
    "sentKBytesPerSec" : 8.0810546875
  },
  "TestcasesResults_2_91686_user1" : {
    "transaction" : "TestcasesResults_2_91686_user1",
    "sampleCount" : 1,
    "errorCount" : 0,
    "errorPct" : 0.0,
    "meanResTime" : 6549.0,
    "medianResTime" : 6549.0,
    "minResTime" : 6549.0,
    "maxResTime" : 6549.0,
    "pct1ResTime" : 6549.0,
    "pct2ResTime" : 6549.0,
    "pct3ResTime" : 6549.0,
    "throughput" : 0.15269506794930524,
    "receivedKBytesPerSec" : 6.100496020384791,
    "sentKBytesPerSec" : 0.03683172049167811
  },
  "Course Page_6_user1" : {
    "transaction" : "Course Page_6_user1",
    "sampleCount" : 1,
    "errorCount" : 0,
    "errorPct" : 0.0,
    "meanResTime" : 94.0,
    "medianResTime" : 94.0,
    "minResTime" : 94.0,
    "maxResTime" : 94.0,
    "pct1ResTime" : 94.0,
    "pct2ResTime" : 94.0,
    "pct3ResTime" : 94.0,
    "throughput" : 10.638297872340425,
    "receivedKBytesPerSec" : 344.40450465425533,
    "sentKBytesPerSec" : 3.0855219414893615
  },
  "Upload_2_user1" : {
    "transaction" : "Upload_2_user1",
    "sampleCount" : 2,
    "errorCount" : 0,
    "errorPct" : 0.0,
    "meanResTime" : 586.0,
    "medianResTime" : 586.0,
    "minResTime" : 566.0,
    "maxResTime" : 606.0,
    "pct1ResTime" : 606.0,
    "pct2ResTime" : 606.0,
    "pct3ResTime" : 606.0,
    "throughput" : 0.01543150341422013,
    "receivedKBytesPerSec" : 0.6600132373365226,
    "sentKBytesPerSec" : 0.019658590042822423
  },
  "Get CSRF Token" : {
    "transaction" : "Get CSRF Token",
    "sampleCount" : 1,
    "errorCount" : 0,
    "errorPct" : 0.0,
    "meanResTime" : 105.0,
    "medianResTime" : 105.0,
    "minResTime" : 105.0,
    "maxResTime" : 105.0,
    "pct1ResTime" : 105.0,
    "pct2ResTime" : 105.0,
    "pct3ResTime" : 105.0,
    "throughput" : 9.523809523809526,
    "receivedKBytesPerSec" : 254.5200892857143,
    "sentKBytesPerSec" : 1.2555803571428572
  },
  "Login_user1-0" : {
    "transaction" : "Login_user1-0",
    "sampleCount" : 1,
    "errorCount" : 0,
    "errorPct" : 0.0,
    "meanResTime" : 91.0,
    "medianResTime" : 91.0,
    "minResTime" : 91.0,
    "maxResTime" : 91.0,
    "pct1ResTime" : 91.0,
    "pct2ResTime" : 91.0,
    "pct3ResTime" : 91.0,
    "throughput" : 10.989010989010989,
    "receivedKBytesPerSec" : 5.322802197802198,
    "sentKBytesPerSec" : 3.7989354395604398
  },
  "StudentCourses_user1" : {
    "transaction" : "StudentCourses_user1",
    "sampleCount" : 1,
    "errorCount" : 0,
    "errorPct" : 0.0,
    "meanResTime" : 35.0,
    "medianResTime" : 35.0,
    "minResTime" : 35.0,
    "maxResTime" : 35.0,
    "pct1ResTime" : 35.0,
    "pct2ResTime" : 35.0,
    "pct3ResTime" : 35.0,
    "throughput" : 28.57142857142857,
    "receivedKBytesPerSec" : 35.46316964285714,
    "sentKBytesPerSec" : 6.919642857142857
  },
  "Login_user1-1" : {
    "transaction" : "Login_user1-1",
    "sampleCount" : 1,
    "errorCount" : 0,
    "errorPct" : 0.0,
    "meanResTime" : 26.0,
    "medianResTime" : 26.0,
    "minResTime" : 26.0,
    "maxResTime" : 26.0,
    "pct1ResTime" : 26.0,
    "pct2ResTime" : 26.0,
    "pct3ResTime" : 26.0,
    "throughput" : 38.46153846153847,
    "receivedKBytesPerSec" : 47.13792067307693,
    "sentKBytesPerSec" : 9.314903846153847
  },
  "Total" : {
    "transaction" : "Total",
    "sampleCount" : 20,
    "errorCount" : 0,
    "errorPct" : 0.0,
    "meanResTime" : 980.6000000000001,
    "medianResTime" : 268.0,
    "minResTime" : 19.0,
    "maxResTime" : 6549.0,
    "pct1ResTime" : 5062.200000000007,
    "pct2ResTime" : 6490.9,
    "pct3ResTime" : 6549.0,
    "throughput" : 0.07367757954415681,
    "receivedKBytesPerSec" : 1.6831873289298702,
    "sentKBytesPerSec" : 0.03194254046741057
  },
  "Get solutions folder" : {
    "transaction" : "Get solutions folder",
    "sampleCount" : 1,
    "errorCount" : 0,
    "errorPct" : 0.0,
    "meanResTime" : 19.0,
    "medianResTime" : 19.0,
    "minResTime" : 19.0,
    "maxResTime" : 19.0,
    "pct1ResTime" : 19.0,
    "pct2ResTime" : 19.0,
    "pct3ResTime" : 19.0,
    "throughput" : 52.63157894736842,
    "receivedKBytesPerSec" : 0.0,
    "sentKBytesPerSec" : 0.0
  }
}