{"Disk Read(KB/s)": 0.9187888888888891, "Disk Write(KB/s)": 455.44608888888877}