{"%iowait": 0.8904419889502764, "user+system(%)": 20.363922651933702, "%idle": 76.53516666666671}