{"user+system(%)": 75.78207207207205, "%iowait": 1.1617117117117115, "%idle": 20.97372727272728}