{"user+system(%)": 77.85454545454546, "Available Memory(Kb)": 8622939.672727272, "I/O wait(%)": 1.1090909090909091, "Idle(%)": 20.863636363636363}