Device,kB_read/s,kB_wrtn/s
loop0,0.0,0.0
sda,27.212903225806453,883.9483870967742
