{"Disk Write(KB/s)": 855.0941666666664, "Disk Read(KB/s)": 26.440900000000003}