{"%idle": 30.270999999999994, "%iowait": 2.52099099099099, "user+system(%)": 65.27333333333334}