{"Disk Read(KB/s)": 4.830666666666665, "Disk Write(KB/s)": 877.7722333333331}