{
  "AssignmentsList" : {
    "transaction" : "AssignmentsList",
    "sampleCount" : 30,
    "errorCount" : 0,
    "errorPct" : 0.0,
    "meanResTime" : 510.06666666666666,
    "medianResTime" : 622.5,
    "minResTime" : 82.0,
    "maxResTime" : 670.0,
    "pct1ResTime" : 666.3000000000001,
    "pct2ResTime" : 669.45,
    "pct3ResTime" : 670.0,
    "throughput" : 14.22475106685633,
    "receivedKBytesPerSec" : 5.514869310099574,
    "sentKBytesPerSec" : 4.625822368421053
  },
  "Get CSRF Token" : {
    "transaction" : "Get CSRF Token",
    "sampleCount" : 30,
    "errorCount" : 0,
    "errorPct" : 0.0,
    "meanResTime" : 447.53333333333336,
    "medianResTime" : 373.0,
    "minResTime" : 285.0,
    "maxResTime" : 723.0,
    "pct1ResTime" : 693.4000000000001,
    "pct2ResTime" : 715.85,
    "pct3ResTime" : 723.0,
    "throughput" : 41.37931034482759,
    "receivedKBytesPerSec" : 1346.3227370689656,
    "sentKBytesPerSec" : 5.536099137931035
  },
  "StudentCourses" : {
    "transaction" : "StudentCourses",
    "sampleCount" : 30,
    "errorCount" : 0,
    "errorPct" : 0.0,
    "meanResTime" : 422.4,
    "medianResTime" : 527.5,
    "minResTime" : 25.0,
    "maxResTime" : 584.0,
    "pct1ResTime" : 569.3000000000001,
    "pct2ResTime" : 579.6,
    "pct3ResTime" : 584.0,
    "throughput" : 18.645121193287757,
    "receivedKBytesPerSec" : 23.251777113113736,
    "sentKBytesPerSec" : 4.5520315413300185
  },
  "Total" : {
    "transaction" : "Total",
    "sampleCount" : 469,
    "errorCount" : 0,
    "errorPct" : 0.0,
    "meanResTime" : 10037.865671641806,
    "medianResTime" : 10288.0,
    "minResTime" : 25.0,
    "maxResTime" : 28404.0,
    "pct1ResTime" : 20657.0,
    "pct2ResTime" : 24108.5,
    "pct3ResTime" : 26642.3,
    "throughput" : 1.522687722396821,
    "receivedKBytesPerSec" : 52.71283094209404,
    "sentKBytesPerSec" : 1.4806300434972468
  },
  "Upload" : {
    "transaction" : "Upload",
    "sampleCount" : 319,
    "errorCount" : 0,
    "errorPct" : 0.0,
    "meanResTime" : 14393.542319749211,
    "medianResTime" : 14155.0,
    "minResTime" : 2249.0,
    "maxResTime" : 28404.0,
    "pct1ResTime" : 22869.0,
    "pct2ResTime" : 26035.0,
    "pct3ResTime" : 27116.400000000005,
    "throughput" : 1.1319683474681523,
    "receivedKBytesPerSec" : 49.739386965065115,
    "sentKBytesPerSec" : 1.4491943541304424
  },
  "Course Page" : {
    "transaction" : "Course Page",
    "sampleCount" : 30,
    "errorCount" : 0,
    "errorPct" : 0.0,
    "meanResTime" : 839.9666666666667,
    "medianResTime" : 910.5,
    "minResTime" : 124.0,
    "maxResTime" : 1052.0,
    "pct1ResTime" : 969.5,
    "pct2ResTime" : 1022.3,
    "pct3ResTime" : 1052.0,
    "throughput" : 14.40922190201729,
    "receivedKBytesPerSec" : 549.0931383585495,
    "sentKBytesPerSec" : 4.207380223342939
  },
  "Login" : {
    "transaction" : "Login",
    "sampleCount" : 30,
    "errorCount" : 0,
    "errorPct" : 0.0,
    "meanResTime" : 1654.0000000000002,
    "medianResTime" : 1463.0,
    "minResTime" : 1001.0,
    "maxResTime" : 2639.0,
    "pct1ResTime" : 2497.0,
    "pct2ResTime" : 2596.1,
    "pct3ResTime" : 2639.0,
    "throughput" : 11.367942402425161,
    "receivedKBytesPerSec" : 19.165640394088673,
    "sentKBytesPerSec" : 6.743054897688519
  }
}