Device,kB_read/s,kB_wrtn/s
loop0,0.0,0.0
sda,74.93617021276596,457.2468085106383
