{"Idle(%)": 14.655555555555555, "user+system(%)": 82.33888888888889, "Available Memory(Kb)": 9037887.8, "I/O wait(%)": 3.0555555555555554}