{"%iowait": 0.10864864864864861, "user+system(%)": 97.31504504504504, "%idle": 0.5155454545454548}