{"I/O wait(%)": 0.07272727272727272, "user+system(%)": 99.4090909090909, "Idle(%)": 0.45454545454545453, "Available Memory(Kb)": 2103070.5454545454}