Device,kB_read/s,kB_wrtn/s
loop0,0.0,0.0
sda,158.60331491712708,369.6795580110497
