{"Disk Write(KB/s)": 327.3818222222225, "Disk Read(KB/s)": 129.35302222222225}