{"%idle": 14.641777777777794, "user+system(%)": 76.57861878453039, "%iowait": 1.38171270718232}