{"I/O wait(%)": 0.6555555555555556, "Available Memory(Kb)": 7232129.133333334, "user+system(%)": 90.57777777777778, "Idle(%)": 8.727777777777778}