{
  "AssignmentsList" : {
    "transaction" : "AssignmentsList",
    "sampleCount" : 80,
    "errorCount" : 0,
    "errorPct" : 0.0,
    "meanResTime" : 90.38749999999997,
    "medianResTime" : 69.0,
    "minResTime" : 22.0,
    "maxResTime" : 570.0,
    "pct1ResTime" : 153.8,
    "pct2ResTime" : 310.45000000000033,
    "pct3ResTime" : 570.0,
    "throughput" : 20.253164556962027,
    "receivedKBytesPerSec" : 7.770470727848101,
    "sentKBytesPerSec" : 6.546677215189873
  },
  "Get CSRF Token" : {
    "transaction" : "Get CSRF Token",
    "sampleCount" : 80,
    "errorCount" : 0,
    "errorPct" : 0.0,
    "meanResTime" : 41.187500000000014,
    "medianResTime" : 30.0,
    "minResTime" : 23.0,
    "maxResTime" : 180.0,
    "pct1ResTime" : 79.80000000000007,
    "pct2ResTime" : 156.35000000000002,
    "pct3ResTime" : 180.0,
    "throughput" : 52.493438320209975,
    "receivedKBytesPerSec" : 1402.8621483349737,
    "sentKBytesPerSec" : 6.920521653543307
  },
  "StudentCourses" : {
    "transaction" : "StudentCourses",
    "sampleCount" : 80,
    "errorCount" : 0,
    "errorPct" : 0.0,
    "meanResTime" : 218.07499999999996,
    "medianResTime" : 110.5,
    "minResTime" : 21.0,
    "maxResTime" : 1790.0,
    "pct1ResTime" : 558.8000000000001,
    "pct2ResTime" : 721.8000000000002,
    "pct3ResTime" : 1790.0,
    "throughput" : 25.039123630672925,
    "receivedKBytesPerSec" : 31.24388693270736,
    "sentKBytesPerSec" : 6.0641627543036
  },
  "GetSubmissionId" : {
    "transaction" : "GetSubmissionId",
    "sampleCount" : 480,
    "errorCount" : 0,
    "errorPct" : 0.0,
    "meanResTime" : 1384.8083333333354,
    "medianResTime" : 383.5,
    "minResTime" : 202.0,
    "maxResTime" : 28940.0,
    "pct1ResTime" : 2658.9,
    "pct2ResTime" : 6833.249999999985,
    "pct3ResTime" : 18993.459999999992,
    "throughput" : 0.6286095941539307,
    "receivedKBytesPerSec" : 27.974575944305844,
    "sentKBytesPerSec" : 0.14548874395945469
  },
  "TestcasesResults" : {
    "transaction" : "TestcasesResults",
    "sampleCount" : 472,
    "errorCount" : 1,
    "errorPct" : 0.21186441,
    "meanResTime" : 13955.824152542365,
    "medianResTime" : 5828.5,
    "minResTime" : 5203.0,
    "maxResTime" : 47250.0,
    "pct1ResTime" : 33411.0,
    "pct2ResTime" : 40978.65,
    "pct3ResTime" : 44870.979999999996,
    "throughput" : 0.624949520761697,
    "receivedKBytesPerSec" : 18.075861409582252,
    "sentKBytesPerSec" : 0.1510342947669746
  },
  "Total" : {
    "transaction" : "Total",
    "sampleCount" : 2312,
    "errorCount" : 2,
    "errorPct" : 0.08650519,
    "meanResTime" : 4607.244377162632,
    "medianResTime" : 1798.5,
    "minResTime" : 21.0,
    "maxResTime" : 47250.0,
    "pct1ResTime" : 12282.000000000018,
    "pct2ResTime" : 27354.099999999977,
    "pct3ResTime" : 40988.53,
    "throughput" : 2.5477847386371772,
    "receivedKBytesPerSec" : 82.69981577943258,
    "sentKBytesPerSec" : 1.2391217918519375
  },
  "Upload" : {
    "transaction" : "Upload",
    "sampleCount" : 480,
    "errorCount" : 0,
    "errorPct" : 0.0,
    "meanResTime" : 3956.1645833333355,
    "medianResTime" : 753.0,
    "minResTime" : 406.0,
    "maxResTime" : 39748.0,
    "pct1ResTime" : 14316.300000000032,
    "pct2ResTime" : 25574.949999999997,
    "pct3ResTime" : 36388.17,
    "throughput" : 0.6276117802731157,
    "receivedKBytesPerSec" : 28.067093262211625,
    "sentKBytesPerSec" : 0.8637885082321746
  },
  "Course Page" : {
    "transaction" : "Course Page",
    "sampleCount" : 80,
    "errorCount" : 0,
    "errorPct" : 0.0,
    "meanResTime" : 516.1875,
    "medianResTime" : 386.5,
    "minResTime" : 47.0,
    "maxResTime" : 1645.0,
    "pct1ResTime" : 1160.0,
    "pct2ResTime" : 1272.15,
    "pct3ResTime" : 1645.0,
    "throughput" : 19.83143282102132,
    "receivedKBytesPerSec" : 642.0881491695587,
    "sentKBytesPerSec" : 5.751890183440754
  },
  "Login" : {
    "transaction" : "Login",
    "sampleCount" : 80,
    "errorCount" : 0,
    "errorPct" : 0.0,
    "meanResTime" : 1526.3249999999998,
    "medianResTime" : 1638.5,
    "minResTime" : 180.0,
    "maxResTime" : 2672.0,
    "pct1ResTime" : 2332.2000000000003,
    "pct2ResTime" : 2483.2000000000003,
    "pct3ResTime" : 2672.0,
    "throughput" : 23.816612086930633,
    "receivedKBytesPerSec" : 40.766760010419766,
    "sentKBytesPerSec" : 14.042846643346234
  },
  "RunPractice" : {
    "transaction" : "RunPractice",
    "sampleCount" : 480,
    "errorCount" : 1,
    "errorPct" : 0.20833333,
    "meanResTime" : 2728.666666666668,
    "medianResTime" : 2207.5,
    "minResTime" : 2065.0,
    "maxResTime" : 15979.0,
    "pct1ResTime" : 4081.000000000002,
    "pct2ResTime" : 5493.65,
    "pct3ResTime" : 9126.46,
    "throughput" : 0.6316712046101469,
    "receivedKBytesPerSec" : 17.860289977384856,
    "sentKBytesPerSec" : 0.1480479385805032
  }
}