{
  "AssignmentsList" : {
    "transaction" : "AssignmentsList",
    "sampleCount" : 10,
    "errorCount" : 0,
    "errorPct" : 0.0,
    "meanResTime" : 37.8,
    "medianResTime" : 35.5,
    "minResTime" : 23.0,
    "maxResTime" : 60.0,
    "pct1ResTime" : 59.5,
    "pct2ResTime" : 60.0,
    "pct3ResTime" : 60.0,
    "throughput" : 5.458515283842795,
    "receivedKBytesPerSec" : 2.1162407887554586,
    "sentKBytesPerSec" : 1.7644224208515282
  },
  "Get CSRF Token" : {
    "transaction" : "Get CSRF Token",
    "sampleCount" : 10,
    "errorCount" : 0,
    "errorPct" : 0.0,
    "meanResTime" : 265.8,
    "medianResTime" : 121.5,
    "minResTime" : 39.0,
    "maxResTime" : 1692.0,
    "pct1ResTime" : 1541.3000000000006,
    "pct2ResTime" : 1692.0,
    "pct3ResTime" : 1692.0,
    "throughput" : 5.527915975677169,
    "receivedKBytesPerSec" : 147.73517395660588,
    "sentKBytesPerSec" : 0.7287779850746269
  },
  "StudentCourses" : {
    "transaction" : "StudentCourses",
    "sampleCount" : 10,
    "errorCount" : 0,
    "errorPct" : 0.0,
    "meanResTime" : 62.599999999999994,
    "medianResTime" : 61.5,
    "minResTime" : 19.0,
    "maxResTime" : 111.0,
    "pct1ResTime" : 109.7,
    "pct2ResTime" : 111.0,
    "pct3ResTime" : 111.0,
    "throughput" : 5.14668039114771,
    "receivedKBytesPerSec" : 6.418272323726196,
    "sentKBytesPerSec" : 1.2464616572310858
  },
  "GetSubmissionId" : {
    "transaction" : "GetSubmissionId",
    "sampleCount" : 63,
    "errorCount" : 0,
    "errorPct" : 0.0,
    "meanResTime" : 423.2380952380952,
    "medianResTime" : 285.0,
    "minResTime" : 204.0,
    "maxResTime" : 4081.0,
    "pct1ResTime" : 552.6,
    "pct2ResTime" : 965.5999999999989,
    "pct3ResTime" : 4081.0,
    "throughput" : 0.08233808803117869,
    "receivedKBytesPerSec" : 3.5043693711134463,
    "sentKBytesPerSec" : 0.01905676451502866
  },
  "TestcasesResults" : {
    "transaction" : "TestcasesResults",
    "sampleCount" : 60,
    "errorCount" : 0,
    "errorPct" : 0.0,
    "meanResTime" : 5912.783333333331,
    "medianResTime" : 5381.5,
    "minResTime" : 5242.0,
    "maxResTime" : 9087.0,
    "pct1ResTime" : 8481.8,
    "pct2ResTime" : 8836.8,
    "pct3ResTime" : 9087.0,
    "throughput" : 0.09221490992140216,
    "receivedKBytesPerSec" : 2.672587408207742,
    "sentKBytesPerSec" : 0.022333298496589587
  },
  "Total" : {
    "transaction" : "Total",
    "sampleCount" : 301,
    "errorCount" : 0,
    "errorPct" : 0.0,
    "meanResTime" : 2015.873754152824,
    "medianResTime" : 715.0,
    "minResTime" : 19.0,
    "maxResTime" : 9087.0,
    "pct1ResTime" : 5421.6,
    "pct2ResTime" : 6022.699999999995,
    "pct3ResTime" : 8837.52,
    "throughput" : 0.3340595336262551,
    "receivedKBytesPerSec" : 10.66600791469995,
    "sentKBytesPerSec" : 0.1582269755570526
  },
  "Upload" : {
    "transaction" : "Upload",
    "sampleCount" : 65,
    "errorCount" : 0,
    "errorPct" : 0.0,
    "meanResTime" : 1151.1692307692304,
    "medianResTime" : 667.0,
    "minResTime" : 427.0,
    "maxResTime" : 6885.0,
    "pct1ResTime" : 2336.199999999997,
    "pct2ResTime" : 5882.199999999998,
    "pct3ResTime" : 6885.0,
    "throughput" : 0.08459411094843013,
    "receivedKBytesPerSec" : 3.6190074934927607,
    "sentKBytesPerSec" : 0.10793756100536847
  },
  "Course Page" : {
    "transaction" : "Course Page",
    "sampleCount" : 10,
    "errorCount" : 0,
    "errorPct" : 0.0,
    "meanResTime" : 141.9,
    "medianResTime" : 83.0,
    "minResTime" : 51.0,
    "maxResTime" : 610.0,
    "pct1ResTime" : 563.1000000000001,
    "pct2ResTime" : 610.0,
    "pct3ResTime" : 610.0,
    "throughput" : 5.310674455655868,
    "receivedKBytesPerSec" : 171.94086481014338,
    "sentKBytesPerSec" : 1.5403030403611258
  },
  "Login" : {
    "transaction" : "Login",
    "sampleCount" : 10,
    "errorCount" : 0,
    "errorPct" : 0.0,
    "meanResTime" : 453.99999999999994,
    "medianResTime" : 325.0,
    "minResTime" : 70.0,
    "maxResTime" : 2035.0,
    "pct1ResTime" : 1871.8000000000006,
    "pct2ResTime" : 2035.0,
    "pct3ResTime" : 2035.0,
    "throughput" : 4.757373929590866,
    "receivedKBytesPerSec" : 8.13585275927688,
    "sentKBytesPerSec" : 2.7977447074215034
  },
  "RunPractice" : {
    "transaction" : "RunPractice",
    "sampleCount" : 63,
    "errorCount" : 0,
    "errorPct" : 0.0,
    "meanResTime" : 2236.507936507937,
    "medianResTime" : 2132.0,
    "minResTime" : 2071.0,
    "maxResTime" : 3180.0,
    "pct1ResTime" : 2524.6,
    "pct2ResTime" : 3081.199999999999,
    "pct3ResTime" : 3180.0,
    "throughput" : 0.08217720013148352,
    "receivedKBytesPerSec" : 2.328341265444096,
    "sentKBytesPerSec" : 0.01926028128081645
  }
}