{
  "AssignmentsList" : {
    "transaction" : "AssignmentsList",
    "sampleCount" : 100,
    "errorCount" : 0,
    "errorPct" : 0.0,
    "meanResTime" : 119.32,
    "medianResTime" : 84.0,
    "minResTime" : 24.0,
    "maxResTime" : 820.0,
    "pct1ResTime" : 264.00000000000006,
    "pct2ResTime" : 394.5999999999997,
    "pct3ResTime" : 817.2899999999986,
    "throughput" : 19.1131498470948,
    "receivedKBytesPerSec" : 7.307420083142201,
    "sentKBytesPerSec" : 6.178176366590214
  },
  "Get CSRF Token" : {
    "transaction" : "Get CSRF Token",
    "sampleCount" : 100,
    "errorCount" : 0,
    "errorPct" : 0.0,
    "meanResTime" : 43.92000000000001,
    "medianResTime" : 30.0,
    "minResTime" : 22.0,
    "maxResTime" : 200.0,
    "pct1ResTime" : 96.2000000000001,
    "pct2ResTime" : 152.0,
    "pct3ResTime" : 199.93999999999997,
    "throughput" : 53.24813631522897,
    "receivedKBytesPerSec" : 1423.0138029153356,
    "sentKBytesPerSec" : 7.0200179712460065
  },
  "StudentCourses" : {
    "transaction" : "StudentCourses",
    "sampleCount" : 100,
    "errorCount" : 0,
    "errorPct" : 0.0,
    "meanResTime" : 308.80000000000007,
    "medianResTime" : 145.5,
    "minResTime" : 25.0,
    "maxResTime" : 1973.0,
    "pct1ResTime" : 831.2000000000003,
    "pct2ResTime" : 1161.4999999999995,
    "pct3ResTime" : 1968.5999999999976,
    "throughput" : 25.131942699170647,
    "receivedKBytesPerSec" : 31.36584254837899,
    "sentKBytesPerSec" : 6.08664237245539
  },
  "GetSubmissionId" : {
    "transaction" : "GetSubmissionId",
    "sampleCount" : 559,
    "errorCount" : 0,
    "errorPct" : 0.0,
    "meanResTime" : 1819.363148479427,
    "medianResTime" : 570.0,
    "minResTime" : 208.0,
    "maxResTime" : 44109.0,
    "pct1ResTime" : 4054.0,
    "pct2ResTime" : 9858.0,
    "pct3ResTime" : 17485.399999999972,
    "throughput" : 0.7306941201998364,
    "receivedKBytesPerSec" : 32.92452948494561,
    "sentKBytesPerSec" : 0.16911572899156369
  },
  "TestcasesResults" : {
    "transaction" : "TestcasesResults",
    "sampleCount" : 557,
    "errorCount" : 0,
    "errorPct" : 0.0,
    "meanResTime" : 20049.84380610413,
    "medianResTime" : 17368.0,
    "minResTime" : 5191.0,
    "maxResTime" : 60155.0,
    "pct1ResTime" : 43851.4,
    "pct2ResTime" : 49028.1,
    "pct3ResTime" : 52914.599999999984,
    "throughput" : 0.7521975105908598,
    "receivedKBytesPerSec" : 21.79851156976328,
    "sentKBytesPerSec" : 0.1821728345962239
  },
  "Total" : {
    "transaction" : "Total",
    "sampleCount" : 2736,
    "errorCount" : 0,
    "errorPct" : 0.0,
    "meanResTime" : 6295.196271929838,
    "medianResTime" : 2091.0,
    "minResTime" : 22.0,
    "maxResTime" : 60155.0,
    "pct1ResTime" : 20812.10000000002,
    "pct2ResTime" : 37720.6,
    "pct3ResTime" : 49111.3,
    "throughput" : 3.0321400192611816,
    "receivedKBytesPerSec" : 98.42754598530975,
    "sentKBytesPerSec" : 1.4858705156522038
  },
  "Upload" : {
    "transaction" : "Upload",
    "sampleCount" : 561,
    "errorCount" : 0,
    "errorPct" : 0.0,
    "meanResTime" : 5196.3850267379685,
    "medianResTime" : 1149.0,
    "minResTime" : 414.0,
    "maxResTime" : 49169.0,
    "pct1ResTime" : 19377.600000000002,
    "pct2ResTime" : 32371.099999999984,
    "pct3ResTime" : 45936.64,
    "throughput" : 0.7290107285429142,
    "receivedKBytesPerSec" : 33.015178190575234,
    "sentKBytesPerSec" : 1.023680229466198
  },
  "Course Page" : {
    "transaction" : "Course Page",
    "sampleCount" : 100,
    "errorCount" : 0,
    "errorPct" : 0.0,
    "meanResTime" : 748.85,
    "medianResTime" : 466.5,
    "minResTime" : 52.0,
    "maxResTime" : 2701.0,
    "pct1ResTime" : 1855.4,
    "pct2ResTime" : 2312.499999999999,
    "pct3ResTime" : 2699.379999999999,
    "throughput" : 19.094901661256444,
    "receivedKBytesPerSec" : 618.2390249069124,
    "sentKBytesPerSec" : 5.538267376360512
  },
  "Login" : {
    "transaction" : "Login",
    "sampleCount" : 100,
    "errorCount" : 0,
    "errorPct" : 0.0,
    "meanResTime" : 1882.54,
    "medianResTime" : 2019.0,
    "minResTime" : 287.0,
    "maxResTime" : 3827.0,
    "pct1ResTime" : 2960.2000000000003,
    "pct2ResTime" : 3263.85,
    "pct3ResTime" : 3824.3999999999987,
    "throughput" : 23.218017181332712,
    "receivedKBytesPerSec" : 39.7436223009055,
    "sentKBytesPerSec" : 13.691374506617134
  },
  "RunPractice" : {
    "transaction" : "RunPractice",
    "sampleCount" : 559,
    "errorCount" : 0,
    "errorPct" : 0.0,
    "meanResTime" : 3243.926654740609,
    "medianResTime" : 2338.0,
    "minResTime" : 2065.0,
    "maxResTime" : 17465.0,
    "pct1ResTime" : 5313.0,
    "pct2ResTime" : 7157.0,
    "pct3ResTime" : 12844.599999999984,
    "throughput" : 0.7354576085655156,
    "receivedKBytesPerSec" : 20.832067775165083,
    "sentKBytesPerSec" : 0.17237287700754272
  }
}