{
  "AssignmentsList" : {
    "transaction" : "AssignmentsList",
    "sampleCount" : 250,
    "errorCount" : 1,
    "errorPct" : 0.4,
    "meanResTime" : 399.7039999999996,
    "medianResTime" : 193.5,
    "minResTime" : 22.0,
    "maxResTime" : 2517.0,
    "pct1ResTime" : 1136.1000000000001,
    "pct2ResTime" : 1396.3999999999999,
    "pct3ResTime" : 2103.4100000000017,
    "throughput" : 14.724938155259748,
    "receivedKBytesPerSec" : 5.742380764813287,
    "sentKBytesPerSec" : 4.740682335227942
  },
  "Get CSRF Token" : {
    "transaction" : "Get CSRF Token",
    "sampleCount" : 250,
    "errorCount" : 0,
    "errorPct" : 0.0,
    "meanResTime" : 40.396,
    "medianResTime" : 30.0,
    "minResTime" : 22.0,
    "maxResTime" : 212.0,
    "pct1ResTime" : 69.80000000000001,
    "pct2ResTime" : 96.89999999999998,
    "pct3ResTime" : 197.84000000000015,
    "throughput" : 53.1575590048905,
    "receivedKBytesPerSec" : 1420.6019179911757,
    "sentKBytesPerSec" : 7.008076626621305
  },
  "StudentCourses" : {
    "transaction" : "StudentCourses",
    "sampleCount" : 250,
    "errorCount" : 0,
    "errorPct" : 0.0,
    "meanResTime" : 973.3560000000003,
    "medianResTime" : 663.0,
    "minResTime" : 20.0,
    "maxResTime" : 12849.0,
    "pct1ResTime" : 2223.9000000000005,
    "pct2ResTime" : 2832.0999999999985,
    "pct3ResTime" : 8496.740000000065,
    "throughput" : 13.4033883765816,
    "receivedKBytesPerSec" : 16.725439128511688,
    "sentKBytesPerSec" : 3.246133122453356
  },
  "GetSubmissionId" : {
    "transaction" : "GetSubmissionId",
    "sampleCount" : 734,
    "errorCount" : 23,
    "errorPct" : 3.133515,
    "meanResTime" : 5828.6089918256175,
    "medianResTime" : 1081.0,
    "minResTime" : 0.0,
    "maxResTime" : 50045.0,
    "pct1ResTime" : 19648.0,
    "pct2ResTime" : 30862.0,
    "pct3ResTime" : 50003.0,
    "throughput" : 0.9560353967546897,
    "receivedKBytesPerSec" : 41.29152743139404,
    "sentKBytesPerSec" : 0.22096845351831446
  },
  "TestcasesResults" : {
    "transaction" : "TestcasesResults",
    "sampleCount" : 578,
    "errorCount" : 3,
    "errorPct" : 0.51903117,
    "meanResTime" : 115262.01211072662,
    "medianResTime" : 118119.5,
    "minResTime" : 5831.0,
    "maxResTime" : 166542.0,
    "pct1ResTime" : 139463.3,
    "pct2ResTime" : 149843.29999999993,
    "pct3ResTime" : 160450.88,
    "throughput" : 0.6711339260521882,
    "receivedKBytesPerSec" : 19.35799083163421,
    "sentKBytesPerSec" : 0.16169661321204928
  },
  "Total" : {
    "transaction" : "Total",
    "sampleCount" : 4028,
    "errorCount" : 195,
    "errorPct" : 4.841112,
    "meanResTime" : 22210.131330685228,
    "medianResTime" : 2159.0,
    "minResTime" : 0.0,
    "maxResTime" : 166542.0,
    "pct1ResTime" : 106568.8,
    "pct2ResTime" : 126375.15,
    "pct3ResTime" : 145276.09000000003,
    "throughput" : 3.898012961764054,
    "receivedKBytesPerSec" : 107.29953570321732,
    "sentKBytesPerSec" : 1.8028359090653963
  },
  "Upload" : {
    "transaction" : "Upload",
    "sampleCount" : 734,
    "errorCount" : 126,
    "errorPct" : 17.166212,
    "meanResTime" : 15576.826975476844,
    "medianResTime" : 1766.0,
    "minResTime" : 0.0,
    "maxResTime" : 98360.0,
    "pct1ResTime" : 52252.5,
    "pct2ResTime" : 66498.5,
    "pct3ResTime" : 90866.9,
    "throughput" : 0.954706089698149,
    "receivedKBytesPerSec" : 35.52529269984769,
    "sentKBytesPerSec" : 1.297924260119039
  },
  "Course Page" : {
    "transaction" : "Course Page",
    "sampleCount" : 250,
    "errorCount" : 13,
    "errorPct" : 5.2,
    "meanResTime" : 1262.8839999999996,
    "medianResTime" : 784.0,
    "minResTime" : 10.0,
    "maxResTime" : 6834.0,
    "pct1ResTime" : 3388.300000000001,
    "pct2ResTime" : 4018.8999999999996,
    "pct3ResTime" : 6453.000000000001,
    "throughput" : 13.452432199741713,
    "receivedKBytesPerSec" : 414.35393433195225,
    "sentKBytesPerSec" : 3.6988408207328884
  },
  "Login" : {
    "transaction" : "Login",
    "sampleCount" : 250,
    "errorCount" : 0,
    "errorPct" : 0.0,
    "meanResTime" : 5523.06,
    "medianResTime" : 4634.5,
    "minResTime" : 247.0,
    "maxResTime" : 14677.0,
    "pct1ResTime" : 13596.900000000001,
    "pct2ResTime" : 14182.45,
    "pct3ResTime" : 14421.74,
    "throughput" : 13.242928276300455,
    "receivedKBytesPerSec" : 22.685446518434155,
    "sentKBytesPerSec" : 7.825949849030618
  },
  "RunPractice" : {
    "transaction" : "RunPractice",
    "sampleCount" : 732,
    "errorCount" : 29,
    "errorPct" : 3.9617486,
    "meanResTime" : 6939.24316939891,
    "medianResTime" : 2559.0,
    "minResTime" : 0.0,
    "maxResTime" : 50003.0,
    "pct1ResTime" : 21404.700000000004,
    "pct2ResTime" : 30233.600000000006,
    "pct3ResTime" : 47377.299999999916,
    "throughput" : 0.9579484199740098,
    "receivedKBytesPerSec" : 26.137381250220837,
    "sentKBytesPerSec" : 0.21685115680123748
  }
}