{
  "AssignmentsList" : {
    "transaction" : "AssignmentsList",
    "sampleCount" : 30,
    "errorCount" : 0,
    "errorPct" : 0.0,
    "meanResTime" : 78.73333333333338,
    "medianResTime" : 75.5,
    "minResTime" : 25.0,
    "maxResTime" : 164.0,
    "pct1ResTime" : 130.70000000000002,
    "pct2ResTime" : 146.95,
    "pct3ResTime" : 164.0,
    "throughput" : 24.77291494632535,
    "receivedKBytesPerSec" : 9.604343001651527,
    "sentKBytesPerSec" : 8.007651218001651
  },
  "Get CSRF Token" : {
    "transaction" : "Get CSRF Token",
    "sampleCount" : 30,
    "errorCount" : 0,
    "errorPct" : 0.0,
    "meanResTime" : 53.03333333333333,
    "medianResTime" : 34.5,
    "minResTime" : 23.0,
    "maxResTime" : 160.0,
    "pct1ResTime" : 127.80000000000001,
    "pct2ResTime" : 158.35,
    "pct3ResTime" : 160.0,
    "throughput" : 46.36785162287481,
    "receivedKBytesPerSec" : 1239.1732877704792,
    "sentKBytesPerSec" : 6.112949188562596
  },
  "StudentCourses" : {
    "transaction" : "StudentCourses",
    "sampleCount" : 30,
    "errorCount" : 0,
    "errorPct" : 0.0,
    "meanResTime" : 105.13333333333333,
    "medianResTime" : 76.5,
    "minResTime" : 26.0,
    "maxResTime" : 393.0,
    "pct1ResTime" : 287.60000000000014,
    "pct2ResTime" : 357.79999999999995,
    "pct3ResTime" : 393.0,
    "throughput" : 24.489795918367346,
    "receivedKBytesPerSec" : 30.54049744897959,
    "sentKBytesPerSec" : 5.9311224489795915
  },
  "GetSubmissionId" : {
    "transaction" : "GetSubmissionId",
    "sampleCount" : 182,
    "errorCount" : 0,
    "errorPct" : 0.0,
    "meanResTime" : 593.6923076923074,
    "medianResTime" : 375.0,
    "minResTime" : 207.0,
    "maxResTime" : 5829.0,
    "pct1ResTime" : 1056.7000000000003,
    "pct2ResTime" : 1500.5,
    "pct3ResTime" : 4867.859999999985,
    "throughput" : 0.23791844887629288,
    "receivedKBytesPerSec" : 10.127243986839973,
    "sentKBytesPerSec" : 0.05506510974968888
  },
  "TestcasesResults" : {
    "transaction" : "TestcasesResults",
    "sampleCount" : 180,
    "errorCount" : 0,
    "errorPct" : 0.0,
    "meanResTime" : 8096.788888888887,
    "medianResTime" : 5696.0,
    "minResTime" : 5207.0,
    "maxResTime" : 18331.0,
    "pct1ResTime" : 15293.4,
    "pct2ResTime" : 16752.149999999994,
    "pct3ResTime" : 18134.17,
    "throughput" : 0.2655587947171504,
    "receivedKBytesPerSec" : 7.696853985816209,
    "sentKBytesPerSec" : 0.06431502059555985
  },
  "Total" : {
    "transaction" : "Total",
    "sampleCount" : 876,
    "errorCount" : 0,
    "errorPct" : 0.0,
    "meanResTime" : 2754.085616438356,
    "medianResTime" : 1060.5,
    "minResTime" : 23.0,
    "maxResTime" : 18331.0,
    "pct1ResTime" : 6597.200000000003,
    "pct2ResTime" : 11512.549999999996,
    "pct3ResTime" : 16841.550000000007,
    "throughput" : 0.9722487358546688,
    "receivedKBytesPerSec" : 30.834059924401,
    "sentKBytesPerSec" : 0.4527111214267639
  },
  "Upload" : {
    "transaction" : "Upload",
    "sampleCount" : 182,
    "errorCount" : 0,
    "errorPct" : 0.0,
    "meanResTime" : 2042.2142857142876,
    "medianResTime" : 704.0,
    "minResTime" : 432.0,
    "maxResTime" : 15672.0,
    "pct1ResTime" : 6353.100000000015,
    "pct2ResTime" : 12766.249999999989,
    "pct3ResTime" : 15593.98,
    "throughput" : 0.23749652563461812,
    "receivedKBytesPerSec" : 10.16138330348859,
    "sentKBytesPerSec" : 0.30303592249131245
  },
  "Course Page" : {
    "transaction" : "Course Page",
    "sampleCount" : 30,
    "errorCount" : 0,
    "errorPct" : 0.0,
    "meanResTime" : 168.03333333333333,
    "medianResTime" : 168.5,
    "minResTime" : 60.0,
    "maxResTime" : 331.0,
    "pct1ResTime" : 264.8,
    "pct2ResTime" : 316.7,
    "pct3ResTime" : 331.0,
    "throughput" : 24.01921537229784,
    "receivedKBytesPerSec" : 777.6463358186548,
    "sentKBytesPerSec" : 6.966510708566853
  },
  "Login" : {
    "transaction" : "Login",
    "sampleCount" : 30,
    "errorCount" : 0,
    "errorPct" : 0.0,
    "meanResTime" : 644.5666666666666,
    "medianResTime" : 492.5,
    "minResTime" : 222.0,
    "maxResTime" : 1246.0,
    "pct1ResTime" : 1179.5000000000002,
    "pct2ResTime" : 1242.15,
    "pct3ResTime" : 1246.0,
    "throughput" : 20.689655172413794,
    "receivedKBytesPerSec" : 35.40678879310345,
    "sentKBytesPerSec" : 12.191540948275863
  },
  "RunPractice" : {
    "transaction" : "RunPractice",
    "sampleCount" : 182,
    "errorCount" : 0,
    "errorPct" : 0.0,
    "meanResTime" : 2439.2142857142862,
    "medianResTime" : 2193.0,
    "minResTime" : 2065.0,
    "maxResTime" : 6034.0,
    "pct1ResTime" : 3127.4,
    "pct2ResTime" : 3894.849999999999,
    "pct3ResTime" : 5486.199999999992,
    "throughput" : 0.2376146621302285,
    "receivedKBytesPerSec" : 6.733101788915276,
    "sentKBytesPerSec" : 0.0556909364367723
  }
}