{
  "AssignmentsList" : {
    "transaction" : "AssignmentsList",
    "sampleCount" : 1,
    "errorCount" : 0,
    "errorPct" : 0.0,
    "meanResTime" : 464.0,
    "medianResTime" : 464.0,
    "minResTime" : 464.0,
    "maxResTime" : 464.0,
    "pct1ResTime" : 464.0,
    "pct2ResTime" : 464.0,
    "pct3ResTime" : 464.0,
    "throughput" : 2.155172413793103,
    "receivedKBytesPerSec" : 0.8355502424568965,
    "sentKBytesPerSec" : 0.6966426454741379
  },
  "Get CSRF Token" : {
    "transaction" : "Get CSRF Token",
    "sampleCount" : 1,
    "errorCount" : 0,
    "errorPct" : 0.0,
    "meanResTime" : 2155.0,
    "medianResTime" : 2155.0,
    "minResTime" : 2155.0,
    "maxResTime" : 2155.0,
    "pct1ResTime" : 2155.0,
    "pct2ResTime" : 2155.0,
    "pct3ResTime" : 2155.0,
    "throughput" : 0.46403712296983757,
    "receivedKBytesPerSec" : 12.40121084686775,
    "sentKBytesPerSec" : 0.06117676914153133
  },
  "StudentCourses" : {
    "transaction" : "StudentCourses",
    "sampleCount" : 1,
    "errorCount" : 0,
    "errorPct" : 0.0,
    "meanResTime" : 36.0,
    "medianResTime" : 36.0,
    "minResTime" : 36.0,
    "maxResTime" : 36.0,
    "pct1ResTime" : 36.0,
    "pct2ResTime" : 36.0,
    "pct3ResTime" : 36.0,
    "throughput" : 27.777777777777775,
    "receivedKBytesPerSec" : 34.64084201388889,
    "sentKBytesPerSec" : 6.727430555555556
  },
  "GetSubmissionId" : {
    "transaction" : "GetSubmissionId",
    "sampleCount" : 6,
    "errorCount" : 0,
    "errorPct" : 0.0,
    "meanResTime" : 255.83333333333334,
    "medianResTime" : 264.0,
    "minResTime" : 219.0,
    "maxResTime" : 267.0,
    "pct1ResTime" : 267.0,
    "pct2ResTime" : 267.0,
    "pct3ResTime" : 267.0,
    "throughput" : 0.009354464028188118,
    "receivedKBytesPerSec" : 0.398144807590368,
    "sentKBytesPerSec" : 0.002165046850274008
  },
  "TestcasesResults" : {
    "transaction" : "TestcasesResults",
    "sampleCount" : 6,
    "errorCount" : 0,
    "errorPct" : 0.0,
    "meanResTime" : 6198.5,
    "medianResTime" : 5332.5,
    "minResTime" : 5312.0,
    "maxResTime" : 10529.0,
    "pct1ResTime" : 10529.0,
    "pct2ResTime" : 10529.0,
    "pct3ResTime" : 10529.0,
    "throughput" : 0.009363325104010937,
    "receivedKBytesPerSec" : 0.27135355057287947,
    "sentKBytesPerSec" : 0.0022676802986276484
  },
  "Total" : {
    "transaction" : "Total",
    "sampleCount" : 29,
    "errorCount" : 0,
    "errorPct" : 0.0,
    "meanResTime" : 2395.2068965517246,
    "medianResTime" : 2123.0,
    "minResTime" : 36.0,
    "maxResTime" : 10529.0,
    "pct1ResTime" : 5366.0,
    "pct2ResTime" : 8153.5,
    "pct3ResTime" : 10529.0,
    "throughput" : 0.0364061368192837,
    "receivedKBytesPerSec" : 1.1529206627109516,
    "sentKBytesPerSec" : 0.016984463210343363
  },
  "Upload" : {
    "transaction" : "Upload",
    "sampleCount" : 6,
    "errorCount" : 0,
    "errorPct" : 0.0,
    "meanResTime" : 1723.0,
    "medianResTime" : 581.0,
    "minResTime" : 515.0,
    "maxResTime" : 5778.0,
    "pct1ResTime" : 5778.0,
    "pct2ResTime" : 5778.0,
    "pct3ResTime" : 5778.0,
    "throughput" : 0.00927473145787958,
    "receivedKBytesPerSec" : 0.3967483757626534,
    "sentKBytesPerSec" : 0.011911931304382775
  },
  "Course Page" : {
    "transaction" : "Course Page",
    "sampleCount" : 1,
    "errorCount" : 0,
    "errorPct" : 0.0,
    "meanResTime" : 2130.0,
    "medianResTime" : 2130.0,
    "minResTime" : 2130.0,
    "maxResTime" : 2130.0,
    "pct1ResTime" : 2130.0,
    "pct2ResTime" : 2130.0,
    "pct3ResTime" : 2130.0,
    "throughput" : 0.4694835680751174,
    "receivedKBytesPerSec" : 15.19861355633803,
    "sentKBytesPerSec" : 0.13616857394366197
  },
  "Login" : {
    "transaction" : "Login",
    "sampleCount" : 1,
    "errorCount" : 0,
    "errorPct" : 0.0,
    "meanResTime" : 2460.0,
    "medianResTime" : 2460.0,
    "minResTime" : 2460.0,
    "maxResTime" : 2460.0,
    "pct1ResTime" : 2460.0,
    "pct2ResTime" : 2460.0,
    "pct3ResTime" : 2460.0,
    "throughput" : 0.4065040650406504,
    "receivedKBytesPerSec" : 0.6951060721544715,
    "sentKBytesPerSec" : 0.23897992886178862
  },
  "RunPractice" : {
    "transaction" : "RunPractice",
    "sampleCount" : 6,
    "errorCount" : 0,
    "errorPct" : 0.0,
    "meanResTime" : 2192.0,
    "medianResTime" : 2125.0,
    "minResTime" : 2098.0,
    "maxResTime" : 2573.0,
    "pct1ResTime" : 2573.0,
    "pct2ResTime" : 2573.0,
    "pct3ResTime" : 2573.0,
    "throughput" : 0.009335557270532003,
    "receivedKBytesPerSec" : 0.2645378451822301,
    "sentKBytesPerSec" : 0.002188021235280938
  }
}