{
  "AssignmentsList" : {
    "transaction" : "AssignmentsList",
    "sampleCount" : 300,
    "errorCount" : 17,
    "errorPct" : 5.6666665,
    "meanResTime" : 729.3666666666669,
    "medianResTime" : 270.0,
    "minResTime" : 0.0,
    "maxResTime" : 3448.0,
    "pct1ResTime" : 1944.8000000000025,
    "pct2ResTime" : 2687.749999999998,
    "pct3ResTime" : 3316.9900000000007,
    "throughput" : 14.844871097035973,
    "receivedKBytesPerSec" : 6.865801205527241,
    "sentKBytesPerSec" : 4.526574252189619
  },
  "Get CSRF Token" : {
    "transaction" : "Get CSRF Token",
    "sampleCount" : 300,
    "errorCount" : 0,
    "errorPct" : 0.0,
    "meanResTime" : 40.38666666666666,
    "medianResTime" : 30.0,
    "minResTime" : 21.0,
    "maxResTime" : 179.0,
    "pct1ResTime" : 72.90000000000003,
    "pct2ResTime" : 96.0,
    "pct3ResTime" : 170.73000000000025,
    "throughput" : 59.76095617529881,
    "receivedKBytesPerSec" : 1597.075953996514,
    "sentKBytesPerSec" : 7.878641683266933
  },
  "StudentCourses" : {
    "transaction" : "StudentCourses",
    "sampleCount" : 300,
    "errorCount" : 5,
    "errorPct" : 1.6666666,
    "meanResTime" : 1146.8100000000006,
    "medianResTime" : 925.5,
    "minResTime" : 10.0,
    "maxResTime" : 7864.0,
    "pct1ResTime" : 2509.5000000000005,
    "pct2ResTime" : 3006.2999999999997,
    "pct3ResTime" : 4674.460000000001,
    "throughput" : 13.552584026020961,
    "receivedKBytesPerSec" : 17.08882907085743,
    "sentKBytesPerSec" : 3.227562003071919
  },
  "GetSubmissionId" : {
    "transaction" : "GetSubmissionId",
    "sampleCount" : 762,
    "errorCount" : 59,
    "errorPct" : 7.742782,
    "meanResTime" : 8874.767716535423,
    "medianResTime" : 1353.0,
    "minResTime" : 0.0,
    "maxResTime" : 50028.0,
    "pct1ResTime" : 35722.70000000001,
    "pct2ResTime" : 50002.0,
    "pct3ResTime" : 50007.37,
    "throughput" : 0.9962021427497533,
    "receivedKBytesPerSec" : 41.627094163245765,
    "sentKBytesPerSec" : 0.22481728735921455
  },
  "TestcasesResults" : {
    "transaction" : "TestcasesResults",
    "sampleCount" : 557,
    "errorCount" : 2,
    "errorPct" : 0.35906643,
    "meanResTime" : 134683.67145421903,
    "medianResTime" : 147749.0,
    "minResTime" : 6070.0,
    "maxResTime" : 215287.0,
    "pct1ResTime" : 161743.4,
    "pct2ResTime" : 166423.9,
    "pct3ResTime" : 186205.67999999993,
    "throughput" : 0.6284738128389188,
    "receivedKBytesPerSec" : 18.152158511715903,
    "sentKBytesPerSec" : 0.1519352367326583
  },
  "Total" : {
    "transaction" : "Total",
    "sampleCount" : 4343,
    "errorCount" : 375,
    "errorPct" : 8.634584,
    "meanResTime" : 24101.58277688228,
    "medianResTime" : 2287.0,
    "minResTime" : 0.0,
    "maxResTime" : 215287.0,
    "pct1ResTime" : 113772.4,
    "pct2ResTime" : 152339.40000000002,
    "pct3ResTime" : 163780.88000000006,
    "throughput" : 4.090601694260725,
    "receivedKBytesPerSec" : 105.0273679446422,
    "sentKBytesPerSec" : 1.8492298730599548
  },
  "Upload" : {
    "transaction" : "Upload",
    "sampleCount" : 762,
    "errorCount" : 191,
    "errorPct" : 25.065617,
    "meanResTime" : 17812.889763779534,
    "medianResTime" : 2081.5,
    "minResTime" : 0.0,
    "maxResTime" : 99712.0,
    "pct1ResTime" : 58206.0,
    "pct2ResTime" : 71543.7,
    "pct3ResTime" : 92346.09000000001,
    "throughput" : 0.9946235506494421,
    "receivedKBytesPerSec" : 33.96414035180892,
    "sentKBytesPerSec" : 1.3486221828789
  },
  "Course Page" : {
    "transaction" : "Course Page",
    "sampleCount" : 300,
    "errorCount" : 27,
    "errorPct" : 9.0,
    "meanResTime" : 2295.0966666666673,
    "medianResTime" : 1620.5,
    "minResTime" : 0.0,
    "maxResTime" : 13673.0,
    "pct1ResTime" : 5107.100000000002,
    "pct2ResTime" : 6296.85,
    "pct3ResTime" : 9817.990000000003,
    "throughput" : 13.534241631327259,
    "receivedKBytesPerSec" : 401.08623743853195,
    "sentKBytesPerSec" : 3.572167466502752
  },
  "Login" : {
    "transaction" : "Login",
    "sampleCount" : 300,
    "errorCount" : 1,
    "errorPct" : 0.33333334,
    "meanResTime" : 6753.42333333333,
    "medianResTime" : 6550.0,
    "minResTime" : 187.0,
    "maxResTime" : 18611.0,
    "pct1ResTime" : 13008.6,
    "pct2ResTime" : 16458.849999999988,
    "pct3ResTime" : 18535.190000000002,
    "throughput" : 13.62769146906514,
    "receivedKBytesPerSec" : 23.404229268874353,
    "sentKBytesPerSec" : 8.044241732533843
  },
  "RunPractice" : {
    "transaction" : "RunPractice",
    "sampleCount" : 762,
    "errorCount" : 73,
    "errorPct" : 9.580052,
    "meanResTime" : 7911.875328084003,
    "medianResTime" : 2982.0,
    "minResTime" : 0.0,
    "maxResTime" : 50004.0,
    "pct1ResTime" : 24306.600000000024,
    "pct2ResTime" : 32642.55000000001,
    "pct3ResTime" : 50003.0,
    "throughput" : 0.9972268717307121,
    "receivedKBytesPerSec" : 25.674778323140767,
    "sentKBytesPerSec" : 0.2156282267552567
  }
}