{
  "AssignmentsList" : {
    "transaction" : "AssignmentsList",
    "sampleCount" : 40,
    "errorCount" : 0,
    "errorPct" : 0.0,
    "meanResTime" : 83.32499999999999,
    "medianResTime" : 80.5,
    "minResTime" : 25.0,
    "maxResTime" : 206.0,
    "pct1ResTime" : 125.59999999999998,
    "pct2ResTime" : 199.99999999999991,
    "pct3ResTime" : 206.0,
    "throughput" : 22.714366837024418,
    "receivedKBytesPerSec" : 8.806253549119818,
    "sentKBytesPerSec" : 7.3422416240772295
  },
  "Get CSRF Token" : {
    "transaction" : "Get CSRF Token",
    "sampleCount" : 40,
    "errorCount" : 0,
    "errorPct" : 0.0,
    "meanResTime" : 54.04999999999999,
    "medianResTime" : 35.0,
    "minResTime" : 22.0,
    "maxResTime" : 166.0,
    "pct1ResTime" : 142.49999999999997,
    "pct2ResTime" : 165.95,
    "pct3ResTime" : 166.0,
    "throughput" : 51.48005148005148,
    "receivedKBytesPerSec" : 1375.775468548906,
    "sentKBytesPerSec" : 6.7869208494208495
  },
  "StudentCourses" : {
    "transaction" : "StudentCourses",
    "sampleCount" : 40,
    "errorCount" : 0,
    "errorPct" : 0.0,
    "meanResTime" : 136.675,
    "medianResTime" : 84.0,
    "minResTime" : 21.0,
    "maxResTime" : 603.0,
    "pct1ResTime" : 315.09999999999997,
    "pct2ResTime" : 510.2499999999998,
    "pct3ResTime" : 603.0,
    "throughput" : 28.797696184305256,
    "receivedKBytesPerSec" : 35.91275197984161,
    "sentKBytesPerSec" : 6.974442044636429
  },
  "GetSubmissionId" : {
    "transaction" : "GetSubmissionId",
    "sampleCount" : 241,
    "errorCount" : 0,
    "errorPct" : 0.0,
    "meanResTime" : 759.1991701244816,
    "medianResTime" : 438.0,
    "minResTime" : 206.0,
    "maxResTime" : 16937.0,
    "pct1ResTime" : 1381.2,
    "pct2ResTime" : 1879.9999999999989,
    "pct3ResTime" : 10848.479999999961,
    "throughput" : 0.3147570102002168,
    "receivedKBytesPerSec" : 13.3978107511232,
    "sentKBytesPerSec" : 0.07284903458735487
  },
  "TestcasesResults" : {
    "transaction" : "TestcasesResults",
    "sampleCount" : 240,
    "errorCount" : 0,
    "errorPct" : 0.0,
    "meanResTime" : 8365.55,
    "medianResTime" : 5756.0,
    "minResTime" : 5194.0,
    "maxResTime" : 20868.0,
    "pct1ResTime" : 15116.400000000001,
    "pct2ResTime" : 17461.8,
    "pct3ResTime" : 19919.510000000006,
    "throughput" : 0.34672060098237506,
    "receivedKBytesPerSec" : 10.04935294622219,
    "sentKBytesPerSec" : 0.08397139555041895
  },
  "Total" : {
    "transaction" : "Total",
    "sampleCount" : 1162,
    "errorCount" : 0,
    "errorPct" : 0.0,
    "meanResTime" : 3014.1428571428573,
    "medianResTime" : 1232.0,
    "minResTime" : 21.0,
    "maxResTime" : 24475.0,
    "pct1ResTime" : 8388.1,
    "pct2ResTime" : 12700.85,
    "pct3ResTime" : 20810.03999999999,
    "throughput" : 1.2909877500594387,
    "receivedKBytesPerSec" : 40.91199449448442,
    "sentKBytesPerSec" : 0.6010113634280502
  },
  "Upload" : {
    "transaction" : "Upload",
    "sampleCount" : 241,
    "errorCount" : 0,
    "errorPct" : 0.0,
    "meanResTime" : 2752.8049792531137,
    "medianResTime" : 775.0,
    "minResTime" : 426.0,
    "maxResTime" : 24475.0,
    "pct1ResTime" : 9408.200000000013,
    "pct2ResTime" : 18821.49999999999,
    "pct3ResTime" : 24445.32,
    "throughput" : 0.31406625885836265,
    "receivedKBytesPerSec" : 13.437345960110978,
    "sentKBytesPerSec" : 0.401040763943369
  },
  "Course Page" : {
    "transaction" : "Course Page",
    "sampleCount" : 40,
    "errorCount" : 0,
    "errorPct" : 0.0,
    "meanResTime" : 389.54999999999995,
    "medianResTime" : 403.5,
    "minResTime" : 59.0,
    "maxResTime" : 912.0,
    "pct1ResTime" : 705.7,
    "pct2ResTime" : 750.4,
    "pct3ResTime" : 912.0,
    "throughput" : 22.24694104560623,
    "receivedKBytesPerSec" : 720.2811066115128,
    "sentKBytesPerSec" : 6.4524819243604
  },
  "Login" : {
    "transaction" : "Login",
    "sampleCount" : 40,
    "errorCount" : 0,
    "errorPct" : 0.0,
    "meanResTime" : 892.525,
    "medianResTime" : 973.0,
    "minResTime" : 286.0,
    "maxResTime" : 1446.0,
    "pct1ResTime" : 1314.0,
    "pct2ResTime" : 1372.4499999999998,
    "pct3ResTime" : 1446.0,
    "throughput" : 23.64066193853428,
    "receivedKBytesPerSec" : 40.46039265661938,
    "sentKBytesPerSec" : 13.93390772754137
  },
  "RunPractice" : {
    "transaction" : "RunPractice",
    "sampleCount" : 240,
    "errorCount" : 0,
    "errorPct" : 0.0,
    "meanResTime" : 2441.933333333333,
    "medianResTime" : 2179.5,
    "minResTime" : 2067.0,
    "maxResTime" : 9783.0,
    "pct1ResTime" : 3012.1000000000004,
    "pct2ResTime" : 3644.6499999999987,
    "pct3ResTime" : 6074.990000000005,
    "throughput" : 0.3463768262357354,
    "receivedKBytesPerSec" : 9.815100960726642,
    "sentKBytesPerSec" : 0.08118206864900049
  }
}