{
  "AssignmentsList" : {
    "transaction" : "AssignmentsList",
    "sampleCount" : 90,
    "errorCount" : 0,
    "errorPct" : 0.0,
    "meanResTime" : 136.43333333333337,
    "medianResTime" : 87.0,
    "minResTime" : 22.0,
    "maxResTime" : 1005.0,
    "pct1ResTime" : 308.8000000000001,
    "pct2ResTime" : 530.9500000000004,
    "pct3ResTime" : 1005.0,
    "throughput" : 20.366598778004075,
    "receivedKBytesPerSec" : 7.798798512106813,
    "sentKBytesPerSec" : 6.583343940936865
  },
  "Get CSRF Token" : {
    "transaction" : "Get CSRF Token",
    "sampleCount" : 90,
    "errorCount" : 0,
    "errorPct" : 0.0,
    "meanResTime" : 44.42222222222222,
    "medianResTime" : 29.0,
    "minResTime" : 22.0,
    "maxResTime" : 185.0,
    "pct1ResTime" : 97.10000000000005,
    "pct2ResTime" : 149.65000000000003,
    "pct3ResTime" : 185.0,
    "throughput" : 53.73134328358209,
    "receivedKBytesPerSec" : 1435.9369169776119,
    "sentKBytesPerSec" : 7.083722014925373
  },
  "StudentCourses" : {
    "transaction" : "StudentCourses",
    "sampleCount" : 90,
    "errorCount" : 0,
    "errorPct" : 0.0,
    "meanResTime" : 254.5222222222222,
    "medianResTime" : 116.5,
    "minResTime" : 22.0,
    "maxResTime" : 1920.0,
    "pct1ResTime" : 629.2,
    "pct2ResTime" : 1149.2500000000002,
    "pct3ResTime" : 1920.0,
    "throughput" : 23.231801755291688,
    "receivedKBytesPerSec" : 28.991856769488898,
    "sentKBytesPerSec" : 5.626451987609705
  },
  "GetSubmissionId" : {
    "transaction" : "GetSubmissionId",
    "sampleCount" : 520,
    "errorCount" : 0,
    "errorPct" : 0.0,
    "meanResTime" : 1344.9884615384626,
    "medianResTime" : 428.5,
    "minResTime" : 189.0,
    "maxResTime" : 29095.0,
    "pct1ResTime" : 2302.8,
    "pct2ResTime" : 6727.8499999999885,
    "pct3ResTime" : 16128.899999999905,
    "throughput" : 0.6799714411994696,
    "receivedKBytesPerSec" : 30.476010196874615,
    "sentKBytesPerSec" : 0.1573762026994866
  },
  "TestcasesResults" : {
    "transaction" : "TestcasesResults",
    "sampleCount" : 519,
    "errorCount" : 1,
    "errorPct" : 0.19267823,
    "meanResTime" : 15417.030828516383,
    "medianResTime" : 6056.0,
    "minResTime" : 5200.0,
    "maxResTime" : 50338.0,
    "pct1ResTime" : 37098.0,
    "pct2ResTime" : 41254.0,
    "pct3ResTime" : 48311.39999999998,
    "throughput" : 0.6907171080912385,
    "receivedKBytesPerSec" : 19.981205948485012,
    "sentKBytesPerSec" : 0.16696073160117275
  },
  "Total" : {
    "transaction" : "Total",
    "sampleCount" : 2532,
    "errorCount" : 2,
    "errorPct" : 0.07898894,
    "meanResTime" : 5093.762243285939,
    "medianResTime" : 2042.0,
    "minResTime" : 22.0,
    "maxResTime" : 50338.0,
    "pct1ResTime" : 14543.900000000001,
    "pct2ResTime" : 32704.05,
    "pct3ResTime" : 41906.82000000001,
    "throughput" : 2.8021093287443075,
    "receivedKBytesPerSec" : 90.9554007368402,
    "sentKBytesPerSec" : 1.3690571810276615
  },
  "Upload" : {
    "transaction" : "Upload",
    "sampleCount" : 523,
    "errorCount" : 1,
    "errorPct" : 0.1912046,
    "meanResTime" : 4902.736137667297,
    "medianResTime" : 770.0,
    "minResTime" : 408.0,
    "maxResTime" : 46118.0,
    "pct1ResTime" : 21243.200000000008,
    "pct2ResTime" : 32566.199999999997,
    "pct3ResTime" : 41243.68,
    "throughput" : 0.6792710629228398,
    "receivedKBytesPerSec" : 30.54567508365879,
    "sentKBytesPerSec" : 0.9448510413270853
  },
  "Course Page" : {
    "transaction" : "Course Page",
    "sampleCount" : 90,
    "errorCount" : 0,
    "errorPct" : 0.0,
    "meanResTime" : 505.43333333333334,
    "medianResTime" : 269.0,
    "minResTime" : 51.0,
    "maxResTime" : 2142.0,
    "pct1ResTime" : 1461.3000000000002,
    "pct2ResTime" : 1548.25,
    "pct3ResTime" : 2142.0,
    "throughput" : 20.11622708985248,
    "receivedKBytesPerSec" : 651.3265883437639,
    "sentKBytesPerSec" : 5.834491646177916
  },
  "Login" : {
    "transaction" : "Login",
    "sampleCount" : 90,
    "errorCount" : 0,
    "errorPct" : 0.0,
    "meanResTime" : 1721.788888888889,
    "medianResTime" : 1780.0,
    "minResTime" : 283.0,
    "maxResTime" : 3518.0,
    "pct1ResTime" : 2763.2000000000003,
    "pct2ResTime" : 3224.3500000000004,
    "pct3ResTime" : 3518.0,
    "throughput" : 21.271567005436065,
    "receivedKBytesPerSec" : 36.41094008508627,
    "sentKBytesPerSec" : 12.542746247931932
  },
  "RunPractice" : {
    "transaction" : "RunPractice",
    "sampleCount" : 520,
    "errorCount" : 0,
    "errorPct" : 0.0,
    "meanResTime" : 2678.4769230769234,
    "medianResTime" : 2222.5,
    "minResTime" : 1780.0,
    "maxResTime" : 19024.0,
    "pct1ResTime" : 3938.000000000001,
    "pct2ResTime" : 4842.6,
    "pct3ResTime" : 8208.329999999973,
    "throughput" : 0.6811016557319288,
    "receivedKBytesPerSec" : 19.29268022833933,
    "sentKBytesPerSec" : 0.1596332005621708
  }
}