{
  "AssignmentsList" : {
    "transaction" : "AssignmentsList",
    "sampleCount" : 50,
    "errorCount" : 0,
    "errorPct" : 0.0,
    "meanResTime" : 78.47999999999999,
    "medianResTime" : 51.5,
    "minResTime" : 22.0,
    "maxResTime" : 378.0,
    "pct1ResTime" : 154.79999999999995,
    "pct2ResTime" : 240.49999999999994,
    "pct3ResTime" : 378.0,
    "throughput" : 21.123785382340515,
    "receivedKBytesPerSec" : 8.189592574989438,
    "sentKBytesPerSec" : 6.828098595268272
  },
  "Get CSRF Token" : {
    "transaction" : "Get CSRF Token",
    "sampleCount" : 50,
    "errorCount" : 0,
    "errorPct" : 0.0,
    "meanResTime" : 57.800000000000004,
    "medianResTime" : 31.5,
    "minResTime" : 22.0,
    "maxResTime" : 203.0,
    "pct1ResTime" : 180.99999999999994,
    "pct2ResTime" : 203.0,
    "pct3ResTime" : 203.0,
    "throughput" : 52.798310454065465,
    "receivedKBytesPerSec" : 1411.0070040258713,
    "sentKBytesPerSec" : 6.960714757127772
  },
  "StudentCourses" : {
    "transaction" : "StudentCourses",
    "sampleCount" : 50,
    "errorCount" : 0,
    "errorPct" : 0.0,
    "meanResTime" : 212.04000000000008,
    "medianResTime" : 118.5,
    "minResTime" : 22.0,
    "maxResTime" : 1010.0,
    "pct1ResTime" : 624.0,
    "pct2ResTime" : 944.5499999999997,
    "pct3ResTime" : 1010.0,
    "throughput" : 27.100271002710027,
    "receivedKBytesPerSec" : 33.79594342818428,
    "sentKBytesPerSec" : 6.563346883468835
  },
  "GetSubmissionId" : {
    "transaction" : "GetSubmissionId",
    "sampleCount" : 300,
    "errorCount" : 0,
    "errorPct" : 0.0,
    "meanResTime" : 924.2699999999999,
    "medianResTime" : 388.0,
    "minResTime" : 205.0,
    "maxResTime" : 15820.0,
    "pct1ResTime" : 1624.500000000005,
    "pct2ResTime" : 4020.7999999999975,
    "pct3ResTime" : 11295.09000000001,
    "throughput" : 0.4198123438822846,
    "receivedKBytesPerSec" : 17.869591198984054,
    "sentKBytesPerSec" : 0.09716359912119282
  },
  "TestcasesResults" : {
    "transaction" : "TestcasesResults",
    "sampleCount" : 300,
    "errorCount" : 0,
    "errorPct" : 0.0,
    "meanResTime" : 10356.483333333326,
    "medianResTime" : 6204.0,
    "minResTime" : 5215.0,
    "maxResTime" : 27125.0,
    "pct1ResTime" : 20906.0,
    "pct2ResTime" : 24035.25,
    "pct3ResTime" : 27039.73,
    "throughput" : 0.4171295646140648,
    "receivedKBytesPerSec" : 12.090442043062371,
    "sentKBytesPerSec" : 0.1010235664299688
  },
  "Total" : {
    "transaction" : "Total",
    "sampleCount" : 1452,
    "errorCount" : 0,
    "errorPct" : 0.0,
    "meanResTime" : 3512.747245179063,
    "medianResTime" : 1498.0,
    "minResTime" : 22.0,
    "maxResTime" : 27125.0,
    "pct1ResTime" : 9714.5,
    "pct2ResTime" : 18005.049999999996,
    "pct3ResTime" : 24322.880000000005,
    "throughput" : 1.612202999896739,
    "receivedKBytesPerSec" : 51.08628244912456,
    "sentKBytesPerSec" : 0.7512820785510381
  },
  "Upload" : {
    "transaction" : "Upload",
    "sampleCount" : 302,
    "errorCount" : 0,
    "errorPct" : 0.0,
    "meanResTime" : 2882.4139072847665,
    "medianResTime" : 726.0,
    "minResTime" : 426.0,
    "maxResTime" : 25822.0,
    "pct1ResTime" : 11006.399999999996,
    "pct2ResTime" : 17664.099999999984,
    "pct3ResTime" : 24525.109999999993,
    "throughput" : 0.39290277087523645,
    "receivedKBytesPerSec" : 16.810499190207224,
    "sentKBytesPerSec" : 0.5013878343088684
  },
  "Course Page" : {
    "transaction" : "Course Page",
    "sampleCount" : 50,
    "errorCount" : 0,
    "errorPct" : 0.0,
    "meanResTime" : 381.67999999999995,
    "medianResTime" : 244.0,
    "minResTime" : 55.0,
    "maxResTime" : 1032.0,
    "pct1ResTime" : 922.0999999999999,
    "pct2ResTime" : 960.8999999999999,
    "pct3ResTime" : 1032.0,
    "throughput" : 20.79002079002079,
    "receivedKBytesPerSec" : 673.1061590436591,
    "sentKBytesPerSec" : 6.02991813929314
  },
  "Login" : {
    "transaction" : "Login",
    "sampleCount" : 50,
    "errorCount" : 0,
    "errorPct" : 0.0,
    "meanResTime" : 1121.48,
    "medianResTime" : 1073.5,
    "minResTime" : 288.0,
    "maxResTime" : 2097.0,
    "pct1ResTime" : 1954.8999999999999,
    "pct2ResTime" : 2014.6,
    "pct3ResTime" : 2097.0,
    "throughput" : 22.614201718679332,
    "receivedKBytesPerSec" : 38.70561962912709,
    "sentKBytesPerSec" : 13.33089523971054
  },
  "RunPractice" : {
    "transaction" : "RunPractice",
    "sampleCount" : 300,
    "errorCount" : 0,
    "errorPct" : 0.0,
    "meanResTime" : 2510.733333333332,
    "medianResTime" : 2196.5,
    "minResTime" : 2068.0,
    "maxResTime" : 8038.0,
    "pct1ResTime" : 3358.5,
    "pct2ResTime" : 3793.7,
    "pct3ResTime" : 6997.860000000006,
    "throughput" : 0.41956633623486767,
    "receivedKBytesPerSec" : 11.889368180298844,
    "sentKBytesPerSec" : 0.0983358600550471
  }
}