{
  "AssignmentsList" : {
    "transaction" : "AssignmentsList",
    "sampleCount" : 60,
    "errorCount" : 0,
    "errorPct" : 0.0,
    "meanResTime" : 76.73333333333336,
    "medianResTime" : 54.5,
    "minResTime" : 24.0,
    "maxResTime" : 374.0,
    "pct1ResTime" : 139.0,
    "pct2ResTime" : 168.6499999999999,
    "pct3ResTime" : 374.0,
    "throughput" : 21.51308712800287,
    "receivedKBytesPerSec" : 8.302006767658659,
    "sentKBytesPerSec" : 6.953937343133739
  },
  "Get CSRF Token" : {
    "transaction" : "Get CSRF Token",
    "sampleCount" : 60,
    "errorCount" : 0,
    "errorPct" : 0.0,
    "meanResTime" : 45.61666666666669,
    "medianResTime" : 31.0,
    "minResTime" : 23.0,
    "maxResTime" : 178.0,
    "pct1ResTime" : 78.6,
    "pct2ResTime" : 151.95,
    "pct3ResTime" : 178.0,
    "throughput" : 53.38078291814947,
    "receivedKBytesPerSec" : 1426.580571619217,
    "sentKBytesPerSec" : 7.03750556049822
  },
  "StudentCourses" : {
    "transaction" : "StudentCourses",
    "sampleCount" : 60,
    "errorCount" : 0,
    "errorPct" : 0.0,
    "meanResTime" : 193.3166666666667,
    "medianResTime" : 103.0,
    "minResTime" : 20.0,
    "maxResTime" : 1692.0,
    "pct1ResTime" : 430.09999999999997,
    "pct2ResTime" : 992.5499999999981,
    "pct3ResTime" : 1692.0,
    "throughput" : 24.67105263157895,
    "receivedKBytesPerSec" : 30.77456825657895,
    "sentKBytesPerSec" : 5.9750205592105265
  },
  "GetSubmissionId" : {
    "transaction" : "GetSubmissionId",
    "sampleCount" : 360,
    "errorCount" : 0,
    "errorPct" : 0.0,
    "meanResTime" : 892.8083333333338,
    "medianResTime" : 384.0,
    "minResTime" : 207.0,
    "maxResTime" : 13925.0,
    "pct1ResTime" : 2043.4000000000005,
    "pct2ResTime" : 3434.6499999999983,
    "pct3ResTime" : 7828.14999999999,
    "throughput" : 0.49480387211519034,
    "receivedKBytesPerSec" : 21.487860800932843,
    "sentKBytesPerSec" : 0.11452003680791026
  },
  "TestcasesResults" : {
    "transaction" : "TestcasesResults",
    "sampleCount" : 360,
    "errorCount" : 0,
    "errorPct" : 0.0,
    "meanResTime" : 11043.888888888892,
    "medianResTime" : 5664.5,
    "minResTime" : 5203.0,
    "maxResTime" : 37857.0,
    "pct1ResTime" : 25554.30000000001,
    "pct2ResTime" : 29853.5,
    "pct3ResTime" : 32905.7,
    "throughput" : 0.49528720466780674,
    "receivedKBytesPerSec" : 14.354749008909666,
    "sentKBytesPerSec" : 0.11995236988048445
  },
  "Total" : {
    "transaction" : "Total",
    "sampleCount" : 1740,
    "errorCount" : 0,
    "errorPct" : 0.0,
    "meanResTime" : 3764.122988505746,
    "medianResTime" : 1570.5,
    "minResTime" : 20.0,
    "maxResTime" : 37857.0,
    "pct1ResTime" : 10318.500000000007,
    "pct2ResTime" : 19582.849999999984,
    "pct3ResTime" : 29986.879999999997,
    "throughput" : 1.9828494914674797,
    "receivedKBytesPerSec" : 63.504322793510156,
    "sentKBytesPerSec" : 0.9401619611976867
  },
  "Upload" : {
    "transaction" : "Upload",
    "sampleCount" : 360,
    "errorCount" : 0,
    "errorPct" : 0.0,
    "meanResTime" : 3365.147222222222,
    "medianResTime" : 729.0,
    "minResTime" : 417.0,
    "maxResTime" : 30538.0,
    "pct1ResTime" : 13864.800000000021,
    "pct2ResTime" : 19586.649999999998,
    "pct3ResTime" : 29764.329999999998,
    "throughput" : 0.4934792204124938,
    "receivedKBytesPerSec" : 21.53823015005538,
    "sentKBytesPerSec" : 0.6518332538854634
  },
  "Course Page" : {
    "transaction" : "Course Page",
    "sampleCount" : 60,
    "errorCount" : 0,
    "errorPct" : 0.0,
    "meanResTime" : 360.76666666666665,
    "medianResTime" : 254.0,
    "minResTime" : 64.0,
    "maxResTime" : 1021.0,
    "pct1ResTime" : 833.1,
    "pct2ResTime" : 1004.7999999999994,
    "pct3ResTime" : 1021.0,
    "throughput" : 21.53625269203159,
    "receivedKBytesPerSec" : 697.2961206703159,
    "sentKBytesPerSec" : 6.246354540559943
  },
  "Login" : {
    "transaction" : "Login",
    "sampleCount" : 60,
    "errorCount" : 0,
    "errorPct" : 0.0,
    "meanResTime" : 1133.9000000000003,
    "medianResTime" : 1182.0,
    "minResTime" : 262.0,
    "maxResTime" : 2254.0,
    "pct1ResTime" : 2085.8,
    "pct2ResTime" : 2204.7,
    "pct3ResTime" : 2254.0,
    "throughput" : 22.429906542056074,
    "receivedKBytesPerSec" : 38.3915011682243,
    "sentKBytesPerSec" : 13.223568925233646
  },
  "RunPractice" : {
    "transaction" : "RunPractice",
    "sampleCount" : 360,
    "errorCount" : 0,
    "errorPct" : 0.0,
    "meanResTime" : 2589.694444444442,
    "medianResTime" : 2178.5,
    "minResTime" : 2040.0,
    "maxResTime" : 13986.0,
    "pct1ResTime" : 3449.7000000000003,
    "pct2ResTime" : 4278.399999999998,
    "pct3ResTime" : 9361.699999999968,
    "throughput" : 0.4946821667078902,
    "receivedKBytesPerSec" : 14.015800146257591,
    "sentKBytesPerSec" : 0.11594113282216176
  }
}