{
  "AssignmentsList" : {
    "transaction" : "AssignmentsList",
    "sampleCount" : 200,
    "errorCount" : 2,
    "errorPct" : 1.0,
    "meanResTime" : 196.455,
    "medianResTime" : 82.5,
    "minResTime" : 5.0,
    "maxResTime" : 2281.0,
    "pct1ResTime" : 424.5000000000001,
    "pct2ResTime" : 686.3499999999999,
    "pct3ResTime" : 2190.6000000000013,
    "throughput" : 14.513788098693759,
    "receivedKBytesPerSec" : 5.786876927612482,
    "sentKBytesPerSec" : 4.644553927793904
  },
  "Get CSRF Token" : {
    "transaction" : "Get CSRF Token",
    "sampleCount" : 200,
    "errorCount" : 0,
    "errorPct" : 0.0,
    "meanResTime" : 41.34999999999999,
    "medianResTime" : 30.0,
    "minResTime" : 22.0,
    "maxResTime" : 210.0,
    "pct1ResTime" : 76.70000000000002,
    "pct2ResTime" : 104.64999999999992,
    "pct3ResTime" : 192.85000000000014,
    "throughput" : 57.12653527563553,
    "receivedKBytesPerSec" : 1526.6706722186518,
    "sentKBytesPerSec" : 7.531330334190232
  },
  "StudentCourses" : {
    "transaction" : "StudentCourses",
    "sampleCount" : 200,
    "errorCount" : 0,
    "errorPct" : 0.0,
    "meanResTime" : 491.8899999999999,
    "medianResTime" : 224.5,
    "minResTime" : 22.0,
    "maxResTime" : 4506.0,
    "pct1ResTime" : 1183.2000000000007,
    "pct2ResTime" : 1910.4499999999994,
    "pct3ResTime" : 4356.400000000004,
    "throughput" : 13.961605584642234,
    "receivedKBytesPerSec" : 17.42473821989529,
    "sentKBytesPerSec" : 3.3813263525305413
  },
  "GetSubmissionId" : {
    "transaction" : "GetSubmissionId",
    "sampleCount" : 758,
    "errorCount" : 7,
    "errorPct" : 0.92348284,
    "meanResTime" : 4672.540897097622,
    "medianResTime" : 964.0,
    "minResTime" : 0.0,
    "maxResTime" : 50010.0,
    "pct1ResTime" : 15786.8,
    "pct2ResTime" : 25245.59999999996,
    "pct3ResTime" : 43543.46999999992,
    "throughput" : 0.9921751673477508,
    "receivedKBytesPerSec" : 44.349812756388275,
    "sentKBytesPerSec" : 0.2290283964328816
  },
  "TestcasesResults" : {
    "transaction" : "TestcasesResults",
    "sampleCount" : 682,
    "errorCount" : 2,
    "errorPct" : 0.29325512,
    "meanResTime" : 78065.4926686216,
    "medianResTime" : 84581.5,
    "minResTime" : 15056.0,
    "maxResTime" : 139560.0,
    "pct1ResTime" : 109716.1,
    "pct2ResTime" : 112321.25,
    "pct3ResTime" : 127270.29999999994,
    "throughput" : 0.8155290116673264,
    "receivedKBytesPerSec" : 23.56925881252638,
    "sentKBytesPerSec" : 0.19722132704028736
  },
  "Total" : {
    "transaction" : "Total",
    "sampleCount" : 3958,
    "errorCount" : 107,
    "errorPct" : 2.7033856,
    "meanResTime" : 18421.94744820615,
    "medianResTime" : 2173.0,
    "minResTime" : 0.0,
    "maxResTime" : 139560.0,
    "pct1ResTime" : 77875.9,
    "pct2ResTime" : 98943.54999999999,
    "pct3ResTime" : 111632.26999999997,
    "throughput" : 3.9662418505654755,
    "receivedKBytesPerSec" : 118.14927591409949,
    "sentKBytesPerSec" : 1.8982394634801116
  },
  "Upload" : {
    "transaction" : "Upload",
    "sampleCount" : 760,
    "errorCount" : 86,
    "errorPct" : 11.315789,
    "meanResTime" : 12975.68684210528,
    "medianResTime" : 1615.0,
    "minResTime" : 0.0,
    "maxResTime" : 83217.0,
    "pct1ResTime" : 52639.6,
    "pct2ResTime" : 63159.199999999895,
    "pct3ResTime" : 77118.30999999998,
    "throughput" : 0.9887760903533184,
    "receivedKBytesPerSec" : 39.831093503415836,
    "sentKBytesPerSec" : 1.3842064831999137
  },
  "Course Page" : {
    "transaction" : "Course Page",
    "sampleCount" : 200,
    "errorCount" : 1,
    "errorPct" : 0.5,
    "meanResTime" : 897.175,
    "medianResTime" : 332.0,
    "minResTime" : 50.0,
    "maxResTime" : 5698.0,
    "pct1ResTime" : 3184.2000000000003,
    "pct2ResTime" : 3714.5499999999993,
    "pct3ResTime" : 5424.690000000003,
    "throughput" : 13.946028868279758,
    "receivedKBytesPerSec" : 449.45027586988357,
    "sentKBytesPerSec" : 4.024668672861028
  },
  "Login" : {
    "transaction" : "Login",
    "sampleCount" : 200,
    "errorCount" : 0,
    "errorPct" : 0.0,
    "meanResTime" : 4360.349999999999,
    "medianResTime" : 3793.0,
    "minResTime" : 223.0,
    "maxResTime" : 11673.0,
    "pct1ResTime" : 10042.5,
    "pct2ResTime" : 10691.949999999999,
    "pct3ResTime" : 11503.420000000002,
    "throughput" : 13.667737306088977,
    "receivedKBytesPerSec" : 23.410271304585528,
    "sentKBytesPerSec" : 8.07410903437436
  },
  "RunPractice" : {
    "transaction" : "RunPractice",
    "sampleCount" : 758,
    "errorCount" : 9,
    "errorPct" : 1.1873351,
    "meanResTime" : 6692.150395778359,
    "medianResTime" : 2798.5,
    "minResTime" : 0.0,
    "maxResTime" : 50002.0,
    "pct1ResTime" : 19864.30000000002,
    "pct2ResTime" : 27686.449999999997,
    "pct3ResTime" : 40767.12999999993,
    "throughput" : 0.9914471335013648,
    "receivedKBytesPerSec" : 27.773177999258376,
    "sentKBytesPerSec" : 0.22991796363560263
  }
}