{
  "AssignmentsList" : {
    "transaction" : "AssignmentsList",
    "sampleCount" : 350,
    "errorCount" : 28,
    "errorPct" : 8.0,
    "meanResTime" : 671.0285714285718,
    "medianResTime" : 173.0,
    "minResTime" : 0.0,
    "maxResTime" : 13517.0,
    "pct1ResTime" : 1907.5000000000005,
    "pct2ResTime" : 2899.7499999999995,
    "pct3ResTime" : 4361.350000000002,
    "throughput" : 14.547570555717195,
    "receivedKBytesPerSec" : 7.0988410002493865,
    "sentKBytesPerSec" : 4.326197446901367
  },
  "Get CSRF Token" : {
    "transaction" : "Get CSRF Token",
    "sampleCount" : 350,
    "errorCount" : 0,
    "errorPct" : 0.0,
    "meanResTime" : 540.5628571428572,
    "medianResTime" : 30.0,
    "minResTime" : 22.0,
    "maxResTime" : 17786.0,
    "pct1ResTime" : 1315.5000000000005,
    "pct2ResTime" : 4170.449999999999,
    "pct3ResTime" : 9897.360000000011,
    "throughput" : 14.836795252225519,
    "receivedKBytesPerSec" : 396.50586020294617,
    "sentKBytesPerSec" : 1.9560228115727003
  },
  "StudentCourses" : {
    "transaction" : "StudentCourses",
    "sampleCount" : 350,
    "errorCount" : 11,
    "errorPct" : 3.142857,
    "meanResTime" : 1521.2600000000004,
    "medianResTime" : 805.0,
    "minResTime" : 2.0,
    "maxResTime" : 20220.0,
    "pct1ResTime" : 2987.600000000002,
    "pct2ResTime" : 4999.2999999999965,
    "pct3ResTime" : 16691.120000000024,
    "throughput" : 13.353681800839375,
    "receivedKBytesPerSec" : 17.972140583269745,
    "sentKBytesPerSec" : 3.1392329979015643
  },
  "GetSubmissionId" : {
    "transaction" : "GetSubmissionId",
    "sampleCount" : 788,
    "errorCount" : 103,
    "errorPct" : 13.071066,
    "meanResTime" : 11446.04187817258,
    "medianResTime" : 1339.0,
    "minResTime" : 0.0,
    "maxResTime" : 50047.0,
    "pct1ResTime" : 48211.600000000006,
    "pct2ResTime" : 50002.0,
    "pct3ResTime" : 50004.11,
    "throughput" : 1.025268710178134,
    "receivedKBytesPerSec" : 39.93639865745747,
    "sentKBytesPerSec" : 0.2279584812524152
  },
  "TestcasesResults" : {
    "transaction" : "TestcasesResults",
    "sampleCount" : 524,
    "errorCount" : 1,
    "errorPct" : 0.1908397,
    "meanResTime" : 157111.99809160308,
    "medianResTime" : 174188.5,
    "minResTime" : 7770.0,
    "maxResTime" : 268289.0,
    "pct1ResTime" : 194857.5,
    "pct2ResTime" : 200898.5,
    "pct3ResTime" : 251432.75,
    "throughput" : 0.582881525992734,
    "receivedKBytesPerSec" : 16.864167478116915,
    "sentKBytesPerSec" : 0.14089721763060886
  },
  "Total" : {
    "transaction" : "Total",
    "sampleCount" : 4639,
    "errorCount" : 569,
    "errorPct" : 12.265574,
    "meanResTime" : 25924.910109937467,
    "medianResTime" : 2260.0,
    "minResTime" : 0.0,
    "maxResTime" : 268289.0,
    "pct1ResTime" : 100043.0,
    "pct2ResTime" : 175576.0,
    "pct3ResTime" : 196643.80000000013,
    "throughput" : 4.29377610720464,
    "receivedKBytesPerSec" : 101.83324727346604,
    "sentKBytesPerSec" : 1.8746267661845
  },
  "Upload" : {
    "transaction" : "Upload",
    "sampleCount" : 790,
    "errorCount" : 227,
    "errorPct" : 28.734177,
    "meanResTime" : 19390.902531645534,
    "medianResTime" : 2078.5,
    "minResTime" : 0.0,
    "maxResTime" : 99935.0,
    "pct1ResTime" : 60240.1,
    "pct2ResTime" : 70659.95,
    "pct3ResTime" : 91162.21000000004,
    "throughput" : 1.02754871101168,
    "receivedKBytesPerSec" : 33.00361826809266,
    "sentKBytesPerSec" : 1.3439337739165214
  },
  "Course Page" : {
    "transaction" : "Course Page",
    "sampleCount" : 350,
    "errorCount" : 31,
    "errorPct" : 8.857142,
    "meanResTime" : 2601.048571428572,
    "medianResTime" : 1597.5,
    "minResTime" : 0.0,
    "maxResTime" : 12782.0,
    "pct1ResTime" : 7330.8,
    "pct2ResTime" : 9262.999999999996,
    "pct3ResTime" : 11547.860000000002,
    "throughput" : 13.325211299779182,
    "receivedKBytesPerSec" : 395.2761456707341,
    "sentKBytesPerSec" : 3.522518119907866
  },
  "Login" : {
    "transaction" : "Login",
    "sampleCount" : 350,
    "errorCount" : 4,
    "errorPct" : 1.1428572,
    "meanResTime" : 8211.665714285717,
    "medianResTime" : 6511.5,
    "minResTime" : 174.0,
    "maxResTime" : 21859.0,
    "pct1ResTime" : 18464.4,
    "pct2ResTime" : 20179.7,
    "pct3ResTime" : 21828.45,
    "throughput" : 13.265112753458403,
    "receivedKBytesPerSec" : 22.88287468021603,
    "sentKBytesPerSec" : 7.792291429789652
  },
  "RunPractice" : {
    "transaction" : "RunPractice",
    "sampleCount" : 787,
    "errorCount" : 164,
    "errorPct" : 20.838627,
    "meanResTime" : 11257.597204574342,
    "medianResTime" : 2652.0,
    "minResTime" : 0.0,
    "maxResTime" : 50020.0,
    "pct1ResTime" : 44980.80000000001,
    "pct2ResTime" : 50002.0,
    "pct3ResTime" : 50008.0,
    "throughput" : 1.0241061843261006,
    "receivedKBytesPerSec" : 23.176470393880738,
    "sentKBytesPerSec" : 0.20769624906470607
  }
}