{
  "AssignmentsList" : {
    "transaction" : "AssignmentsList",
    "sampleCount" : 20,
    "errorCount" : 0,
    "errorPct" : 0.0,
    "meanResTime" : 80.49999999999999,
    "medianResTime" : 88.5,
    "minResTime" : 28.0,
    "maxResTime" : 137.0,
    "pct1ResTime" : 134.00000000000006,
    "pct2ResTime" : 136.95,
    "pct3ResTime" : 137.0,
    "throughput" : 28.61230329041488,
    "receivedKBytesPerSec" : 11.092855865522175,
    "sentKBytesPerSec" : 9.248703505007153
  },
  "Get CSRF Token" : {
    "transaction" : "Get CSRF Token",
    "sampleCount" : 20,
    "errorCount" : 0,
    "errorPct" : 0.0,
    "meanResTime" : 73.0,
    "medianResTime" : 34.0,
    "minResTime" : 23.0,
    "maxResTime" : 183.0,
    "pct1ResTime" : 177.70000000000002,
    "pct2ResTime" : 182.75,
    "pct3ResTime" : 183.0,
    "throughput" : 50.377833753148614,
    "receivedKBytesPerSec" : 1346.3107092254406,
    "sentKBytesPerSec" : 6.641608942065491
  },
  "StudentCourses" : {
    "transaction" : "StudentCourses",
    "sampleCount" : 20,
    "errorCount" : 0,
    "errorPct" : 0.0,
    "meanResTime" : 76.6,
    "medianResTime" : 68.5,
    "minResTime" : 32.0,
    "maxResTime" : 140.0,
    "pct1ResTime" : 131.70000000000002,
    "pct2ResTime" : 139.6,
    "pct3ResTime" : 140.0,
    "throughput" : 36.166365280289334,
    "receivedKBytesPerSec" : 45.102000452079565,
    "sentKBytesPerSec" : 8.759041591320072
  },
  "GetSubmissionId" : {
    "transaction" : "GetSubmissionId",
    "sampleCount" : 123,
    "errorCount" : 0,
    "errorPct" : 0.0,
    "meanResTime" : 662.9756097560976,
    "medianResTime" : 380.0,
    "minResTime" : 209.0,
    "maxResTime" : 6190.0,
    "pct1ResTime" : 1259.8000000000025,
    "pct2ResTime" : 2256.5999999999995,
    "pct3ResTime" : 5663.440000000011,
    "throughput" : 0.16044768818361477,
    "receivedKBytesPerSec" : 6.82937956762283,
    "sentKBytesPerSec" : 0.037134865331559276
  },
  "TestcasesResults" : {
    "transaction" : "TestcasesResults",
    "sampleCount" : 120,
    "errorCount" : 0,
    "errorPct" : 0.0,
    "meanResTime" : 6746.491666666667,
    "medianResTime" : 5713.5,
    "minResTime" : 5241.0,
    "maxResTime" : 12300.0,
    "pct1ResTime" : 9599.5,
    "pct2ResTime" : 11702.45,
    "pct3ResTime" : 12219.989999999996,
    "throughput" : 0.17990626883393754,
    "receivedKBytesPerSec" : 5.214297999179927,
    "sentKBytesPerSec" : 0.04357104948321924
  },
  "Total" : {
    "transaction" : "Total",
    "sampleCount" : 590,
    "errorCount" : 1,
    "errorPct" : 0.16949153,
    "meanResTime" : 2397.5559322033932,
    "medianResTime" : 1053.0,
    "minResTime" : 23.0,
    "maxResTime" : 12300.0,
    "pct1ResTime" : 6140.3,
    "pct2ResTime" : 8381.699999999999,
    "pct3ResTime" : 11703.9,
    "throughput" : 0.6538548065531767,
    "receivedKBytesPerSec" : 20.754353294652464,
    "sentKBytesPerSec" : 0.30600417933741236
  },
  "Upload" : {
    "transaction" : "Upload",
    "sampleCount" : 124,
    "errorCount" : 0,
    "errorPct" : 0.0,
    "meanResTime" : 1650.2580645161286,
    "medianResTime" : 723.5,
    "minResTime" : 393.0,
    "maxResTime" : 9635.0,
    "pct1ResTime" : 6191.5,
    "pct2ResTime" : 8194.5,
    "pct3ResTime" : 9622.75,
    "throughput" : 0.16148671967077546,
    "receivedKBytesPerSec" : 6.909000524180683,
    "sentKBytesPerSec" : 0.2060731093681832
  },
  "Course Page" : {
    "transaction" : "Course Page",
    "sampleCount" : 20,
    "errorCount" : 0,
    "errorPct" : 0.0,
    "meanResTime" : 293.55000000000007,
    "medianResTime" : 280.0,
    "minResTime" : 135.0,
    "maxResTime" : 578.0,
    "pct1ResTime" : 517.9000000000002,
    "pct2ResTime" : 575.4,
    "pct3ResTime" : 578.0,
    "throughput" : 25.284450063211125,
    "receivedKBytesPerSec" : 818.568021096713,
    "sentKBytesPerSec" : 7.33347819216182
  },
  "Login" : {
    "transaction" : "Login",
    "sampleCount" : 20,
    "errorCount" : 0,
    "errorPct" : 0.0,
    "meanResTime" : 602.5,
    "medianResTime" : 656.5,
    "minResTime" : 327.0,
    "maxResTime" : 794.0,
    "pct1ResTime" : 770.2,
    "pct2ResTime" : 793.05,
    "pct3ResTime" : 794.0,
    "throughput" : 21.57497303128371,
    "receivedKBytesPerSec" : 36.91553735167206,
    "sentKBytesPerSec" : 12.706900620280473
  },
  "RunPractice" : {
    "transaction" : "RunPractice",
    "sampleCount" : 123,
    "errorCount" : 1,
    "errorPct" : 0.8130081,
    "meanResTime" : 2408.764227642276,
    "medianResTime" : 2183.0,
    "minResTime" : 2069.0,
    "maxResTime" : 4503.0,
    "pct1ResTime" : 3060.8,
    "pct2ResTime" : 3626.7999999999993,
    "pct3ResTime" : 4435.560000000001,
    "throughput" : 0.16019859415965418,
    "receivedKBytesPerSec" : 4.506385487065591,
    "sentKBytesPerSec" : 0.03754654550616895
  }
}