{
  "AssignmentsList" : {
    "transaction" : "AssignmentsList",
    "sampleCount" : 70,
    "errorCount" : 0,
    "errorPct" : 0.0,
    "meanResTime" : 124.55714285714281,
    "medianResTime" : 103.0,
    "minResTime" : 25.0,
    "maxResTime" : 392.0,
    "pct1ResTime" : 257.9,
    "pct2ResTime" : 352.55000000000007,
    "pct3ResTime" : 392.0,
    "throughput" : 20.126509488211614,
    "receivedKBytesPerSec" : 7.741181174525589,
    "sentKBytesPerSec" : 6.505736953709028
  },
  "Get CSRF Token" : {
    "transaction" : "Get CSRF Token",
    "sampleCount" : 70,
    "errorCount" : 0,
    "errorPct" : 0.0,
    "meanResTime" : 44.05714285714287,
    "medianResTime" : 30.0,
    "minResTime" : 23.0,
    "maxResTime" : 193.0,
    "pct1ResTime" : 75.9,
    "pct2ResTime" : 156.30000000000004,
    "pct3ResTime" : 193.0,
    "throughput" : 55.248618784530386,
    "receivedKBytesPerSec" : 1476.4869647790056,
    "sentKBytesPerSec" : 7.283753453038675
  },
  "StudentCourses" : {
    "transaction" : "StudentCourses",
    "sampleCount" : 70,
    "errorCount" : 0,
    "errorPct" : 0.0,
    "meanResTime" : 231.72857142857146,
    "medianResTime" : 105.0,
    "minResTime" : 20.0,
    "maxResTime" : 2087.0,
    "pct1ResTime" : 622.2999999999998,
    "pct2ResTime" : 1191.7500000000007,
    "pct3ResTime" : 2087.0,
    "throughput" : 25.289017341040463,
    "receivedKBytesPerSec" : 31.55129493316474,
    "sentKBytesPerSec" : 6.124683887283237
  },
  "GetSubmissionId" : {
    "transaction" : "GetSubmissionId",
    "sampleCount" : 420,
    "errorCount" : 0,
    "errorPct" : 0.0,
    "meanResTime" : 1102.0833333333337,
    "medianResTime" : 370.0,
    "minResTime" : 198.0,
    "maxResTime" : 32675.0,
    "pct1ResTime" : 1860.6000000000013,
    "pct2ResTime" : 3985.3499999999963,
    "pct3ResTime" : 16281.600000000026,
    "throughput" : 0.5658905432953423,
    "receivedKBytesPerSec" : 24.922382417292404,
    "sentKBytesPerSec" : 0.1309727136337853
  },
  "TestcasesResults" : {
    "transaction" : "TestcasesResults",
    "sampleCount" : 420,
    "errorCount" : 1,
    "errorPct" : 0.23809524,
    "meanResTime" : 12068.547619047602,
    "medianResTime" : 5845.5,
    "minResTime" : 5201.0,
    "maxResTime" : 38399.0,
    "pct1ResTime" : 28422.300000000017,
    "pct2ResTime" : 31941.25,
    "pct3ResTime" : 35844.53000000001,
    "throughput" : 0.5657144704373781,
    "receivedKBytesPerSec" : 16.358942443098552,
    "sentKBytesPerSec" : 0.13668276146784047
  },
  "Total" : {
    "transaction" : "Total",
    "sampleCount" : 2030,
    "errorCount" : 1,
    "errorPct" : 0.049261082,
    "meanResTime" : 4119.8921182266,
    "medianResTime" : 1587.0,
    "minResTime" : 20.0,
    "maxResTime" : 38399.0,
    "pct1ResTime" : 10961.500000000035,
    "pct2ResTime" : 23510.149999999998,
    "pct3ResTime" : 33245.66,
    "throughput" : 2.272129477801967,
    "receivedKBytesPerSec" : 73.3137336953024,
    "sentKBytesPerSec" : 1.0917768395294567
  },
  "Upload" : {
    "transaction" : "Upload",
    "sampleCount" : 420,
    "errorCount" : 0,
    "errorPct" : 0.0,
    "meanResTime" : 3724.728571428572,
    "medianResTime" : 735.0,
    "minResTime" : 419.0,
    "maxResTime" : 34416.0,
    "pct1ResTime" : 16178.700000000012,
    "pct2ResTime" : 24010.89999999996,
    "pct3ResTime" : 33390.07,
    "throughput" : 0.5645221991634318,
    "receivedKBytesPerSec" : 24.985684542390914,
    "sentKBytesPerSec" : 0.763351937084001
  },
  "Course Page" : {
    "transaction" : "Course Page",
    "sampleCount" : 70,
    "errorCount" : 0,
    "errorPct" : 0.0,
    "meanResTime" : 570.4142857142857,
    "medianResTime" : 588.5,
    "minResTime" : 57.0,
    "maxResTime" : 1552.0,
    "pct1ResTime" : 1216.6,
    "pct2ResTime" : 1339.2,
    "pct3ResTime" : 1552.0,
    "throughput" : 19.880715705765407,
    "receivedKBytesPerSec" : 643.6808834493042,
    "sentKBytesPerSec" : 5.766184145129225
  },
  "Login" : {
    "transaction" : "Login",
    "sampleCount" : 70,
    "errorCount" : 0,
    "errorPct" : 0.0,
    "meanResTime" : 1444.1428571428573,
    "medianResTime" : 1455.5,
    "minResTime" : 301.0,
    "maxResTime" : 2981.0,
    "pct1ResTime" : 2228.7999999999997,
    "pct2ResTime" : 2402.4500000000003,
    "pct3ResTime" : 2981.0,
    "throughput" : 22.201078338090706,
    "receivedKBytesPerSec" : 38.00076316206787,
    "sentKBytesPerSec" : 13.089592253409451
  },
  "RunPractice" : {
    "transaction" : "RunPractice",
    "sampleCount" : 420,
    "errorCount" : 0,
    "errorPct" : 0.0,
    "meanResTime" : 2614.9690476190476,
    "medianResTime" : 2209.5,
    "minResTime" : 2064.0,
    "maxResTime" : 11043.0,
    "pct1ResTime" : 3624.3000000000006,
    "pct2ResTime" : 4630.55,
    "pct3ResTime" : 6571.380000000011,
    "throughput" : 0.5663934492551926,
    "receivedKBytesPerSec" : 16.045432034724637,
    "sentKBytesPerSec" : 0.13274846466918577
  }
}