{
  "AssignmentsList" : {
    "transaction" : "AssignmentsList",
    "sampleCount" : 150,
    "errorCount" : 0,
    "errorPct" : 0.0,
    "meanResTime" : 117.97333333333333,
    "medianResTime" : 66.5,
    "minResTime" : 23.0,
    "maxResTime" : 821.0,
    "pct1ResTime" : 257.1,
    "pct2ResTime" : 464.5999999999997,
    "pct3ResTime" : 800.6000000000004,
    "throughput" : 20.008003201280513,
    "receivedKBytesPerSec" : 7.685365812991863,
    "sentKBytesPerSec" : 6.467430722288916
  },
  "Get CSRF Token" : {
    "transaction" : "Get CSRF Token",
    "sampleCount" : 150,
    "errorCount" : 0,
    "errorPct" : 0.0,
    "meanResTime" : 44.84,
    "medianResTime" : 31.0,
    "minResTime" : 22.0,
    "maxResTime" : 198.0,
    "pct1ResTime" : 82.50000000000003,
    "pct2ResTime" : 139.24999999999972,
    "pct3ResTime" : 197.49,
    "throughput" : 53.11614730878187,
    "receivedKBytesPerSec" : 1419.5082883321531,
    "sentKBytesPerSec" : 7.00261707684136
  },
  "StudentCourses" : {
    "transaction" : "StudentCourses",
    "sampleCount" : 150,
    "errorCount" : 0,
    "errorPct" : 0.0,
    "meanResTime" : 343.77333333333365,
    "medianResTime" : 143.5,
    "minResTime" : 21.0,
    "maxResTime" : 2408.0,
    "pct1ResTime" : 1089.6000000000001,
    "pct2ResTime" : 1221.1999999999998,
    "pct3ResTime" : 2313.1400000000017,
    "throughput" : 21.635655560363478,
    "receivedKBytesPerSec" : 26.995269454060292,
    "sentKBytesPerSec" : 5.23988533102553
  },
  "GetSubmissionId" : {
    "transaction" : "GetSubmissionId",
    "sampleCount" : 741,
    "errorCount" : 3,
    "errorPct" : 0.4048583,
    "meanResTime" : 2293.4561403508774,
    "medianResTime" : 781.0,
    "minResTime" : 209.0,
    "maxResTime" : 50006.0,
    "pct1ResTime" : 4418.400000000016,
    "pct2ResTime" : 9343.0,
    "pct3ResTime" : 32316.32000000032,
    "throughput" : 0.9710646328039,
    "receivedKBytesPerSec" : 42.867488654122106,
    "sentKBytesPerSec" : 0.22474835739699636
  },
  "TestcasesResults" : {
    "transaction" : "TestcasesResults",
    "sampleCount" : 699,
    "errorCount" : 2,
    "errorPct" : 0.28612304,
    "meanResTime" : 37526.34763948499,
    "medianResTime" : 33580.0,
    "minResTime" : 5214.0,
    "maxResTime" : 113733.0,
    "pct1ResTime" : 69877.0,
    "pct2ResTime" : 79764.0,
    "pct3ResTime" : 85694.0,
    "throughput" : 0.8979151412385833,
    "receivedKBytesPerSec" : 25.954948087273753,
    "sentKBytesPerSec" : 0.21684160918211362
  },
  "Total" : {
    "transaction" : "Total",
    "sampleCount" : 3671,
    "errorCount" : 29,
    "errorPct" : 0.78997546,
    "meanResTime" : 10249.643421411076,
    "medianResTime" : 2104.0,
    "minResTime" : 0.0,
    "maxResTime" : 113733.0,
    "pct1ResTime" : 39415.8,
    "pct2ResTime" : 56952.59999999998,
    "pct3ResTime" : 79526.19999999992,
    "throughput" : 3.907251991676733,
    "receivedKBytesPerSec" : 122.67217688637199,
    "sentKBytesPerSec" : 1.874628722586173
  },
  "Upload" : {
    "transaction" : "Upload",
    "sampleCount" : 741,
    "errorCount" : 21,
    "errorPct" : 2.834008,
    "meanResTime" : 8652.919028340091,
    "medianResTime" : 1304.0,
    "minResTime" : 407.0,
    "maxResTime" : 68371.0,
    "pct1ResTime" : 37081.00000000003,
    "pct2ResTime" : 51047.7,
    "pct3ResTime" : 65472.44000000001,
    "throughput" : 0.9661256276231093,
    "receivedKBytesPerSec" : 41.83642892555357,
    "sentKBytesPerSec" : 1.3189178883668566
  },
  "Course Page" : {
    "transaction" : "Course Page",
    "sampleCount" : 150,
    "errorCount" : 0,
    "errorPct" : 0.0,
    "meanResTime" : 642.6600000000001,
    "medianResTime" : 267.0,
    "minResTime" : 47.0,
    "maxResTime" : 3312.0,
    "pct1ResTime" : 2243.400000000001,
    "pct2ResTime" : 2777.9,
    "pct3ResTime" : 3301.29,
    "throughput" : 19.61297071129707,
    "receivedKBytesPerSec" : 635.0461568792495,
    "sentKBytesPerSec" : 5.688527637944561
  },
  "Login" : {
    "transaction" : "Login",
    "sampleCount" : 150,
    "errorCount" : 0,
    "errorPct" : 0.0,
    "meanResTime" : 2756.653333333335,
    "medianResTime" : 2758.5,
    "minResTime" : 256.0,
    "maxResTime" : 6685.0,
    "pct1ResTime" : 4881.9,
    "pct2ResTime" : 5153.7,
    "pct3ResTime" : 6678.37,
    "throughput" : 20.698219953084035,
    "receivedKBytesPerSec" : 35.444893145439494,
    "sentKBytesPerSec" : 12.220035014488754
  },
  "RunPractice" : {
    "transaction" : "RunPractice",
    "sampleCount" : 740,
    "errorCount" : 3,
    "errorPct" : 0.4054054,
    "meanResTime" : 3646.4527027027066,
    "medianResTime" : 2443.0,
    "minResTime" : 0.0,
    "maxResTime" : 43834.0,
    "pct1ResTime" : 6085.099999999999,
    "pct2ResTime" : 10696.249999999987,
    "pct3ResTime" : 17834.970000000016,
    "throughput" : 0.9794721174731208,
    "receivedKBytesPerSec" : 27.641519812718975,
    "sentKBytesPerSec" : 0.22863311356979202
  }
}