Device,kB_read/s,kB_wrtn/s
loop0,0.0,0.0
sda,77.75737704918033,309.5344262295082
