{"Disk Write(KB/s)": 300.01400000000007, "Disk Read(KB/s)": 72.68076666666668}