{"user+system(%)": 16.054545454545455, "Idle(%)": 82.75454545454545, "I/O wait(%)": 1.0727272727272728, "Available Memory(Kb)": 2416876.109090909}