{"Disk Write(KB/s)": 48.09633333333334, "Disk Read(KB/s)": 3.3040000000000003}