{"user+system(%)": 7.677837837837837, "%iowait": 0.025315315315315313, "%guest": 0.0, "%idle": 91.96036363636362, "%sys": 0.36477477477477466}