{"user+system(%)": 7.990909090909091, "Idle(%)": 91.87272727272727, "I/O wait(%)": 0.0, "sys(%)": 0.4818181818181818, "Available Memory(Kb)": 2258907.272727273}