Device,kB_read/s,kB_wrtn/s
loop0,0.0,0.0
sda,7.848888888888889,176.9777777777778
