{"Disk Write(KB/s)": 129.17900000000006, "Disk Read(KB/s)": 27.923377777777773}