{"Disk Write(KB/s)": 40.39948888888891, "Disk Read(KB/s)": 95.84092222222219}