{"%iowait": 0.6443093922651907, "user+system(%)": 2.7520994475138094, "%idle": 91.81577777777778}