{
  "AssignmentsList" : {
    "transaction" : "AssignmentsList",
    "sampleCount" : 90,
    "errorCount" : 0,
    "errorPct" : 0.0,
    "meanResTime" : 31.544444444444444,
    "medianResTime" : 30.0,
    "minResTime" : 23.0,
    "maxResTime" : 69.0,
    "pct1ResTime" : 43.70000000000002,
    "pct2ResTime" : 47.900000000000006,
    "pct3ResTime" : 69.0,
    "throughput" : 38.03888419273035,
    "receivedKBytesPerSec" : 14.565887838123414,
    "sentKBytesPerSec" : 12.370066832206255
  },
  "Get CSRF Token" : {
    "transaction" : "Get CSRF Token",
    "sampleCount" : 90,
    "errorCount" : 0,
    "errorPct" : 0.0,
    "meanResTime" : 44.411111111111126,
    "medianResTime" : 34.0,
    "minResTime" : 25.0,
    "maxResTime" : 181.0,
    "pct1ResTime" : 55.60000000000002,
    "pct2ResTime" : 140.95000000000022,
    "pct3ResTime" : 181.0,
    "throughput" : 40.41311180960934,
    "receivedKBytesPerSec" : 1080.02243418837,
    "sentKBytesPerSec" : 5.406832341715313
  },
  "StudentCourses" : {
    "transaction" : "StudentCourses",
    "sampleCount" : 90,
    "errorCount" : 0,
    "errorPct" : 0.0,
    "meanResTime" : 48.900000000000006,
    "medianResTime" : 37.0,
    "minResTime" : 21.0,
    "maxResTime" : 117.0,
    "pct1ResTime" : 93.9,
    "pct2ResTime" : 103.9,
    "pct3ResTime" : 117.0,
    "throughput" : 39.735099337748345,
    "receivedKBytesPerSec" : 49.16442466887417,
    "sentKBytesPerSec" : 9.700951986754966
  },
  "GetSubmissionId" : {
    "transaction" : "GetSubmissionId",
    "sampleCount" : 635,
    "errorCount" : 0,
    "errorPct" : 0.0,
    "meanResTime" : 1442.0708661417325,
    "medianResTime" : 1019.0,
    "minResTime" : 238.0,
    "maxResTime" : 17210.0,
    "pct1ResTime" : 2456.1999999999994,
    "pct2ResTime" : 4656.399999999996,
    "pct3ResTime" : 9268.199999999988,
    "throughput" : 2.310695792350323,
    "receivedKBytesPerSec" : 103.02213594260013,
    "sentKBytesPerSec" : 0.5393127874723899
  },
  "TestcasesResults" : {
    "transaction" : "TestcasesResults",
    "sampleCount" : 588,
    "errorCount" : 0,
    "errorPct" : 0.0,
    "meanResTime" : 21119.56462585032,
    "medianResTime" : 21814.0,
    "minResTime" : 7802.0,
    "maxResTime" : 30342.0,
    "pct1ResTime" : 24134.2,
    "pct2ResTime" : 25161.4,
    "pct3ResTime" : 26853.83,
    "throughput" : 2.0498589850409097,
    "receivedKBytesPerSec" : 59.34677304086819,
    "sentKBytesPerSec" : 0.4964502229395954
  },
  "Total" : {
    "transaction" : "Total",
    "sampleCount" : 2947,
    "errorCount" : 1,
    "errorPct" : 0.033932813,
    "meanResTime" : 5825.512724804879,
    "medianResTime" : 2162.0,
    "minResTime" : 21.0,
    "maxResTime" : 30342.0,
    "pct1ResTime" : 21812.800000000003,
    "pct2ResTime" : 22859.2,
    "pct3ResTime" : 25161.16,
    "throughput" : 9.10034153300765,
    "receivedKBytesPerSec" : 301.2654028568649,
    "sentKBytesPerSec" : 4.564585462767961
  },
  "Upload" : {
    "transaction" : "Upload",
    "sampleCount" : 641,
    "errorCount" : 0,
    "errorPct" : 0.0,
    "meanResTime" : 2681.229329173166,
    "medianResTime" : 1699.0,
    "minResTime" : 360.0,
    "maxResTime" : 18972.0,
    "pct1ResTime" : 4449.800000000009,
    "pct2ResTime" : 9858.099999999997,
    "pct3ResTime" : 17498.98000000001,
    "throughput" : 2.32488974001857,
    "receivedKBytesPerSec" : 104.12510878085648,
    "sentKBytesPerSec" : 3.2505435642536415
  },
  "Course Page" : {
    "transaction" : "Course Page",
    "sampleCount" : 90,
    "errorCount" : 0,
    "errorPct" : 0.0,
    "meanResTime" : 74.7111111111111,
    "medianResTime" : 67.0,
    "minResTime" : 52.0,
    "maxResTime" : 160.0,
    "pct1ResTime" : 104.9,
    "pct2ResTime" : 124.75000000000004,
    "pct3ResTime" : 160.0,
    "throughput" : 37.56260434056762,
    "receivedKBytesPerSec" : 1215.8834874530469,
    "sentKBytesPerSec" : 10.967987009599332
  },
  "Login" : {
    "transaction" : "Login",
    "sampleCount" : 90,
    "errorCount" : 0,
    "errorPct" : 0.0,
    "meanResTime" : 215.80000000000007,
    "medianResTime" : 175.0,
    "minResTime" : 78.0,
    "maxResTime" : 630.0,
    "pct1ResTime" : 425.8000000000002,
    "pct2ResTime" : 558.0500000000001,
    "pct3ResTime" : 630.0,
    "throughput" : 38.445108927808626,
    "receivedKBytesPerSec" : 65.80721379752242,
    "sentKBytesPerSec" : 22.81927461554891
  },
  "RunPractice" : {
    "transaction" : "RunPractice",
    "sampleCount" : 633,
    "errorCount" : 1,
    "errorPct" : 0.15797788,
    "meanResTime" : 3282.3317535544993,
    "medianResTime" : 2936.0,
    "minResTime" : 2099.0,
    "maxResTime" : 10787.0,
    "pct1ResTime" : 4731.0,
    "pct2ResTime" : 5723.299999999997,
    "pct3ResTime" : 7678.62,
    "throughput" : 2.3095867919365136,
    "receivedKBytesPerSec" : 65.30374541069963,
    "sentKBytesPerSec" : 0.5413094043601204
  }
}