{"Disk Write(KB/s)": 172.12618888888886, "Disk Read(KB/s)": 27.329166666666666}