{"user+system(%)": 81.26666666666667, "I/O wait(%)": 1.8555555555555556, "Idle(%)": 16.877777777777776, "Available Memory(Kb)": 7345375.288888888}