{"Disk Read(KB/s)": 406.6202333333331, "Disk Write(KB/s)": 72.22459999999997}