{"%idle": 96.74381818181816, "user+system(%)": 2.300090090090091, "%iowait": 0.3258558558558559}