{"user+system(%)": 2.881818181818182, "Idle(%)": 96.8, "I/O wait(%)": 0.2909090909090909, "Available Memory(Kb)": 6090565.8545454545}