{"user+system(%)": 96.01576576576578, "%idle": 0.5962727272727273, "%guest": 0.0, "%iowait": 0.8345045045045043, "%sys": 8.016036036036036}