{"Available Memory(Kb)": 9485691.563636364, "Idle(%)": 0.6181818181818182, "sys(%)": 8.963636363636363, "user+system(%)": 98.72727272727273, "I/O wait(%)": 0.8909090909090909}