Device,kB_read/s,kB_wrtn/s
loop0,0.0,0.0
sda,5.470967741935484,671.341935483871
