{"%iowait": 0.9881081081081081, "user+system(%)": 69.51009009009007, "%idle": 28.138727272727273}