{"I/O wait(%)": 0.990909090909091, "user+system(%)": 71.02727272727273, "Available Memory(Kb)": 9004983.345454546, "Idle(%)": 27.936363636363637}