Device,kB_read/s,kB_wrtn/s
loop0,0.0,0.0
sda,14.311111111111112,338.82666666666665
