Device,kB_read/s,kB_wrtn/s
loop0,0.0,0.0
sda,423.340350877193,99.1859649122807
