Device,kB_read/s,kB_wrtn/s
loop0,0.0,0.0
sda,2.270967741935484,903.5483870967741
