{"Disk Read(KB/s)": 2.2226666666666666, "Disk Write(KB/s)": 890.507466666667}