{"%iowait": 2.202162162162159, "user+system(%)": 68.84405405405406, "%idle": 26.849818181818183}