Device,kB_read/s,kB_wrtn/s
loop0,0.0,0.0
sda,45.15409836065574,724.2098360655738
