{"Disk Read(KB/s)": 42.70786666666665, "Disk Write(KB/s)": 694.8771666666668}