{"%idle": 22.28436363636364, "user+system(%)": 74.04972972972972, "%iowait": 1.6505405405405398}