{"user+system(%)": 75.72727272727273, "Idle(%)": 22.618181818181817, "Available Memory(Kb)": 8880017.345454546, "I/O wait(%)": 1.6363636363636365}