Device,kB_read/s,kB_wrtn/s
loop0,0.0,0.0
sda,1749.272131147541,589.8185792349727
