{"user+system(%)": 63.65, "Available Memory(Kb)": 2533309.3777777776, "I/O wait(%)": 23.25, "Idle(%)": 13.083333333333334}