{
  "AssignmentsList" : {
    "transaction" : "AssignmentsList",
    "sampleCount" : 60,
    "errorCount" : 0,
    "errorPct" : 0.0,
    "meanResTime" : 44.38333333333335,
    "medianResTime" : 43.5,
    "minResTime" : 32.0,
    "maxResTime" : 72.0,
    "pct1ResTime" : 52.8,
    "pct2ResTime" : 68.24999999999994,
    "pct3ResTime" : 72.0,
    "throughput" : 14.054813773717497,
    "receivedKBytesPerSec" : 5.4238221773249,
    "sentKBytesPerSec" : 4.570559557273366
  },
  "Get CSRF Token" : {
    "transaction" : "Get CSRF Token",
    "sampleCount" : 60,
    "errorCount" : 0,
    "errorPct" : 0.0,
    "meanResTime" : 781.0,
    "medianResTime" : 112.0,
    "minResTime" : 46.0,
    "maxResTime" : 3993.0,
    "pct1ResTime" : 3568.0,
    "pct2ResTime" : 3740.5499999999997,
    "pct3ResTime" : 3993.0,
    "throughput" : 13.37196344996657,
    "receivedKBytesPerSec" : 357.3561469244484,
    "sentKBytesPerSec" : 1.789022453755293
  },
  "StudentCourses" : {
    "transaction" : "StudentCourses",
    "sampleCount" : 60,
    "errorCount" : 0,
    "errorPct" : 0.0,
    "meanResTime" : 45.68333333333334,
    "medianResTime" : 43.0,
    "minResTime" : 30.0,
    "maxResTime" : 94.0,
    "pct1ResTime" : 57.699999999999996,
    "pct2ResTime" : 74.74999999999997,
    "pct3ResTime" : 94.0,
    "throughput" : 14.03180542563143,
    "receivedKBytesPerSec" : 17.361618627221702,
    "sentKBytesPerSec" : 3.4257337464920488
  },
  "GetSubmissionId" : {
    "transaction" : "GetSubmissionId",
    "sampleCount" : 460,
    "errorCount" : 0,
    "errorPct" : 0.0,
    "meanResTime" : 1196.363043478259,
    "medianResTime" : 925.5,
    "minResTime" : 303.0,
    "maxResTime" : 7071.0,
    "pct1ResTime" : 2367.5000000000014,
    "pct2ResTime" : 2901.5499999999993,
    "pct3ResTime" : 5654.549999999999,
    "throughput" : 1.7000454577372395,
    "receivedKBytesPerSec" : 72.69000115723203,
    "sentKBytesPerSec" : 0.39678795351484397
  },
  "TestcasesResults" : {
    "transaction" : "TestcasesResults",
    "sampleCount" : 439,
    "errorCount" : 0,
    "errorPct" : 0.0,
    "meanResTime" : 15904.58769931664,
    "medianResTime" : 15329.0,
    "minResTime" : 8639.0,
    "maxResTime" : 35008.0,
    "pct1ResTime" : 22315.0,
    "pct2ResTime" : 27349.0,
    "pct3ResTime" : 30305.800000000003,
    "throughput" : 1.7064979086654333,
    "receivedKBytesPerSec" : 49.40764248188547,
    "sentKBytesPerSec" : 0.41495896411884065
  },
  "Total" : {
    "transaction" : "Total",
    "sampleCount" : 2122,
    "errorCount" : 2,
    "errorPct" : 0.09425071,
    "meanResTime" : 5172.607445805833,
    "medianResTime" : 2221.5,
    "minResTime" : 30.0,
    "maxResTime" : 35008.0,
    "pct1ResTime" : 15860.0,
    "pct2ResTime" : 19186.799999999996,
    "pct3ResTime" : 28359.14,
    "throughput" : 6.7695389886525685,
    "receivedKBytesPerSec" : 220.2806986241199,
    "sentKBytesPerSec" : 3.2992953913221017
  },
  "Upload" : {
    "transaction" : "Upload",
    "sampleCount" : 466,
    "errorCount" : 0,
    "errorPct" : 0.0,
    "meanResTime" : 4274.553648068669,
    "medianResTime" : 2016.0,
    "minResTime" : 1007.0,
    "maxResTime" : 31700.0,
    "pct1ResTime" : 6992.600000000001,
    "pct2ResTime" : 24703.599999999995,
    "pct3ResTime" : 31480.309999999998,
    "throughput" : 1.693233967872157,
    "receivedKBytesPerSec" : 72.78493867704286,
    "sentKBytesPerSec" : 2.24271603948578
  },
  "Course Page" : {
    "transaction" : "Course Page",
    "sampleCount" : 60,
    "errorCount" : 0,
    "errorPct" : 0.0,
    "meanResTime" : 84.58333333333334,
    "medianResTime" : 81.0,
    "minResTime" : 66.0,
    "maxResTime" : 136.0,
    "pct1ResTime" : 110.69999999999999,
    "pct2ResTime" : 115.94999999999999,
    "pct3ResTime" : 136.0,
    "throughput" : 13.953488372093023,
    "receivedKBytesPerSec" : 451.6692405523256,
    "sentKBytesPerSec" : 4.074309593023256
  },
  "Login" : {
    "transaction" : "Login",
    "sampleCount" : 60,
    "errorCount" : 0,
    "errorPct" : 0.0,
    "meanResTime" : 161.4,
    "medianResTime" : 160.0,
    "minResTime" : 96.0,
    "maxResTime" : 267.0,
    "pct1ResTime" : 220.9,
    "pct2ResTime" : 241.44999999999996,
    "pct3ResTime" : 267.0,
    "throughput" : 13.679890560875513,
    "receivedKBytesPerSec" : 23.414789244186046,
    "sentKBytesPerSec" : 8.11842724008208
  },
  "RunPractice" : {
    "transaction" : "RunPractice",
    "sampleCount" : 457,
    "errorCount" : 2,
    "errorPct" : 0.43763676,
    "meanResTime" : 3030.3435448577698,
    "medianResTime" : 2515.0,
    "minResTime" : 2091.0,
    "maxResTime" : 17964.0,
    "pct1ResTime" : 4499.199999999998,
    "pct2ResTime" : 5335.599999999999,
    "pct3ResTime" : 8066.240000000005,
    "throughput" : 1.6955378045568041,
    "receivedKBytesPerSec" : 47.838707415612674,
    "sentKBytesPerSec" : 0.3990474715802635
  }
}