{"Disk Write(KB/s)": 37.54261904761905, "Disk Read(KB/s)": 0.8645714285714285}