{"I/O wait(%)": 0.3380952380952381, "Available Memory(Kb)": 4238550.933333334, "Idle(%)": 93.88095238095238, "user+system(%)": 6.0285714285714285}