Device,kB_read/s,kB_wrtn/s
loop0,0.0,0.0
sda,22.286294416243656,304.48730964467006
