{"Disk Write(KB/s)": 310.52227777777796, "Disk Read(KB/s)": 23.018766666666675}