{"user+system(%)": 9.275580110497241, "%idle": 89.56777777777776, "%iowait": 0.6540883977900552}