{"I/O wait(%)": 0.6277777777777778, "user+system(%)": 9.555555555555555, "Available Memory(Kb)": 3350686.8444444444, "Idle(%)": 89.53888888888889}