{"Available Memory(Kb)": 5138628.363636363, "user+system(%)": 68.5, "I/O wait(%)": 2.3454545454545452, "Idle(%)": 29.227272727272727}