{
  "AssignmentsList" : {
    "transaction" : "AssignmentsList",
    "sampleCount" : 100,
    "errorCount" : 0,
    "errorPct" : 0.0,
    "meanResTime" : 116.9,
    "medianResTime" : 102.0,
    "minResTime" : 48.0,
    "maxResTime" : 411.0,
    "pct1ResTime" : 187.40000000000003,
    "pct2ResTime" : 234.44999999999987,
    "pct3ResTime" : 410.2299999999996,
    "throughput" : 36.9139904023625,
    "receivedKBytesPerSec" : 14.113112541528238,
    "sentKBytesPerSec" : 12.004256644518271
  },
  "Get CSRF Token" : {
    "transaction" : "Get CSRF Token",
    "sampleCount" : 100,
    "errorCount" : 0,
    "errorPct" : 0.0,
    "meanResTime" : 65.86999999999998,
    "medianResTime" : 44.5,
    "minResTime" : 30.0,
    "maxResTime" : 282.0,
    "pct1ResTime" : 178.30000000000004,
    "pct2ResTime" : 206.95,
    "pct3ResTime" : 281.96,
    "throughput" : 96.89922480620156,
    "receivedKBytesPerSec" : 3236.946046814438,
    "sentKBytesPerSec" : 12.96405644379845
  },
  "StudentCourses" : {
    "transaction" : "StudentCourses",
    "sampleCount" : 100,
    "errorCount" : 0,
    "errorPct" : 0.0,
    "meanResTime" : 168.08999999999995,
    "medianResTime" : 125.0,
    "minResTime" : 32.0,
    "maxResTime" : 652.0,
    "pct1ResTime" : 360.0000000000001,
    "pct2ResTime" : 508.6999999999997,
    "pct3ResTime" : 651.97,
    "throughput" : 41.45936981757877,
    "receivedKBytesPerSec" : 51.29787261608624,
    "sentKBytesPerSec" : 10.121916459369817
  },
  "Total" : {
    "transaction" : "Total",
    "sampleCount" : 1437,
    "errorCount" : 96,
    "errorPct" : 6.6805844,
    "meanResTime" : 10193.100904662471,
    "medianResTime" : 3849.0,
    "minResTime" : 30.0,
    "maxResTime" : 81327.0,
    "pct1ResTime" : 27213.4,
    "pct2ResTime" : 50005.0,
    "pct3ResTime" : 70262.06,
    "throughput" : 4.593005973784388,
    "receivedKBytesPerSec" : 146.27101307224794,
    "sentKBytesPerSec" : 4.635028497532497
  },
  "Upload" : {
    "transaction" : "Upload",
    "sampleCount" : 937,
    "errorCount" : 96,
    "errorPct" : 10.245464,
    "meanResTime" : 15386.934898612582,
    "medianResTime" : 8537.0,
    "minResTime" : 870.0,
    "maxResTime" : 81327.0,
    "pct1ResTime" : 44380.200000000026,
    "pct2ResTime" : 50006.0,
    "pct3ResTime" : 73130.04000000001,
    "throughput" : 3.283928377416947,
    "receivedKBytesPerSec" : 133.81103206736785,
    "sentKBytesPerSec" : 4.525570016323262
  },
  "Course Page" : {
    "transaction" : "Course Page",
    "sampleCount" : 100,
    "errorCount" : 0,
    "errorPct" : 0.0,
    "meanResTime" : 705.85,
    "medianResTime" : 696.0,
    "minResTime" : 106.0,
    "maxResTime" : 1351.0,
    "pct1ResTime" : 1222.8000000000002,
    "pct2ResTime" : 1253.6999999999998,
    "pct3ResTime" : 1350.87,
    "throughput" : 36.31082062454612,
    "receivedKBytesPerSec" : 1419.5853616330792,
    "sentKBytesPerSec" : 10.602475944081336
  },
  "Login" : {
    "transaction" : "Login",
    "sampleCount" : 100,
    "errorCount" : 0,
    "errorPct" : 0.0,
    "meanResTime" : 1242.57,
    "medianResTime" : 1177.5,
    "minResTime" : 314.0,
    "maxResTime" : 2609.0,
    "pct1ResTime" : 1870.8000000000002,
    "pct2ResTime" : 2473.149999999996,
    "pct3ResTime" : 2608.1499999999996,
    "throughput" : 37.18854592785422,
    "receivedKBytesPerSec" : 63.657784027519526,
    "sentKBytesPerSec" : 22.074888434362215
  }
}