{
  "AssignmentsList" : {
    "transaction" : "AssignmentsList",
    "sampleCount" : 100,
    "errorCount" : 0,
    "errorPct" : 0.0,
    "meanResTime" : 73.60999999999999,
    "medianResTime" : 64.0,
    "minResTime" : 34.0,
    "maxResTime" : 177.0,
    "pct1ResTime" : 119.60000000000002,
    "pct2ResTime" : 140.84999999999997,
    "pct3ResTime" : 176.8499999999999,
    "throughput" : 17.047391749062395,
    "receivedKBytesPerSec" : 6.517630732185476,
    "sentKBytesPerSec" : 5.543731887146267
  },
  "Get CSRF Token" : {
    "transaction" : "Get CSRF Token",
    "sampleCount" : 100,
    "errorCount" : 0,
    "errorPct" : 0.0,
    "meanResTime" : 1927.6799999999998,
    "medianResTime" : 1485.0,
    "minResTime" : 33.0,
    "maxResTime" : 6095.0,
    "pct1ResTime" : 5094.700000000001,
    "pct2ResTime" : 5322.749999999997,
    "pct3ResTime" : 6091.859999999999,
    "throughput" : 15.936254980079681,
    "receivedKBytesPerSec" : 532.3537101593625,
    "sentKBytesPerSec" : 2.1320966135458166
  },
  "StudentCourses" : {
    "transaction" : "StudentCourses",
    "sampleCount" : 100,
    "errorCount" : 0,
    "errorPct" : 0.0,
    "meanResTime" : 93.67999999999998,
    "medianResTime" : 65.0,
    "minResTime" : 30.0,
    "maxResTime" : 627.0,
    "pct1ResTime" : 190.00000000000006,
    "pct2ResTime" : 208.95,
    "pct3ResTime" : 624.2599999999986,
    "throughput" : 16.963528413910094,
    "receivedKBytesPerSec" : 20.9890532230704,
    "sentKBytesPerSec" : 4.141486429177269
  },
  "Total" : {
    "transaction" : "Total",
    "sampleCount" : 2370,
    "errorCount" : 4,
    "errorPct" : 0.16877638,
    "meanResTime" : 2239.9000000000074,
    "medianResTime" : 851.5,
    "minResTime" : 30.0,
    "maxResTime" : 41577.0,
    "pct1ResTime" : 1861.9,
    "pct2ResTime" : 4595.349999999992,
    "pct3ResTime" : 39633.9,
    "throughput" : 7.862026412427973,
    "receivedKBytesPerSec" : 305.5202875320535,
    "sentKBytesPerSec" : 9.262896926594548
  },
  "Upload" : {
    "transaction" : "Upload",
    "sampleCount" : 1870,
    "errorCount" : 4,
    "errorPct" : 0.21390374,
    "meanResTime" : 2689.5860962566826,
    "medianResTime" : 906.0,
    "minResTime" : 57.0,
    "maxResTime" : 41577.0,
    "pct1ResTime" : 1979.2000000000025,
    "pct2ResTime" : 5106.099999999982,
    "pct3ResTime" : 40027.56999999999,
    "throughput" : 6.752584578830106,
    "receivedKBytesPerSec" : 305.1861611342266,
    "sentKBytesPerSec" : 9.509299868469041
  },
  "Course Page" : {
    "transaction" : "Course Page",
    "sampleCount" : 100,
    "errorCount" : 0,
    "errorPct" : 0.0,
    "meanResTime" : 181.09999999999997,
    "medianResTime" : 128.5,
    "minResTime" : 71.0,
    "maxResTime" : 725.0,
    "pct1ResTime" : 376.40000000000003,
    "pct2ResTime" : 466.89999999999975,
    "pct3ResTime" : 723.4599999999992,
    "throughput" : 16.8947457340767,
    "receivedKBytesPerSec" : 660.5200479916372,
    "sentKBytesPerSec" : 4.93313376414935
  },
  "Login" : {
    "transaction" : "Login",
    "sampleCount" : 100,
    "errorCount" : 0,
    "errorPct" : 0.0,
    "meanResTime" : 514.2999999999998,
    "medianResTime" : 444.5,
    "minResTime" : 112.0,
    "maxResTime" : 1596.0,
    "pct1ResTime" : 935.5,
    "pct2ResTime" : 1193.8499999999995,
    "pct3ResTime" : 1595.8899999999999,
    "throughput" : 16.126431220770844,
    "receivedKBytesPerSec" : 27.604544629898406,
    "sentKBytesPerSec" : 9.572548782454444
  }
}