{"Disk Read(KB/s)": 0.041960000000000004, "Disk Write(KB/s)": 21.46828}