{"Disk Read(KB/s)": 1.1861000000000002, "Disk Write(KB/s)": 892.6822333333337}