Device,kB_read/s,kB_wrtn/s
loop0,0.0,0.0
sda,386.2453038674033,194.3160220994475
