{"Disk Read(KB/s)": 302.54449999999997, "Disk Write(KB/s)": 158.74061111111124}