Device,kB_read/s,kB_wrtn/s
loop0,0.0,0.0
sda,14.360220994475139,224.66740331491712
