{"Disk Read(KB/s)": 12.032622222222226, "Disk Write(KB/s)": 212.81728888888898}