{"user+system(%)": 7.697127071823206, "%idle": 90.80322222222219, "%iowait": 0.5849723756906084}