{"Available Memory(Kb)": 8271745.511111111, "Idle(%)": 90.95, "user+system(%)": 8.505555555555556, "I/O wait(%)": 0.5555555555555556}