{
  "AssignmentsList" : {
    "transaction" : "AssignmentsList",
    "sampleCount" : 140,
    "errorCount" : 2,
    "errorPct" : 1.4285715,
    "meanResTime" : 45.47142857142857,
    "medianResTime" : 33.5,
    "minResTime" : 0.0,
    "maxResTime" : 269.0,
    "pct1ResTime" : 66.40000000000003,
    "pct2ResTime" : 177.04999999999978,
    "pct3ResTime" : 257.93000000000006,
    "throughput" : 34.51676528599606,
    "receivedKBytesPerSec" : 13.682950412968442,
    "sentKBytesPerSec" : 10.997885077662723
  },
  "Get CSRF Token" : {
    "transaction" : "Get CSRF Token",
    "sampleCount" : 140,
    "errorCount" : 0,
    "errorPct" : 0.0,
    "meanResTime" : 2423.7499999999995,
    "medianResTime" : 2296.0,
    "minResTime" : 39.0,
    "maxResTime" : 5951.0,
    "pct1ResTime" : 5598.3,
    "pct2ResTime" : 5663.25,
    "pct3ResTime" : 5932.96,
    "throughput" : 22.4863475746868,
    "receivedKBytesPerSec" : 600.971009928124,
    "sentKBytesPerSec" : 2.964508713459685
  },
  "StudentCourses" : {
    "transaction" : "StudentCourses",
    "sampleCount" : 140,
    "errorCount" : 0,
    "errorPct" : 0.0,
    "meanResTime" : 51.878571428571455,
    "medianResTime" : 34.0,
    "minResTime" : 23.0,
    "maxResTime" : 388.0,
    "pct1ResTime" : 96.50000000000003,
    "pct2ResTime" : 156.1499999999998,
    "pct3ResTime" : 361.7600000000002,
    "throughput" : 31.460674157303373,
    "receivedKBytesPerSec" : 50.839624297752806,
    "sentKBytesPerSec" : 7.6992626404494375
  },
  "GetSubmissionId" : {
    "transaction" : "GetSubmissionId",
    "sampleCount" : 913,
    "errorCount" : 2,
    "errorPct" : 0.21905805,
    "meanResTime" : 1925.9266155531209,
    "medianResTime" : 1245.0,
    "minResTime" : 0.0,
    "maxResTime" : 21637.0,
    "pct1ResTime" : 3099.4,
    "pct2ResTime" : 4552.399999999998,
    "pct3ResTime" : 17331.98,
    "throughput" : 3.352771820558771,
    "receivedKBytesPerSec" : 148.46664855019242,
    "sentKBytesPerSec" : 0.7742834678144922
  },
  "TestcasesResults" : {
    "transaction" : "TestcasesResults",
    "sampleCount" : 840,
    "errorCount" : 4,
    "errorPct" : 0.47619048,
    "meanResTime" : 18358.753571428566,
    "medianResTime" : 19296.0,
    "minResTime" : 5324.0,
    "maxResTime" : 28886.0,
    "pct1ResTime" : 22558.3,
    "pct2ResTime" : 23559.249999999996,
    "pct3ResTime" : 25890.350000000002,
    "throughput" : 3.0080896124219776,
    "receivedKBytesPerSec" : 86.81254437155994,
    "sentKBytesPerSec" : 0.7250525520417408
  },
  "Total" : {
    "transaction" : "Total",
    "sampleCount" : 4282,
    "errorCount" : 21,
    "errorPct" : 0.49042502,
    "meanResTime" : 6343.225829051839,
    "medianResTime" : 2475.5,
    "minResTime" : 0.0,
    "maxResTime" : 50989.0,
    "pct1ResTime" : 19867.600000000002,
    "pct2ResTime" : 21792.4,
    "pct3ResTime" : 33671.34,
    "throughput" : 13.216987625664785,
    "receivedKBytesPerSec" : 431.840102051033,
    "sentKBytesPerSec" : 6.481543732271119
  },
  "Upload" : {
    "transaction" : "Upload",
    "sampleCount" : 919,
    "errorCount" : 4,
    "errorPct" : 0.4352557,
    "meanResTime" : 6704.957562567995,
    "medianResTime" : 2655.0,
    "minResTime" : 0.0,
    "maxResTime" : 50989.0,
    "pct1ResTime" : 19809.0,
    "pct2ResTime" : 33383.0,
    "pct3ResTime" : 50386.799999999996,
    "throughput" : 3.364180809160529,
    "receivedKBytesPerSec" : 149.4360302586374,
    "sentKBytesPerSec" : 4.595111722193343
  },
  "Course Page" : {
    "transaction" : "Course Page",
    "sampleCount" : 140,
    "errorCount" : 3,
    "errorPct" : 2.142857,
    "meanResTime" : 110.50000000000001,
    "medianResTime" : 68.5,
    "minResTime" : 0.0,
    "maxResTime" : 561.0,
    "pct1ResTime" : 253.8,
    "pct2ResTime" : 340.1999999999998,
    "pct3ResTime" : 543.3700000000001,
    "throughput" : 34.005343696866646,
    "receivedKBytesPerSec" : 1078.6428129554288,
    "sentKBytesPerSec" : 9.651530619990284
  },
  "Login" : {
    "transaction" : "Login",
    "sampleCount" : 140,
    "errorCount" : 3,
    "errorPct" : 2.142857,
    "meanResTime" : 407.65714285714273,
    "medianResTime" : 156.0,
    "minResTime" : 73.0,
    "maxResTime" : 2334.0,
    "pct1ResTime" : 1485.8000000000002,
    "pct2ResTime" : 1725.699999999999,
    "pct3ResTime" : 2229.4500000000007,
    "throughput" : 23.018743834265045,
    "receivedKBytesPerSec" : 39.76128329496876,
    "sentKBytesPerSec" : 13.387994286418941
  },
  "RunPractice" : {
    "transaction" : "RunPractice",
    "sampleCount" : 910,
    "errorCount" : 3,
    "errorPct" : 0.32967034,
    "meanResTime" : 3730.348351648349,
    "medianResTime" : 2964.5,
    "minResTime" : 0.0,
    "maxResTime" : 20913.0,
    "pct1ResTime" : 6266.599999999999,
    "pct2ResTime" : 7770.849999999995,
    "pct3ResTime" : 13498.98999999999,
    "throughput" : 3.326072018596763,
    "receivedKBytesPerSec" : 93.96024955591456,
    "sentKBytesPerSec" : 0.7778348367666194
  }
}