{
  "AssignmentsList" : {
    "transaction" : "AssignmentsList",
    "sampleCount" : 70,
    "errorCount" : 1,
    "errorPct" : 1.4285715,
    "meanResTime" : 367.6142857142857,
    "medianResTime" : 86.0,
    "minResTime" : 28.0,
    "maxResTime" : 2617.0,
    "pct1ResTime" : 1091.2,
    "pct2ResTime" : 2073.8,
    "pct3ResTime" : 2617.0,
    "throughput" : 7.783831869231625,
    "receivedKBytesPerSec" : 3.175538439619704,
    "sentKBytesPerSec" : 2.480119085677749
  },
  "Get CSRF Token" : {
    "transaction" : "Get CSRF Token",
    "sampleCount" : 70,
    "errorCount" : 0,
    "errorPct" : 0.0,
    "meanResTime" : 657.8285714285714,
    "medianResTime" : 621.5,
    "minResTime" : 210.0,
    "maxResTime" : 1618.0,
    "pct1ResTime" : 1091.9,
    "pct2ResTime" : 1236.45,
    "pct3ResTime" : 1618.0,
    "throughput" : 29.914529914529915,
    "receivedKBytesPerSec" : 799.4512052617522,
    "sentKBytesPerSec" : 3.9438100961538463
  },
  "StudentCourses" : {
    "transaction" : "StudentCourses",
    "sampleCount" : 70,
    "errorCount" : 0,
    "errorPct" : 0.0,
    "meanResTime" : 563.0428571428572,
    "medianResTime" : 299.5,
    "minResTime" : 24.0,
    "maxResTime" : 4414.0,
    "pct1ResTime" : 1633.1999999999996,
    "pct2ResTime" : 2967.200000000003,
    "pct3ResTime" : 4414.0,
    "throughput" : 7.0972320794889985,
    "receivedKBytesPerSec" : 8.854707936226301,
    "sentKBytesPerSec" : 1.718860894251242
  },
  "GetSubmissionId" : {
    "transaction" : "GetSubmissionId",
    "sampleCount" : 288,
    "errorCount" : 5,
    "errorPct" : 1.7361112,
    "meanResTime" : 5145.3090277777765,
    "medianResTime" : 2003.0,
    "minResTime" : 0.0,
    "maxResTime" : 50024.0,
    "pct1ResTime" : 11931.200000000003,
    "pct2ResTime" : 25334.450000000004,
    "pct3ResTime" : 50003.0,
    "throughput" : 0.37589372649032726,
    "receivedKBytesPerSec" : 16.312999009526557,
    "sentKBytesPerSec" : 0.08669676168533519
  },
  "TestcasesResults" : {
    "transaction" : "TestcasesResults",
    "sampleCount" : 269,
    "errorCount" : 0,
    "errorPct" : 0.0,
    "meanResTime" : 42618.330855018605,
    "medianResTime" : 41302.0,
    "minResTime" : 5263.0,
    "maxResTime" : 101923.0,
    "pct1ResTime" : 77935.0,
    "pct2ResTime" : 87449.5,
    "pct3ResTime" : 96530.20000000004,
    "throughput" : 0.36272287567774564,
    "receivedKBytesPerSec" : 10.512191047166782,
    "sentKBytesPerSec" : 0.08784694645320403
  },
  "Total" : {
    "transaction" : "Total",
    "sampleCount" : 1482,
    "errorCount" : 38,
    "errorPct" : 2.5641026,
    "meanResTime" : 11989.067476383256,
    "medianResTime" : 2836.0,
    "minResTime" : 0.0,
    "maxResTime" : 101923.0,
    "pct1ResTime" : 46054.80000000002,
    "pct2ResTime" : 66450.34999999996,
    "pct3ResTime" : 86929.43000000002,
    "throughput" : 1.6290243331387737,
    "receivedKBytesPerSec" : 48.712790951426605,
    "sentKBytesPerSec" : 0.7638337997404774
  },
  "Upload" : {
    "transaction" : "Upload",
    "sampleCount" : 289,
    "errorCount" : 23,
    "errorPct" : 7.9584775,
    "meanResTime" : 10368.131487889277,
    "medianResTime" : 2786.0,
    "minResTime" : 0.0,
    "maxResTime" : 73767.0,
    "pct1ResTime" : 43363.0,
    "pct2ResTime" : 51937.0,
    "pct3ResTime" : 69747.60000000005,
    "throughput" : 0.3759437619352388,
    "receivedKBytesPerSec" : 15.350430562927002,
    "sentKBytesPerSec" : 0.5054602599638105
  },
  "Course Page" : {
    "transaction" : "Course Page",
    "sampleCount" : 70,
    "errorCount" : 4,
    "errorPct" : 5.714286,
    "meanResTime" : 1058.071428571429,
    "medianResTime" : 449.0,
    "minResTime" : 24.0,
    "maxResTime" : 4318.0,
    "pct1ResTime" : 2617.4999999999995,
    "pct2ResTime" : 3433.3500000000013,
    "pct3ResTime" : 4318.0,
    "throughput" : 7.232152081826635,
    "receivedKBytesPerSec" : 221.6345874444674,
    "sentKBytesPerSec" : 1.9777433748321107
  },
  "Login" : {
    "transaction" : "Login",
    "sampleCount" : 70,
    "errorCount" : 0,
    "errorPct" : 0.0,
    "meanResTime" : 3240.742857142857,
    "medianResTime" : 3478.0,
    "minResTime" : 411.0,
    "maxResTime" : 8377.0,
    "pct1ResTime" : 5652.0,
    "pct2ResTime" : 6112.5,
    "pct3ResTime" : 8377.0,
    "throughput" : 6.800738365879724,
    "receivedKBytesPerSec" : 11.640571869231517,
    "sentKBytesPerSec" : 4.009665245798115
  },
  "RunPractice" : {
    "transaction" : "RunPractice",
    "sampleCount" : 286,
    "errorCount" : 5,
    "errorPct" : 1.7482518,
    "meanResTime" : 4940.968531468532,
    "medianResTime" : 3222.0,
    "minResTime" : 0.0,
    "maxResTime" : 35830.0,
    "pct1ResTime" : 9860.3,
    "pct2ResTime" : 12733.349999999999,
    "pct3ResTime" : 25053.799999999974,
    "throughput" : 0.37343396029326315,
    "receivedKBytesPerSec" : 10.406207360305014,
    "sentKBytesPerSec" : 0.08599345184856338
  }
}