{
  "AssignmentsList" : {
    "transaction" : "AssignmentsList",
    "sampleCount" : 90,
    "errorCount" : 1,
    "errorPct" : 1.1111112,
    "meanResTime" : 633.1333333333332,
    "medianResTime" : 182.5,
    "minResTime" : 28.0,
    "maxResTime" : 8451.0,
    "pct1ResTime" : 1639.0000000000002,
    "pct2ResTime" : 3210.2000000000044,
    "pct3ResTime" : 8451.0,
    "throughput" : 5.443987418340189,
    "receivedKBytesPerSec" : 2.1840927821800147,
    "sentKBytesPerSec" : 1.7401738862509073
  },
  "Get CSRF Token" : {
    "transaction" : "Get CSRF Token",
    "sampleCount" : 90,
    "errorCount" : 0,
    "errorPct" : 0.0,
    "meanResTime" : 778.7999999999998,
    "medianResTime" : 801.0,
    "minResTime" : 202.0,
    "maxResTime" : 1612.0,
    "pct1ResTime" : 1239.9,
    "pct2ResTime" : 1325.95,
    "pct3ResTime" : 1612.0,
    "throughput" : 31.29346314325452,
    "receivedKBytesPerSec" : 836.3055784944368,
    "sentKBytesPerSec" : 4.125603051112656
  },
  "StudentCourses" : {
    "transaction" : "StudentCourses",
    "sampleCount" : 90,
    "errorCount" : 0,
    "errorPct" : 0.0,
    "meanResTime" : 976.2777777777778,
    "medianResTime" : 285.5,
    "minResTime" : 96.0,
    "maxResTime" : 11481.0,
    "pct1ResTime" : 3447.5000000000023,
    "pct2ResTime" : 4768.750000000001,
    "pct3ResTime" : 11481.0,
    "throughput" : 5.101751601383142,
    "receivedKBytesPerSec" : 6.366671567654896,
    "sentKBytesPerSec" : 1.2355804659599796
  },
  "GetSubmissionId" : {
    "transaction" : "GetSubmissionId",
    "sampleCount" : 303,
    "errorCount" : 11,
    "errorPct" : 3.630363,
    "meanResTime" : 9806.102310231025,
    "medianResTime" : 2946.0,
    "minResTime" : 0.0,
    "maxResTime" : 50006.0,
    "pct1ResTime" : 33329.80000000002,
    "pct2ResTime" : 45137.20000000002,
    "pct3ResTime" : 50003.0,
    "throughput" : 0.396387250720823,
    "receivedKBytesPerSec" : 17.136552168012596,
    "sentKBytesPerSec" : 0.09143919233154196
  },
  "TestcasesResults" : {
    "transaction" : "TestcasesResults",
    "sampleCount" : 252,
    "errorCount" : 1,
    "errorPct" : 0.3968254,
    "meanResTime" : 87428.4246031746,
    "medianResTime" : 98810.5,
    "minResTime" : 5975.0,
    "maxResTime" : 156137.0,
    "pct1ResTime" : 120319.6,
    "pct2ResTime" : 124199.9,
    "pct3ResTime" : 142009.6,
    "throughput" : 0.305194113144662,
    "receivedKBytesPerSec" : 8.811886300205643,
    "sentKBytesPerSec" : 0.07362088896263068
  },
  "Total" : {
    "transaction" : "Total",
    "sampleCount" : 1611,
    "errorCount" : 53,
    "errorPct" : 3.289882,
    "meanResTime" : 20280.990689013055,
    "medianResTime" : 3608.0,
    "minResTime" : 0.0,
    "maxResTime" : 156137.0,
    "pct1ResTime" : 80608.79999999999,
    "pct2ResTime" : 111354.99999999999,
    "pct3ResTime" : 122710.79999999999,
    "throughput" : 1.5770631774837276,
    "receivedKBytesPerSec" : 45.728153597118606,
    "sentKBytesPerSec" : 0.7424576246868634
  },
  "Upload" : {
    "transaction" : "Upload",
    "sampleCount" : 303,
    "errorCount" : 24,
    "errorPct" : 7.920792,
    "meanResTime" : 12952.082508250833,
    "medianResTime" : 3879.0,
    "minResTime" : 0.0,
    "maxResTime" : 87268.0,
    "pct1ResTime" : 48025.600000000035,
    "pct2ResTime" : 55471.80000000002,
    "pct3ResTime" : 70992.11999999998,
    "throughput" : 0.39689712897977786,
    "receivedKBytesPerSec" : 16.47006550972136,
    "sentKBytesPerSec" : 0.5482932134029409
  },
  "Course Page" : {
    "transaction" : "Course Page",
    "sampleCount" : 90,
    "errorCount" : 3,
    "errorPct" : 3.3333333,
    "meanResTime" : 2035.822222222223,
    "medianResTime" : 1257.0,
    "minResTime" : 60.0,
    "maxResTime" : 10243.0,
    "pct1ResTime" : 5702.900000000005,
    "pct2ResTime" : 7624.250000000002,
    "pct3ResTime" : 10243.0,
    "throughput" : 5.1930067509087765,
    "receivedKBytesPerSec" : 162.90246929274133,
    "sentKBytesPerSec" : 1.4559689826034274
  },
  "Login" : {
    "transaction" : "Login",
    "sampleCount" : 90,
    "errorCount" : 0,
    "errorPct" : 0.0,
    "meanResTime" : 4691.977777777777,
    "medianResTime" : 4003.0,
    "minResTime" : 433.0,
    "maxResTime" : 14878.0,
    "pct1ResTime" : 9512.800000000001,
    "pct2ResTime" : 12394.300000000007,
    "pct3ResTime" : 14878.0,
    "throughput" : 5.401512423478574,
    "receivedKBytesPerSec" : 9.245870093626216,
    "sentKBytesPerSec" : 3.1849933606409797
  },
  "RunPractice" : {
    "transaction" : "RunPractice",
    "sampleCount" : 303,
    "errorCount" : 13,
    "errorPct" : 4.290429,
    "meanResTime" : 9651.953795379539,
    "medianResTime" : 4527.0,
    "minResTime" : 0.0,
    "maxResTime" : 50003.0,
    "pct1ResTime" : 28224.800000000014,
    "pct2ResTime" : 37234.20000000001,
    "pct3ResTime" : 47556.11999999997,
    "throughput" : 0.39924367699473606,
    "receivedKBytesPerSec" : 10.84724580127086,
    "sentKBytesPerSec" : 0.09017570674695462
  }
}