{
  "AssignmentsList" : {
    "transaction" : "AssignmentsList",
    "sampleCount" : 10,
    "errorCount" : 0,
    "errorPct" : 0.0,
    "meanResTime" : 139.7,
    "medianResTime" : 168.5,
    "minResTime" : 28.0,
    "maxResTime" : 185.0,
    "pct1ResTime" : 185.0,
    "pct2ResTime" : 185.0,
    "pct3ResTime" : 185.0,
    "throughput" : 8.576329331046313,
    "receivedKBytesPerSec" : 3.325002680102916,
    "sentKBytesPerSec" : 2.7722314536878216
  },
  "Get CSRF Token" : {
    "transaction" : "Get CSRF Token",
    "sampleCount" : 10,
    "errorCount" : 0,
    "errorPct" : 0.0,
    "meanResTime" : 851.6999999999999,
    "medianResTime" : 872.5,
    "minResTime" : 762.0,
    "maxResTime" : 902.0,
    "pct1ResTime" : 902.0,
    "pct2ResTime" : 902.0,
    "pct3ResTime" : 902.0,
    "throughput" : 11.086474501108649,
    "receivedKBytesPerSec" : 296.2817003880266,
    "sentKBytesPerSec" : 1.4615957594235034
  },
  "StudentCourses" : {
    "transaction" : "StudentCourses",
    "sampleCount" : 10,
    "errorCount" : 0,
    "errorPct" : 0.0,
    "meanResTime" : 369.6,
    "medianResTime" : 281.0,
    "minResTime" : 26.0,
    "maxResTime" : 958.0,
    "pct1ResTime" : 945.7,
    "pct2ResTime" : 958.0,
    "pct3ResTime" : 958.0,
    "throughput" : 9.737098344693282,
    "receivedKBytesPerSec" : 12.142846275559885,
    "sentKBytesPerSec" : 2.3582035053554042
  },
  "GetSubmissionId" : {
    "transaction" : "GetSubmissionId",
    "sampleCount" : 60,
    "errorCount" : 0,
    "errorPct" : 0.0,
    "meanResTime" : 1269.55,
    "medianResTime" : 815.5,
    "minResTime" : 302.0,
    "maxResTime" : 9247.0,
    "pct1ResTime" : 2485.2,
    "pct2ResTime" : 2956.1499999999983,
    "pct3ResTime" : 9247.0,
    "throughput" : 0.08769557941200115,
    "receivedKBytesPerSec" : 3.733329561357674,
    "sentKBytesPerSec" : 0.02029673078187917
  },
  "TestcasesResults" : {
    "transaction" : "TestcasesResults",
    "sampleCount" : 60,
    "errorCount" : 0,
    "errorPct" : 0.0,
    "meanResTime" : 9273.716666666662,
    "medianResTime" : 8861.0,
    "minResTime" : 5285.0,
    "maxResTime" : 17168.0,
    "pct1ResTime" : 12936.8,
    "pct2ResTime" : 15776.6,
    "pct3ResTime" : 17168.0,
    "throughput" : 0.08709397875777858,
    "receivedKBytesPerSec" : 2.5240512630622827,
    "sentKBytesPerSec" : 0.021093072980399502
  },
  "Total" : {
    "transaction" : "Total",
    "sampleCount" : 290,
    "errorCount" : 0,
    "errorPct" : 0.0,
    "meanResTime" : 3353.531034482758,
    "medianResTime" : 2143.0,
    "minResTime" : 26.0,
    "maxResTime" : 17168.0,
    "pct1ResTime" : 9225.800000000003,
    "pct2ResTime" : 11595.65,
    "pct3ResTime" : 15810.029999999992,
    "throughput" : 0.3461740013775338,
    "receivedKBytesPerSec" : 10.963057610590656,
    "sentKBytesPerSec" : 0.16088884352815766
  },
  "Upload" : {
    "transaction" : "Upload",
    "sampleCount" : 60,
    "errorCount" : 0,
    "errorPct" : 0.0,
    "meanResTime" : 2267.1666666666656,
    "medianResTime" : 1492.0,
    "minResTime" : 604.0,
    "maxResTime" : 11241.0,
    "pct1ResTime" : 4455.9,
    "pct2ResTime" : 7083.699999999988,
    "pct3ResTime" : 11241.0,
    "throughput" : 0.08724975679130294,
    "receivedKBytesPerSec" : 3.732363961269833,
    "sentKBytesPerSec" : 0.11131160378140445
  },
  "Course Page" : {
    "transaction" : "Course Page",
    "sampleCount" : 10,
    "errorCount" : 0,
    "errorPct" : 0.0,
    "meanResTime" : 356.2,
    "medianResTime" : 416.0,
    "minResTime" : 65.0,
    "maxResTime" : 457.0,
    "pct1ResTime" : 456.7,
    "pct2ResTime" : 457.0,
    "pct3ResTime" : 457.0,
    "throughput" : 7.8064012490242,
    "receivedKBytesPerSec" : 252.73528981264639,
    "sentKBytesPerSec" : 2.2641612997658083
  },
  "Login" : {
    "transaction" : "Login",
    "sampleCount" : 10,
    "errorCount" : 0,
    "errorPct" : 0.0,
    "meanResTime" : 886.1999999999999,
    "medianResTime" : 870.5,
    "minResTime" : 434.0,
    "maxResTime" : 1412.0,
    "pct1ResTime" : 1394.9,
    "pct2ResTime" : 1412.0,
    "pct3ResTime" : 1412.0,
    "throughput" : 7.0821529745042495,
    "receivedKBytesPerSec" : 12.111588172804533,
    "sentKBytesPerSec" : 4.164914571529745
  },
  "RunPractice" : {
    "transaction" : "RunPractice",
    "sampleCount" : 60,
    "errorCount" : 0,
    "errorPct" : 0.0,
    "meanResTime" : 2964.4000000000005,
    "medianResTime" : 2492.0,
    "minResTime" : 2103.0,
    "maxResTime" : 6260.0,
    "pct1ResTime" : 4587.6,
    "pct2ResTime" : 5131.749999999999,
    "pct3ResTime" : 6260.0,
    "throughput" : 0.0876344824161411,
    "receivedKBytesPerSec" : 2.482701717690627,
    "sentKBytesPerSec" : 0.02053933181628307
  }
}