{
  "AssignmentsList" : {
    "transaction" : "AssignmentsList",
    "sampleCount" : 80,
    "errorCount" : 1,
    "errorPct" : 1.25,
    "meanResTime" : 463.2000000000001,
    "medianResTime" : 168.0,
    "minResTime" : 11.0,
    "maxResTime" : 2899.0,
    "pct1ResTime" : 1452.9000000000005,
    "pct2ResTime" : 2275.6000000000004,
    "pct3ResTime" : 2899.0,
    "throughput" : 5.364806866952789,
    "receivedKBytesPerSec" : 2.1678613490812766,
    "sentKBytesPerSec" : 1.7124552583489805
  },
  "Get CSRF Token" : {
    "transaction" : "Get CSRF Token",
    "sampleCount" : 80,
    "errorCount" : 0,
    "errorPct" : 0.0,
    "meanResTime" : 787.6625,
    "medianResTime" : 693.5,
    "minResTime" : 233.0,
    "maxResTime" : 1664.0,
    "pct1ResTime" : 1467.4,
    "pct2ResTime" : 1566.3000000000002,
    "pct3ResTime" : 1664.0,
    "throughput" : 29.95132909022838,
    "receivedKBytesPerSec" : 800.4350108807563,
    "sentKBytesPerSec" : 3.9486615499812805
  },
  "StudentCourses" : {
    "transaction" : "StudentCourses",
    "sampleCount" : 80,
    "errorCount" : 0,
    "errorPct" : 0.0,
    "meanResTime" : 716.8,
    "medianResTime" : 256.0,
    "minResTime" : 87.0,
    "maxResTime" : 8590.0,
    "pct1ResTime" : 2160.500000000001,
    "pct2ResTime" : 3967.350000000002,
    "pct3ResTime" : 8590.0,
    "throughput" : 5.17799352750809,
    "receivedKBytesPerSec" : 6.461114482200648,
    "sentKBytesPerSec" : 1.2540453074433657
  },
  "GetSubmissionId" : {
    "transaction" : "GetSubmissionId",
    "sampleCount" : 293,
    "errorCount" : 10,
    "errorPct" : 3.4129694,
    "meanResTime" : 6528.358361774748,
    "medianResTime" : 2203.0,
    "minResTime" : 0.0,
    "maxResTime" : 50005.0,
    "pct1ResTime" : 17897.0,
    "pct2ResTime" : 27476.400000000012,
    "pct3ResTime" : 50003.0,
    "throughput" : 0.38365850464842216,
    "receivedKBytesPerSec" : 16.513394391613197,
    "sentKBytesPerSec" : 0.0878867888241456
  },
  "TestcasesResults" : {
    "transaction" : "TestcasesResults",
    "sampleCount" : 265,
    "errorCount" : 1,
    "errorPct" : 0.3773585,
    "meanResTime" : 67964.70566037735,
    "medianResTime" : 77138.0,
    "minResTime" : 5271.0,
    "maxResTime" : 176398.0,
    "pct1ResTime" : 97116.2,
    "pct2ResTime" : 101403.59999999999,
    "pct3ResTime" : 148429.29999999923,
    "throughput" : 0.3425325955310483,
    "receivedKBytesPerSec" : 9.891911173542523,
    "sentKBytesPerSec" : 0.0826440672708166
  },
  "Total" : {
    "transaction" : "Total",
    "sampleCount" : 1544,
    "errorCount" : 42,
    "errorPct" : 2.7202072,
    "meanResTime" : 17169.47927461137,
    "medianResTime" : 3137.5,
    "minResTime" : 0.0,
    "maxResTime" : 176398.0,
    "pct1ResTime" : 72940.0,
    "pct2ResTime" : 87312.75,
    "pct3ResTime" : 99677.14999999998,
    "throughput" : 1.5951270109551339,
    "receivedKBytesPerSec" : 47.110203790970694,
    "sentKBytesPerSec" : 0.74769762618963
  },
  "Upload" : {
    "transaction" : "Upload",
    "sampleCount" : 293,
    "errorCount" : 16,
    "errorPct" : 5.460751,
    "meanResTime" : 12705.211604095568,
    "medianResTime" : 3397.0,
    "minResTime" : 0.0,
    "maxResTime" : 85378.0,
    "pct1ResTime" : 49131.80000000005,
    "pct2ResTime" : 61856.3,
    "pct3ResTime" : 80459.90000000001,
    "throughput" : 0.38243962544411286,
    "receivedKBytesPerSec" : 16.216161832900642,
    "sentKBytesPerSec" : 0.5225429110638609
  },
  "Course Page" : {
    "transaction" : "Course Page",
    "sampleCount" : 80,
    "errorCount" : 1,
    "errorPct" : 1.25,
    "meanResTime" : 1418.4125000000001,
    "medianResTime" : 572.0,
    "minResTime" : 60.0,
    "maxResTime" : 9012.0,
    "pct1ResTime" : 2936.300000000001,
    "pct2ResTime" : 6617.250000000003,
    "pct3ResTime" : 9012.0,
    "throughput" : 5.238687708728963,
    "receivedKBytesPerSec" : 167.65386598782004,
    "sentKBytesPerSec" : 1.5004312708728962
  },
  "Login" : {
    "transaction" : "Login",
    "sampleCount" : 80,
    "errorCount" : 0,
    "errorPct" : 0.0,
    "meanResTime" : 4323.6,
    "medianResTime" : 3809.5,
    "minResTime" : 391.0,
    "maxResTime" : 13083.0,
    "pct1ResTime" : 8993.1,
    "pct2ResTime" : 10212.2,
    "pct3ResTime" : 13083.0,
    "throughput" : 5.243151133831432,
    "receivedKBytesPerSec" : 8.974672098243545,
    "sentKBytesPerSec" : 3.0914878670205796
  },
  "RunPractice" : {
    "transaction" : "RunPractice",
    "sampleCount" : 293,
    "errorCount" : 13,
    "errorPct" : 4.43686,
    "meanResTime" : 7668.324232081906,
    "medianResTime" : 3437.0,
    "minResTime" : 0.0,
    "maxResTime" : 50005.0,
    "pct1ResTime" : 16906.200000000004,
    "pct2ResTime" : 35560.300000000025,
    "pct3ResTime" : 50002.06,
    "throughput" : 0.3850844820153718,
    "receivedKBytesPerSec" : 10.442015357872284,
    "sentKBytesPerSec" : 0.08778989764375611
  }
}