{
  "AssignmentsList" : {
    "transaction" : "AssignmentsList",
    "sampleCount" : 150,
    "errorCount" : 15,
    "errorPct" : 10.0,
    "meanResTime" : 1898.6933333333343,
    "medianResTime" : 409.0,
    "minResTime" : 0.0,
    "maxResTime" : 11607.0,
    "pct1ResTime" : 5548.1,
    "pct2ResTime" : 8117.399999999996,
    "pct3ResTime" : 10996.530000000012,
    "throughput" : 5.59325825937803,
    "receivedKBytesPerSec" : 2.7779849354910877,
    "sentKBytesPerSec" : 1.627179331512417
  },
  "Get CSRF Token" : {
    "transaction" : "Get CSRF Token",
    "sampleCount" : 150,
    "errorCount" : 0,
    "errorPct" : 0.0,
    "meanResTime" : 1620.253333333333,
    "medianResTime" : 1771.5,
    "minResTime" : 209.0,
    "maxResTime" : 3514.0,
    "pct1ResTime" : 2705.4,
    "pct2ResTime" : 2961.0499999999993,
    "pct3ResTime" : 3398.2300000000023,
    "throughput" : 26.059763724808896,
    "receivedKBytesPerSec" : 696.4370059503127,
    "sentKBytesPerSec" : 3.4356133816886727
  },
  "StudentCourses" : {
    "transaction" : "StudentCourses",
    "sampleCount" : 150,
    "errorCount" : 3,
    "errorPct" : 2.0,
    "meanResTime" : 2731.0133333333342,
    "medianResTime" : 356.5,
    "minResTime" : 129.0,
    "maxResTime" : 19362.0,
    "pct1ResTime" : 9242.700000000003,
    "pct2ResTime" : 10811.249999999998,
    "pct3ResTime" : 16380.030000000053,
    "throughput" : 5.450779461462989,
    "receivedKBytesPerSec" : 13.49436979904793,
    "sentKBytesPerSec" : 1.3533973118572624
  },
  "GetSubmissionId" : {
    "transaction" : "GetSubmissionId",
    "sampleCount" : 332,
    "errorCount" : 64,
    "errorPct" : 19.27711,
    "meanResTime" : 13462.126506024097,
    "medianResTime" : 2612.5,
    "minResTime" : 0.0,
    "maxResTime" : 50011.0,
    "pct1ResTime" : 50003.0,
    "pct2ResTime" : 50003.0,
    "pct3ResTime" : 50007.0,
    "throughput" : 0.4331687205213682,
    "receivedKBytesPerSec" : 15.533374918046956,
    "sentKBytesPerSec" : 0.09572528239143056
  },
  "TestcasesResults" : {
    "transaction" : "TestcasesResults",
    "sampleCount" : 218,
    "errorCount" : 4,
    "errorPct" : 1.8348624,
    "meanResTime" : 126120.8944954129,
    "medianResTime" : 126546.0,
    "minResTime" : 14132.0,
    "maxResTime" : 280476.0,
    "pct1ResTime" : 158972.2,
    "pct2ResTime" : 176987.69999999987,
    "pct3ResTime" : 273970.7100000001,
    "throughput" : 0.2533717032622188,
    "receivedKBytesPerSec" : 7.213772695218249,
    "sentKBytesPerSec" : 0.060800491866535876
  },
  "Total" : {
    "transaction" : "Total",
    "sampleCount" : 1965,
    "errorCount" : 281,
    "errorPct" : 14.300255,
    "meanResTime" : 22023.1979643766,
    "medianResTime" : 3117.0,
    "minResTime" : 0.0,
    "maxResTime" : 280476.0,
    "pct1ResTime" : 97345.20000000003,
    "pct2ResTime" : 128679.9,
    "pct3ResTime" : 159365.43999999997,
    "throughput" : 1.90645098383543,
    "receivedKBytesPerSec" : 43.98211487931631,
    "sentKBytesPerSec" : 0.8058710125219387
  },
  "Upload" : {
    "transaction" : "Upload",
    "sampleCount" : 333,
    "errorCount" : 88,
    "errorPct" : 26.426426,
    "meanResTime" : 17871.060060060092,
    "medianResTime" : 3874.0,
    "minResTime" : 0.0,
    "maxResTime" : 94804.0,
    "pct1ResTime" : 50005.0,
    "pct2ResTime" : 51291.50000000001,
    "pct3ResTime" : 89304.10000000022,
    "throughput" : 0.4332614700444581,
    "receivedKBytesPerSec" : 14.204510686547035,
    "sentKBytesPerSec" : 0.546618543851135
  },
  "Course Page" : {
    "transaction" : "Course Page",
    "sampleCount" : 150,
    "errorCount" : 17,
    "errorPct" : 11.333333,
    "meanResTime" : 3997.0600000000004,
    "medianResTime" : 3067.0,
    "minResTime" : 0.0,
    "maxResTime" : 15400.0,
    "pct1ResTime" : 10050.600000000002,
    "pct2ResTime" : 12077.049999999997,
    "pct3ResTime" : 15084.820000000005,
    "throughput" : 5.599104143337066,
    "receivedKBytesPerSec" : 161.7468548782195,
    "sentKBytesPerSec" : 1.4399102393617023
  },
  "Login" : {
    "transaction" : "Login",
    "sampleCount" : 150,
    "errorCount" : 11,
    "errorPct" : 7.3333335,
    "meanResTime" : 6832.48,
    "medianResTime" : 5405.0,
    "minResTime" : 54.0,
    "maxResTime" : 21623.0,
    "pct1ResTime" : 16637.600000000002,
    "pct2ResTime" : 17917.85,
    "pct3ResTime" : 21610.25,
    "throughput" : 5.8406666147496304,
    "receivedKBytesPerSec" : 10.209797049003193,
    "sentKBytesPerSec" : 3.222861585935675
  },
  "RunPractice" : {
    "transaction" : "RunPractice",
    "sampleCount" : 332,
    "errorCount" : 79,
    "errorPct" : 23.795181,
    "meanResTime" : 8430.165662650612,
    "medianResTime" : 2781.5,
    "minResTime" : 0.0,
    "maxResTime" : 50004.0,
    "pct1ResTime" : 31646.99999999997,
    "pct2ResTime" : 48433.39999999994,
    "pct3ResTime" : 50003.67,
    "throughput" : 0.4321110577479986,
    "receivedKBytesPerSec" : 9.440443532878836,
    "sentKBytesPerSec" : 0.08175293920119325
  }
}