{
  "AssignmentsList" : {
    "transaction" : "AssignmentsList",
    "sampleCount" : 100,
    "errorCount" : 2,
    "errorPct" : 2.0,
    "meanResTime" : 818.7199999999999,
    "medianResTime" : 179.5,
    "minResTime" : 27.0,
    "maxResTime" : 5853.0,
    "pct1ResTime" : 2749.0000000000005,
    "pct2ResTime" : 3469.199999999997,
    "pct3ResTime" : 5846.699999999997,
    "throughput" : 5.790723261335341,
    "receivedKBytesPerSec" : 2.4037722038045053,
    "sentKBytesPerSec" : 1.8343699331171466
  },
  "Get CSRF Token" : {
    "transaction" : "Get CSRF Token",
    "sampleCount" : 100,
    "errorCount" : 0,
    "errorPct" : 0.0,
    "meanResTime" : 934.5699999999999,
    "medianResTime" : 736.0,
    "minResTime" : 278.0,
    "maxResTime" : 2324.0,
    "pct1ResTime" : 1841.2,
    "pct2ResTime" : 2005.1499999999994,
    "pct3ResTime" : 2323.0999999999995,
    "throughput" : 30.816640986132512,
    "receivedKBytesPerSec" : 823.5605859976887,
    "sentKBytesPerSec" : 4.062740755007704
  },
  "StudentCourses" : {
    "transaction" : "StudentCourses",
    "sampleCount" : 100,
    "errorCount" : 0,
    "errorPct" : 0.0,
    "meanResTime" : 1493.9300000000003,
    "medianResTime" : 267.0,
    "minResTime" : 49.0,
    "maxResTime" : 15663.0,
    "pct1ResTime" : 5861.200000000004,
    "pct2ResTime" : 10419.199999999983,
    "pct3ResTime" : 15641.41999999999,
    "throughput" : 5.499037668408029,
    "receivedKBytesPerSec" : 6.863056777563926,
    "sentKBytesPerSec" : 1.3317981853175695
  },
  "GetSubmissionId" : {
    "transaction" : "GetSubmissionId",
    "sampleCount" : 283,
    "errorCount" : 6,
    "errorPct" : 2.1201413,
    "meanResTime" : 9305.865724381627,
    "medianResTime" : 3095.0,
    "minResTime" : 0.0,
    "maxResTime" : 50004.0,
    "pct1ResTime" : 32535.2,
    "pct2ResTime" : 40088.80000000001,
    "pct3ResTime" : 50003.16,
    "throughput" : 0.3705318506822107,
    "receivedKBytesPerSec" : 16.401962043070725,
    "sentKBytesPerSec" : 0.08515179735770202
  },
  "TestcasesResults" : {
    "transaction" : "TestcasesResults",
    "sampleCount" : 213,
    "errorCount" : 1,
    "errorPct" : 0.46948355,
    "meanResTime" : 134281.43661971838,
    "medianResTime" : 145736.0,
    "minResTime" : 10160.0,
    "maxResTime" : 260785.0,
    "pct1ResTime" : 165450.4,
    "pct2ResTime" : 167822.6,
    "pct3ResTime" : 175376.12,
    "throughput" : 0.24096385542168675,
    "receivedKBytesPerSec" : 6.95261901479156,
    "sentKBytesPerSec" : 0.05808445047796821
  },
  "Total" : {
    "transaction" : "Total",
    "sampleCount" : 1562,
    "errorCount" : 71,
    "errorPct" : 4.5454545,
    "meanResTime" : 25212.910371318794,
    "medianResTime" : 3448.5,
    "minResTime" : 0.0,
    "maxResTime" : 260785.0,
    "pct1ResTime" : 118447.40000000005,
    "pct2ResTime" : 155481.25,
    "pct3ResTime" : 166331.53,
    "throughput" : 1.4693211021601467,
    "receivedKBytesPerSec" : 40.70517197853211,
    "sentKBytesPerSec" : 0.684875959303474
  },
  "Upload" : {
    "transaction" : "Upload",
    "sampleCount" : 283,
    "errorCount" : 45,
    "errorPct" : 15.90106,
    "meanResTime" : 16389.279151943472,
    "medianResTime" : 4654.0,
    "minResTime" : 0.0,
    "maxResTime" : 94980.0,
    "pct1ResTime" : 50005.0,
    "pct2ResTime" : 53852.4,
    "pct3ResTime" : 82553.32,
    "throughput" : 0.36998348801606484,
    "receivedKBytesPerSec" : 14.120962835044235,
    "sentKBytesPerSec" : 0.510264467923216
  },
  "Course Page" : {
    "transaction" : "Course Page",
    "sampleCount" : 100,
    "errorCount" : 2,
    "errorPct" : 2.0,
    "meanResTime" : 2074.600000000001,
    "medianResTime" : 884.0,
    "minResTime" : 41.0,
    "maxResTime" : 10555.0,
    "pct1ResTime" : 5946.000000000004,
    "pct2ResTime" : 8354.199999999995,
    "pct3ResTime" : 10546.659999999996,
    "throughput" : 5.582226191805292,
    "receivedKBytesPerSec" : 177.3734927989282,
    "sentKBytesPerSec" : 1.5866823783074688
  },
  "Login" : {
    "transaction" : "Login",
    "sampleCount" : 100,
    "errorCount" : 0,
    "errorPct" : 0.0,
    "meanResTime" : 5212.579999999999,
    "medianResTime" : 4000.0,
    "minResTime" : 612.0,
    "maxResTime" : 17051.0,
    "pct1ResTime" : 11495.900000000003,
    "pct2ResTime" : 14857.749999999996,
    "pct3ResTime" : 17045.359999999997,
    "throughput" : 5.754402117619979,
    "receivedKBytesPerSec" : 9.850142781102543,
    "sentKBytesPerSec" : 3.3932989987340316
  },
  "RunPractice" : {
    "transaction" : "RunPractice",
    "sampleCount" : 283,
    "errorCount" : 15,
    "errorPct" : 5.3003535,
    "meanResTime" : 8676.515901060062,
    "medianResTime" : 3494.0,
    "minResTime" : 0.0,
    "maxResTime" : 50007.0,
    "pct1ResTime" : 23277.6,
    "pct2ResTime" : 39918.8,
    "pct3ResTime" : 50003.16,
    "throughput" : 0.3718791064388962,
    "receivedKBytesPerSec" : 10.001474468216163,
    "sentKBytesPerSec" : 0.08531126806833114
  }
}