{
  "AssignmentsList" : {
    "transaction" : "AssignmentsList",
    "sampleCount" : 250,
    "errorCount" : 21,
    "errorPct" : 8.4,
    "meanResTime" : 2578.2000000000025,
    "medianResTime" : 505.0,
    "minResTime" : 0.0,
    "maxResTime" : 25123.0,
    "pct1ResTime" : 8241.300000000001,
    "pct2ResTime" : 10008.499999999998,
    "pct3ResTime" : 20212.070000000003,
    "throughput" : 5.026540131896414,
    "receivedKBytesPerSec" : 2.494499080143156,
    "sentKBytesPerSec" : 1.4883074822563134
  },
  "Get CSRF Token" : {
    "transaction" : "Get CSRF Token",
    "sampleCount" : 250,
    "errorCount" : 0,
    "errorPct" : 0.0,
    "meanResTime" : 3179.3799999999997,
    "medianResTime" : 1700.5,
    "minResTime" : 216.0,
    "maxResTime" : 30352.0,
    "pct1ResTime" : 7401.4000000000015,
    "pct2ResTime" : 10318.149999999996,
    "pct3ResTime" : 28319.160000000003,
    "throughput" : 7.394918212204573,
    "receivedKBytesPerSec" : 197.62589617165082,
    "sentKBytesPerSec" : 0.9749159752418137
  },
  "StudentCourses" : {
    "transaction" : "StudentCourses",
    "sampleCount" : 250,
    "errorCount" : 8,
    "errorPct" : 3.2,
    "meanResTime" : 1870.692,
    "medianResTime" : 322.0,
    "minResTime" : 47.0,
    "maxResTime" : 25207.0,
    "pct1ResTime" : 5901.500000000001,
    "pct2ResTime" : 9070.39999999999,
    "pct3ResTime" : 19786.430000000008,
    "throughput" : 4.817419789960497,
    "receivedKBytesPerSec" : 6.1307688601984776,
    "sentKBytesPerSec" : 1.129383852008864
  },
  "GetSubmissionId" : {
    "transaction" : "GetSubmissionId",
    "sampleCount" : 404,
    "errorCount" : 171,
    "errorPct" : 42.326733,
    "meanResTime" : 23840.514851485168,
    "medianResTime" : 15575.0,
    "minResTime" : 0.0,
    "maxResTime" : 50019.0,
    "pct1ResTime" : 50003.0,
    "pct2ResTime" : 50004.0,
    "pct3ResTime" : 50015.95,
    "throughput" : 0.5279755144820808,
    "receivedKBytesPerSec" : 13.579868283014479,
    "sentKBytesPerSec" : 0.11584560988032991
  },
  "TestcasesResults" : {
    "transaction" : "TestcasesResults",
    "sampleCount" : 209,
    "errorCount" : 6,
    "errorPct" : 2.8708134,
    "meanResTime" : 86978.60765550245,
    "medianResTime" : 68604.0,
    "minResTime" : 5431.0,
    "maxResTime" : 330168.0,
    "pct1ResTime" : 197889.0,
    "pct2ResTime" : 230847.0,
    "pct3ResTime" : 323982.10000000003,
    "throughput" : 0.27724054132210574,
    "receivedKBytesPerSec" : 7.806348051871176,
    "sentKBytesPerSec" : 0.0671441936014475
  },
  "Total" : {
    "transaction" : "Total",
    "sampleCount" : 2673,
    "errorCount" : 612,
    "errorPct" : 22.895622,
    "meanResTime" : 18642.209876543224,
    "medianResTime" : 3989.0,
    "minResTime" : 0.0,
    "maxResTime" : 330168.0,
    "pct1ResTime" : 50004.0,
    "pct2ResTime" : 61559.69999999991,
    "pct3ResTime" : 191291.55999999892,
    "throughput" : 2.9401832747239935,
    "receivedKBytesPerSec" : 52.25265428056257,
    "sentKBytesPerSec" : 1.181761287201898
  },
  "Upload" : {
    "transaction" : "Upload",
    "sampleCount" : 406,
    "errorCount" : 168,
    "errorPct" : 41.37931,
    "meanResTime" : 25190.738916256163,
    "medianResTime" : 13453.0,
    "minResTime" : 0.0,
    "maxResTime" : 96731.0,
    "pct1ResTime" : 50006.0,
    "pct2ResTime" : 56412.499999999985,
    "pct3ResTime" : 76638.44,
    "throughput" : 0.5272035745960595,
    "receivedKBytesPerSec" : 13.923290378469837,
    "sentKBytesPerSec" : 0.6517496872975104
  },
  "Course Page" : {
    "transaction" : "Course Page",
    "sampleCount" : 250,
    "errorCount" : 25,
    "errorPct" : 10.0,
    "meanResTime" : 8908.296000000006,
    "medianResTime" : 6858.0,
    "minResTime" : 0.0,
    "maxResTime" : 44598.0,
    "pct1ResTime" : 21568.7,
    "pct2ResTime" : 27820.099999999995,
    "pct3ResTime" : 38808.48000000001,
    "throughput" : 4.836338311537569,
    "receivedKBytesPerSec" : 141.8210491347791,
    "sentKBytesPerSec" : 1.2624543268300703
  },
  "Login" : {
    "transaction" : "Login",
    "sampleCount" : 250,
    "errorCount" : 0,
    "errorPct" : 0.0,
    "meanResTime" : 17161.812,
    "medianResTime" : 13884.5,
    "minResTime" : 697.0,
    "maxResTime" : 48687.0,
    "pct1ResTime" : 37012.9,
    "pct2ResTime" : 40881.54999999999,
    "pct3ResTime" : 46162.96000000002,
    "throughput" : 4.752219286406752,
    "receivedKBytesPerSec" : 8.140663017754292,
    "sentKBytesPerSec" : 2.80833883798734
  },
  "RunPractice" : {
    "transaction" : "RunPractice",
    "sampleCount" : 404,
    "errorCount" : 213,
    "errorPct" : 52.72277,
    "meanResTime" : 8337.858910891084,
    "medianResTime" : 2386.0,
    "minResTime" : 0.0,
    "maxResTime" : 50010.0,
    "pct1ResTime" : 50002.0,
    "pct2ResTime" : 50003.0,
    "pct3ResTime" : 50006.0,
    "throughput" : 0.5270367229795839,
    "receivedKBytesPerSec" : 7.335870489123345,
    "sentKBytesPerSec" : 0.07124046050485944
  }
}