{
  "AssignmentsList" : {
    "transaction" : "AssignmentsList",
    "sampleCount" : 40,
    "errorCount" : 0,
    "errorPct" : 0.0,
    "meanResTime" : 255.62500000000006,
    "medianResTime" : 251.0,
    "minResTime" : 28.0,
    "maxResTime" : 1259.0,
    "pct1ResTime" : 315.2,
    "pct2ResTime" : 358.09999999999985,
    "pct3ResTime" : 1259.0,
    "throughput" : 8.507018290089324,
    "receivedKBytesPerSec" : 3.298131114419396,
    "sentKBytesPerSec" : 2.749827201190983
  },
  "Get CSRF Token" : {
    "transaction" : "Get CSRF Token",
    "sampleCount" : 40,
    "errorCount" : 0,
    "errorPct" : 0.0,
    "meanResTime" : 456.05,
    "medianResTime" : 276.5,
    "minResTime" : 232.0,
    "maxResTime" : 1172.0,
    "pct1ResTime" : 921.0999999999999,
    "pct2ResTime" : 1052.9999999999995,
    "pct3ResTime" : 1172.0,
    "throughput" : 29.784065524944157,
    "receivedKBytesPerSec" : 795.9573366530157,
    "sentKBytesPerSec" : 3.9266102010424424
  },
  "StudentCourses" : {
    "transaction" : "StudentCourses",
    "sampleCount" : 40,
    "errorCount" : 0,
    "errorPct" : 0.0,
    "meanResTime" : 262.225,
    "medianResTime" : 166.0,
    "minResTime" : 32.0,
    "maxResTime" : 1297.0,
    "pct1ResTime" : 612.3999999999997,
    "pct2ResTime" : 1202.2499999999989,
    "pct3ResTime" : 1297.0,
    "throughput" : 9.891196834817013,
    "receivedKBytesPerSec" : 12.335017927794265,
    "sentKBytesPerSec" : 2.3955242334322455
  },
  "GetSubmissionId" : {
    "transaction" : "GetSubmissionId",
    "sampleCount" : 219,
    "errorCount" : 1,
    "errorPct" : 0.456621,
    "meanResTime" : 3113.4885844748874,
    "medianResTime" : 1474.0,
    "minResTime" : 301.0,
    "maxResTime" : 50002.0,
    "pct1ResTime" : 5733.0,
    "pct2ResTime" : 12249.0,
    "pct3ResTime" : 43259.00000000006,
    "throughput" : 0.2885489545041306,
    "receivedKBytesPerSec" : 12.228542208107697,
    "sentKBytesPerSec" : 0.06678330294675679
  },
  "TestcasesResults" : {
    "transaction" : "TestcasesResults",
    "sampleCount" : 218,
    "errorCount" : 2,
    "errorPct" : 0.9174312,
    "meanResTime" : 19394.20183486237,
    "medianResTime" : 15147.5,
    "minResTime" : 5273.0,
    "maxResTime" : 51723.0,
    "pct1ResTime" : 42828.2,
    "pct2ResTime" : 44794.09999999999,
    "pct3ResTime" : 50773.43000000001,
    "throughput" : 0.2933360244895213,
    "receivedKBytesPerSec" : 8.429479093080365,
    "sentKBytesPerSec" : 0.0703905540417802
  },
  "Total" : {
    "transaction" : "Total",
    "sampleCount" : 1075,
    "errorCount" : 5,
    "errorPct" : 0.4651163,
    "meanResTime" : 6706.47906976744,
    "medianResTime" : 2425.0,
    "minResTime" : 0.0,
    "maxResTime" : 54420.0,
    "pct1ResTime" : 21171.4,
    "pct2ResTime" : 34193.59999999997,
    "pct3ResTime" : 46518.0,
    "throughput" : 1.188699065627246,
    "receivedKBytesPerSec" : 37.09715109609112,
    "sentKBytesPerSec" : 0.5491772405595179
  },
  "Upload" : {
    "transaction" : "Upload",
    "sampleCount" : 219,
    "errorCount" : 1,
    "errorPct" : 0.456621,
    "meanResTime" : 6086.88584474886,
    "medianResTime" : 2346.0,
    "minResTime" : 572.0,
    "maxResTime" : 54420.0,
    "pct1ResTime" : 20627.0,
    "pct2ResTime" : 36205.0,
    "pct3ResTime" : 51771.80000000004,
    "throughput" : 0.28787418714976953,
    "receivedKBytesPerSec" : 12.260428076063853,
    "sentKBytesPerSec" : 0.3673843865552239
  },
  "Course Page" : {
    "transaction" : "Course Page",
    "sampleCount" : 40,
    "errorCount" : 0,
    "errorPct" : 0.0,
    "meanResTime" : 787.85,
    "medianResTime" : 739.5,
    "minResTime" : 63.0,
    "maxResTime" : 1659.0,
    "pct1ResTime" : 1366.8999999999999,
    "pct2ResTime" : 1630.7999999999997,
    "pct3ResTime" : 1659.0,
    "throughput" : 8.428150021070374,
    "receivedKBytesPerSec" : 272.91979430046354,
    "sentKBytesPerSec" : 2.4444927307206066
  },
  "Login" : {
    "transaction" : "Login",
    "sampleCount" : 40,
    "errorCount" : 0,
    "errorPct" : 0.0,
    "meanResTime" : 2058.375,
    "medianResTime" : 2191.5,
    "minResTime" : 421.0,
    "maxResTime" : 3668.0,
    "pct1ResTime" : 3273.7,
    "pct2ResTime" : 3435.7499999999995,
    "pct3ResTime" : 3668.0,
    "throughput" : 8.960573476702509,
    "receivedKBytesPerSec" : 15.33579399081541,
    "sentKBytesPerSec" : 5.281400509632616
  },
  "RunPractice" : {
    "transaction" : "RunPractice",
    "sampleCount" : 219,
    "errorCount" : 1,
    "errorPct" : 0.456621,
    "meanResTime" : 3716.173515981735,
    "medianResTime" : 2588.0,
    "minResTime" : 0.0,
    "maxResTime" : 18746.0,
    "pct1ResTime" : 7025.0,
    "pct2ResTime" : 9270.0,
    "pct3ResTime" : 17702.200000000008,
    "throughput" : 0.2901526945116094,
    "receivedKBytesPerSec" : 8.185125016561226,
    "sentKBytesPerSec" : 0.06769401477261436
  }
}