{
  "AssignmentsList" : {
    "transaction" : "AssignmentsList",
    "sampleCount" : 50,
    "errorCount" : 0,
    "errorPct" : 0.0,
    "meanResTime" : 105.12,
    "medianResTime" : 69.0,
    "minResTime" : 27.0,
    "maxResTime" : 939.0,
    "pct1ResTime" : 144.9,
    "pct2ResTime" : 396.5499999999978,
    "pct3ResTime" : 939.0,
    "throughput" : 8.74737578726382,
    "receivedKBytesPerSec" : 3.3913165893981803,
    "sentKBytesPerSec" : 2.827520884359692
  },
  "Get CSRF Token" : {
    "transaction" : "Get CSRF Token",
    "sampleCount" : 50,
    "errorCount" : 0,
    "errorPct" : 0.0,
    "meanResTime" : 594.24,
    "medianResTime" : 603.5,
    "minResTime" : 210.0,
    "maxResTime" : 1416.0,
    "pct1ResTime" : 985.9999999999999,
    "pct2ResTime" : 1233.8,
    "pct3ResTime" : 1416.0,
    "throughput" : 28.473804100227788,
    "receivedKBytesPerSec" : 760.951291998861,
    "sentKBytesPerSec" : 3.7538706577448746
  },
  "StudentCourses" : {
    "transaction" : "StudentCourses",
    "sampleCount" : 50,
    "errorCount" : 0,
    "errorPct" : 0.0,
    "meanResTime" : 491.2799999999999,
    "medianResTime" : 238.0,
    "minResTime" : 40.0,
    "maxResTime" : 4242.0,
    "pct1ResTime" : 814.0999999999998,
    "pct2ResTime" : 3385.3999999999937,
    "pct3ResTime" : 4242.0,
    "throughput" : 9.425070688030159,
    "receivedKBytesPerSec" : 11.753725848256362,
    "sentKBytesPerSec" : 2.2826343072573048
  },
  "GetSubmissionId" : {
    "transaction" : "GetSubmissionId",
    "sampleCount" : 247,
    "errorCount" : 1,
    "errorPct" : 0.4048583,
    "meanResTime" : 3402.481781376518,
    "medianResTime" : 1612.0,
    "minResTime" : 297.0,
    "maxResTime" : 50002.0,
    "pct1ResTime" : 7692.600000000018,
    "pct2ResTime" : 17997.0,
    "pct3ResTime" : 37601.600000000166,
    "throughput" : 0.32348472942532347,
    "receivedKBytesPerSec" : 13.715871215097701,
    "sentKBytesPerSec" : 0.07486902429082194
  },
  "TestcasesResults" : {
    "transaction" : "TestcasesResults",
    "sampleCount" : 243,
    "errorCount" : 0,
    "errorPct" : 0.0,
    "meanResTime" : 29823.84773662555,
    "medianResTime" : 27843.0,
    "minResTime" : 5272.0,
    "maxResTime" : 79423.0,
    "pct1ResTime" : 57918.4,
    "pct2ResTime" : 65116.79999999999,
    "pct3ResTime" : 74621.16000000002,
    "throughput" : 0.3284884664049573,
    "receivedKBytesPerSec" : 9.520906161794764,
    "sentKBytesPerSec" : 0.07955580045745062
  },
  "Total" : {
    "transaction" : "Total",
    "sampleCount" : 1234,
    "errorCount" : 8,
    "errorPct" : 0.6482982,
    "meanResTime" : 9089.250405186382,
    "medianResTime" : 2556.0,
    "minResTime" : 0.0,
    "maxResTime" : 79423.0,
    "pct1ResTime" : 34607.5,
    "pct2ResTime" : 48321.25,
    "pct3ResTime" : 65045.400000000045,
    "throughput" : 1.363712214728313,
    "receivedKBytesPerSec" : 41.92478734129163,
    "sentKBytesPerSec" : 0.6269305845341331
  },
  "Upload" : {
    "transaction" : "Upload",
    "sampleCount" : 247,
    "errorCount" : 5,
    "errorPct" : 2.0242915,
    "meanResTime" : 7680.995951417004,
    "medianResTime" : 2614.0,
    "minResTime" : 592.0,
    "maxResTime" : 57114.0,
    "pct1ResTime" : 27862.40000000002,
    "pct2ResTime" : 46595.59999999999,
    "pct3ResTime" : 56049.88000000001,
    "throughput" : 0.3221897423656032,
    "receivedKBytesPerSec" : 13.509089743458048,
    "sentKBytesPerSec" : 0.41098656423119917
  },
  "Course Page" : {
    "transaction" : "Course Page",
    "sampleCount" : 50,
    "errorCount" : 1,
    "errorPct" : 2.0,
    "meanResTime" : 352.52,
    "medianResTime" : 299.5,
    "minResTime" : 59.0,
    "maxResTime" : 988.0,
    "pct1ResTime" : 720.1,
    "pct2ResTime" : 865.7999999999992,
    "pct3ResTime" : 988.0,
    "throughput" : 8.610297916307903,
    "receivedKBytesPerSec" : 273.5927208003272,
    "sentKBytesPerSec" : 2.447376280781815
  },
  "Login" : {
    "transaction" : "Login",
    "sampleCount" : 50,
    "errorCount" : 0,
    "errorPct" : 0.0,
    "meanResTime" : 2205.7,
    "medianResTime" : 2134.0,
    "minResTime" : 229.0,
    "maxResTime" : 4820.0,
    "pct1ResTime" : 3898.4,
    "pct2ResTime" : 4244.499999999999,
    "pct3ResTime" : 4820.0,
    "throughput" : 9.099181073703367,
    "receivedKBytesPerSec" : 15.573817106460417,
    "sentKBytesPerSec" : 5.363896155595996
  },
  "RunPractice" : {
    "transaction" : "RunPractice",
    "sampleCount" : 247,
    "errorCount" : 1,
    "errorPct" : 0.4048583,
    "meanResTime" : 4226.226720647769,
    "medianResTime" : 2843.0,
    "minResTime" : 0.0,
    "maxResTime" : 21351.0,
    "pct1ResTime" : 8329.400000000001,
    "pct2ResTime" : 10533.4,
    "pct3ResTime" : 18726.52000000004,
    "throughput" : 0.32542004877348263,
    "receivedKBytesPerSec" : 9.185893341438094,
    "sentKBytesPerSec" : 0.07596153719472108
  }
}