{
  "AssignmentsList" : {
    "transaction" : "AssignmentsList",
    "sampleCount" : 30,
    "errorCount" : 0,
    "errorPct" : 0.0,
    "meanResTime" : 246.83333333333334,
    "medianResTime" : 244.0,
    "minResTime" : 51.0,
    "maxResTime" : 827.0,
    "pct1ResTime" : 344.80000000000007,
    "pct2ResTime" : 567.9499999999997,
    "pct3ResTime" : 827.0,
    "throughput" : 5.927682276229993,
    "receivedKBytesPerSec" : 2.298134632483699,
    "sentKBytesPerSec" : 1.9160769857735627
  },
  "Get CSRF Token" : {
    "transaction" : "Get CSRF Token",
    "sampleCount" : 30,
    "errorCount" : 0,
    "errorPct" : 0.0,
    "meanResTime" : 374.3,
    "medianResTime" : 272.5,
    "minResTime" : 172.0,
    "maxResTime" : 974.0,
    "pct1ResTime" : 874.9000000000004,
    "pct2ResTime" : 945.9499999999999,
    "pct3ResTime" : 974.0,
    "throughput" : 30.80082135523614,
    "receivedKBytesPerSec" : 823.139919147844,
    "sentKBytesPerSec" : 4.0606551591375775
  },
  "StudentCourses" : {
    "transaction" : "StudentCourses",
    "sampleCount" : 30,
    "errorCount" : 0,
    "errorPct" : 0.0,
    "meanResTime" : 212.0333333333333,
    "medianResTime" : 155.5,
    "minResTime" : 23.0,
    "maxResTime" : 716.0,
    "pct1ResTime" : 573.4000000000005,
    "pct2ResTime" : 690.6999999999999,
    "pct3ResTime" : 716.0,
    "throughput" : 11.367942402425161,
    "receivedKBytesPerSec" : 14.176623484274348,
    "sentKBytesPerSec" : 2.753173550587344
  },
  "GetSubmissionId" : {
    "transaction" : "GetSubmissionId",
    "sampleCount" : 177,
    "errorCount" : 0,
    "errorPct" : 0.0,
    "meanResTime" : 2396.0395480226002,
    "medianResTime" : 912.0,
    "minResTime" : 300.0,
    "maxResTime" : 35713.0,
    "pct1ResTime" : 5226.600000000009,
    "pct2ResTime" : 9212.899999999992,
    "pct3ResTime" : 30817.719999999994,
    "throughput" : 0.23178885999167131,
    "receivedKBytesPerSec" : 9.86768483933889,
    "sentKBytesPerSec" : 0.05364644513479112
  },
  "TestcasesResults" : {
    "transaction" : "TestcasesResults",
    "sampleCount" : 175,
    "errorCount" : 3,
    "errorPct" : 1.7142857,
    "meanResTime" : 14391.519999999995,
    "medianResTime" : 9378.0,
    "minResTime" : 5253.0,
    "maxResTime" : 40211.0,
    "pct1ResTime" : 32801.2,
    "pct2ResTime" : 35345.59999999999,
    "pct3ResTime" : 39757.280000000006,
    "throughput" : 0.23477989049865905,
    "receivedKBytesPerSec" : 6.69626573779916,
    "sentKBytesPerSec" : 0.055885998934770094
  },
  "Total" : {
    "transaction" : "Total",
    "sampleCount" : 855,
    "errorCount" : 3,
    "errorPct" : 0.3508772,
    "meanResTime" : 5230.280701754396,
    "medianResTime" : 2215.0,
    "minResTime" : 23.0,
    "maxResTime" : 44700.0,
    "pct1ResTime" : 13934.199999999986,
    "pct2ResTime" : 25401.6,
    "pct3ResTime" : 35983.439999999995,
    "throughput" : 0.9445134264516785,
    "receivedKBytesPerSec" : 29.797475099160103,
    "sentKBytesPerSec" : 0.4397286512348271
  },
  "Upload" : {
    "transaction" : "Upload",
    "sampleCount" : 178,
    "errorCount" : 0,
    "errorPct" : 0.0,
    "meanResTime" : 4245.898876404496,
    "medianResTime" : 1537.5,
    "minResTime" : 590.0,
    "maxResTime" : 44700.0,
    "pct1ResTime" : 12578.599999999993,
    "pct2ResTime" : 23324.399999999972,
    "pct3ResTime" : 35650.55000000009,
    "throughput" : 0.23175876256444977,
    "receivedKBytesPerSec" : 9.91507069740834,
    "sentKBytesPerSec" : 0.29571391748802145
  },
  "Course Page" : {
    "transaction" : "Course Page",
    "sampleCount" : 30,
    "errorCount" : 0,
    "errorPct" : 0.0,
    "meanResTime" : 1085.8666666666663,
    "medianResTime" : 688.0,
    "minResTime" : 146.0,
    "maxResTime" : 5234.0,
    "pct1ResTime" : 1581.2000000000003,
    "pct2ResTime" : 5174.6,
    "pct3ResTime" : 5234.0,
    "throughput" : 5.731753916698509,
    "receivedKBytesPerSec" : 185.59743832393963,
    "sentKBytesPerSec" : 1.662432532479939
  },
  "Login" : {
    "transaction" : "Login",
    "sampleCount" : 30,
    "errorCount" : 0,
    "errorPct" : 0.0,
    "meanResTime" : 1910.466666666667,
    "medianResTime" : 2039.5,
    "minResTime" : 850.0,
    "maxResTime" : 3425.0,
    "pct1ResTime" : 3072.8000000000006,
    "pct2ResTime" : 3282.5499999999997,
    "pct3ResTime" : 3425.0,
    "throughput" : 8.32639467110741,
    "receivedKBytesPerSec" : 14.249193380516235,
    "sentKBytesPerSec" : 4.906393109908409
  },
  "RunPractice" : {
    "transaction" : "RunPractice",
    "sampleCount" : 175,
    "errorCount" : 0,
    "errorPct" : 0.0,
    "meanResTime" : 3763.542857142857,
    "medianResTime" : 2588.0,
    "minResTime" : 1324.0,
    "maxResTime" : 13691.0,
    "pct1ResTime" : 7601.200000000001,
    "pct2ResTime" : 9376.8,
    "pct3ResTime" : 12894.52000000001,
    "throughput" : 0.2317730372465893,
    "receivedKBytesPerSec" : 6.566889357098017,
    "sentKBytesPerSec" : 0.054321805604669364
  }
}