{
  "AssignmentsList" : {
    "transaction" : "AssignmentsList",
    "sampleCount" : 60,
    "errorCount" : 1,
    "errorPct" : 1.6666666,
    "meanResTime" : 167.76666666666668,
    "medianResTime" : 67.0,
    "minResTime" : 0.0,
    "maxResTime" : 1427.0,
    "pct1ResTime" : 514.8,
    "pct2ResTime" : 645.0999999999999,
    "pct3ResTime" : 1427.0,
    "throughput" : 7.298382191947452,
    "receivedKBytesPerSec" : 2.922085018550055,
    "sentKBytesPerSec" : 2.3198259411872035
  },
  "Get CSRF Token" : {
    "transaction" : "Get CSRF Token",
    "sampleCount" : 60,
    "errorCount" : 0,
    "errorPct" : 0.0,
    "meanResTime" : 599.2166666666668,
    "medianResTime" : 555.5,
    "minResTime" : 173.0,
    "maxResTime" : 1500.0,
    "pct1ResTime" : 1030.5,
    "pct2ResTime" : 1091.75,
    "pct3ResTime" : 1500.0,
    "throughput" : 29.354207436399214,
    "receivedKBytesPerSec" : 784.4763828583659,
    "sentKBytesPerSec" : 3.8699394569471623
  },
  "StudentCourses" : {
    "transaction" : "StudentCourses",
    "sampleCount" : 60,
    "errorCount" : 1,
    "errorPct" : 1.6666666,
    "meanResTime" : 685.6833333333334,
    "medianResTime" : 301.5,
    "minResTime" : 61.0,
    "maxResTime" : 4517.0,
    "pct1ResTime" : 2034.3999999999994,
    "pct2ResTime" : 3383.249999999998,
    "pct3ResTime" : 4517.0,
    "throughput" : 6.978367062107467,
    "receivedKBytesPerSec" : 8.794855089846475,
    "sentKBytesPerSec" : 1.6619053849732495
  },
  "GetSubmissionId" : {
    "transaction" : "GetSubmissionId",
    "sampleCount" : 263,
    "errorCount" : 5,
    "errorPct" : 1.9011407,
    "meanResTime" : 5867.832699619772,
    "medianResTime" : 2095.0,
    "minResTime" : 0.0,
    "maxResTime" : 50007.0,
    "pct1ResTime" : 17300.399999999998,
    "pct2ResTime" : 31816.599999999988,
    "pct3ResTime" : 50003.36,
    "throughput" : 0.3458001065011735,
    "receivedKBytesPerSec" : 14.783007197457778,
    "sentKBytesPerSec" : 0.07972950263294569
  },
  "TestcasesResults" : {
    "transaction" : "TestcasesResults",
    "sampleCount" : 251,
    "errorCount" : 0,
    "errorPct" : 0.0,
    "meanResTime" : 40469.354581673295,
    "medianResTime" : 48739.0,
    "minResTime" : 5261.0,
    "maxResTime" : 99909.0,
    "pct1ResTime" : 63976.2,
    "pct2ResTime" : 69711.2,
    "pct3ResTime" : 86408.51999999996,
    "throughput" : 0.3245842153790846,
    "receivedKBytesPerSec" : 9.407069967134232,
    "sentKBytesPerSec" : 0.07861023966212205
  },
  "Total" : {
    "transaction" : "Total",
    "sampleCount" : 1342,
    "errorCount" : 27,
    "errorPct" : 2.0119226,
    "meanResTime" : 11532.309985096861,
    "medianResTime" : 2846.0,
    "minResTime" : 0.0,
    "maxResTime" : 99909.0,
    "pct1ResTime" : 49191.200000000004,
    "pct2ResTime" : 54451.19999999998,
    "pct3ResTime" : 69678.84,
    "throughput" : 1.4308714241542184,
    "receivedKBytesPerSec" : 43.28174062923157,
    "sentKBytesPerSec" : 0.6657470075781808
  },
  "Upload" : {
    "transaction" : "Upload",
    "sampleCount" : 265,
    "errorCount" : 11,
    "errorPct" : 4.1509433,
    "meanResTime" : 8586.245283018863,
    "medianResTime" : 3245.0,
    "minResTime" : 0.0,
    "maxResTime" : 61739.0,
    "pct1ResTime" : 27633.200000000008,
    "pct2ResTime" : 45108.69999999998,
    "pct3ResTime" : 59259.73999999991,
    "throughput" : 0.3441326040319355,
    "receivedKBytesPerSec" : 14.457480428269779,
    "sentKBytesPerSec" : 0.45401509816869506
  },
  "Course Page" : {
    "transaction" : "Course Page",
    "sampleCount" : 60,
    "errorCount" : 4,
    "errorPct" : 6.6666665,
    "meanResTime" : 402.13333333333355,
    "medianResTime" : 256.5,
    "minResTime" : 0.0,
    "maxResTime" : 1637.0,
    "pct1ResTime" : 989.5,
    "pct2ResTime" : 1099.3999999999996,
    "pct3ResTime" : 1637.0,
    "throughput" : 7.092198581560283,
    "receivedKBytesPerSec" : 215.1957049719267,
    "sentKBytesPerSec" : 1.919880319148936
  },
  "Login" : {
    "transaction" : "Login",
    "sampleCount" : 60,
    "errorCount" : 0,
    "errorPct" : 0.0,
    "meanResTime" : 2610.2000000000003,
    "medianResTime" : 2337.5,
    "minResTime" : 333.0,
    "maxResTime" : 7543.0,
    "pct1ResTime" : 5254.0,
    "pct2ResTime" : 6008.899999999999,
    "pct3ResTime" : 7543.0,
    "throughput" : 7.249879168680522,
    "receivedKBytesPerSec" : 12.409046112252296,
    "sentKBytesPerSec" : 4.274171927863702
  },
  "RunPractice" : {
    "transaction" : "RunPractice",
    "sampleCount" : 263,
    "errorCount" : 5,
    "errorPct" : 1.9011407,
    "meanResTime" : 4684.627376425857,
    "medianResTime" : 2977.0,
    "minResTime" : 0.0,
    "maxResTime" : 41823.0,
    "pct1ResTime" : 8929.999999999998,
    "pct2ResTime" : 13347.599999999997,
    "pct3ResTime" : 27745.080000000096,
    "throughput" : 0.3446540616760409,
    "receivedKBytesPerSec" : 9.587919148235974,
    "sentKBytesPerSec" : 0.07924258666149468
  }
}