{
  "AssignmentsList" : {
    "transaction" : "AssignmentsList",
    "sampleCount" : 20,
    "errorCount" : 0,
    "errorPct" : 0.0,
    "meanResTime" : 200.90000000000003,
    "medianResTime" : 210.0,
    "minResTime" : 28.0,
    "maxResTime" : 300.0,
    "pct1ResTime" : 295.7,
    "pct2ResTime" : 299.8,
    "pct3ResTime" : 300.0,
    "throughput" : 10.13684744044602,
    "receivedKBytesPerSec" : 3.930008236188545,
    "sentKBytesPerSec" : 3.276656741003548
  },
  "Get CSRF Token" : {
    "transaction" : "Get CSRF Token",
    "sampleCount" : 20,
    "errorCount" : 0,
    "errorPct" : 0.0,
    "meanResTime" : 315.54999999999995,
    "medianResTime" : 260.5,
    "minResTime" : 194.0,
    "maxResTime" : 661.0,
    "pct1ResTime" : 631.5000000000001,
    "pct2ResTime" : 659.6999999999999,
    "pct3ResTime" : 661.0,
    "throughput" : 30.257186081694403,
    "receivedKBytesPerSec" : 808.6114788199696,
    "sentKBytesPerSec" : 3.9889844931921328
  },
  "StudentCourses" : {
    "transaction" : "StudentCourses",
    "sampleCount" : 20,
    "errorCount" : 0,
    "errorPct" : 0.0,
    "meanResTime" : 208.6,
    "medianResTime" : 238.0,
    "minResTime" : 35.0,
    "maxResTime" : 357.0,
    "pct1ResTime" : 349.80000000000007,
    "pct2ResTime" : 356.8,
    "pct3ResTime" : 357.0,
    "throughput" : 11.481056257175661,
    "receivedKBytesPerSec" : 14.31768441446613,
    "sentKBytesPerSec" : 2.7805683122847302
  },
  "GetSubmissionId" : {
    "transaction" : "GetSubmissionId",
    "sampleCount" : 120,
    "errorCount" : 0,
    "errorPct" : 0.0,
    "meanResTime" : 1713.791666666666,
    "medianResTime" : 1136.5,
    "minResTime" : 299.0,
    "maxResTime" : 14374.0,
    "pct1ResTime" : 3697.8,
    "pct2ResTime" : 5144.199999999999,
    "pct3ResTime" : 13101.819999999952,
    "throughput" : 0.1630676282221144,
    "receivedKBytesPerSec" : 6.9420071000664505,
    "sentKBytesPerSec" : 0.03774123817250109
  },
  "TestcasesResults" : {
    "transaction" : "TestcasesResults",
    "sampleCount" : 120,
    "errorCount" : 0,
    "errorPct" : 0.0,
    "meanResTime" : 13255.749999999995,
    "medianResTime" : 11668.5,
    "minResTime" : 5265.0,
    "maxResTime" : 32256.0,
    "pct1ResTime" : 23745.000000000004,
    "pct2ResTime" : 26162.449999999997,
    "pct3ResTime" : 32109.839999999993,
    "throughput" : 0.1622029320883357,
    "receivedKBytesPerSec" : 4.7011288479266415,
    "sentKBytesPerSec" : 0.039283522615143805
  },
  "Total" : {
    "transaction" : "Total",
    "sampleCount" : 580,
    "errorCount" : 0,
    "errorPct" : 0.0,
    "meanResTime" : 4616.382758620693,
    "medianResTime" : 2276.5,
    "minResTime" : 28.0,
    "maxResTime" : 32256.0,
    "pct1ResTime" : 13507.399999999994,
    "pct2ResTime" : 20777.54999999999,
    "pct3ResTime" : 26465.14999999991,
    "throughput" : 0.647542575924367,
    "receivedKBytesPerSec" : 20.508481935515924,
    "sentKBytesPerSec" : 0.30105409185503085
  },
  "Upload" : {
    "transaction" : "Upload",
    "sampleCount" : 120,
    "errorCount" : 0,
    "errorPct" : 0.0,
    "meanResTime" : 3717.9666666666662,
    "medianResTime" : 2094.5,
    "minResTime" : 594.0,
    "maxResTime" : 24305.0,
    "pct1ResTime" : 9865.100000000017,
    "pct2ResTime" : 16963.649999999976,
    "pct3ResTime" : 23983.489999999987,
    "throughput" : 0.16247261659441148,
    "receivedKBytesPerSec" : 6.9509707040716995,
    "sentKBytesPerSec" : 0.2073773610994522
  },
  "Course Page" : {
    "transaction" : "Course Page",
    "sampleCount" : 20,
    "errorCount" : 0,
    "errorPct" : 0.0,
    "meanResTime" : 545.3,
    "medianResTime" : 532.0,
    "minResTime" : 109.0,
    "maxResTime" : 1380.0,
    "pct1ResTime" : 845.5000000000005,
    "pct2ResTime" : 1354.2999999999997,
    "pct3ResTime" : 1380.0,
    "throughput" : 9.737098344693282,
    "receivedKBytesPerSec" : 315.27611900559884,
    "sentKBytesPerSec" : 2.8241388753651413
  },
  "Login" : {
    "transaction" : "Login",
    "sampleCount" : 20,
    "errorCount" : 0,
    "errorPct" : 0.0,
    "meanResTime" : 1260.75,
    "medianResTime" : 1062.0,
    "minResTime" : 601.0,
    "maxResTime" : 2005.0,
    "pct1ResTime" : 1874.2,
    "pct2ResTime" : 1998.8,
    "pct3ResTime" : 2005.0,
    "throughput" : 8.81057268722467,
    "receivedKBytesPerSec" : 15.075199614537445,
    "sentKBytesPerSec" : 5.189117566079295
  },
  "RunPractice" : {
    "transaction" : "RunPractice",
    "sampleCount" : 120,
    "errorCount" : 0,
    "errorPct" : 0.0,
    "meanResTime" : 3203.158333333333,
    "medianResTime" : 2464.0,
    "minResTime" : 2109.0,
    "maxResTime" : 10320.0,
    "pct1ResTime" : 5607.700000000001,
    "pct2ResTime" : 7016.149999999997,
    "pct3ResTime" : 10183.079999999994,
    "throughput" : 0.1636987179662071,
    "receivedKBytesPerSec" : 4.638031760791156,
    "sentKBytesPerSec" : 0.0383668870233298
  }
}