{
  "AssignmentsList" : {
    "transaction" : "AssignmentsList",
    "sampleCount" : 300,
    "errorCount" : 43,
    "errorPct" : 14.333333,
    "meanResTime" : 3117.7566666666658,
    "medianResTime" : 314.0,
    "minResTime" : 0.0,
    "maxResTime" : 31959.0,
    "pct1ResTime" : 8460.800000000007,
    "pct2ResTime" : 12923.05,
    "pct3ResTime" : 24540.74,
    "throughput" : 5.317074899861756,
    "receivedKBytesPerSec" : 2.9697213354276704,
    "sentKBytesPerSec" : 1.4723555029509767
  },
  "Get CSRF Token" : {
    "transaction" : "Get CSRF Token",
    "sampleCount" : 300,
    "errorCount" : 2,
    "errorPct" : 0.6666667,
    "meanResTime" : 6963.316666666667,
    "medianResTime" : 2777.5,
    "minResTime" : 235.0,
    "maxResTime" : 50004.0,
    "pct1ResTime" : 22904.60000000001,
    "pct2ResTime" : 28921.049999999996,
    "pct3ResTime" : 33677.490000000005,
    "throughput" : 5.567205448438399,
    "receivedKBytesPerSec" : 147.79594843723905,
    "sentKBytesPerSec" : 0.7339577495499843
  },
  "StudentCourses" : {
    "transaction" : "StudentCourses",
    "sampleCount" : 300,
    "errorCount" : 13,
    "errorPct" : 4.3333335,
    "meanResTime" : 3280.3399999999997,
    "medianResTime" : 357.5,
    "minResTime" : 34.0,
    "maxResTime" : 47732.0,
    "pct1ResTime" : 9458.000000000004,
    "pct2ResTime" : 12014.699999999999,
    "pct3ResTime" : 31245.37000000003,
    "throughput" : 4.893245689866088,
    "receivedKBytesPerSec" : 10.474667769006182,
    "sentKBytesPerSec" : 1.1594061434699636
  },
  "GetSubmissionId" : {
    "transaction" : "GetSubmissionId",
    "sampleCount" : 420,
    "errorCount" : 197,
    "errorPct" : 46.904762,
    "meanResTime" : 24588.69285714286,
    "medianResTime" : 18551.0,
    "minResTime" : 0.0,
    "maxResTime" : 50016.0,
    "pct1ResTime" : 50004.0,
    "pct2ResTime" : 50004.0,
    "pct3ResTime" : 50007.0,
    "throughput" : 0.5494598940065699,
    "receivedKBytesPerSec" : 13.165802865155348,
    "sentKBytesPerSec" : 0.11415013967074271
  },
  "TestcasesResults" : {
    "transaction" : "TestcasesResults",
    "sampleCount" : 164,
    "errorCount" : 4,
    "errorPct" : 2.4390244,
    "meanResTime" : 201858.41463414632,
    "medianResTime" : 179245.0,
    "minResTime" : 21134.0,
    "maxResTime" : 384041.0,
    "pct1ResTime" : 303404.0,
    "pct2ResTime" : 337599.25,
    "pct3ResTime" : 383543.1,
    "throughput" : 0.1895394999162097,
    "receivedKBytesPerSec" : 5.36050088738291,
    "sentKBytesPerSec" : 0.04590409763595703
  },
  "Total" : {
    "transaction" : "Total",
    "sampleCount" : 2923,
    "errorCount" : 810,
    "errorPct" : 27.711256,
    "meanResTime" : 24799.924392747165,
    "medianResTime" : 4929.0,
    "minResTime" : 0.0,
    "maxResTime" : 384041.0,
    "pct1ResTime" : 50004.6,
    "pct2ResTime" : 162358.59999999998,
    "pct3ResTime" : 278968.9599999986,
    "throughput" : 2.7275874521645735,
    "receivedKBytesPerSec" : 42.95484028379787,
    "sentKBytesPerSec" : 1.038690560895746
  },
  "Upload" : {
    "transaction" : "Upload",
    "sampleCount" : 421,
    "errorCount" : 220,
    "errorPct" : 52.25653,
    "meanResTime" : 28583.491686460788,
    "medianResTime" : 30248.0,
    "minResTime" : 0.0,
    "maxResTime" : 99471.0,
    "pct1ResTime" : 50144.6,
    "pct2ResTime" : 61083.399999999994,
    "pct3ResTime" : 94175.09999999998,
    "throughput" : 0.55001188861802,
    "receivedKBytesPerSec" : 11.938769299815922,
    "sentKBytesPerSec" : 0.6448692407157732
  },
  "Course Page" : {
    "transaction" : "Course Page",
    "sampleCount" : 300,
    "errorCount" : 38,
    "errorPct" : 12.666667,
    "meanResTime" : 7484.666666666669,
    "medianResTime" : 4534.5,
    "minResTime" : 0.0,
    "maxResTime" : 44362.0,
    "pct1ResTime" : 19885.10000000008,
    "pct2ResTime" : 34798.049999999996,
    "pct3ResTime" : 42706.77000000001,
    "throughput" : 4.90444506204123,
    "receivedKBytesPerSec" : 139.66330090609623,
    "sentKBytesPerSec" : 1.2422997658127484
  },
  "Login" : {
    "transaction" : "Login",
    "sampleCount" : 300,
    "errorCount" : 20,
    "errorPct" : 6.6666665,
    "meanResTime" : 19347.02333333334,
    "medianResTime" : 15314.0,
    "minResTime" : 624.0,
    "maxResTime" : 55417.0,
    "pct1ResTime" : 42351.20000000004,
    "pct2ResTime" : 50004.0,
    "pct3ResTime" : 53723.350000000006,
    "throughput" : 4.880270692347736,
    "receivedKBytesPerSec" : 8.41530557103234,
    "sentKBytesPerSec" : 2.7822626561686623
  },
  "RunPractice" : {
    "transaction" : "RunPractice",
    "sampleCount" : 418,
    "errorCount" : 273,
    "errorPct" : 65.311005,
    "meanResTime" : 11881.739234449766,
    "medianResTime" : 2402.5,
    "minResTime" : 0.0,
    "maxResTime" : 53053.0,
    "pct1ResTime" : 50003.0,
    "pct2ResTime" : 50004.0,
    "pct3ResTime" : 50010.81,
    "throughput" : 0.5513369922060998,
    "receivedKBytesPerSec" : 5.74748771939717,
    "sentKBytesPerSec" : 0.0683194575793668
  }
}