{
  "AssignmentsList" : {
    "transaction" : "AssignmentsList",
    "sampleCount" : 200,
    "errorCount" : 11,
    "errorPct" : 5.5,
    "meanResTime" : 3419.170000000001,
    "medianResTime" : 1790.0,
    "minResTime" : 0.0,
    "maxResTime" : 13416.0,
    "pct1ResTime" : 9520.6,
    "pct2ResTime" : 11448.449999999995,
    "pct3ResTime" : 13200.860000000004,
    "throughput" : 5.031446540880503,
    "receivedKBytesPerSec" : 2.3190595518867925,
    "sentKBytesPerSec" : 1.5369251179245282
  },
  "Get CSRF Token" : {
    "transaction" : "Get CSRF Token",
    "sampleCount" : 200,
    "errorCount" : 0,
    "errorPct" : 0.0,
    "meanResTime" : 2262.9249999999993,
    "medianResTime" : 1414.5,
    "minResTime" : 217.0,
    "maxResTime" : 23383.0,
    "pct1ResTime" : 4275.200000000001,
    "pct2ResTime" : 5529.649999999998,
    "pct3ResTime" : 20965.86000000004,
    "throughput" : 7.8462142016477046,
    "receivedKBytesPerSec" : 209.68647324931348,
    "sentKBytesPerSec" : 1.0344130051000393
  },
  "StudentCourses" : {
    "transaction" : "StudentCourses",
    "sampleCount" : 200,
    "errorCount" : 0,
    "errorPct" : 0.0,
    "meanResTime" : 3067.8200000000015,
    "medianResTime" : 322.0,
    "minResTime" : 112.0,
    "maxResTime" : 29020.0,
    "pct1ResTime" : 12000.900000000003,
    "pct2ResTime" : 15937.69999999999,
    "pct3ResTime" : 23999.99000000001,
    "throughput" : 4.871039236221048,
    "receivedKBytesPerSec" : 7.962317754633577,
    "sentKBytesPerSec" : 1.1926910817360385
  },
  "GetSubmissionId" : {
    "transaction" : "GetSubmissionId",
    "sampleCount" : 381,
    "errorCount" : 127,
    "errorPct" : 33.333332,
    "meanResTime" : 20379.538057742786,
    "medianResTime" : 3991.0,
    "minResTime" : 0.0,
    "maxResTime" : 50016.0,
    "pct1ResTime" : 50003.0,
    "pct2ResTime" : 50003.9,
    "pct3ResTime" : 50006.18,
    "throughput" : 0.4963897741100812,
    "receivedKBytesPerSec" : 14.92212213631306,
    "sentKBytesPerSec" : 0.11157013638993045
  },
  "TestcasesResults" : {
    "transaction" : "TestcasesResults",
    "sampleCount" : 234,
    "errorCount" : 4,
    "errorPct" : 1.7094017,
    "meanResTime" : 79993.46153846155,
    "medianResTime" : 67484.5,
    "minResTime" : 9553.0,
    "maxResTime" : 296989.0,
    "pct1ResTime" : 155533.0,
    "pct2ResTime" : 223257.75,
    "pct3ResTime" : 264411.60000000003,
    "throughput" : 0.29733277255186485,
    "receivedKBytesPerSec" : 8.475958244996487,
    "sentKBytesPerSec" : 0.07139480836648679
  },
  "Total" : {
    "transaction" : "Total",
    "sampleCount" : 2379,
    "errorCount" : 425,
    "errorPct" : 17.864649,
    "meanResTime" : 18268.696511139104,
    "medianResTime" : 3886.0,
    "minResTime" : 0.0,
    "maxResTime" : 296989.0,
    "pct1ResTime" : 50005.0,
    "pct2ResTime" : 69485.0,
    "pct3ResTime" : 154650.39999999947,
    "throughput" : 2.5310153105680264,
    "receivedKBytesPerSec" : 52.22856799084835,
    "sentKBytesPerSec" : 1.0737326188853744
  },
  "Upload" : {
    "transaction" : "Upload",
    "sampleCount" : 383,
    "errorCount" : 119,
    "errorPct" : 31.070496,
    "meanResTime" : 22105.323759791143,
    "medianResTime" : 4181.0,
    "minResTime" : 0.0,
    "maxResTime" : 95750.0,
    "pct1ResTime" : 50005.0,
    "pct2ResTime" : 53096.79999999999,
    "pct3ResTime" : 91229.79999999994,
    "throughput" : 0.4969791969439023,
    "receivedKBytesPerSec" : 15.54940744070636,
    "sentKBytesPerSec" : 0.6483239806411681
  },
  "Course Page" : {
    "transaction" : "Course Page",
    "sampleCount" : 200,
    "errorCount" : 8,
    "errorPct" : 4.0,
    "meanResTime" : 9107.690000000002,
    "medianResTime" : 9692.5,
    "minResTime" : 0.0,
    "maxResTime" : 26601.0,
    "pct1ResTime" : 16226.0,
    "pct2ResTime" : 18369.349999999995,
    "pct3ResTime" : 26208.680000000022,
    "throughput" : 5.034739703957306,
    "receivedKBytesPerSec" : 156.8785803686059,
    "sentKBytesPerSec" : 1.4018603363206124
  },
  "Login" : {
    "transaction" : "Login",
    "sampleCount" : 200,
    "errorCount" : 4,
    "errorPct" : 2.0,
    "meanResTime" : 10393.960000000001,
    "medianResTime" : 9503.0,
    "minResTime" : 36.0,
    "maxResTime" : 34395.0,
    "pct1ResTime" : 20932.8,
    "pct2ResTime" : 26225.099999999973,
    "pct3ResTime" : 30879.600000000035,
    "throughput" : 4.827652795210968,
    "receivedKBytesPerSec" : 8.321972948549291,
    "sentKBytesPerSec" : 2.803338774500338
  },
  "RunPractice" : {
    "transaction" : "RunPractice",
    "sampleCount" : 381,
    "errorCount" : 152,
    "errorPct" : 39.89501,
    "meanResTime" : 7510.506561679801,
    "medianResTime" : 2557.0,
    "minResTime" : 0.0,
    "maxResTime" : 50007.0,
    "pct1ResTime" : 29765.800000000007,
    "pct2ResTime" : 50003.0,
    "pct3ResTime" : 50006.18,
    "throughput" : 0.4942576600207822,
    "receivedKBytesPerSec" : 8.618882720262489,
    "sentKBytesPerSec" : 0.07722775937824722
  }
}