{
  "AssignmentsList" : {
    "transaction" : "AssignmentsList",
    "sampleCount" : 350,
    "errorCount" : 36,
    "errorPct" : 10.285714,
    "meanResTime" : 4814.199999999998,
    "medianResTime" : 1114.0,
    "minResTime" : 0.0,
    "maxResTime" : 37808.0,
    "pct1ResTime" : 17698.800000000017,
    "pct2ResTime" : 23590.8,
    "pct3ResTime" : 34794.56000000001,
    "throughput" : 4.741455220342198,
    "receivedKBytesPerSec" : 2.387489395227387,
    "sentKBytesPerSec" : 1.374995554885731
  },
  "Get CSRF Token" : {
    "transaction" : "Get CSRF Token",
    "sampleCount" : 350,
    "errorCount" : 0,
    "errorPct" : 0.0,
    "meanResTime" : 6986.10857142857,
    "medianResTime" : 4471.5,
    "minResTime" : 144.0,
    "maxResTime" : 24553.0,
    "pct1ResTime" : 16516.000000000007,
    "pct2ResTime" : 19197.6,
    "pct3ResTime" : 23433.370000000006,
    "throughput" : 11.75680214981525,
    "receivedKBytesPerSec" : 314.1952560778468,
    "sentKBytesPerSec" : 1.549969033422909
  },
  "StudentCourses" : {
    "transaction" : "StudentCourses",
    "sampleCount" : 350,
    "errorCount" : 2,
    "errorPct" : 0.5714286,
    "meanResTime" : 5011.420000000002,
    "medianResTime" : 346.5,
    "minResTime" : 28.0,
    "maxResTime" : 46553.0,
    "pct1ResTime" : 17703.200000000004,
    "pct2ResTime" : 24977.149999999998,
    "pct3ResTime" : 31565.670000000006,
    "throughput" : 4.528633905235101,
    "receivedKBytesPerSec" : 12.341538247548067,
    "sentKBytesPerSec" : 1.136505156173175
  },
  "GetSubmissionId" : {
    "transaction" : "GetSubmissionId",
    "sampleCount" : 483,
    "errorCount" : 261,
    "errorPct" : 54.037266,
    "meanResTime" : 28392.047619047607,
    "medianResTime" : 37549.0,
    "minResTime" : 0.0,
    "maxResTime" : 51057.0,
    "pct1ResTime" : 50004.0,
    "pct2ResTime" : 50006.0,
    "pct3ResTime" : 51026.32,
    "throughput" : 0.6363175263979554,
    "receivedKBytesPerSec" : 13.28004836194347,
    "sentKBytesPerSec" : 0.13599094844905837
  },
  "TestcasesResults" : {
    "transaction" : "TestcasesResults",
    "sampleCount" : 179,
    "errorCount" : 5,
    "errorPct" : 2.793296,
    "meanResTime" : 146629.93296089384,
    "medianResTime" : 123784.0,
    "minResTime" : 11026.0,
    "maxResTime" : 329542.0,
    "pct1ResTime" : 240828.0,
    "pct2ResTime" : 272869.0,
    "pct3ResTime" : 326382.79999999993,
    "throughput" : 0.20350645024494673,
    "receivedKBytesPerSec" : 5.734660461496352,
    "sentKBytesPerSec" : 0.04928671841869804
  },
  "Total" : {
    "transaction" : "Total",
    "sampleCount" : 3379,
    "errorCount" : 959,
    "errorPct" : 28.381178,
    "meanResTime" : 23058.509914175782,
    "medianResTime" : 6545.0,
    "minResTime" : 0.0,
    "maxResTime" : 329542.0,
    "pct1ResTime" : 50005.0,
    "pct2ResTime" : 73634.0,
    "pct3ResTime" : 223511.39999999982,
    "throughput" : 3.288500467144192,
    "receivedKBytesPerSec" : 49.839292779885064,
    "sentKBytesPerSec" : 1.2707867380318632
  },
  "Upload" : {
    "transaction" : "Upload",
    "sampleCount" : 484,
    "errorCount" : 254,
    "errorPct" : 52.47934,
    "meanResTime" : 30336.892561983495,
    "medianResTime" : 40494.5,
    "minResTime" : 0.0,
    "maxResTime" : 96960.0,
    "pct1ResTime" : 50007.5,
    "pct2ResTime" : 59857.25,
    "pct3ResTime" : 81566.89999999998,
    "throughput" : 0.630091831978983,
    "receivedKBytesPerSec" : 13.657562359075534,
    "sentKBytesPerSec" : 0.7544762841701144
  },
  "Course Page" : {
    "transaction" : "Course Page",
    "sampleCount" : 350,
    "errorCount" : 37,
    "errorPct" : 10.571428,
    "meanResTime" : 11399.937142857149,
    "medianResTime" : 7044.0,
    "minResTime" : 0.0,
    "maxResTime" : 43341.0,
    "pct1ResTime" : 29252.000000000007,
    "pct2ResTime" : 35528.399999999994,
    "pct3ResTime" : 40680.66,
    "throughput" : 4.548289843019025,
    "receivedKBytesPerSec" : 132.46296443318562,
    "sentKBytesPerSec" : 1.1797253685739162
  },
  "Login" : {
    "transaction" : "Login",
    "sampleCount" : 350,
    "errorCount" : 23,
    "errorPct" : 6.571429,
    "meanResTime" : 24681.86285714285,
    "medianResTime" : 20495.0,
    "minResTime" : 584.0,
    "maxResTime" : 73634.0,
    "pct1ResTime" : 50255.4,
    "pct2ResTime" : 54748.15,
    "pct3ResTime" : 64429.82000000002,
    "throughput" : 4.4730721059223475,
    "receivedKBytesPerSec" : 7.323432467793881,
    "sentKBytesPerSec" : 2.5732645278991897
  },
  "RunPractice" : {
    "transaction" : "RunPractice",
    "sampleCount" : 483,
    "errorCount" : 341,
    "errorPct" : 70.60041,
    "meanResTime" : 9852.5817805383,
    "medianResTime" : 0.0,
    "minResTime" : 0.0,
    "maxResTime" : 51032.0,
    "pct1ResTime" : 50003.0,
    "pct2ResTime" : 50004.0,
    "pct3ResTime" : 50008.48,
    "throughput" : 0.6351134920196608,
    "receivedKBytesPerSec" : 5.7141427664945414,
    "sentKBytesPerSec" : 0.06841769954792543
  }
}