Device,kB_read/s,kB_wrtn/s
loop0,0.0,0.0
sda,86.8391304347826,187.22608695652173
