{"Disk Read(KB/s)": 53.3558888888889, "Disk Write(KB/s)": 139.83018888888878}