{"%idle": 5.33438888888889, "user+system(%)": 82.03497237569059, "%iowait": 0.6662983425414365}