{"Idle(%)": 5.85, "user+system(%)": 93.43333333333334, "Available Memory(Kb)": 7256424.777777778, "I/O wait(%)": 0.6555555555555556}