Device,kB_read/s,kB_wrtn/s
loop0,0.0,0.0
sda,15.645901639344263,715.2786885245902
