{"user+system(%)": 67.57630630630634, "%idle": 29.770909090909097, "%iowait": 1.2481981981981982}