{"Idle(%)": 29.87272727272727, "Available Memory(Kb)": 2254231.090909091, "user+system(%)": 68.85454545454546, "I/O wait(%)": 1.3181818181818181}