Device,kB_read/s,kB_wrtn/s
loop0,0.0,0.0
sda,98.7956043956044,484.2945054945055
