{"Disk Read(KB/s)": 85.66728888888889, "Disk Write(KB/s)": 446.2140555555556}