{"%iowait": 1.778839779005526, "user+system(%)": 77.16878453038674, "%idle": 15.236388888888888}