{"Idle(%)": 15.622222222222222, "Available Memory(Kb)": 6962730.6, "I/O wait(%)": 1.7555555555555555, "user+system(%)": 82.54444444444445}