{"Disk Read(KB/s)": 1.2937666666666667, "Disk Write(KB/s)": 906.9642666666662}