{"user+system(%)": 96.50864864864866, "%idle": 0.9655454545454552, "%iowait": 0.12558558558558552}