Device,kB_read/s,kB_wrtn/s
loop0,0.0,0.0
sda,21.731147540983606,1041.1540983606558
Device,kB_read/s,kB_wrtn/s
loop0,0.0,0.0
sda,21.731147540983606,1041.1540983606558
