{"Disk Read(KB/s)": 16.580333333333332, "Disk Write(KB/s)": 1021.8224999999999}