{"%guest": 91.10405405405402, "%idle": 4.965363636363636, "%sys": 1.2061261261261251, "%iowait": 1.2805405405405403, "user+system(%)": 1.4990090090090085}