{"I/O wait(%)": 1.3, "Idle(%)": 5.0636363636363635, "user+system(%)": 93.55454545454545, "sys(%)": 1.209090909090909, "Available Memory(Kb)": 2571704.727272727}