Device,kB_read/s,kB_wrtn/s
loop0,0.0,0.0
sda,39.239344262295084,84.61639344262295
