{"I/O wait(%)": 0.6545454545454545, "Available Memory(Kb)": 1811625.3818181818, "user+system(%)": 91.94545454545455, "Idle(%)": 7.745454545454545, "sys(%)": 6.4363636363636365}