Device,kB_read/s,kB_wrtn/s
loop0,0.0,0.0
sda,504.4065573770492,66.55737704918033
Device,kB_read/s,kB_wrtn/s
loop0,0.0,0.0
sda,504.4065573770492,66.55737704918033
Device,kB_read/s,kB_wrtn/s
loop0,0.0,0.0
sda,504.4065573770492,66.55737704918033
