{"Disk Read(KB/s)": 478.20566666666673, "Disk Write(KB/s)": 66.15183333333333}