{"%sys": 5.054234234234234, "%idle": 18.507090909090913, "user+system(%)": 12.435045045045046, "%iowait": 0.06270270270270271, "%guest": 67.94612612612613}