{"sys(%)": 5.136363636363637, "user+system(%)": 81.46363636363637, "Idle(%)": 18.454545454545453, "Available Memory(Kb)": 2801994.4, "I/O wait(%)": 0.0}