{"I/O wait(%)": 0.7833333333333333, "Idle(%)": 81.45555555555555, "user+system(%)": 17.66111111111111, "Available Memory(Kb)": 9439004.733333332}