Device,kB_read/s,kB_wrtn/s
loop0,0.0,0.0
sda,35.83114186851211,345.4505190311419
