{"Disk Write(KB/s)": 392.3951111111113, "Disk Read(KB/s)": 45.4790777777778}