{"%idle": 69.27533333333334, "%iowait": 2.181546961325967, "user+system(%)": 25.909668508287314}