{"user+system(%)": 28.36111111111111, "Idle(%)": 69.46666666666667, "Available Memory(Kb)": 11025039.022222223, "I/O wait(%)": 2.161111111111111}