Device,kB_read/s,kB_wrtn/s
loop0,0.0,0.0
sda,131.24790419161675,73.61916167664671
