{"Disk Read(KB/s)": 99.42225555555551, "Disk Write(KB/s)": 67.33185555555555}