{"%idle": 98.43188888888888, "user+system(%)": 0.5137016574585636, "%iowait": 0.13066298342541488}