{"Available Memory(Kb)": 9558783.311111111, "I/O wait(%)": 0.1, "Idle(%)": 98.46666666666667, "user+system(%)": 1.3722222222222222}