Device,kB_read/s,kB_wrtn/s
loop0,0.0,0.0
sda,475.8666666666667,66.02666666666667
