{"Disk Read(KB/s)": 433.63516666666663, "Disk Write(KB/s)": 63.43636666666663}