Device,kB_read/s,kB_wrtn/s
loop0,0.0,0.0
sda,210.06197183098593,432.4281690140845
