{"%idle": 70.14627272727273, "%iowait": 1.8789189189189182, "user+system(%)": 26.966216216216218}