{"Available Memory(Kb)": 4965697.890909091, "user+system(%)": 27.954545454545453, "I/O wait(%)": 1.8272727272727274, "Idle(%)": 70.2}