{"Disk Write(KB/s)": 74.95386666666666, "Disk Read(KB/s)": 4.220066666666667}