{"user+system(%)": 42.672222222222224, "Idle(%)": 55.833333333333336, "I/O wait(%)": 1.3944444444444444, "Available Memory(Kb)": 9375354.377777778}