Device,kB_read/s,kB_wrtn/s
loop0,0.0,0.0
sda,115.93548387096774,1104.5032258064516
Device,kB_read/s,kB_wrtn/s
loop0,0.0,0.0
sda,115.93548387096774,1104.5032258064516
Device,kB_read/s,kB_wrtn/s
loop0,0.0,0.0
sda,115.93548387096774,1104.5032258064516
