{"user+system(%)": 5.707117117117119, "%idle": 67.42818181818181, "%guest": 16.777387387387385, "%sys": 2.819189189189189, "%iowait": 9.630270270270268}