{"sys(%)": 2.8636363636363638, "I/O wait(%)": 9.690909090909091, "user+system(%)": 22.818181818181817, "Idle(%)": 67.4090909090909, "Available Memory(Kb)": 919074.8}