{"user+system(%)": 74.05309392265194, "%idle": 18.34544444444445, "%iowait": 1.9766298342541422}