Device,kB_read/s,kB_wrtn/s
loop0,0.0,0.0
sda,23.753846153846155,487.6879120879121
