{"Disk Write(KB/s)": 446.92848888888886, "Disk Read(KB/s)": 20.34443333333333}