{"I/O wait(%)": 1.1888888888888889, "Available Memory(Kb)": 7144176.955555555, "Idle(%)": 16.81111111111111, "user+system(%)": 81.88888888888889}