Device,kB_read/s,kB_wrtn/s
loop0,0.0,0.0
sda,37.62622950819672,557.3639344262295
Device,kB_read/s,kB_wrtn/s
loop0,0.0,0.0
sda,37.62622950819672,557.3639344262295
