{"%idle": 1.9526363636363633, "%iowait": 1.1528828828828825, "%sys": 9.51324324324324, "%guest": 0.0, "user+system(%)": 93.94693693693696}