{"Available Memory(Kb)": 9689020.181818182, "sys(%)": 10.736363636363636, "I/O wait(%)": 1.1090909090909091, "Idle(%)": 1.9272727272727272, "user+system(%)": 96.95454545454545}