{"Disk Read(KB/s)": 59.16863333333333, "Disk Write(KB/s)": 854.2801999999999}