{"user+system(%)": 20.704684684684675, "%idle": 12.674363636363632, "%iowait": 1.7247747747747744, "%sys": 5.627567567567569, "%guest": 63.70315315315314}