Device,kB_read/s,kB_wrtn/s
loop0,0.0,0.0
sda,18.580645161290324,864.1548387096774
