{"Disk Write(KB/s)": 829.4750333333327, "Disk Read(KB/s)": 17.82783333333333}