{"Available Memory(Kb)": 8216474.181818182, "I/O wait(%)": 0.9545454545454546, "user+system(%)": 92.38181818181818, "Idle(%)": 6.618181818181818}