{"%guest": 0.0, "%sys": 3.7281981981981986, "user+system(%)": 98.3763063063063, "%idle": 0.022181818181818157, "%iowait": 0.00981981981981982}