Device,kB_read/s,kB_wrtn/s
loop0,0.0,0.0
sda,55.98324607329843,580.7832460732984
