{"Disk Write(KB/s)": 579.7395666666664, "Disk Read(KB/s)": 55.66852222222222}