{"%iowait": 1.9406629834254137, "user+system(%)": 63.64292817679561, "%idle": 31.558833333333318}