{"I/O wait(%)": 1.9111111111111112, "Idle(%)": 31.95, "Available Memory(Kb)": 9305618.533333333, "user+system(%)": 66.00555555555556}