Device,kB_read/s,kB_wrtn/s
loop0,0.0,0.0
sda,11.714572864321608,303.2562814070352
