{"Disk Read(KB/s)": 11.209688888888882, "Disk Write(KB/s)": 292.6262444444443}