{"%iowait": 1.9734254143646401, "user+system(%)": 23.260331491712698, "%idle": 71.84838888888892}