{"Available Memory(Kb)": 10079434.111111112, "user+system(%)": 26.07777777777778, "Idle(%)": 71.96111111111111, "I/O wait(%)": 1.9555555555555555}