Device,kB_read/s,kB_wrtn/s
loop0,0.0,0.0
sda,82.97267759562841,596.7344262295082
