{"Disk Write(KB/s)": 533.0823444444445, "Disk Read(KB/s)": 72.47954444444444}