{"user+system(%)": 74.9053591160221, "%idle": 18.36272222222222, "%iowait": 2.029834254143648}