{"user+system(%)": 79.31111111111112, "Idle(%)": 18.738888888888887, "Available Memory(Kb)": 7095849.355555556, "I/O wait(%)": 2.0}