Device,kB_read/s,kB_wrtn/s
loop0,0.0,0.0
sda,13.184810126582278,310.6835443037975
