{"Disk Write(KB/s)": 258.2570333333335, "Disk Read(KB/s)": 12.93410000000001}