{"%idle": 62.712818181818186, "user+system(%)": 33.874684684684695, "%iowait": 1.5972072072072077}