{"I/O wait(%)": 1.5909090909090908, "Idle(%)": 62.81818181818182, "user+system(%)": 35.654545454545456, "Available Memory(Kb)": 536157.2363636363}