Device,kB_read/s,kB_wrtn/s
loop0,0.0,0.0
sda,312.9836065573771,53.954098360655735
