{"Disk Write(KB/s)": 53.150166666666664, "Disk Read(KB/s)": 305.08833333333325}