{"%iowait": 0.0885585585585585, "user+system(%)": 11.740990990990987, "%idle": 19.387545454545457}