Device,kB_read/s,kB_wrtn/s
loop0,0.0,0.0
sda,8.783419689119171,251.28704663212434
