{"Disk Write(KB/s)": 238.7224888888889, "Disk Read(KB/s)": 8.161766666666658}