{"%idle": 80.059, "%iowait": 1.3644198895027617, "user+system(%)": 16.192541436464087}