{"I/O wait(%)": 1.3888888888888888, "Idle(%)": 80.02222222222223, "Available Memory(Kb)": 8498495.444444444, "user+system(%)": 18.616666666666667}