{
  "AssignmentsList" : {
    "transaction" : "AssignmentsList",
    "sampleCount" : 180,
    "errorCount" : 2,
    "errorPct" : 1.1111112,
    "meanResTime" : 54.26111111111109,
    "medianResTime" : 42.0,
    "minResTime" : 0.0,
    "maxResTime" : 391.0,
    "pct1ResTime" : 86.9,
    "pct2ResTime" : 104.0,
    "pct3ResTime" : 213.6099999999995,
    "throughput" : 21.405636817695328,
    "receivedKBytesPerSec" : 8.403152500297299,
    "sentKBytesPerSec" : 6.842324815673682
  },
  "Get CSRF Token" : {
    "transaction" : "Get CSRF Token",
    "sampleCount" : 180,
    "errorCount" : 0,
    "errorPct" : 0.0,
    "meanResTime" : 4471.877777777777,
    "medianResTime" : 5034.0,
    "minResTime" : 39.0,
    "maxResTime" : 7581.0,
    "pct1ResTime" : 6899.7,
    "pct2ResTime" : 7111.2,
    "pct3ResTime" : 7483.799999999999,
    "throughput" : 22.799240025332487,
    "receivedKBytesPerSec" : 609.3195851804941,
    "sentKBytesPerSec" : 3.0057591830272328
  },
  "StudentCourses" : {
    "transaction" : "StudentCourses",
    "sampleCount" : 180,
    "errorCount" : 0,
    "errorPct" : 0.0,
    "meanResTime" : 106.5666666666667,
    "medianResTime" : 74.5,
    "minResTime" : 24.0,
    "maxResTime" : 881.0,
    "pct1ResTime" : 231.60000000000002,
    "pct2ResTime" : 276.79999999999995,
    "pct3ResTime" : 842.9299999999998,
    "throughput" : 21.744382701135542,
    "receivedKBytesPerSec" : 33.36332938209712,
    "sentKBytesPerSec" : 5.309159066199565
  },
  "GetSubmissionId" : {
    "transaction" : "GetSubmissionId",
    "sampleCount" : 1016,
    "errorCount" : 2,
    "errorPct" : 0.19685039,
    "meanResTime" : 1371.2480314960612,
    "medianResTime" : 830.0,
    "minResTime" : 0.0,
    "maxResTime" : 26903.0,
    "pct1ResTime" : 2412.1000000000013,
    "pct2ResTime" : 3403.9999999999995,
    "pct3ResTime" : 13209.43000000001,
    "throughput" : 3.7073120892674045,
    "receivedKBytesPerSec" : 166.20227628186885,
    "sentKBytesPerSec" : 0.8563509499074996
  },
  "TestcasesResults" : {
    "transaction" : "TestcasesResults",
    "sampleCount" : 904,
    "errorCount" : 1,
    "errorPct" : 0.11061947,
    "meanResTime" : 29285.747787610613,
    "medianResTime" : 30551.0,
    "minResTime" : 6965.0,
    "maxResTime" : 52484.0,
    "pct1ResTime" : 33236.5,
    "pct2ResTime" : 33840.5,
    "pct3ResTime" : 35245.5,
    "throughput" : 3.0995100442640204,
    "receivedKBytesPerSec" : 89.75718299238152,
    "sentKBytesPerSec" : 0.749832209875231
  },
  "Total" : {
    "transaction" : "Total",
    "sampleCount" : 4860,
    "errorCount" : 15,
    "errorPct" : 0.30864197,
    "meanResTime" : 7359.422633744889,
    "medianResTime" : 2132.0,
    "minResTime" : 0.0,
    "maxResTime" : 52484.0,
    "pct1ResTime" : 30447.0,
    "pct2ResTime" : 31588.9,
    "pct3ResTime" : 33763.240000000005,
    "throughput" : 14.591089227813137,
    "receivedKBytesPerSec" : 473.66294966205567,
    "sentKBytesPerSec" : 7.207657507205477
  },
  "Upload" : {
    "transaction" : "Upload",
    "sampleCount" : 1025,
    "errorCount" : 3,
    "errorPct" : 0.29268292,
    "meanResTime" : 3803.1551219512216,
    "medianResTime" : 1629.0,
    "minResTime" : 0.0,
    "maxResTime" : 30844.0,
    "pct1ResTime" : 10851.599999999999,
    "pct2ResTime" : 18539.699999999993,
    "pct3ResTime" : 30418.9,
    "throughput" : 3.7102729312966045,
    "receivedKBytesPerSec" : 166.98647857204264,
    "sentKBytesPerSec" : 5.169153237665605
  },
  "Course Page" : {
    "transaction" : "Course Page",
    "sampleCount" : 180,
    "errorCount" : 3,
    "errorPct" : 1.6666666,
    "meanResTime" : 229.91111111111096,
    "medianResTime" : 143.5,
    "minResTime" : 0.0,
    "maxResTime" : 3059.0,
    "pct1ResTime" : 413.9,
    "pct2ResTime" : 605.849999999999,
    "pct3ResTime" : 2611.069999999999,
    "throughput" : 21.502807310954488,
    "receivedKBytesPerSec" : 685.256274451977,
    "sentKBytesPerSec" : 6.132709839027595
  },
  "Login" : {
    "transaction" : "Login",
    "sampleCount" : 180,
    "errorCount" : 2,
    "errorPct" : 1.1111112,
    "meanResTime" : 553.2666666666664,
    "medianResTime" : 496.0,
    "minResTime" : 33.0,
    "maxResTime" : 1926.0,
    "pct1ResTime" : 1146.9,
    "pct2ResTime" : 1225.85,
    "pct3ResTime" : 1907.37,
    "throughput" : 21.183947275509002,
    "receivedKBytesPerSec" : 36.37887820701424,
    "sentKBytesPerSec" : 12.397298311168647
  },
  "RunPractice" : {
    "transaction" : "RunPractice",
    "sampleCount" : 1015,
    "errorCount" : 2,
    "errorPct" : 0.19704433,
    "meanResTime" : 2981.474876847288,
    "medianResTime" : 2348.0,
    "minResTime" : 0.0,
    "maxResTime" : 25690.0,
    "pct1ResTime" : 4312.4,
    "pct2ResTime" : 5455.999999999999,
    "pct3ResTime" : 11228.880000000032,
    "throughput" : 3.683060823118736,
    "receivedKBytesPerSec" : 104.16506850969388,
    "sentKBytesPerSec" : 0.8615164594718164
  }
}