Device,kB_read/s,kB_wrtn/s
loop0,0.0,0.0
sda,7.5147540983606556,630.5704918032787
