{"user+system(%)": 35.58888888888889, "Available Memory(Kb)": 7049149.066666666, "Idle(%)": 59.34444444444444, "I/O wait(%)": 5.105555555555555}