{"%iowait": 0.2574881516587677, "%idle": 94.91114285714283, "user+system(%)": 1.6320853080568718}