{"Disk Write(KB/s)": 27.072000000000003, "Disk Read(KB/s)": 10.818666666666667}