{"user+system(%)": 16.063636363636363, "sys(%)": 3.2454545454545456, "I/O wait(%)": 1.0363636363636364, "Available Memory(Kb)": 7794337.527272727, "Idle(%)": 83.21818181818182}