{"I/O wait(%)": 0.7818181818181819, "user+system(%)": 11.836363636363636, "Available Memory(Kb)": 4902641.5636363635, "Idle(%)": 87.33636363636364}