{"%guest": 0.0, "%iowait": 0.07891891891891889, "user+system(%)": 1.5900900900900894, "%sys": 0.7435135135135131, "%idle": 97.90390909090911}