{"I/O wait(%)": 0.00909090909090909, "sys(%)": 0.7909090909090909, "Available Memory(Kb)": 2165587.018181818, "Idle(%)": 97.93636363636364, "user+system(%)": 2.0090909090909093}