Device,kB_read/s,kB_wrtn/s
loop0,0.0,0.0
sda,594.4275862068965,66.84137931034483
Device,kB_read/s,kB_wrtn/s
loop0,0.0,0.0
sda,594.4275862068965,66.84137931034483
