{"Disk Write(KB/s)": 63.571166666666684, "Disk Read(KB/s)": 531.7941666666662}