{"%iowait": 0.64, "%sys": 1.1453153153153146, "%guest": 0.0, "user+system(%)": 4.87378378378378, "%idle": 93.34818181818181}