{"sys(%)": 1.2636363636363637, "I/O wait(%)": 0.5909090909090909, "user+system(%)": 6.154545454545454, "Available Memory(Kb)": 10462045.054545455, "Idle(%)": 93.19090909090909}