{"Disk Write(KB/s)": 1001.1861666666668, "Disk Read(KB/s)": 37.62200000000003}