{"%idle": 7.325181818181821, "%iowait": 1.7750450450450443, "user+system(%)": 1.3070270270270266}