{"Idle(%)": 7.363636363636363, "Available Memory(Kb)": 2663885.1272727274, "I/O wait(%)": 1.7727272727272727, "user+system(%)": 90.73636363636363}