{
  "AssignmentsList" : {
    "transaction" : "AssignmentsList",
    "sampleCount" : 180,
    "errorCount" : 10,
    "errorPct" : 5.5555553,
    "meanResTime" : 80.8888888888889,
    "medianResTime" : 38.0,
    "minResTime" : 0.0,
    "maxResTime" : 1419.0,
    "pct1ResTime" : 178.3000000000001,
    "pct2ResTime" : 243.44999999999987,
    "pct3ResTime" : 760.4699999999982,
    "throughput" : 9.356481962781995,
    "receivedKBytesPerSec" : 4.0357442789011335,
    "sentKBytesPerSec" : 2.8563869360120595
  },
  "Get CSRF Token" : {
    "transaction" : "Get CSRF Token",
    "sampleCount" : 180,
    "errorCount" : 0,
    "errorPct" : 0.0,
    "meanResTime" : 15131.383333333333,
    "medianResTime" : 20521.0,
    "minResTime" : 135.0,
    "maxResTime" : 22841.0,
    "pct1ResTime" : 22031.7,
    "pct2ResTime" : 22186.85,
    "pct3ResTime" : 22583.42,
    "throughput" : 7.747933884297521,
    "receivedKBytesPerSec" : 207.0660131365143,
    "sentKBytesPerSec" : 1.0214561273243803
  },
  "StudentCourses" : {
    "transaction" : "StudentCourses",
    "sampleCount" : 180,
    "errorCount" : 0,
    "errorPct" : 0.0,
    "meanResTime" : 533.5722222222223,
    "medianResTime" : 86.0,
    "minResTime" : 23.0,
    "maxResTime" : 10299.0,
    "pct1ResTime" : 945.4000000000009,
    "pct2ResTime" : 2334.699999999999,
    "pct3ResTime" : 10262.55,
    "throughput" : 9.083568833266048,
    "receivedKBytesPerSec" : 24.340189509108804,
    "sentKBytesPerSec" : 2.289619183992733
  },
  "GetSubmissionId" : {
    "transaction" : "GetSubmissionId",
    "sampleCount" : 486,
    "errorCount" : 56,
    "errorPct" : 11.522634,
    "meanResTime" : 7349.100823045269,
    "medianResTime" : 2561.0,
    "minResTime" : 0.0,
    "maxResTime" : 50203.0,
    "pct1ResTime" : 24108.10000000005,
    "pct2ResTime" : 50003.0,
    "pct3ResTime" : 50005.0,
    "throughput" : 1.6410325674055815,
    "receivedKBytesPerSec" : 65.42179005714914,
    "sentKBytesPerSec" : 0.37199428930796374
  },
  "TestcasesResults" : {
    "transaction" : "TestcasesResults",
    "sampleCount" : 346,
    "errorCount" : 34,
    "errorPct" : 9.82659,
    "meanResTime" : 51810.96531791906,
    "medianResTime" : 61030.0,
    "minResTime" : 6680.0,
    "maxResTime" : 134001.0,
    "pct1ResTime" : 83684.20000000003,
    "pct2ResTime" : 96839.4,
    "pct3ResTime" : 130353.42999999996,
    "throughput" : 1.1344894633471374,
    "receivedKBytesPerSec" : 29.675594239064143,
    "sentKBytesPerSec" : 0.27475916690438484
  },
  "CompareOutput" : {
    "transaction" : "CompareOutput",
    "sampleCount" : 8,
    "errorCount" : 0,
    "errorPct" : 0.0,
    "meanResTime" : 253.62499999999997,
    "medianResTime" : 173.5,
    "minResTime" : 73.0,
    "maxResTime" : 652.0,
    "pct1ResTime" : 652.0,
    "pct2ResTime" : 652.0,
    "pct3ResTime" : 652.0,
    "throughput" : 0.38244574051056507,
    "receivedKBytesPerSec" : 7.9758984487044655,
    "sentKBytesPerSec" : 0.0896357204321637
  },
  "Total" : {
    "transaction" : "Total",
    "sampleCount" : 2693,
    "errorCount" : 227,
    "errorPct" : 8.429261,
    "meanResTime" : 13429.313405124396,
    "medianResTime" : 3089.0,
    "minResTime" : 0.0,
    "maxResTime" : 134001.0,
    "pct1ResTime" : 50004.0,
    "pct2ResTime" : 68083.2,
    "pct3ResTime" : 89552.65999999996,
    "throughput" : 6.490454717449515,
    "receivedKBytesPerSec" : 170.8284239679261,
    "sentKBytesPerSec" : 3.0250779071476948
  },
  "Upload" : {
    "transaction" : "Upload",
    "sampleCount" : 513,
    "errorCount" : 94,
    "errorPct" : 18.323587,
    "meanResTime" : 18462.18713450293,
    "medianResTime" : 12157.0,
    "minResTime" : 0.0,
    "maxResTime" : 67161.0,
    "pct1ResTime" : 50004.0,
    "pct2ResTime" : 50005.3,
    "pct3ResTime" : 50406.22,
    "throughput" : 1.5795745309772116,
    "receivedKBytesPerSec" : 58.42593945041275,
    "sentKBytesPerSec" : 2.108748476811353
  },
  "Course Page" : {
    "transaction" : "Course Page",
    "sampleCount" : 180,
    "errorCount" : 11,
    "errorPct" : 6.111111,
    "meanResTime" : 292.27222222222207,
    "medianResTime" : 71.0,
    "minResTime" : 0.0,
    "maxResTime" : 3469.0,
    "pct1ResTime" : 608.1,
    "pct2ResTime" : 1673.8999999999983,
    "pct3ResTime" : 2853.3999999999983,
    "throughput" : 9.37109537692628,
    "receivedKBytesPerSec" : 285.65439449057686,
    "sentKBytesPerSec" : 2.5518847127498963
  },
  "Login" : {
    "transaction" : "Login",
    "sampleCount" : 180,
    "errorCount" : 10,
    "errorPct" : 5.5555553,
    "meanResTime" : 1925.0611111111095,
    "medianResTime" : 475.5,
    "minResTime" : 78.0,
    "maxResTime" : 12860.0,
    "pct1ResTime" : 8214.900000000005,
    "pct2ResTime" : 10918.55,
    "pct3ResTime" : 11922.019999999997,
    "throughput" : 7.80538571614414,
    "receivedKBytesPerSec" : 13.510787286978015,
    "sentKBytesPerSec" : 4.3625804930401975
  },
  "RunPractice" : {
    "transaction" : "RunPractice",
    "sampleCount" : 440,
    "errorCount" : 12,
    "errorPct" : 2.7272727,
    "meanResTime" : 4455.411363636367,
    "medianResTime" : 2455.5,
    "minResTime" : 0.0,
    "maxResTime" : 51412.0,
    "pct1ResTime" : 7594.2000000000035,
    "pct2ResTime" : 14896.099999999997,
    "pct3ResTime" : 39449.96999999997,
    "throughput" : 1.8778060397070622,
    "receivedKBytesPerSec" : 51.82420421300722,
    "sentKBytesPerSec" : 0.43010827258915313
  }
}