{"Disk Write(KB/s)": 273.09510000000023, "Disk Read(KB/s)": 34.95710000000005}