{"user+system(%)": 18.275405405405408, "%iowait": 1.1863063063063055, "%idle": 79.74918181818185}