{"Idle(%)": 79.75454545454545, "Available Memory(Kb)": 4383177.963636364, "user+system(%)": 19.036363636363635, "I/O wait(%)": 1.0636363636363637}