Device,kB_read/s,kB_wrtn/s
loop0,0.0,0.0
sda,7.632786885245902,652.1049180327869
