{"Disk Read(KB/s)": 7.583833333333334, "Disk Write(KB/s)": 643.2301666666666}