{"%iowait": 1.1572072072072066, "user+system(%)": 61.55612612612612, "%idle": 36.146363636363645}