{"user+system(%)": 63.163636363636364, "Available Memory(Kb)": 2659640.290909091, "Idle(%)": 35.663636363636364, "I/O wait(%)": 1.1818181818181819}