Device,kB_read/s,kB_wrtn/s
loop0,0.0,0.0
sda,0.2206896551724138,18.28965517241379
