{"user+system(%)": 1.6386255924170614, "%idle": 94.95385714285707, "%iowait": 0.17417061611374407}