Device,kB_read/s,kB_wrtn/s
loop0,0.0,0.0
sda,51.93181818181818,267.27272727272725
