{"Disk Write(KB/s)": 244.8236555555556, "Disk Read(KB/s)": 43.63476666666665}