{"%idle": 57.251666666666665, "%iowait": 1.8824861878453034, "user+system(%)": 36.356795580110514}