{"user+system(%)": 40.92777777777778, "I/O wait(%)": 1.8388888888888888, "Idle(%)": 57.17777777777778, "Available Memory(Kb)": 7155146.177777777}