Device,kB_read/s,kB_wrtn/s
loop0,0.0,0.0
sda,385.2983606557377,46.13770491803279
