{"Disk Read(KB/s)": 383.9266666666668, "Disk Write(KB/s)": 38.47416666666666}