{"%iowait": 0.025045045045045043, "%idle": 76.09900000000003, "user+system(%)": 23.222342342342337}