{"Available Memory(Kb)": 2307167.1272727274, "user+system(%)": 23.80909090909091, "I/O wait(%)": 0.0, "Idle(%)": 76.16363636363636}