Device,kB_read/s,kB_wrtn/s
loop0,0.0,0.0
sda,5.264088397790055,174.38232044198895
