{"Disk Read(KB/s)": 4.556699999999998, "Disk Write(KB/s)": 177.74032222222223}