{"user+system(%)": 4.2006629834254126, "%iowait": 0.3803867403314916, "%idle": 94.53711111111109}