{"Idle(%)": 94.56666666666666, "Available Memory(Kb)": 9010598.755555555, "I/O wait(%)": 0.37222222222222223, "user+system(%)": 5.027777777777778}