Device,kB_read/s,kB_wrtn/s
loop0,0.0,0.0
sda,7.916022099447514,111.80552486187845
