{"Disk Read(KB/s)": 6.856777777777779, "Disk Write(KB/s)": 113.6622444444445}