{"user+system(%)": 17.455555555555556, "Available Memory(Kb)": 9358727.311111111, "I/O wait(%)": 0.8055555555555556, "Idle(%)": 81.66666666666667}