{"Disk Read(KB/s)": 16.86983333333334, "Disk Write(KB/s)": 180.98850000000002}