{"%idle": 80.21172727272726, "%guest": 0.0, "user+system(%)": 18.823243243243247, "%iowait": 0.4908108108108109, "%sys": 1.7277477477477468}