{"Available Memory(Kb)": 7612289.8545454545, "Idle(%)": 80.7090909090909, "I/O wait(%)": 0.5181818181818182, "user+system(%)": 18.772727272727273, "sys(%)": 1.8636363636363635}