{"%idle": 98.94418181818186, "%iowait": 0.05198198198198197, "user+system(%)": 0.8889189189189188}