{"user+system(%)": 0.7636363636363637, "I/O wait(%)": 0.00909090909090909, "Idle(%)": 99.1, "Available Memory(Kb)": 7488568.69090909}