Device,kB_read/s,kB_wrtn/s
loop0,0.0,0.0
sda,8.891803278688524,232.19672131147541
