{"Disk Read(KB/s)": 8.858666666666666, "Disk Write(KB/s)": 228.60150000000002}