{"user+system(%)": 21.839999999999996, "%iowait": 0.6851351351351348, "%idle": 76.86799999999998}