{"I/O wait(%)": 0.6545454545454545, "Idle(%)": 76.2909090909091, "user+system(%)": 23.036363636363635, "Available Memory(Kb)": 6158366.1454545455}