{"Disk Write(KB/s)": 9.529000000000003, "Disk Read(KB/s)": 0.025666666666666667}