{"%idle": 84.2949090909091, "%guest": 0.0, "user+system(%)": 13.751981981981977, "%iowait": 0.436036036036036, "%sys": 5.957027027027025}