{"I/O wait(%)": 0.5, "user+system(%)": 15.572727272727272, "Available Memory(Kb)": 10410081.6, "Idle(%)": 84.32727272727273, "sys(%)": 6.254545454545455}