Device,kB_read/s,kB_wrtn/s
loop0,0.0,0.0
sda,37.6568306010929,507.48415300546446
