{"Disk Read(KB/s)": 33.05555555555554, "Disk Write(KB/s)": 505.8706333333338}