{"user+system(%)": 74.09646408839781, "%idle": 18.636944444444453, "%iowait": 1.7506077348066302}