{"I/O wait(%)": 1.761111111111111, "Available Memory(Kb)": 7094238.777777778, "user+system(%)": 79.27777777777777, "Idle(%)": 19.033333333333335}