{"Disk Read(KB/s)": 227.22366666666667, "Disk Write(KB/s)": 982.3673333333334}