{"user+system(%)": 13.793693693693692, "%guest": 76.68603603603603, "%sys": 5.16009009009009, "%iowait": 1.7472972972972964, "%idle": 6.522272727272726}