{"sys(%)": 5.290909090909091, "Available Memory(Kb)": 1946442.8, "I/O wait(%)": 1.7636363636363637, "Idle(%)": 6.490909090909091, "user+system(%)": 91.73636363636363}