Device,kB_read/s,kB_wrtn/s
loop0,0.0,0.0
sda,1257.6645161290323,233.50967741935483
