{"%idle": 40.60745454545455, "user+system(%)": 2.239009009009009, "%iowait": 49.468828828828826}