{"Available Memory(Kb)": 5612963.381818182, "Idle(%)": 40.59090909090909, "user+system(%)": 9.436363636363636, "I/O wait(%)": 49.99090909090909}