Device,kB_read/s,kB_wrtn/s
loop0,0.0,0.0
sda,69.57767441860464,407.4195348837209
