{"Disk Write(KB/s)": 395.3221444444439, "Disk Read(KB/s)": 26.71251111111108}