{"user+system(%)": 29.068232044198883, "%iowait": 1.9833701657458571, "%idle": 66.32622222222221}