{"user+system(%)": 31.566666666666666, "Idle(%)": 66.46111111111111, "I/O wait(%)": 1.9944444444444445, "Available Memory(Kb)": 9191575.044444444}