{"Available Memory(Kb)": 7051328.622222222, "Idle(%)": 15.066666666666666, "user+system(%)": 83.52777777777777, "I/O wait(%)": 1.3888888888888888}