Device,kB_read/s,kB_wrtn/s
loop0,0.0,0.0
sda,19.27777777777778,333.1777777777778
