{"Disk Write(KB/s)": 310.27649999999994, "Disk Read(KB/s)": 20.63480000000001}