{"%iowait": 1.8717117117117121, "%idle": 48.51554545454546, "user+system(%)": 47.5481081081081}