{"Idle(%)": 49.35454545454545, "I/O wait(%)": 1.8636363636363635, "user+system(%)": 48.74545454545454, "Available Memory(Kb)": 413108.14545454545}