{"Disk Read(KB/s)": 95.67454444444444, "Disk Write(KB/s)": 58.51367777777777}