{"%idle": 95.01427777777775, "user+system(%)": 1.6787845303867404, "%iowait": 0.4119337016574582}