{"Available Memory(Kb)": 9833178.044444444, "Idle(%)": 95.00555555555556, "user+system(%)": 4.805555555555555, "I/O wait(%)": 0.40555555555555556}