Device,kB_read/s,kB_wrtn/s
loop0,0.0,0.0
sda,32.63414634146341,301.7560975609756
