{"Disk Read(KB/s)": 37.15963333333339, "Disk Write(KB/s)": 281.6598666666667}