{"%idle": 68.86836363636364, "user+system(%)": 28.37324324324323, "%iowait": 1.5156756756756753}