{"Idle(%)": 68.99090909090908, "Available Memory(Kb)": 4822341.454545454, "user+system(%)": 29.554545454545455, "I/O wait(%)": 1.4181818181818182}