Device,kB_read/s,kB_wrtn/s
loop0,0.0,0.0
sda,734.5714285714286,645.9928571428571
