{"Disk Write(KB/s)": 886.4616000000011, "Disk Read(KB/s)": 1165.3161666666667}