{"%idle": 88.8167222222222, "user+system(%)": 5.396629834254141, "%iowait": 4.881381215469612}