{"user+system(%)": 6.311111111111111, "Idle(%)": 88.78333333333333, "I/O wait(%)": 4.822222222222222, "Available Memory(Kb)": 11697489.222222222}