{"%iowait": 0.07801801801801797, "user+system(%)": 1.095495495495495, "%idle": 98.43}