{"Idle(%)": 98.26363636363637, "I/O wait(%)": 0.00909090909090909, "Available Memory(Kb)": 4185151.272727273, "user+system(%)": 1.518181818181818}