{"%idle": 16.434727272727265, "%iowait": 2.11882882882883, "user+system(%)": 78.73765765765762}