Device,kB_read/s,kB_wrtn/s
loop0,0.0,0.0
sda,0.20512820512820512,200.71794871794873
Device,kB_read/s,kB_wrtn/s
loop0,0.0,0.0
sda,0.20512820512820512,200.71794871794873
