{"%idle": 4.100545454545455, "%iowait": 0.1317117117117117, "user+system(%)": 89.57594594594596}