{"Available Memory(Kb)": 3128167.890909091, "user+system(%)": 95.30909090909091, "I/O wait(%)": 0.15454545454545454, "Idle(%)": 4.7727272727272725}