Device,kB_read/s,kB_wrtn/s
loop0,0.0,0.0
sda,0.4852459016393443,645.5475409836066
