{"Disk Read(KB/s)": 0.4821666666666667, "Disk Write(KB/s)": 635.3906666666666}