{"user+system(%)": 60.24549549549549, "%iowait": 1.7597297297297279, "%idle": 36.33572727272729}