{"I/O wait(%)": 1.7818181818181817, "Available Memory(Kb)": 2948283.8181818184, "Idle(%)": 36.472727272727276, "user+system(%)": 61.7}