Device,kB_read/s,kB_wrtn/s
loop0,0.0,0.0
sda,1.4495049504950495,330.6851485148515
