{"Disk Write(KB/s)": 221.75735555555548, "Disk Read(KB/s)": 0.7622333333333334}