{"user+system(%)": 7.511602209944774, "%iowait": 0.371436464088399, "%idle": 91.64850000000004}