{"I/O wait(%)": 0.3277777777777778, "user+system(%)": 7.788888888888889, "Available Memory(Kb)": 1437609.7555555555, "Idle(%)": 91.68888888888888}