Device,kB_read/s,kB_wrtn/s
loop0,0.0,0.0
sda,0.419672131147541,194.62295081967213
Device,kB_read/s,kB_wrtn/s
loop0,0.0,0.0
sda,0.419672131147541,194.62295081967213
