{"Disk Write(KB/s)": 194.1379666666667, "Disk Read(KB/s)": 0.3782333333333333}