{"user+system(%)": 92.82900900900906, "%idle": 0.20054545454545453, "%iowait": 0.4156756756756756, "%sys": 10.27189189189189, "%guest": 0.0}