{"sys(%)": 11.872727272727273, "user+system(%)": 99.63636363636364, "Idle(%)": 0.22727272727272727, "I/O wait(%)": 0.42727272727272725, "Available Memory(Kb)": 3985430.1818181816}