Device,kB_read/s,kB_wrtn/s
loop0,0.0,0.0
sda,72.05714285714286,322.6171428571429
