{"Disk Read(KB/s)": 27.756100000000004, "Disk Write(KB/s)": 195.46855555555553}