{"%iowait": 0.31215469613259667, "%idle": 91.4227777777778, "user+system(%)": 7.733701657458586}