{"I/O wait(%)": 0.2833333333333333, "Available Memory(Kb)": 1567491.3111111112, "user+system(%)": 8.088888888888889, "Idle(%)": 91.49444444444444}