{"%idle": 85.20955555555555, "user+system(%)": 7.870773480662978, "%iowait": 0.4715469613259671}