{"I/O wait(%)": 0.35, "Idle(%)": 85.2, "Available Memory(Kb)": 7729658.511111111, "user+system(%)": 14.433333333333334}