Device,kB_read/s,kB_wrtn/s
loop0,0.0,0.0
sda,2.6193548387096772,129.5225806451613
