{"Disk Write(KB/s)": 127.94383333333332, "Disk Read(KB/s)": 1.1136666666666668}