{"%idle": 6.809545454545453, "%iowait": 4.346306306306305, "user+system(%)": 86.3708108108108}