{"Available Memory(Kb)": 930690.0, "I/O wait(%)": 4.454545454545454, "user+system(%)": 88.97272727272727, "Idle(%)": 6.845454545454546}