Device,kB_read/s,kB_wrtn/s
loop0,0.0,0.0
sda,1009.1254237288135,7871.403389830509
