{"Disk Write(KB/s)": 5978.269833333335, "Disk Read(KB/s)": 927.7068333333328}