{"%idle": 19.841272727272727, "user+system(%)": 20.40009009009009, "%iowait": 5.558018018018019, "%guest": 53.11, "%sys": 6.296126126126125}