{"user+system(%)": 74.31818181818181, "Idle(%)": 19.87272727272727, "I/O wait(%)": 5.681818181818182, "sys(%)": 6.2727272727272725, "Available Memory(Kb)": 289145.85454545455}