{"Disk Write(KB/s)": 52.588166666666666, "Disk Read(KB/s)": 1.5616666666666668}