{"%guest": 0.0, "%iowait": 0.08063063063063057, "user+system(%)": 1.1440540540540545, "%sys": 0.42216216216216224, "%idle": 98.33145454545458}