{"I/O wait(%)": 0.01818181818181818, "Available Memory(Kb)": 4000203.2, "Idle(%)": 98.32727272727273, "sys(%)": 0.4636363636363636, "user+system(%)": 1.5636363636363637}