{"Disk Write(KB/s)": 799.5621666666672, "Disk Read(KB/s)": 0.062000000000000006}