{"user+system(%)": 63.00828828828829, "%iowait": 1.729819819819819, "%idle": 33.53945454545455}