{"I/O wait(%)": 1.6818181818181819, "Available Memory(Kb)": 8478948.10909091, "user+system(%)": 64.0909090909091, "Idle(%)": 34.2}