Device,kB_read/s,kB_wrtn/s
loop0,0.0,0.0
sda,14.973134328358208,234.62686567164178
