{"Disk Read(KB/s)": 15.578500000000009, "Disk Write(KB/s)": 219.58713333333333}