{"%idle": 68.18790909090909, "%iowait": 1.7881981981981983, "user+system(%)": 28.358558558558556}