{"user+system(%)": 29.836363636363636, "Idle(%)": 68.41818181818182, "I/O wait(%)": 1.7636363636363637, "Available Memory(Kb)": 444861.12727272726}