{"%iowait": 0.44873873873873893, "%idle": 80.02236363636362, "user+system(%)": 19.059099099099104, "%guest": 0.0, "%sys": 1.6751351351351347}