{"Idle(%)": 80.44545454545455, "I/O wait(%)": 0.43636363636363634, "user+system(%)": 19.1, "sys(%)": 1.809090909090909, "Available Memory(Kb)": 7661996.254545455}