Device,kB_read/s,kB_wrtn/s
loop0,0.0,0.0
sda,0.037209302325581395,166.5720930232558
