{"Disk Read(KB/s)": 16.156866666666666, "Disk Write(KB/s)": 152.86395555555572}