{"%idle": 9.187, "%iowait": 0.9128828828828828, "user+system(%)": 87.68495495495493}