{"I/O wait(%)": 0.9181818181818182, "Idle(%)": 9.127272727272727, "user+system(%)": 89.83636363636364, "Available Memory(Kb)": 3364591.963636364}