Device,kB_read/s,kB_wrtn/s
loop0,0.0,0.0
sda,382.01290322580644,2331.4967741935484
