{"Disk Write(KB/s)": 2338.0415000000007, "Disk Read(KB/s)": 366.47900000000016}