{"%iowait": 6.54243243243243, "user+system(%)": 9.238018018018021, "%idle": 26.14581818181818}