{"I/O wait(%)": 6.6, "Available Memory(Kb)": 1027663.5272727272, "Idle(%)": 26.154545454545456, "user+system(%)": 67.14545454545454}