Device,kB_read/s,kB_wrtn/s
loop0,0.0,0.0
sda,19.18904109589041,398.1041095890411
