{"Disk Write(KB/s)": 408.2443666666667, "Disk Read(KB/s)": 20.04143333333332}