{"user+system(%)": 31.029005524861873, "%idle": 64.34966666666666, "%iowait": 1.916850828729282}