{"I/O wait(%)": 1.9388888888888889, "Idle(%)": 64.38333333333334, "user+system(%)": 33.66111111111111, "Available Memory(Kb)": 8926685.177777778}