Device,kB_read/s,kB_wrtn/s
loop0,0.0,0.0
sda,392.6779661016949,28.311864406779662
Device,kB_read/s,kB_wrtn/s
loop0,0.0,0.0
sda,392.6779661016949,28.311864406779662
