{"Disk Write(KB/s)": 27.710666666666675, "Disk Read(KB/s)": 363.35166666666674}