{"%guest": 0.0, "%iowait": 0.7592792792792794, "user+system(%)": 8.78378378378378, "%sys": 2.001441441441441, "%idle": 89.04363636363631}