{"Idle(%)": 89.00909090909092, "Available Memory(Kb)": 4077042.0, "sys(%)": 2.2545454545454544, "user+system(%)": 10.50909090909091, "I/O wait(%)": 0.8181818181818182}