Device,kB_read/s,kB_wrtn/s
loop0,0.0,0.0
sda,0.4721311475409836,809.5606557377049
