{"%iowait": 0.6588288288288289, "user+system(%)": 90.32207207207207, "%idle": 7.503181818181814}