{"Idle(%)": 7.827272727272727, "Available Memory(Kb)": 5201067.163636364, "user+system(%)": 91.46363636363637, "I/O wait(%)": 0.6272727272727273}