{"%idle": 3.9119090909090923, "%iowait": 1.3606306306306293, "user+system(%)": 1.6938738738738734}