Device,kB_read/s,kB_wrtn/s
loop0,0.0,0.0
sda,34.758974358974356,315.92820512820515
