{"Disk Write(KB/s)": 284.4426333333331, "Disk Read(KB/s)": 38.97806666666675}