{"%iowait": 1.404324324324326, "%idle": 73.00390909090908, "user+system(%)": 24.28450450450451}