{"I/O wait(%)": 1.3636363636363635, "Idle(%)": 73.17272727272727, "Available Memory(Kb)": 4962745.927272728, "user+system(%)": 25.463636363636365}