,,,IO%,IO%,IO%,SWAPIN%,SWAPIN%,SWAPIN%
,,,mean,min,max,mean,min,max
TID,USER,COMMAND,,,,,,
10139,panda,vim,0.0,0.0,0.0,0.0,0.0,0.0
1371,syslog,rsyslogd,0.0,0.0,0.0,0.0,0.0,0.0
1865,root,[nfsd],0.37,0.37,0.37,0.0,0.0,0.0
2668,postgres,postgres:,0.096,0.0,0.48,0.0,0.0,0.0
2670,postgres,postgres:,0.4714285714285714,0.01,1.27,0.0,0.0,0.0
2823,root,dockerd,0.0,0.0,0.0,0.0,0.0,0.0
2883,panda,-zsh,0.0,0.0,0.0,0.0,0.0,0.0
2908,root,dockerd,0.0,0.0,0.0,0.0,0.0,0.0
3423,root,dockerd,1.22,1.22,1.22,0.0,0.0,0.0
3476,root,dockerd,0.0,0.0,0.0,0.0,0.0,0.0
471,root,[jbd2/sda1-8],1.0250000000000001,0.37,3.67,0.0,0.0,0.0
5720,999,mongod,0.7224999999999999,0.49,0.82,0.0,0.0,0.0
5721,999,mongod,0.982,0.79,1.29,0.0,0.0,0.0
5726,999,mongod,0.0003333333333333333,0.0,0.01,0.0,0.0,0.0
6195,libvirt-,qemu-system-x86_64,1.2313559322033898,0.29,4.77,0.0,0.0,0.0
6303,libvirt-,qemu-system-x86_64,0.0,0.0,0.0,0.0,0.0,0.0
6307,libvirt-,qemu-system-x86_64,0.0,0.0,0.0,0.0,0.0,0.0
6499,root,[kworker/u272:1],0.115,0.03,0.2,0.0,0.0,0.0
6889,libvirt-,qemu-system-x86_64,0.8825423728813556,0.26,3.18,0.0,0.0,0.0
