{"%idle": 88.76263636363639, "%iowait": 0.18702702702702698, "user+system(%)": 2.515225225225224, "%guest": 8.240180180180175, "%sys": 1.55108108108108}