{"user+system(%)": 11.081818181818182, "Idle(%)": 88.75454545454545, "sys(%)": 1.6090909090909091, "Available Memory(Kb)": 363015.2, "I/O wait(%)": 0.09090909090909091}