{"user+system(%)": 38.780270270270265, "%idle": 4.305181818181817, "%iowait": 55.848108108108114}