{"user+system(%)": 39.85454545454545, "Available Memory(Kb)": 624407.9636363636, "I/O wait(%)": 55.74545454545454, "Idle(%)": 4.381818181818182}