Device,kB_read/s,kB_wrtn/s
loop0,0.0,0.0
sda,8.318232044198895,69.82099447513812
