{"Disk Write(KB/s)": 78.24213333333334, "Disk Read(KB/s)": 7.8580444444444435}