{"%idle": 92.00094444444443, "user+system(%)": 4.328674033149172, "%iowait": 0.49149171270718145}