{"I/O wait(%)": 0.4888888888888889, "user+system(%)": 7.572222222222222, "Available Memory(Kb)": 9505532.08888889, "Idle(%)": 91.94444444444444}