Device,kB_read/s,kB_wrtn/s
loop0,0.0,0.0
sda,1.1428571428571428,558.4571428571429
