{"%iowait": 2.1149549549549533, "user+system(%)": 64.21522522522521, "%idle": 30.473545454545455}