{"Available Memory(Kb)": 3444229.1272727274, "Idle(%)": 30.445454545454545, "I/O wait(%)": 2.1, "user+system(%)": 67.49090909090908}