{
  "Login_user1" : {
    "transaction" : "Login_user1",
    "sampleCount" : 1,
    "errorCount" : 0,
    "errorPct" : 0.0,
    "meanResTime" : 116.0,
    "medianResTime" : 116.0,
    "minResTime" : 116.0,
    "maxResTime" : 116.0,
    "pct1ResTime" : 116.0,
    "pct2ResTime" : 116.0,
    "pct3ResTime" : 116.0,
    "throughput" : 8.620689655172413,
    "receivedKBytesPerSec" : 14.74104256465517,
    "sentKBytesPerSec" : 5.068022629310344
  },
  "Upload_2_user1-0" : {
    "transaction" : "Upload_2_user1-0",
    "sampleCount" : 2,
    "errorCount" : 0,
    "errorPct" : 0.0,
    "meanResTime" : 327.5,
    "medianResTime" : 327.5,
    "minResTime" : 279.0,
    "maxResTime" : 376.0,
    "pct1ResTime" : 376.0,
    "pct2ResTime" : 376.0,
    "pct3ResTime" : 376.0,
    "throughput" : 0.015451413031721751,
    "receivedKBytesPerSec" : 0.003530889306077041,
    "sentKBytesPerSec" : 0.016115340935428546
  },
  "Upload_2_user1-1" : {
    "transaction" : "Upload_2_user1-1",
    "sampleCount" : 2,
    "errorCount" : 0,
    "errorPct" : 0.0,
    "meanResTime" : 273.5,
    "medianResTime" : 273.5,
    "minResTime" : 264.0,
    "maxResTime" : 283.0,
    "pct1ResTime" : 283.0,
    "pct2ResTime" : 283.0,
    "pct3ResTime" : 283.0,
    "throughput" : 0.015464913976416007,
    "receivedKBytesPerSec" : 0.6580290692054901,
    "sentKBytesPerSec" : 0.0035792818480572205
  },
  "GetSubmissionId_2_user1" : {
    "transaction" : "GetSubmissionId_2_user1",
    "sampleCount" : 2,
    "errorCount" : 0,
    "errorPct" : 0.0,
    "meanResTime" : 245.0,
    "medianResTime" : 245.0,
    "minResTime" : 221.0,
    "maxResTime" : 269.0,
    "pct1ResTime" : 269.0,
    "pct2ResTime" : 269.0,
    "pct3ResTime" : 269.0,
    "throughput" : 0.015472092213669592,
    "receivedKBytesPerSec" : 0.6583345017986308,
    "sentKBytesPerSec" : 0.003580943217421576
  },
  "AssignmentsList_6_user1" : {
    "transaction" : "AssignmentsList_6_user1",
    "sampleCount" : 1,
    "errorCount" : 0,
    "errorPct" : 0.0,
    "meanResTime" : 36.0,
    "medianResTime" : 36.0,
    "minResTime" : 36.0,
    "maxResTime" : 36.0,
    "pct1ResTime" : 36.0,
    "pct2ResTime" : 36.0,
    "pct3ResTime" : 36.0,
    "throughput" : 27.777777777777775,
    "receivedKBytesPerSec" : 10.769314236111112,
    "sentKBytesPerSec" : 8.978949652777779
  },
  "RunPractice_2_91695_user1 1628233141473" : {
    "transaction" : "RunPractice_2_91695_user1 1628233141473",
    "sampleCount" : 1,
    "errorCount" : 0,
    "errorPct" : 0.0,
    "meanResTime" : 2092.0,
    "medianResTime" : 2092.0,
    "minResTime" : 2092.0,
    "maxResTime" : 2092.0,
    "pct1ResTime" : 2092.0,
    "pct2ResTime" : 2092.0,
    "pct3ResTime" : 2092.0,
    "throughput" : 0.4780114722753346,
    "receivedKBytesPerSec" : 13.540235121892925,
    "sentKBytesPerSec" : 0.11156713073613767
  },
  "Course Page_6_user1" : {
    "transaction" : "Course Page_6_user1",
    "sampleCount" : 1,
    "errorCount" : 0,
    "errorPct" : 0.0,
    "meanResTime" : 93.0,
    "medianResTime" : 93.0,
    "minResTime" : 93.0,
    "maxResTime" : 93.0,
    "pct1ResTime" : 93.0,
    "pct2ResTime" : 93.0,
    "pct3ResTime" : 93.0,
    "throughput" : 10.752688172043012,
    "receivedKBytesPerSec" : 348.10777889784947,
    "sentKBytesPerSec" : 3.1186995967741935
  },
  "Upload_2_user1" : {
    "transaction" : "Upload_2_user1",
    "sampleCount" : 2,
    "errorCount" : 0,
    "errorPct" : 0.0,
    "meanResTime" : 601.5,
    "medianResTime" : 601.5,
    "minResTime" : 543.0,
    "maxResTime" : 660.0,
    "pct1ResTime" : 660.0,
    "pct2ResTime" : 660.0,
    "pct3ResTime" : 660.0,
    "throughput" : 0.015419962683690305,
    "receivedKBytesPerSec" : 0.659640102889701,
    "sentKBytesPerSec" : 0.019651417287320165
  },
  "Get CSRF Token" : {
    "transaction" : "Get CSRF Token",
    "sampleCount" : 1,
    "errorCount" : 0,
    "errorPct" : 0.0,
    "meanResTime" : 104.0,
    "medianResTime" : 104.0,
    "minResTime" : 104.0,
    "maxResTime" : 104.0,
    "pct1ResTime" : 104.0,
    "pct2ResTime" : 104.0,
    "pct3ResTime" : 104.0,
    "throughput" : 9.615384615384617,
    "receivedKBytesPerSec" : 256.96739783653845,
    "sentKBytesPerSec" : 1.2676532451923077
  },
  "Login_user1-0" : {
    "transaction" : "Login_user1-0",
    "sampleCount" : 1,
    "errorCount" : 0,
    "errorPct" : 0.0,
    "meanResTime" : 88.0,
    "medianResTime" : 88.0,
    "minResTime" : 88.0,
    "maxResTime" : 88.0,
    "pct1ResTime" : 88.0,
    "pct2ResTime" : 88.0,
    "pct3ResTime" : 88.0,
    "throughput" : 11.363636363636363,
    "receivedKBytesPerSec" : 5.504261363636364,
    "sentKBytesPerSec" : 3.9284446022727275
  },
  "StudentCourses_user1" : {
    "transaction" : "StudentCourses_user1",
    "sampleCount" : 1,
    "errorCount" : 0,
    "errorPct" : 0.0,
    "meanResTime" : 34.0,
    "medianResTime" : 34.0,
    "minResTime" : 34.0,
    "maxResTime" : 34.0,
    "pct1ResTime" : 34.0,
    "pct2ResTime" : 34.0,
    "pct3ResTime" : 34.0,
    "throughput" : 29.41176470588235,
    "receivedKBytesPerSec" : 36.506204044117645,
    "sentKBytesPerSec" : 7.123161764705882
  },
  "Login_user1-1" : {
    "transaction" : "Login_user1-1",
    "sampleCount" : 1,
    "errorCount" : 0,
    "errorPct" : 0.0,
    "meanResTime" : 25.0,
    "medianResTime" : 25.0,
    "minResTime" : 25.0,
    "maxResTime" : 25.0,
    "pct1ResTime" : 25.0,
    "pct2ResTime" : 25.0,
    "pct3ResTime" : 25.0,
    "throughput" : 40.0,
    "receivedKBytesPerSec" : 49.0234375,
    "sentKBytesPerSec" : 9.6875
  },
  "RunPractice_2_91694_user1 1628233012477" : {
    "transaction" : "RunPractice_2_91694_user1 1628233012477",
    "sampleCount" : 1,
    "errorCount" : 0,
    "errorPct" : 0.0,
    "meanResTime" : 2175.0,
    "medianResTime" : 2175.0,
    "minResTime" : 2175.0,
    "maxResTime" : 2175.0,
    "pct1ResTime" : 2175.0,
    "pct2ResTime" : 2175.0,
    "pct3ResTime" : 2175.0,
    "throughput" : 0.45977011494252873,
    "receivedKBytesPerSec" : 13.027119252873565,
    "sentKBytesPerSec" : 0.10730962643678162
  },
  "TestcasesResults_2_91695_user1" : {
    "transaction" : "TestcasesResults_2_91695_user1",
    "sampleCount" : 1,
    "errorCount" : 0,
    "errorPct" : 0.0,
    "meanResTime" : 5334.0,
    "medianResTime" : 5334.0,
    "minResTime" : 5334.0,
    "maxResTime" : 5334.0,
    "pct1ResTime" : 5334.0,
    "pct2ResTime" : 5334.0,
    "pct3ResTime" : 5334.0,
    "throughput" : 0.18747656542932134,
    "receivedKBytesPerSec" : 7.490274653168354,
    "sentKBytesPerSec" : 0.04522139810648669
  },
  "Total" : {
    "transaction" : "Total",
    "sampleCount" : 20,
    "errorCount" : 0,
    "errorPct" : 0.0,
    "meanResTime" : 977.9000000000001,
    "medianResTime" : 266.5,
    "minResTime" : 20.0,
    "maxResTime" : 6546.0,
    "pct1ResTime" : 5018.100000000007,
    "pct2ResTime" : 6485.4,
    "pct3ResTime" : 6546.0,
    "throughput" : 0.0736927821604513,
    "receivedKBytesPerSec" : 1.6836066030575136,
    "sentKBytesPerSec" : 0.031956328045262106
  },
  "Get solutions folder" : {
    "transaction" : "Get solutions folder",
    "sampleCount" : 1,
    "errorCount" : 0,
    "errorPct" : 0.0,
    "meanResTime" : 20.0,
    "medianResTime" : 20.0,
    "minResTime" : 20.0,
    "maxResTime" : 20.0,
    "pct1ResTime" : 20.0,
    "pct2ResTime" : 20.0,
    "pct3ResTime" : 20.0,
    "throughput" : 50.0,
    "receivedKBytesPerSec" : 0.0,
    "sentKBytesPerSec" : 0.0
  },
  "TestcasesResults_2_91694_user1" : {
    "transaction" : "TestcasesResults_2_91694_user1",
    "sampleCount" : 1,
    "errorCount" : 0,
    "errorPct" : 0.0,
    "meanResTime" : 6546.0,
    "medianResTime" : 6546.0,
    "minResTime" : 6546.0,
    "maxResTime" : 6546.0,
    "pct1ResTime" : 6546.0,
    "pct2ResTime" : 6546.0,
    "pct3ResTime" : 6546.0,
    "throughput" : 0.15276504735716467,
    "receivedKBytesPerSec" : 6.10329184807516,
    "sentKBytesPerSec" : 0.03684860029025359
  }
}