Device,kB_read/s,kB_wrtn/s
loop0,0.0,0.0
sda,618.5180327868852,1024.4983606557378
