{"%idle": 0.0, "%sys": 6.361981981981983, "user+system(%)": 97.29180180180181, "%iowait": 0.0, "%guest": 0.0}