{"user+system(%)": 100.23636363636363, "Idle(%)": 0.0, "sys(%)": 7.2, "Available Memory(Kb)": 7587055.636363637, "I/O wait(%)": 0.0}