{"Disk Write(KB/s)": 233.2085555555558, "Disk Read(KB/s)": 0.3615222222222223}