{"%idle": 88.9386666666667, "user+system(%)": 8.474088397790053, "%iowait": 0.9188950276243093}