{"I/O wait(%)": 0.8944444444444445, "user+system(%)": 10.122222222222222, "Idle(%)": 88.95, "Available Memory(Kb)": 7692718.444444444}