{"%iowait": 0.0024324324324324327, "%guest": 0.0, "%sys": 3.7252252252252256, "user+system(%)": 98.39981981981981, "%idle": 0.00845454545454546}