{"Idle(%)": 0.0, "sys(%)": 4.245454545454545, "I/O wait(%)": 0.0, "user+system(%)": 100.02727272727273, "Available Memory(Kb)": 6660117.163636364}