Device,kB_read/s,kB_wrtn/s
loop0,0.0,0.0
sda,53.141176470588235,257.32941176470587
