{"Disk Read(KB/s)": 55.38480000000002, "Disk Write(KB/s)": 237.27863333333337}