{"%iowait": 1.6938738738738748, "%idle": 75.84881818181816, "user+system(%)": 21.185855855855852}