{"I/O wait(%)": 1.6818181818181819, "Idle(%)": 76.44545454545455, "user+system(%)": 22.0, "Available Memory(Kb)": 5871981.163636364}