Device,kB_read/s,kB_wrtn/s
loop0,0.0,0.0
sda,0.3912087912087912,380.989010989011
