{"Disk Write(KB/s)": 353.30679999999984, "Disk Read(KB/s)": 0.3753333333333334}