{"I/O wait(%)": 1.488888888888889, "user+system(%)": 14.533333333333333, "Idle(%)": 84.05, "Available Memory(Kb)": 8430115.622222222}