{"Disk Write(KB/s)": 1079.6359999999997, "Disk Read(KB/s)": 149.37383333333335}