{"Available Memory(Kb)": 4572172.4363636365, "Idle(%)": 67.16363636363636, "sys(%)": 2.8363636363636364, "I/O wait(%)": 10.0, "user+system(%)": 22.927272727272726}