Device,kB_read/s,kB_wrtn/s
loop0,0.0,0.0
sda,80.05045045045046,409.41261261261263
