{"Disk Write(KB/s)": 397.4037888888886, "Disk Read(KB/s)": 91.48652222222228}