{"%idle": 83.34199999999998, "%iowait": 1.5687292817679561, "user+system(%)": 14.446961325966853}