{"user+system(%)": 15.05, "I/O wait(%)": 1.5, "Available Memory(Kb)": 10348283.888888888, "Idle(%)": 83.37222222222222}