{"Disk Read(KB/s)": 444.1699333333336, "Disk Write(KB/s)": 59.509666666666675}