{"Idle(%)": 89.06363636363636, "I/O wait(%)": 0.6909090909090909, "user+system(%)": 10.436363636363636, "Available Memory(Kb)": 10667205.090909092}