{"%idle": 23.506888888888884, "%iowait": 2.1969613259668512, "user+system(%)": 62.75425414364641}