Device,kB_read/s,kB_wrtn/s
loop0,0.0,0.0
sda,28.010666666666665,349.3333333333333
