{"Disk Write(KB/s)": 342.52939999999984, "Disk Read(KB/s)": 32.914333333333346}