{"%iowait": 0.465364238410596, "%idle": 81.08219999999997, "user+system(%)": 17.778344370860935}