Device,kB_read/s,kB_wrtn/s
loop0,0.0,0.0
sda,82.64918032786885,551.239344262295
