{"user+system(%)": 11.04153153153153, "%iowait": 2.0493693693693684, "%sys": 4.3647747747747765, "%idle": 50.03600000000001, "%guest": 36.19567567567569}