{"%iowait": 0.9054954954954955, "%sys": 9.709909909909907, "%idle": 1.546636363636364, "%guest": 0.0, "user+system(%)": 94.53414414414415}