{
  "AssignmentsList" : {
    "transaction" : "AssignmentsList",
    "sampleCount" : 180,
    "errorCount" : 2,
    "errorPct" : 1.1111112,
    "meanResTime" : 35.93888888888886,
    "medianResTime" : 34.0,
    "minResTime" : 0.0,
    "maxResTime" : 107.0,
    "pct1ResTime" : 47.0,
    "pct2ResTime" : 57.94999999999999,
    "pct3ResTime" : 89.17999999999995,
    "throughput" : 27.426481791863477,
    "receivedKBytesPerSec" : 10.766739200822794,
    "sentKBytesPerSec" : 8.766891570166083
  },
  "Get CSRF Token" : {
    "transaction" : "Get CSRF Token",
    "sampleCount" : 180,
    "errorCount" : 0,
    "errorPct" : 0.0,
    "meanResTime" : 3369.5722222222234,
    "medianResTime" : 3642.5,
    "minResTime" : 28.0,
    "maxResTime" : 7118.0,
    "pct1ResTime" : 6591.9,
    "pct2ResTime" : 6812.75,
    "pct3ResTime" : 7026.469999999999,
    "throughput" : 23.053278688524593,
    "receivedKBytesPerSec" : 616.1025000400231,
    "sentKBytesPerSec" : 3.03925060835041
  },
  "StudentCourses" : {
    "transaction" : "StudentCourses",
    "sampleCount" : 180,
    "errorCount" : 0,
    "errorPct" : 0.0,
    "meanResTime" : 74.54444444444448,
    "medianResTime" : 40.5,
    "minResTime" : 23.0,
    "maxResTime" : 403.0,
    "pct1ResTime" : 187.20000000000005,
    "pct2ResTime" : 241.95,
    "pct3ResTime" : 347.10999999999984,
    "throughput" : 26.56826568265683,
    "receivedKBytesPerSec" : 40.76481780442804,
    "sentKBytesPerSec" : 6.486969557195572
  },
  "GetSubmissionId" : {
    "transaction" : "GetSubmissionId",
    "sampleCount" : 1052,
    "errorCount" : 4,
    "errorPct" : 0.38022813,
    "meanResTime" : 2316.1530418250954,
    "medianResTime" : 1651.0,
    "minResTime" : 0.0,
    "maxResTime" : 30482.0,
    "pct1ResTime" : 4190.300000000001,
    "pct2ResTime" : 5091.549999999999,
    "pct3ResTime" : 12312.760000000108,
    "throughput" : 3.8730436895527225,
    "receivedKBytesPerSec" : 173.4685901092423,
    "sentKBytesPerSec" : 0.8929894503738666
  },
  "TestcasesResults" : {
    "transaction" : "TestcasesResults",
    "sampleCount" : 947,
    "errorCount" : 0,
    "errorPct" : 0.0,
    "meanResTime" : 24132.47096092925,
    "medianResTime" : 24899.0,
    "minResTime" : 7066.0,
    "maxResTime" : 49082.0,
    "pct1ResTime" : 27884.6,
    "pct2ResTime" : 28673.6,
    "pct3ResTime" : 31984.159999999996,
    "throughput" : 3.317801212206145,
    "receivedKBytesPerSec" : 96.17379644308586,
    "sentKBytesPerSec" : 0.8035299810811758
  },
  "Total" : {
    "transaction" : "Total",
    "sampleCount" : 5007,
    "errorCount" : 16,
    "errorPct" : 0.31955263,
    "meanResTime" : 7197.290792889952,
    "medianResTime" : 2850.0,
    "minResTime" : 0.0,
    "maxResTime" : 49082.0,
    "pct1ResTime" : 24994.2,
    "pct2ResTime" : 26540.6,
    "pct3ResTime" : 29385.6,
    "throughput" : 15.308649524566606,
    "receivedKBytesPerSec" : 499.0470760034167,
    "sentKBytesPerSec" : 7.583851149027732
  },
  "Upload" : {
    "transaction" : "Upload",
    "sampleCount" : 1062,
    "errorCount" : 2,
    "errorPct" : 0.18832392,
    "meanResTime" : 5535.014124293781,
    "medianResTime" : 3133.0,
    "minResTime" : 0.0,
    "maxResTime" : 31336.0,
    "pct1ResTime" : 13389.000000000005,
    "pct2ResTime" : 23953.249999999996,
    "pct3ResTime" : 30288.359999999975,
    "throughput" : 3.8637430283450303,
    "receivedKBytesPerSec" : 174.2349896243765,
    "sentKBytesPerSec" : 5.392292165778952
  },
  "Course Page" : {
    "transaction" : "Course Page",
    "sampleCount" : 180,
    "errorCount" : 2,
    "errorPct" : 1.1111112,
    "meanResTime" : 108.19999999999997,
    "medianResTime" : 70.0,
    "minResTime" : 0.0,
    "maxResTime" : 1139.0,
    "pct1ResTime" : 191.60000000000002,
    "pct2ResTime" : 277.84999999999974,
    "pct3ResTime" : 998.0599999999996,
    "throughput" : 26.82163611980331,
    "receivedKBytesPerSec" : 859.3181029745939,
    "sentKBytesPerSec" : 7.692885281627179
  },
  "Login" : {
    "transaction" : "Login",
    "sampleCount" : 180,
    "errorCount" : 2,
    "errorPct" : 1.1111112,
    "meanResTime" : 543.5,
    "medianResTime" : 251.0,
    "minResTime" : 23.0,
    "maxResTime" : 2599.0,
    "pct1ResTime" : 1841.0000000000002,
    "pct2ResTime" : 2146.8999999999996,
    "pct3ResTime" : 2535.8199999999997,
    "throughput" : 22.65861027190332,
    "receivedKBytesPerSec" : 38.91129508119335,
    "sentKBytesPerSec" : 13.260302586858007
  },
  "RunPractice" : {
    "transaction" : "RunPractice",
    "sampleCount" : 1046,
    "errorCount" : 4,
    "errorPct" : 0.3824092,
    "meanResTime" : 3943.4904397705545,
    "medianResTime" : 3097.5,
    "minResTime" : 0.0,
    "maxResTime" : 32381.0,
    "pct1ResTime" : 6849.400000000001,
    "pct2ResTime" : 8259.949999999999,
    "pct3ResTime" : 12582.859999999995,
    "throughput" : 3.8367017569599824,
    "receivedKBytesPerSec" : 108.31753429556542,
    "sentKBytesPerSec" : 0.895788247808385
  }
}