Device,kB_read/s,kB_wrtn/s
loop0,0.0,0.0
sda,64.52881355932203,237.78983050847458
