{"%idle": 85.16236363636364, "user+system(%)": 13.982972972972979, "%iowait": 0.4551351351351352}