{"Idle(%)": 85.2, "user+system(%)": 14.281818181818181, "Available Memory(Kb)": 6612536.909090909, "I/O wait(%)": 0.4636363636363636}