Device,kB_read/s,kB_wrtn/s
loop0,0.0,0.0
sda,6.742857142857143,894.6412698412698
