{"Disk Write(KB/s)": 877.6166666666666, "Disk Read(KB/s)": 6.841666666666667}