{"%iowait": 0.17135135135135132, "user+system(%)": 97.20621621621618, "%idle": 0.737818181818182}