{"Available Memory(Kb)": 2780911.2363636363, "I/O wait(%)": 0.14545454545454545, "Idle(%)": 0.6818181818181818, "user+system(%)": 99.10909090909091}