Device,kB_read/s,kB_wrtn/s
loop0,0.0,0.0
sda,2.4695652173913043,81.75900621118012
