{"user+system(%)": 4.188888888888889, "I/O wait(%)": 0.18333333333333332, "Idle(%)": 95.63888888888889, "Available Memory(Kb)": 8041771.955555555}