Device,kB_read/s,kB_wrtn/s
loop0,0.0,0.0
sda,1322.0983606557377,134.8065573770492
