{"%idle": 46.92463636363638, "%iowait": 42.319009009009015, "user+system(%)": 1.010990990990991}