{"Idle(%)": 46.68181818181818, "user+system(%)": 10.172727272727272, "I/O wait(%)": 43.0, "Available Memory(Kb)": 6785626.8}