{"%iowait": 0.0832432432432432, "user+system(%)": 1.0372072072072074, "%idle": 98.57690909090907}