{"%iowait": 1.5552252252252243, "user+system(%)": 90.5915315315315, "%idle": 3.757636363636361}