Device,kB_read/s,kB_wrtn/s
loop0,0.0,0.0
sda,0.5642105263157895,330.2063157894737
