{"Disk Read(KB/s)": 0.6677000000000001, "Disk Write(KB/s)": 278.0789000000001}