{"%iowait": 0.52, "%idle": 86.16633333333333, "user+system(%)": 12.705695364238414}