{"I/O wait(%)": 0.4066666666666667, "Idle(%)": 86.15333333333334, "user+system(%)": 13.22, "Available Memory(Kb)": 1485556.16}