{"Disk Write(KB/s)": 425.81258888888846, "Disk Read(KB/s)": 31.316188888888885}