Device,kB_read/s,kB_wrtn/s
loop0,0.0,0.0
sda,515.5028248587571,207.62033898305086
