{"user+system(%)": 43.15555555555556, "Idle(%)": 54.80555555555556, "Available Memory(Kb)": 7322421.088888889, "I/O wait(%)": 2.033333333333333}