{"Disk Write(KB/s)": 258.92235555555567, "Disk Read(KB/s)": 0.5411555555555555}