{"%idle": 51.91383333333334, "user+system(%)": 37.867016574585634, "%iowait": 3.5055801104972386}