{"user+system(%)": 44.58888888888889, "Available Memory(Kb)": 7281643.777777778, "I/O wait(%)": 3.4444444444444446, "Idle(%)": 51.977777777777774}