{"Disk Write(KB/s)": 112.27876666666668, "Disk Read(KB/s)": 21.654799999999998}