{"%iowait": 0.7549723756906079, "%idle": 76.1416111111111, "user+system(%)": 20.853425414364644}