{"Available Memory(Kb)": 7363993.222222222, "I/O wait(%)": 0.7777777777777778, "user+system(%)": 23.044444444444444, "Idle(%)": 76.25555555555556}