Device,kB_read/s,kB_wrtn/s
loop0,0.0,0.0
sda,1.140983606557377,67.14754098360656
