{"Disk Write(KB/s)": 62.06716666666667, "Disk Read(KB/s)": 1.1373333333333335}