{"%idle": 81.45318181818183, "user+system(%)": 18.026306306306314, "%guest": 0.0, "%sys": 1.6101801801801796, "%iowait": 0.0263063063063063}