{"Idle(%)": 81.69090909090909, "sys(%)": 1.790909090909091, "Available Memory(Kb)": 2929413.8181818184, "user+system(%)": 18.2, "I/O wait(%)": 0.00909090909090909}