Device,kB_read/s,kB_wrtn/s
loop0,0.0,0.0
sda,26.65193370165746,189.21546961325967
