{"Disk Read(KB/s)": 16.691422222222226, "Disk Write(KB/s)": 136.6546222222221}