{"Disk Read(KB/s)": 0.01661904761904762, "Disk Write(KB/s)": 36.96442857142858}