{"%iowait": 0.8654054054054054, "%idle": 7.272272727272727, "user+system(%)": 89.54171171171168}