{"user+system(%)": 18.509090909090908, "Available Memory(Kb)": 5835567.054545455, "Idle(%)": 80.38181818181818, "I/O wait(%)": 0.990909090909091}