Device,kB_read/s,kB_wrtn/s
loop0,0.0,0.0
sda,48.28387096774193,56.0258064516129
