,,,IO%,IO%,IO%,SWAPIN%,SWAPIN%,SWAPIN%
,,,mean,min,max,mean,min,max
TID,USER,COMMAND,,,,,,
13855,999,mongod,0.5299999999999999,0.42,0.59,0.0,0.0,0.0
13856,999,mongod,0.866,0.38,1.3,0.0,0.0,0.0
13861,999,mongod,0.013333333333333334,0.0,0.39,0.0,0.0,0.0
14232,root,python2,0.23,0.0,0.46,0.125,0.0,0.25
14338,libvirt-,qemu-system-x86_64,0.0,0.0,0.0,0.5249999999999999,0.0,2.07
14340,libvirt-,qemu-system-x86_64,0.0,0.0,0.0,0.19666666666666666,0.0,0.97
14341,libvirt-,qemu-system-x86_64,0.0,0.0,0.0,0.28875000000000006,0.0,1.11
14342,libvirt-,qemu-system-x86_64,0.0,0.0,0.0,0.46666666666666656,0.0,1.59
14343,libvirt-,qemu-system-x86_64,0.0,0.0,0.0,0.36000000000000004,0.01,0.99
14344,libvirt-,qemu-system-x86_64,0.0,0.0,0.0,0.6271428571428572,0.0,2.72
14345,libvirt-,qemu-system-x86_64,0.0,0.0,0.0,0.17333333333333334,0.0,0.51
14346,libvirt-,qemu-system-x86_64,0.0,0.0,0.0,0.8116666666666666,0.0,3.44
1474,syslog,rsyslogd,0.0,0.0,0.0,0.0,0.0,0.0
16588,libvirt-,qemu-system-x86_64,0.0,0.0,0.0,0.0,0.0,0.0
16590,libvirt-,qemu-system-x86_64,0.0,0.0,0.0,0.0,0.0,0.0
16591,libvirt-,qemu-system-x86_64,0.0,0.0,0.0,0.0,0.0,0.0
16592,libvirt-,qemu-system-x86_64,0.0,0.0,0.0,0.0,0.0,0.0
16593,libvirt-,qemu-system-x86_64,0.0,0.0,0.0,0.0,0.0,0.0
16594,libvirt-,qemu-system-x86_64,0.0,0.0,0.0,0.0,0.0,0.0
16596,libvirt-,qemu-system-x86_64,0.0,0.0,0.0,0.0,0.0,0.0
17527,root,[kworker/u272:2],0.0,0.0,0.0,0.0,0.0,0.0
18625,libvirt-,qemu-system-x86_64,0.8157627118644066,0.25,2.57,0.0,0.0,0.0
18652,libvirt-,qemu-system-x86_64,0.8900000000000001,0.27,5.89,0.0,0.0,0.0
1909,root,[nfsd],0.4,0.4,0.4,0.0,0.0,0.0
2577,ntp,ntpd,0.0,0.0,0.0,0.0,0.0,0.0
2587,postgres,postgres:,0.152,0.0,0.75,0.0,0.0,0.0
2589,postgres,postgres:,0.31666666666666665,0.17,0.54,0.0,0.0,0.0
2695,root,dockerd,0.0,0.0,0.0,0.0,0.0,0.0
2722,root,dockerd,0.0,0.0,0.0,0.0,0.0,0.0
3340,root,dockerd,0.0,0.0,0.0,0.0,0.0,0.0
3350,root,dockerd,0.0,0.0,0.0,0.0,0.0,0.0
3357,root,dockerd,0.0,0.0,0.0,0.0,0.0,0.0
3372,root,dockerd,0.0,0.0,0.0,0.0,0.0,0.0
3393,root,dockerd,0.0,0.0,0.0,0.0,0.0,0.0
472,root,[jbd2/sda1-8],1.2437500000000004,0.42,4.73,0.0,0.0,0.0
