{"user+system(%)": 9.945454545454545, "Idle(%)": 89.98181818181818, "Available Memory(Kb)": 2153915.5272727273, "sys(%)": 1.3454545454545455, "I/O wait(%)": 0.05454545454545454}