Device,kB_read/s,kB_wrtn/s
loop0,0.0,0.0
sda,5.457988165680473,98.94437869822485
