{"Disk Write(KB/s)": 106.49564444444441, "Disk Read(KB/s)": 4.441866666666667}