{"%idle": 97.72805555555551, "%iowait": 0.15314917127071848, "user+system(%)": 1.3118784530386738}