{"Idle(%)": 97.76666666666667, "I/O wait(%)": 0.13333333333333333, "Available Memory(Kb)": 9289457.91111111, "user+system(%)": 2.0555555555555554}