{
  "AssignmentsList" : {
    "transaction" : "AssignmentsList",
    "sampleCount" : 80,
    "errorCount" : 0,
    "errorPct" : 0.0,
    "meanResTime" : 69.7125,
    "medianResTime" : 40.0,
    "minResTime" : 24.0,
    "maxResTime" : 200.0,
    "pct1ResTime" : 189.50000000000003,
    "pct2ResTime" : 196.0,
    "pct3ResTime" : 200.0,
    "throughput" : 43.956043956043956,
    "receivedKBytesPerSec" : 16.864483173076923,
    "sentKBytesPerSec" : 14.29429945054945
  },
  "Get CSRF Token" : {
    "transaction" : "Get CSRF Token",
    "sampleCount" : 80,
    "errorCount" : 0,
    "errorPct" : 0.0,
    "meanResTime" : 199.53750000000002,
    "medianResTime" : 41.5,
    "minResTime" : 25.0,
    "maxResTime" : 2281.0,
    "pct1ResTime" : 515.8000000000025,
    "pct2ResTime" : 2156.9500000000007,
    "pct3ResTime" : 2281.0,
    "throughput" : 33.74103753690426,
    "receivedKBytesPerSec" : 901.7016323544917,
    "sentKBytesPerSec" : 4.51418177983973
  },
  "StudentCourses" : {
    "transaction" : "StudentCourses",
    "sampleCount" : 80,
    "errorCount" : 0,
    "errorPct" : 0.0,
    "meanResTime" : 31.099999999999994,
    "medianResTime" : 29.0,
    "minResTime" : 21.0,
    "maxResTime" : 120.0,
    "pct1ResTime" : 39.0,
    "pct2ResTime" : 45.80000000000001,
    "pct3ResTime" : 120.0,
    "throughput" : 37.38317757009346,
    "receivedKBytesPerSec" : 46.254380841121495,
    "sentKBytesPerSec" : 9.126752336448597
  },
  "GetSubmissionId" : {
    "transaction" : "GetSubmissionId",
    "sampleCount" : 634,
    "errorCount" : 0,
    "errorPct" : 0.0,
    "meanResTime" : 1207.8611987381714,
    "medianResTime" : 944.0,
    "minResTime" : 201.0,
    "maxResTime" : 11780.0,
    "pct1ResTime" : 2133.5,
    "pct2ResTime" : 2621.25,
    "pct3ResTime" : 5882.799999999999,
    "throughput" : 2.3454812490982477,
    "receivedKBytesPerSec" : 103.50279236895456,
    "sentKBytesPerSec" : 0.5474316587250793
  },
  "TestcasesResults" : {
    "transaction" : "TestcasesResults",
    "sampleCount" : 596,
    "errorCount" : 0,
    "errorPct" : 0.0,
    "meanResTime" : 14855.906040268454,
    "medianResTime" : 15439.0,
    "minResTime" : 5244.0,
    "maxResTime" : 27149.0,
    "pct1ResTime" : 18159.100000000002,
    "pct2ResTime" : 18943.799999999996,
    "pct3ResTime" : 20571.57,
    "throughput" : 2.1809771948827543,
    "receivedKBytesPerSec" : 63.14313569104226,
    "sentKBytesPerSec" : 0.528205414385667
  },
  "Total" : {
    "transaction" : "Total",
    "sampleCount" : 2899,
    "errorCount" : 3,
    "errorPct" : 0.10348396,
    "meanResTime" : 4981.328044153143,
    "medianResTime" : 2171.0,
    "minResTime" : 21.0,
    "maxResTime" : 36514.0,
    "pct1ResTime" : 15833.0,
    "pct2ResTime" : 17123.0,
    "pct3ResTime" : 33176.0,
    "throughput" : 9.036332352501121,
    "receivedKBytesPerSec" : 300.1940388922311,
    "sentKBytesPerSec" : 4.517362561405915
  },
  "Upload" : {
    "transaction" : "Upload",
    "sampleCount" : 640,
    "errorCount" : 3,
    "errorPct" : 0.46875,
    "meanResTime" : 4161.648437500008,
    "medianResTime" : 1693.0,
    "minResTime" : 469.0,
    "maxResTime" : 36514.0,
    "pct1ResTime" : 7947.9,
    "pct2ResTime" : 33117.4,
    "pct3ResTime" : 34713.340000000004,
    "throughput" : 2.326985027305715,
    "receivedKBytesPerSec" : 102.78312678500659,
    "sentKBytesPerSec" : 3.208367533650385
  },
  "Course Page" : {
    "transaction" : "Course Page",
    "sampleCount" : 80,
    "errorCount" : 0,
    "errorPct" : 0.0,
    "meanResTime" : 235.73749999999995,
    "medianResTime" : 153.0,
    "minResTime" : 53.0,
    "maxResTime" : 803.0,
    "pct1ResTime" : 625.4000000000007,
    "pct2ResTime" : 748.25,
    "pct3ResTime" : 803.0,
    "throughput" : 36.73094582185491,
    "receivedKBytesPerSec" : 1188.9576697371442,
    "sentKBytesPerSec" : 10.7251492194674
  },
  "Login" : {
    "transaction" : "Login",
    "sampleCount" : 80,
    "errorCount" : 0,
    "errorPct" : 0.0,
    "meanResTime" : 117.98750000000003,
    "medianResTime" : 105.0,
    "minResTime" : 74.0,
    "maxResTime" : 243.0,
    "pct1ResTime" : 179.9,
    "pct2ResTime" : 212.55,
    "pct3ResTime" : 243.0,
    "throughput" : 34.45305770887167,
    "receivedKBytesPerSec" : 58.973103736003445,
    "sentKBytesPerSec" : 20.448932762704565
  },
  "RunPractice" : {
    "transaction" : "RunPractice",
    "sampleCount" : 629,
    "errorCount" : 0,
    "errorPct" : 0.0,
    "meanResTime" : 3346.875993640701,
    "medianResTime" : 2940.0,
    "minResTime" : 2079.0,
    "maxResTime" : 10840.0,
    "pct1ResTime" : 5096.0,
    "pct2ResTime" : 6388.0,
    "pct3ResTime" : 9265.200000000015,
    "throughput" : 2.3272162202160724,
    "receivedKBytesPerSec" : 65.89950554748779,
    "sentKBytesPerSec" : 0.545441301613142
  }
}