{"Disk Read(KB/s)": 32.998200000000026, "Disk Write(KB/s)": 462.0763666666665}