{"user+system(%)": 43.44684684684684, "%idle": 53.148272727272754, "%iowait": 2.0256756756756755}