{
  "AssignmentsList" : {
    "transaction" : "AssignmentsList",
    "sampleCount" : 180,
    "errorCount" : 0,
    "errorPct" : 0.0,
    "meanResTime" : 35.844444444444434,
    "medianResTime" : 32.0,
    "minResTime" : 24.0,
    "maxResTime" : 88.0,
    "pct1ResTime" : 54.900000000000006,
    "pct2ResTime" : 66.94999999999999,
    "pct3ResTime" : 86.38,
    "throughput" : 56.10972568578554,
    "receivedKBytesPerSec" : 21.485592658977556,
    "sentKBytesPerSec" : 18.137030470698253
  },
  "Get CSRF Token" : {
    "transaction" : "Get CSRF Token",
    "sampleCount" : 180,
    "errorCount" : 0,
    "errorPct" : 0.0,
    "meanResTime" : 199.41111111111113,
    "medianResTime" : 44.0,
    "minResTime" : 24.0,
    "maxResTime" : 2728.0,
    "pct1ResTime" : 206.10000000000005,
    "pct2ResTime" : 1016.2999999999985,
    "pct3ResTime" : 2716.66,
    "throughput" : 57.71080474511061,
    "receivedKBytesPerSec" : 1542.398279697018,
    "sentKBytesPerSec" : 7.608358047451105
  },
  "StudentCourses" : {
    "transaction" : "StudentCourses",
    "sampleCount" : 180,
    "errorCount" : 0,
    "errorPct" : 0.0,
    "meanResTime" : 43.3888888888889,
    "medianResTime" : 32.0,
    "minResTime" : 22.0,
    "maxResTime" : 259.0,
    "pct1ResTime" : 82.70000000000002,
    "pct2ResTime" : 94.0,
    "pct3ResTime" : 212.82999999999987,
    "throughput" : 56.90799873537781,
    "receivedKBytesPerSec" : 71.017675071135,
    "sentKBytesPerSec" : 13.782405943724314
  },
  "GetSubmissionId" : {
    "transaction" : "GetSubmissionId",
    "sampleCount" : 1009,
    "errorCount" : 4,
    "errorPct" : 0.3964321,
    "meanResTime" : 6182.728444003958,
    "medianResTime" : 5593.0,
    "minResTime" : 54.0,
    "maxResTime" : 23906.0,
    "pct1ResTime" : 11666.0,
    "pct2ResTime" : 13933.5,
    "pct3ResTime" : 18069.899999999998,
    "throughput" : 3.6437831786501027,
    "receivedKBytesPerSec" : 162.88018613899823,
    "sentKBytesPerSec" : 0.8399932796305658
  },
  "TestcasesResults" : {
    "transaction" : "TestcasesResults",
    "sampleCount" : 917,
    "errorCount" : 22,
    "errorPct" : 2.3991275,
    "meanResTime" : 17061.57906215922,
    "medianResTime" : 15596.0,
    "minResTime" : 5639.0,
    "maxResTime" : 42447.0,
    "pct1ResTime" : 26280.600000000002,
    "pct2ResTime" : 29617.7,
    "pct3ResTime" : 35874.37999999999,
    "throughput" : 3.2636123241404102,
    "receivedKBytesPerSec" : 92.49337746061066,
    "sentKBytesPerSec" : 0.7714432587008901
  },
  "Total" : {
    "transaction" : "Total",
    "sampleCount" : 4855,
    "errorCount" : 37,
    "errorPct" : 0.76210093,
    "meanResTime" : 8358.725025746684,
    "medianResTime" : 6913.0,
    "minResTime" : 0.0,
    "maxResTime" : 42447.0,
    "pct1ResTime" : 18233.4,
    "pct2ResTime" : 22860.59999999999,
    "pct3ResTime" : 31813.199999999968,
    "throughput" : 14.774127778707607,
    "receivedKBytesPerSec" : 478.4642820293124,
    "sentKBytesPerSec" : 7.4037591957914275
  },
  "Upload" : {
    "transaction" : "Upload",
    "sampleCount" : 1060,
    "errorCount" : 3,
    "errorPct" : 0.28301886,
    "meanResTime" : 10203.329245283012,
    "medianResTime" : 8806.5,
    "minResTime" : 63.0,
    "maxResTime" : 33973.0,
    "pct1ResTime" : 19453.9,
    "pct2ResTime" : 25531.649999999998,
    "pct3ResTime" : 33042.85000000001,
    "throughput" : 3.8131005183658346,
    "receivedKBytesPerSec" : 171.41260746266042,
    "sentKBytesPerSec" : 5.302276742514992
  },
  "Course Page" : {
    "transaction" : "Course Page",
    "sampleCount" : 180,
    "errorCount" : 1,
    "errorPct" : 0.5555556,
    "meanResTime" : 101.88888888888889,
    "medianResTime" : 71.0,
    "minResTime" : 4.0,
    "maxResTime" : 267.0,
    "pct1ResTime" : 208.8,
    "pct2ResTime" : 229.89999999999998,
    "pct3ResTime" : 262.14,
    "throughput" : 55.04587155963303,
    "receivedKBytesPerSec" : 1773.2472644304282,
    "sentKBytesPerSec" : 15.876756020642201
  },
  "Login" : {
    "transaction" : "Login",
    "sampleCount" : 180,
    "errorCount" : 0,
    "errorPct" : 0.0,
    "meanResTime" : 157.1,
    "medianResTime" : 104.5,
    "minResTime" : 69.0,
    "maxResTime" : 546.0,
    "pct1ResTime" : 294.0,
    "pct2ResTime" : 406.5499999999999,
    "pct3ResTime" : 504.6899999999999,
    "throughput" : 55.796652200867946,
    "receivedKBytesPerSec" : 95.62805137941723,
    "sentKBytesPerSec" : 33.02028440793553
  },
  "RunPractice" : {
    "transaction" : "RunPractice",
    "sampleCount" : 969,
    "errorCount" : 7,
    "errorPct" : 0.7223942,
    "meanResTime" : 8034.536635706922,
    "medianResTime" : 6643.0,
    "minResTime" : 0.0,
    "maxResTime" : 31453.0,
    "pct1ResTime" : 15429.0,
    "pct2ResTime" : 19265.5,
    "pct3ResTime" : 24937.299999999992,
    "throughput" : 3.657197205584302,
    "receivedKBytesPerSec" : 102.94782576158585,
    "sentKBytesPerSec" : 0.8518481300739366
  }
}