{
  "AssignmentsList" : {
    "transaction" : "AssignmentsList",
    "sampleCount" : 90,
    "errorCount" : 0,
    "errorPct" : 0.0,
    "meanResTime" : 90.46666666666665,
    "medianResTime" : 80.0,
    "minResTime" : 39.0,
    "maxResTime" : 217.0,
    "pct1ResTime" : 139.9,
    "pct2ResTime" : 174.95000000000005,
    "pct3ResTime" : 217.0,
    "throughput" : 48.283261802575105,
    "receivedKBytesPerSec" : 18.48867522800429,
    "sentKBytesPerSec" : 15.701490410407725
  },
  "Get CSRF Token" : {
    "transaction" : "Get CSRF Token",
    "sampleCount" : 90,
    "errorCount" : 0,
    "errorPct" : 0.0,
    "meanResTime" : 73.17777777777775,
    "medianResTime" : 51.0,
    "minResTime" : 31.0,
    "maxResTime" : 256.0,
    "pct1ResTime" : 183.20000000000005,
    "pct2ResTime" : 226.90000000000012,
    "pct3ResTime" : 256.0,
    "throughput" : 94.14225941422593,
    "receivedKBytesPerSec" : 3144.852003791841,
    "sentKBytesPerSec" : 12.595204628661088
  },
  "StudentCourses" : {
    "transaction" : "StudentCourses",
    "sampleCount" : 90,
    "errorCount" : 0,
    "errorPct" : 0.0,
    "meanResTime" : 118.31111111111112,
    "medianResTime" : 98.0,
    "minResTime" : 40.0,
    "maxResTime" : 526.0,
    "pct1ResTime" : 212.50000000000003,
    "pct2ResTime" : 254.45,
    "pct3ResTime" : 526.0,
    "throughput" : 54.7112462006079,
    "receivedKBytesPerSec" : 67.69448138297872,
    "sentKBytesPerSec" : 13.357237841945288
  },
  "Total" : {
    "transaction" : "Total",
    "sampleCount" : 1362,
    "errorCount" : 74,
    "errorPct" : 5.4331865,
    "meanResTime" : 8883.714390602066,
    "medianResTime" : 3705.5,
    "minResTime" : 31.0,
    "maxResTime" : 82361.0,
    "pct1ResTime" : 23952.400000000005,
    "pct2ResTime" : 50005.0,
    "pct3ResTime" : 64184.90999999987,
    "throughput" : 4.389795819702512,
    "receivedKBytesPerSec" : 143.60697080519878,
    "sentKBytesPerSec" : 4.501164201368185
  },
  "Upload" : {
    "transaction" : "Upload",
    "sampleCount" : 912,
    "errorCount" : 74,
    "errorPct" : 8.114035,
    "meanResTime" : 13116.362938596478,
    "medianResTime" : 6871.0,
    "minResTime" : 251.0,
    "maxResTime" : 82361.0,
    "pct1ResTime" : 40107.600000000035,
    "pct2ResTime" : 50006.0,
    "pct3ResTime" : 70143.73000000001,
    "throughput" : 3.228421436435143,
    "receivedKBytesPerSec" : 133.5664371829545,
    "sentKBytesPerSec" : 4.4375687798460834
  },
  "Course Page" : {
    "transaction" : "Course Page",
    "sampleCount" : 90,
    "errorCount" : 0,
    "errorPct" : 0.0,
    "meanResTime" : 306.53333333333325,
    "medianResTime" : 312.5,
    "minResTime" : 85.0,
    "maxResTime" : 674.0,
    "pct1ResTime" : 549.0,
    "pct2ResTime" : 584.6500000000001,
    "pct3ResTime" : 674.0,
    "throughput" : 45.87155963302752,
    "receivedKBytesPerSec" : 1793.3470310907237,
    "sentKBytesPerSec" : 13.394137041284404
  },
  "Login" : {
    "transaction" : "Login",
    "sampleCount" : 90,
    "errorCount" : 0,
    "errorPct" : 0.0,
    "meanResTime" : 939.2444444444443,
    "medianResTime" : 913.5,
    "minResTime" : 284.0,
    "maxResTime" : 1744.0,
    "pct1ResTime" : 1420.0,
    "pct2ResTime" : 1612.25,
    "pct3ResTime" : 1744.0,
    "throughput" : 47.24409448818898,
    "receivedKBytesPerSec" : 80.86860236220473,
    "sentKBytesPerSec" : 28.04195374015748
  }
}