Device,kB_read/s,kB_wrtn/s
loop0,0.0,0.0
sda,40.73370165745856,33.0828729281768
