{"user+system(%)": 18.066666666666666, "I/O wait(%)": 0.5666666666666667, "Idle(%)": 81.14444444444445, "Available Memory(Kb)": 556139.7111111111}