Device,kB_read/s,kB_wrtn/s
loop0,0.0,0.0
sda,3.0842105263157893,344.1578947368421
