{"Disk Write(KB/s)": 212.04773333333313, "Disk Read(KB/s)": 1.8771111111111105}