{"%iowait": 0.31320441988950265, "user+system(%)": 8.179668508287312, "%idle": 90.97372222222225}