{"I/O wait(%)": 0.2722222222222222, "user+system(%)": 8.516666666666667, "Idle(%)": 91.07777777777778, "Available Memory(Kb)": 1522127.4}