Device,kB_read/s,kB_wrtn/s
loop0,0.0,0.0
sda,0.4266666666666667,46.81777777777778
