{"Disk Read(KB/s)": 0.29762222222222223, "Disk Write(KB/s)": 47.501788888888846}