{"Idle(%)": 81.56111111111112, "I/O wait(%)": 0.35, "Available Memory(Kb)": 7211467.155555556, "user+system(%)": 17.894444444444446}