Device,kB_read/s,kB_wrtn/s
loop0,0.0,0.0
sda,14.781151832460733,246.93612565445025
