{"Disk Write(KB/s)": 248.87335555555566, "Disk Read(KB/s)": 13.385655555555543}