{"%iowait": 0.6464088397790059, "%idle": 91.65994444444446, "user+system(%)": 6.733314917127072}