{"Idle(%)": 91.68333333333334, "Available Memory(Kb)": 8470152.866666667, "user+system(%)": 7.661111111111111, "I/O wait(%)": 0.6277777777777778}