{"I/O wait(%)": 0.0, "Available Memory(Kb)": 1158727.1636363636, "user+system(%)": 100.00909090909092, "Idle(%)": 0.00909090909090909}