Device,kB_read/s,kB_wrtn/s
loop0,0.0,0.0
sda,365.71612903225804,2332.851612903226
