{"Disk Read(KB/s)": 366.27616666666654, "Disk Write(KB/s)": 2336.9813333333327}