{
  "AssignmentsList" : {
    "transaction" : "AssignmentsList",
    "sampleCount" : 70,
    "errorCount" : 31,
    "errorPct" : 44.285713,
    "meanResTime" : 1979.4285714285713,
    "medianResTime" : 32.5,
    "minResTime" : 0.0,
    "maxResTime" : 17513.0,
    "pct1ResTime" : 6939.799999999999,
    "pct2ResTime" : 15399.6,
    "pct3ResTime" : 17513.0,
    "throughput" : 0.7605141075366948,
    "receivedKBytesPerSec" : 0.5680408036189607,
    "sentKBytesPerSec" : 0.13779013273687296
  },
  "Get CSRF Token" : {
    "transaction" : "Get CSRF Token",
    "sampleCount" : 70,
    "errorCount" : 30,
    "errorPct" : 42.857143,
    "meanResTime" : 42560.285714285725,
    "medianResTime" : 41913.5,
    "minResTime" : 24856.0,
    "maxResTime" : 51047.0,
    "pct1ResTime" : 50474.9,
    "pct2ResTime" : 50658.0,
    "pct3ResTime" : 51047.0,
    "throughput" : 1.356457707586474,
    "receivedKBytesPerSec" : 26.00345321432032,
    "sentKBytesPerSec" : 0.18147920501889353
  },
  "StudentCourses" : {
    "transaction" : "StudentCourses",
    "sampleCount" : 70,
    "errorCount" : 6,
    "errorPct" : 8.571428,
    "meanResTime" : 8994.371428571429,
    "medianResTime" : 3057.0,
    "minResTime" : 27.0,
    "maxResTime" : 50268.0,
    "pct1ResTime" : 23737.3,
    "pct2ResTime" : 50190.0,
    "pct3ResTime" : 50268.0,
    "throughput" : 0.9448988958181475,
    "receivedKBytesPerSec" : 11.62354827252234,
    "sentKBytesPerSec" : 0.26232544680219216
  },
  "GetSubmissionId" : {
    "transaction" : "GetSubmissionId",
    "sampleCount" : 106,
    "errorCount" : 42,
    "errorPct" : 39.622643,
    "meanResTime" : 7017.405660377357,
    "medianResTime" : 372.5,
    "minResTime" : 0.0,
    "maxResTime" : 50005.0,
    "pct1ResTime" : 50002.0,
    "pct2ResTime" : 50003.0,
    "pct3ResTime" : 50004.93,
    "throughput" : 0.4431419601088624,
    "receivedKBytesPerSec" : 11.981481774219171,
    "sentKBytesPerSec" : 0.0731806422736527
  },
  "TestcasesResults" : {
    "transaction" : "TestcasesResults",
    "sampleCount" : 47,
    "errorCount" : 4,
    "errorPct" : 8.510638,
    "meanResTime" : 53360.404255319154,
    "medianResTime" : 57680.0,
    "minResTime" : 6988.0,
    "maxResTime" : 106594.0,
    "pct1ResTime" : 96181.80000000002,
    "pct2ResTime" : 105276.19999999998,
    "pct3ResTime" : 106594.0,
    "throughput" : 0.218101496083454,
    "receivedKBytesPerSec" : 5.328926312727382,
    "sentKBytesPerSec" : 0.05303444582498051
  },
  "Total" : {
    "transaction" : "Total",
    "sampleCount" : 712,
    "errorCount" : 272,
    "errorPct" : 38.202248,
    "meanResTime" : 15170.810393258433,
    "medianResTime" : 2986.5,
    "minResTime" : 0.0,
    "maxResTime" : 106594.0,
    "pct1ResTime" : 50005.0,
    "pct2ResTime" : 53548.65,
    "pct3ResTime" : 83879.89000000001,
    "throughput" : 1.918728896003277,
    "receivedKBytesPerSec" : 32.510292198561494,
    "sentKBytesPerSec" : 0.6234063577095443
  },
  "Upload" : {
    "transaction" : "Upload",
    "sampleCount" : 107,
    "errorCount" : 48,
    "errorPct" : 44.859814,
    "meanResTime" : 12795.43925233645,
    "medianResTime" : 4991.0,
    "minResTime" : 0.0,
    "maxResTime" : 85879.0,
    "pct1ResTime" : 50005.0,
    "pct2ResTime" : 56794.99999999999,
    "pct3ResTime" : 84536.04000000002,
    "throughput" : 0.465446066980734,
    "receivedKBytesPerSec" : 11.622413607011271,
    "sentKBytesPerSec" : 0.4409138035752348
  },
  "Course Page" : {
    "transaction" : "Course Page",
    "sampleCount" : 70,
    "errorCount" : 38,
    "errorPct" : 54.285713,
    "meanResTime" : 7473.828571428571,
    "medianResTime" : 201.5,
    "minResTime" : 0.0,
    "maxResTime" : 50005.0,
    "pct1ResTime" : 50003.9,
    "pct2ResTime" : 50004.0,
    "pct3ResTime" : 50005.0,
    "throughput" : 0.7265933153414988,
    "receivedKBytesPerSec" : 13.35797411835686,
    "sentKBytesPerSec" : 0.12123404089682374
  },
  "Login" : {
    "transaction" : "Login",
    "sampleCount" : 70,
    "errorCount" : 30,
    "errorPct" : 42.857143,
    "meanResTime" : 19633.45714285714,
    "medianResTime" : 17600.0,
    "minResTime" : 1523.0,
    "maxResTime" : 53798.0,
    "pct1ResTime" : 45228.899999999994,
    "pct2ResTime" : 47846.55,
    "pct3ResTime" : 53798.0,
    "throughput" : 1.081665765278529,
    "receivedKBytesPerSec" : 1.7624451923819824,
    "sentKBytesPerSec" : 0.5034393591130341
  },
  "RunPractice" : {
    "transaction" : "RunPractice",
    "sampleCount" : 102,
    "errorCount" : 43,
    "errorPct" : 42.156864,
    "meanResTime" : 5253.186274509804,
    "medianResTime" : 2093.5,
    "minResTime" : 0.0,
    "maxResTime" : 50003.0,
    "pct1ResTime" : 16101.300000000017,
    "pct2ResTime" : 50000.9,
    "pct3ResTime" : 50003.0,
    "throughput" : 0.4274560914588406,
    "receivedKBytesPerSec" : 7.21415232602118,
    "sentKBytesPerSec" : 0.06410941016297811
  }
}