Device,kB_read/s,kB_wrtn/s
loop0,0.0,0.0
sda,31.921311475409837,311.5934426229508
Device,kB_read/s,kB_wrtn/s
loop0,0.0,0.0
sda,31.921311475409837,311.5934426229508
