{"Disk Write(KB/s)": 303.43030000000016, "Disk Read(KB/s)": 30.94116666666666}