{"%sys": 5.476216216216212, "%idle": 46.85727272727273, "%guest": 0.0, "user+system(%)": 48.47144144144144, "%iowait": 2.619189189189188}