{"I/O wait(%)": 2.6636363636363636, "Idle(%)": 46.372727272727275, "Available Memory(Kb)": 10176821.672727272, "user+system(%)": 50.99090909090909, "sys(%)": 6.3}