Device,kB_read/s,kB_wrtn/s
loop0,0.0,0.0
sda,86.0327868852459,1084.144262295082
