{"user+system(%)": 63.49090909090909, "I/O wait(%)": 6.654545454545454, "Idle(%)": 29.836363636363636, "Available Memory(Kb)": 2858481.6}