Device,kB_read/s,kB_wrtn/s
loop0,0.0,0.0
sda,0.26229508196721313,693.0622950819672
