{"Disk Read(KB/s)": 0.2611666666666667, "Disk Write(KB/s)": 680.0261666666664}