{"%idle": 30.926818181818195, "user+system(%)": 66.69567567567566, "%iowait": 1.1749549549549543}