{"I/O wait(%)": 1.1454545454545455, "user+system(%)": 68.14545454545454, "Available Memory(Kb)": 5409586.363636363, "Idle(%)": 30.545454545454547}