{"%iowait": 0.03162162162162162, "%idle": 99.04636363636368, "user+system(%)": 0.787207207207207}