{"user+system(%)": 0.5454545454545454, "Idle(%)": 99.0909090909091, "I/O wait(%)": 0.00909090909090909, "Available Memory(Kb)": 3421181.7454545456}