{"%iowait": 0.21918918918918934, "user+system(%)": 96.25495495495497, "%idle": 1.1463636363636371}