Device,kB_read/s,kB_wrtn/s
loop0,0.0,0.0
sda,54.76470588235294,272.5882352941176
