{"Disk Write(KB/s)": 261.52453333333335, "Disk Read(KB/s)": 58.03566666666667}