{"%idle": 78.12645454545456, "%iowait": 2.0158558558558557, "user+system(%)": 18.718198198198195}