{"I/O wait(%)": 2.081818181818182, "user+system(%)": 20.345454545454544, "Available Memory(Kb)": 5684176.4, "Idle(%)": 77.6}