Device,kB_read/s,kB_wrtn/s
loop0,0.0,0.0
sda,1.3476190476190477,84.74761904761905
