{"Disk Read(KB/s)": 0.9293444444444444, "Disk Write(KB/s)": 77.32102222222211}