{"%iowait": 0.1281215469613262, "user+system(%)": 1.2114917127071811, "%idle": 96.55555555555553}