{"user+system(%)": 3.533333333333333, "I/O wait(%)": 0.08888888888888889, "Idle(%)": 96.38888888888889, "Available Memory(Kb)": 10380658.244444445}