Device,kB_read/s,kB_wrtn/s
loop0,0.0,0.0
sda,39.87428571428571,63.48571428571429
