{"Disk Read(KB/s)": 43.98116666666667, "Disk Write(KB/s)": 61.410833333333336}