{"%guest": 0.0, "user+system(%)": 96.79765765765765, "%iowait": 0.0, "%idle": 0.0, "%sys": 4.7535135135135125}