{"user+system(%)": 100.31818181818181, "Idle(%)": 0.0, "I/O wait(%)": 0.0, "Available Memory(Kb)": 7442108.545454546, "sys(%)": 6.009090909090909}