Device,kB_read/s,kB_wrtn/s
loop0,0.0,0.0
sda,527.2258064516129,614.1161290322581
