{"Disk Write(KB/s)": 596.4378333333334, "Disk Read(KB/s)": 511.30516666666665}