{"user+system(%)": 91.2283783783784, "%guest": 0.0, "%sys": 4.985765765765765, "%iowait": 0.5899099099099098, "%idle": 6.581454545454547}