{"sys(%)": 5.6454545454545455, "Idle(%)": 6.654545454545454, "I/O wait(%)": 0.4727272727272727, "Available Memory(Kb)": 2418497.272727273, "user+system(%)": 92.71818181818182}