{"Disk Write(KB/s)": 379.4468000000003, "Disk Read(KB/s)": 0.4384000000000002}