{"%idle": 82.52644444444446, "user+system(%)": 14.06911602209945, "%iowait": 1.593922651933702}