Device,kB_read/s,kB_wrtn/s
loop0,0.0,0.0
sda,5.434920634920635,421.46455026455027
