{"%iowait": 1.4258563535911604, "%idle": 12.28888888888889, "user+system(%)": 77.6328729281768}