{"Idle(%)": 12.827777777777778, "I/O wait(%)": 1.45, "user+system(%)": 85.8, "Available Memory(Kb)": 8018362.044444445}