Device,kB_read/s,kB_wrtn/s
loop0,0.0,0.0
sda,65.66451612903226,862.2193548387097
