Device,kB_read/s,kB_wrtn/s
loop0,0.0,0.0
sda,8.227368421052631,279.4947368421053
