{"user+system(%)": 39.39837837837836, "%iowait": 1.4374774774774777, "%idle": 57.187454545454564}