{"Available Memory(Kb)": 562055.8545454545, "user+system(%)": 41.20909090909091, "Idle(%)": 57.28181818181818, "I/O wait(%)": 1.4181818181818182}