Device,kB_read/s,kB_wrtn/s
loop0,0.0,0.0
sda,4.258064516129032,1029.8064516129032
