{"Disk Read(KB/s)": 3.7728333333333333, "Disk Write(KB/s)": 1010.8013333333332}