{"user+system(%)": 98.10540540540535, "%guest": 0.0, "%sys": 7.3386486486486495, "%idle": 0.0160909090909091, "%iowait": 0.004324324324324326}