{"user+system(%)": 99.99090909090908, "sys(%)": 8.136363636363637, "Available Memory(Kb)": 5675186.836363636, "Idle(%)": 0.0, "I/O wait(%)": 0.0}