Device,kB_read/s,kB_wrtn/s
loop0,0.0,0.0
sda,18.145054945054945,617.7362637362637
