{"Disk Write(KB/s)": 565.0631222222215, "Disk Read(KB/s)": 15.743588888888873}