{"%iowait": 2.7209392265193366, "user+system(%)": 61.125082872928175, "%idle": 32.42161111111109}