{"Available Memory(Kb)": 7954591.133333334, "I/O wait(%)": 2.7, "user+system(%)": 64.68888888888888, "Idle(%)": 32.58888888888889}