Device,kB_read/s,kB_wrtn/s
loop0,0.0,0.0
sda,8.245161290322581,779.5096774193548
