{"Disk Write(KB/s)": 774.0298333333336, "Disk Read(KB/s)": 8.354333333333333}