{"user+system(%)": 84.30702702702705, "%idle": 12.287727272727276, "%iowait": 1.2498198198198187}