{"Idle(%)": 12.263636363636364, "I/O wait(%)": 1.2636363636363637, "user+system(%)": 86.43636363636364, "Available Memory(Kb)": 2933485.8181818184}