Device,kB_read/s,kB_wrtn/s
loop0,0.0,0.0
sda,39.59344262295082,732.5770491803279
Device,kB_read/s,kB_wrtn/s
loop0,0.0,0.0
sda,39.59344262295082,732.5770491803279
