{"Disk Write(KB/s)": 717.6031666666667, "Disk Read(KB/s)": 38.24300000000001}