{"%guest": 0.0, "%iowait": 1.472972972972973, "%idle": 22.620363636363656, "%sys": 5.052342342342343, "user+system(%)": 74.59531531531533}