{"user+system(%)": 75.47272727272727, "Available Memory(Kb)": 7197654.4363636365, "sys(%)": 5.609090909090909, "I/O wait(%)": 1.4363636363636363, "Idle(%)": 23.063636363636363}