Device,kB_read/s,kB_wrtn/s
loop0,0.0,0.0
sda,1184.5290322580645,24.322580645161292
