{"Disk Write(KB/s)": 24.15099999999999, "Disk Read(KB/s)": 1186.2551666666661}