{"%iowait": 15.98531531531531, "user+system(%)": 0.6345945945945947, "%idle": 82.451}