{"user+system(%)": 1.3545454545454545, "I/O wait(%)": 16.40909090909091, "Available Memory(Kb)": 1342799.1636363636, "Idle(%)": 82.08181818181818}