Device,kB_read/s,kB_wrtn/s
loop0,0.0,0.0
sda,36.66885245901639,913.127868852459
