{"Disk Read(KB/s)": 29.065699999999996, "Disk Write(KB/s)": 862.7793666666664}