{"user+system(%)": 36.87222222222222, "Idle(%)": 38.30555555555556, "I/O wait(%)": 24.855555555555554, "Available Memory(Kb)": 3506678.533333333}