Device,kB_read/s,kB_wrtn/s
loop0,0.0,0.0
sda,18.86850828729282,260.1193370165746
