{"Disk Write(KB/s)": 232.52010000000004, "Disk Read(KB/s)": 15.036555555555555}