Device,kB_read/s,kB_wrtn/s
loop0,0.0,0.0
sda,16.164102564102564,231.96307692307693
