{"Disk Read(KB/s)": 14.953699999999982, "Disk Write(KB/s)": 218.69130000000007}