{"user+system(%)": 5.989944751381215, "%idle": 92.51533333333336, "%iowait": 0.5674033149171273}