{"I/O wait(%)": 0.5555555555555556, "Idle(%)": 92.51666666666667, "user+system(%)": 6.866666666666666, "Available Memory(Kb)": 8628722.4}