{
  "AssignmentsList" : {
    "transaction" : "AssignmentsList",
    "sampleCount" : 100,
    "errorCount" : 0,
    "errorPct" : 0.0,
    "meanResTime" : 77.50999999999995,
    "medianResTime" : 74.5,
    "minResTime" : 33.0,
    "maxResTime" : 152.0,
    "pct1ResTime" : 131.20000000000005,
    "pct2ResTime" : 140.95,
    "pct3ResTime" : 151.99,
    "throughput" : 50.89058524173028,
    "receivedKBytesPerSec" : 19.45670324427481,
    "sentKBytesPerSec" : 16.549379770992367
  },
  "Get CSRF Token" : {
    "transaction" : "Get CSRF Token",
    "sampleCount" : 100,
    "errorCount" : 0,
    "errorPct" : 0.0,
    "meanResTime" : 78.37000000000002,
    "medianResTime" : 42.0,
    "minResTime" : 30.0,
    "maxResTime" : 315.0,
    "pct1ResTime" : 252.60000000000002,
    "pct2ResTime" : 257.95,
    "pct3ResTime" : 314.98,
    "throughput" : 88.0281690140845,
    "receivedKBytesPerSec" : 2940.6213894696307,
    "sentKBytesPerSec" : 11.777206205985916
  },
  "StudentCourses" : {
    "transaction" : "StudentCourses",
    "sampleCount" : 100,
    "errorCount" : 0,
    "errorPct" : 0.0,
    "meanResTime" : 151.31999999999996,
    "medianResTime" : 131.5,
    "minResTime" : 42.0,
    "maxResTime" : 476.0,
    "pct1ResTime" : 284.80000000000007,
    "pct2ResTime" : 332.9999999999998,
    "pct3ResTime" : 475.96999999999997,
    "throughput" : 65.14657980456026,
    "receivedKBytesPerSec" : 80.60616856677525,
    "sentKBytesPerSec" : 15.90492671009772
  },
  "Total" : {
    "transaction" : "Total",
    "sampleCount" : 2558,
    "errorCount" : 1,
    "errorPct" : 0.03909304,
    "meanResTime" : 1133.128616106333,
    "medianResTime" : 771.0,
    "minResTime" : 30.0,
    "maxResTime" : 14132.0,
    "pct1ResTime" : 1340.0,
    "pct2ResTime" : 3011.9999999999945,
    "pct3ResTime" : 12873.609999999997,
    "throughput" : 8.486469091403718,
    "receivedKBytesPerSec" : 334.3893124151934,
    "sentKBytesPerSec" : 10.168482423669884
  },
  "Upload" : {
    "transaction" : "Upload",
    "sampleCount" : 2058,
    "errorCount" : 1,
    "errorPct" : 0.048590865,
    "meanResTime" : 1331.6574344023322,
    "medianResTime" : 818.0,
    "minResTime" : 410.0,
    "maxResTime" : 14132.0,
    "pct1ResTime" : 1464.1000000000001,
    "pct2ResTime" : 4223.299999999999,
    "pct3ResTime" : 13132.200000000026,
    "throughput" : 7.439674649796656,
    "receivedKBytesPerSec" : 336.94972887483056,
    "sentKBytesPerSec" : 10.505641380478988
  },
  "Course Page" : {
    "transaction" : "Course Page",
    "sampleCount" : 100,
    "errorCount" : 0,
    "errorPct" : 0.0,
    "meanResTime" : 378.46000000000004,
    "medianResTime" : 387.0,
    "minResTime" : 70.0,
    "maxResTime" : 937.0,
    "pct1ResTime" : 703.0,
    "pct2ResTime" : 746.2999999999998,
    "pct3ResTime" : 936.93,
    "throughput" : 49.504950495049506,
    "receivedKBytesPerSec" : 1935.4245629641089,
    "sentKBytesPerSec" : 14.455058787128714
  },
  "Login" : {
    "transaction" : "Login",
    "sampleCount" : 100,
    "errorCount" : 0,
    "errorPct" : 0.0,
    "meanResTime" : 894.2600000000001,
    "medianResTime" : 908.5,
    "minResTime" : 264.0,
    "maxResTime" : 1550.0,
    "pct1ResTime" : 1364.4,
    "pct2ResTime" : 1426.5,
    "pct3ResTime" : 1549.5299999999997,
    "throughput" : 52.826201796090864,
    "receivedKBytesPerSec" : 90.42566362916006,
    "sentKBytesPerSec" : 31.357303222398308
  }
}