{"%iowait": 2.3502762430939232, "user+system(%)": 65.35524861878454, "%idle": 20.526111111111113}