{"Idle(%)": 20.927777777777777, "user+system(%)": 76.72222222222223, "I/O wait(%)": 2.327777777777778, "Available Memory(Kb)": 7304513.622222222}