Device,kB_read/s,kB_wrtn/s
loop0,0.0,0.0
sda,3150.9830508474574,8681.627118644068
