{"Disk Read(KB/s)": 3024.197166666667, "Disk Write(KB/s)": 8388.998333333333}