{"%iowait": 17.729639639639633, "%idle": 68.95390909090906, "user+system(%)": 13.066936936936939, "%guest": 0.0, "%sys": 2.1721621621621616}