{"Available Memory(Kb)": 5212149.5636363635, "I/O wait(%)": 18.463636363636365, "Idle(%)": 68.26363636363637, "user+system(%)": 13.190909090909091, "sys(%)": 1.9636363636363636}