Device,kB_read/s,kB_wrtn/s
loop0,0.0,0.0
sda,900.4196721311475,547.1475409836065
