{"Disk Write(KB/s)": 533.3004999999999, "Disk Read(KB/s)": 863.076833333333}