{"Disk Write(KB/s)": 94.42695555555557, "Disk Read(KB/s)": 9.343311111111113}