Device,kB_read/s,kB_wrtn/s
loop0,0.0,0.0
sda,20.19047619047619,714.3492063492064
