{"%iowait": 2.809009009009009, "user+system(%)": 46.850450450450424, "%idle": 48.829636363636375}