{"Disk Read(KB/s)": 120.47783333333332, "Disk Write(KB/s)": 51.79483333333334}