{"user+system(%)": 1.2009009009009015, "%guest": 0.0, "%sys": 0.23630630630630625, "%idle": 98.60363636363633, "%iowait": 0.0661261261261261}