{"Available Memory(Kb)": 8556157.38181818, "user+system(%)": 1.0818181818181818, "I/O wait(%)": 0.00909090909090909, "Idle(%)": 98.68181818181819, "sys(%)": 0.12727272727272726}