{"Disk Write(KB/s)": 853.9524333333335, "Disk Read(KB/s)": 26.754800000000003}