{"I/O wait(%)": 2.590909090909091, "Idle(%)": 30.081818181818182, "user+system(%)": 67.28181818181818, "Available Memory(Kb)": 5496916.181818182}