Device,kB_read/s,kB_wrtn/s
loop0,0.0,0.0
sda,100.34424242424242,93.0569696969697
