{"I/O wait(%)": 1.7055555555555555, "user+system(%)": 33.977777777777774, "Available Memory(Kb)": 7082102.2, "Idle(%)": 64.22777777777777}