{"Disk Write(KB/s)": 539.8933444444449, "Disk Read(KB/s)": 1611.9064111111109}