{"Idle(%)": 19.355555555555554, "I/O wait(%)": 11.911111111111111, "user+system(%)": 68.78333333333333, "Available Memory(Kb)": 6765651.311111111}