Device,kB_read/s,kB_wrtn/s
loop0,0.0,0.0
sda,16.287292817679557,514.3469613259668
