{"Disk Read(KB/s)": 14.08406666666666, "Disk Write(KB/s)": 478.71922222222213}