{"%iowait": 2.8780110497237574, "user+system(%)": 48.806187845303874, "%idle": 44.798555555555545}