{"I/O wait(%)": 2.8777777777777778, "Idle(%)": 45.12222222222222, "Available Memory(Kb)": 8197337.844444444, "user+system(%)": 52.05555555555556}