{"Disk Read(KB/s)": 0.3847777777777778, "Disk Write(KB/s)": 271.05817777777787}