Device,kB_read/s,kB_wrtn/s
loop0,0.0,0.0
sda,6.88421052631579,568.437894736842
