{"Disk Write(KB/s)": 573.9794666666664, "Disk Read(KB/s)": 6.149477777777772}