{"Idle(%)": 23.627777777777776, "user+system(%)": 73.82777777777778, "I/O wait(%)": 2.561111111111111, "Available Memory(Kb)": 7535888.8}