Device,kB_read/s,kB_wrtn/s
loop0,0.0,0.0
sda,112.61639344262295,743.5540983606558
