{"Disk Read(KB/s)": 105.85636666666664, "Disk Write(KB/s)": 733.1963999999998}