{"I/O wait(%)": 2.172727272727273, "Available Memory(Kb)": 3742117.963636364, "user+system(%)": 81.2909090909091, "Idle(%)": 16.554545454545455}