Device,kB_read/s,kB_wrtn/s
loop0,0.0,0.0
sda,8.782222222222222,189.95111111111112
