{"Disk Write(KB/s)": 186.41243333333355, "Disk Read(KB/s)": 7.652322222222219}