{"%iowait": 1.40049723756906, "user+system(%)": 19.081270718232048, "%idle": 76.18505555555554}