{"I/O wait(%)": 1.3611111111111112, "Available Memory(Kb)": 9050956.177777778, "Idle(%)": 76.1, "user+system(%)": 22.572222222222223}