{"Disk Write(KB/s)": 61.2222888888889, "Disk Read(KB/s)": 22.29599999999999}