{"%iowait": 0.683314917127071, "user+system(%)": 4.224309392265193, "%idle": 91.84283333333335}