Device,kB_read/s,kB_wrtn/s
loop0,0.0,0.0
sda,11.587096774193549,791.1612903225806
