{"%idle": 11.487636363636359, "user+system(%)": 86.16252252252254, "%iowait": 0.7532432432432435}