{"user+system(%)": 87.78181818181818, "Idle(%)": 11.5, "I/O wait(%)": 0.6818181818181818, "Available Memory(Kb)": 8523731.49090909}