Device,kB_read/s,kB_wrtn/s
loop0,0.0,0.0
sda,440.41967213114754,970.7409836065574
