{"%iowait": 1.7870270270270263, "user+system(%)": 1.3370270270270266, "%idle": 8.04154545454546}