{"Available Memory(Kb)": 638450.2909090909, "I/O wait(%)": 1.8636363636363635, "user+system(%)": 89.88181818181818, "Idle(%)": 8.118181818181819}