Device,kB_read/s,kB_wrtn/s
loop0,0.0,0.0
sda,64.88260869565218,421.1304347826087
