{"Disk Write(KB/s)": 426.19816666666657, "Disk Read(KB/s)": 56.46278888888891}