{"%idle": 14.976500000000005, "user+system(%)": 73.96917127071826, "%iowait": 2.658232044198897}