Device,kB_read/s,kB_wrtn/s
loop0,0.0,0.0
sda,139.76228571428572,276.2925714285714
