{"user+system(%)": 35.60596685082874, "%idle": 57.500722222222215, "%iowait": 2.288232044198893}