Device,kB_read/s,kB_wrtn/s
loop0,0.0,0.0
sda,0.3244444444444444,142.64444444444445
