{"Disk Write(KB/s)": 112.09230000000005, "Disk Read(KB/s)": 0.2161666666666667}