{"%idle": 30.38194444444445, "user+system(%)": 56.73110497237568, "%iowait": 1.2970718232044205}