Device,kB_read/s,kB_wrtn/s
loop0,0.0,0.0
sda,103.42295081967212,1081.822950819672
