{"Disk Read(KB/s)": 80.13683333333333, "Disk Write(KB/s)": 1066.3620000000003}