{"%iowait": 6.566756756756762, "user+system(%)": 8.836666666666666, "%idle": 29.73300000000002}