{"Idle(%)": 29.954545454545453, "I/O wait(%)": 6.627272727272727, "user+system(%)": 63.43636363636364, "Available Memory(Kb)": 2858687.2363636363}