Device,kB_read/s,kB_wrtn/s
loop0,0.0,0.0
sda,4.696774193548387,896.5806451612904
