{"user+system(%)": 86.37036036036041, "%idle": 10.536363636363642, "%iowait": 0.8407207207207206}