{
  "TestcasesResults_2_137174_user1" : {
    "transaction" : "TestcasesResults_2_137174_user1",
    "sampleCount" : 1,
    "errorCount" : 0,
    "errorPct" : 0.0,
    "meanResTime" : 9802.0,
    "medianResTime" : 9802.0,
    "minResTime" : 9802.0,
    "maxResTime" : 9802.0,
    "pct1ResTime" : 9802.0,
    "pct2ResTime" : 9802.0,
    "pct3ResTime" : 9802.0,
    "throughput" : 0.10201999591920016,
    "receivedKBytesPerSec" : 2.956587303611508,
    "sentKBytesPerSec" : 0.024707967761681292
  },
  "Login_user1" : {
    "transaction" : "Login_user1",
    "sampleCount" : 1,
    "errorCount" : 0,
    "errorPct" : 0.0,
    "meanResTime" : 106.0,
    "medianResTime" : 106.0,
    "minResTime" : 106.0,
    "maxResTime" : 106.0,
    "pct1ResTime" : 106.0,
    "pct2ResTime" : 106.0,
    "pct3ResTime" : 106.0,
    "throughput" : 9.433962264150942,
    "receivedKBytesPerSec" : 16.13170695754717,
    "sentKBytesPerSec" : 5.546137971698113
  },
  "RunPractice_2_137175_user1 1629148526906" : {
    "transaction" : "RunPractice_2_137175_user1 1629148526906",
    "sampleCount" : 1,
    "errorCount" : 0,
    "errorPct" : 0.0,
    "meanResTime" : 2151.0,
    "medianResTime" : 2151.0,
    "minResTime" : 2151.0,
    "maxResTime" : 2151.0,
    "pct1ResTime" : 2151.0,
    "pct2ResTime" : 2151.0,
    "pct3ResTime" : 2151.0,
    "throughput" : 0.46490004649000466,
    "receivedKBytesPerSec" : 13.170200633426315,
    "sentKBytesPerSec" : 0.10896094839609485
  },
  "TestcasesResults_2_137179_user1" : {
    "transaction" : "TestcasesResults_2_137179_user1",
    "sampleCount" : 1,
    "errorCount" : 0,
    "errorPct" : 0.0,
    "meanResTime" : 5346.0,
    "medianResTime" : 5346.0,
    "minResTime" : 5346.0,
    "maxResTime" : 5346.0,
    "pct1ResTime" : 5346.0,
    "pct2ResTime" : 5346.0,
    "pct3ResTime" : 5346.0,
    "throughput" : 0.18705574261129815,
    "receivedKBytesPerSec" : 5.42096310325477,
    "sentKBytesPerSec" : 0.04530256266367377
  },
  "GetSubmissionId_2_user1" : {
    "transaction" : "GetSubmissionId_2_user1",
    "sampleCount" : 7,
    "errorCount" : 0,
    "errorPct" : 0.0,
    "meanResTime" : 307.7142857142857,
    "medianResTime" : 288.0,
    "minResTime" : 280.0,
    "maxResTime" : 370.0,
    "pct1ResTime" : 370.0,
    "pct2ResTime" : 370.0,
    "pct3ResTime" : 370.0,
    "throughput" : 0.009127180744256395,
    "receivedKBytesPerSec" : 0.388501096891543,
    "sentKBytesPerSec" : 0.002112443199598404
  },
  "AssignmentsList_6_user1" : {
    "transaction" : "AssignmentsList_6_user1",
    "sampleCount" : 1,
    "errorCount" : 0,
    "errorPct" : 0.0,
    "meanResTime" : 110.0,
    "medianResTime" : 110.0,
    "minResTime" : 110.0,
    "maxResTime" : 110.0,
    "pct1ResTime" : 110.0,
    "pct2ResTime" : 110.0,
    "pct3ResTime" : 110.0,
    "throughput" : 9.09090909090909,
    "receivedKBytesPerSec" : 3.524502840909091,
    "sentKBytesPerSec" : 2.938565340909091
  },
  "Course Page_6_user1" : {
    "transaction" : "Course Page_6_user1",
    "sampleCount" : 1,
    "errorCount" : 0,
    "errorPct" : 0.0,
    "meanResTime" : 175.0,
    "medianResTime" : 175.0,
    "minResTime" : 175.0,
    "maxResTime" : 175.0,
    "pct1ResTime" : 175.0,
    "pct2ResTime" : 175.0,
    "pct3ResTime" : 175.0,
    "throughput" : 5.714285714285714,
    "receivedKBytesPerSec" : 184.99441964285717,
    "sentKBytesPerSec" : 1.6573660714285716
  },
  "RunPractice_2_137177_user1 1629148780501" : {
    "transaction" : "RunPractice_2_137177_user1 1629148780501",
    "sampleCount" : 1,
    "errorCount" : 0,
    "errorPct" : 0.0,
    "meanResTime" : 2147.0,
    "medianResTime" : 2147.0,
    "minResTime" : 2147.0,
    "maxResTime" : 2147.0,
    "pct1ResTime" : 2147.0,
    "pct2ResTime" : 2147.0,
    "pct3ResTime" : 2147.0,
    "throughput" : 0.4657661853749418,
    "receivedKBytesPerSec" : 13.194737569864929,
    "sentKBytesPerSec" : 0.10916394969725199
  },
  "TestcasesResults_2_137176_user1" : {
    "transaction" : "TestcasesResults_2_137176_user1",
    "sampleCount" : 1,
    "errorCount" : 0,
    "errorPct" : 0.0,
    "meanResTime" : 5347.0,
    "medianResTime" : 5347.0,
    "minResTime" : 5347.0,
    "maxResTime" : 5347.0,
    "pct1ResTime" : 5347.0,
    "pct2ResTime" : 5347.0,
    "pct3ResTime" : 5347.0,
    "throughput" : 0.18702075930428277,
    "receivedKBytesPerSec" : 5.419949270619038,
    "sentKBytesPerSec" : 0.04529409014400598
  },
  "RunPractice_2_137174_user1 1629148394394" : {
    "transaction" : "RunPractice_2_137174_user1 1629148394394",
    "sampleCount" : 1,
    "errorCount" : 0,
    "errorPct" : 0.0,
    "meanResTime" : 2300.0,
    "medianResTime" : 2300.0,
    "minResTime" : 2300.0,
    "maxResTime" : 2300.0,
    "pct1ResTime" : 2300.0,
    "pct2ResTime" : 2300.0,
    "pct3ResTime" : 2300.0,
    "throughput" : 0.4347826086956522,
    "receivedKBytesPerSec" : 12.317000679347826,
    "sentKBytesPerSec" : 0.10190217391304349
  },
  "Upload_2_user1-0" : {
    "transaction" : "Upload_2_user1-0",
    "sampleCount" : 7,
    "errorCount" : 0,
    "errorPct" : 0.0,
    "meanResTime" : 505.4285714285714,
    "medianResTime" : 357.0,
    "minResTime" : 299.0,
    "maxResTime" : 1470.0,
    "pct1ResTime" : 1470.0,
    "pct2ResTime" : 1470.0,
    "pct3ResTime" : 1470.0,
    "throughput" : 0.00911381198205881,
    "receivedKBytesPerSec" : 0.0020826484412126574,
    "sentKBytesPerSec" : 0.00957916566306237
  },
  "Upload_2_user1-1" : {
    "transaction" : "Upload_2_user1-1",
    "sampleCount" : 7,
    "errorCount" : 0,
    "errorPct" : 0.0,
    "meanResTime" : 311.1428571428571,
    "medianResTime" : 288.0,
    "minResTime" : 278.0,
    "maxResTime" : 406.0,
    "pct1ResTime" : 406.0,
    "pct2ResTime" : 406.0,
    "pct3ResTime" : 406.0,
    "throughput" : 0.009126454854687282,
    "receivedKBytesPerSec" : 0.38831995900266103,
    "sentKBytesPerSec" : 0.00211227519586024
  },
  "TestcasesResults_2_137175_user1" : {
    "transaction" : "TestcasesResults_2_137175_user1",
    "sampleCount" : 1,
    "errorCount" : 0,
    "errorPct" : 0.0,
    "meanResTime" : 5358.0,
    "medianResTime" : 5358.0,
    "minResTime" : 5358.0,
    "maxResTime" : 5358.0,
    "pct1ResTime" : 5358.0,
    "pct2ResTime" : 5358.0,
    "pct3ResTime" : 5358.0,
    "throughput" : 0.1866368047779022,
    "receivedKBytesPerSec" : 5.408822088465846,
    "sentKBytesPerSec" : 0.04520110115714819
  },
  "TestcasesResults_2_137178_user1" : {
    "transaction" : "TestcasesResults_2_137178_user1",
    "sampleCount" : 1,
    "errorCount" : 0,
    "errorPct" : 0.0,
    "meanResTime" : 5358.0,
    "medianResTime" : 5358.0,
    "minResTime" : 5358.0,
    "maxResTime" : 5358.0,
    "pct1ResTime" : 5358.0,
    "pct2ResTime" : 5358.0,
    "pct3ResTime" : 5358.0,
    "throughput" : 0.1866368047779022,
    "receivedKBytesPerSec" : 5.408822088465846,
    "sentKBytesPerSec" : 0.04520110115714819
  },
  "Upload_2_user1" : {
    "transaction" : "Upload_2_user1",
    "sampleCount" : 7,
    "errorCount" : 0,
    "errorPct" : 0.0,
    "meanResTime" : 817.5714285714286,
    "medianResTime" : 653.0,
    "minResTime" : 596.0,
    "maxResTime" : 1821.0,
    "pct1ResTime" : 1821.0,
    "pct2ResTime" : 1821.0,
    "pct3ResTime" : 1821.0,
    "throughput" : 0.009108985102905505,
    "receivedKBytesPerSec" : 0.38965818696061794,
    "sentKBytesPerSec" : 0.011682324225866394
  },
  "Get CSRF Token" : {
    "transaction" : "Get CSRF Token",
    "sampleCount" : 1,
    "errorCount" : 0,
    "errorPct" : 0.0,
    "meanResTime" : 102.0,
    "medianResTime" : 102.0,
    "minResTime" : 102.0,
    "maxResTime" : 102.0,
    "pct1ResTime" : 102.0,
    "pct2ResTime" : 102.0,
    "pct3ResTime" : 102.0,
    "throughput" : 9.803921568627452,
    "receivedKBytesPerSec" : 262.0059742647059,
    "sentKBytesPerSec" : 1.2925091911764706
  },
  "Login_user1-0" : {
    "transaction" : "Login_user1-0",
    "sampleCount" : 1,
    "errorCount" : 0,
    "errorPct" : 0.0,
    "meanResTime" : 83.0,
    "medianResTime" : 83.0,
    "minResTime" : 83.0,
    "maxResTime" : 83.0,