{"user+system(%)": 1.6236966824644548, "%idle": 94.92733333333331, "%iowait": 0.18876777251184834}