Device,kB_read/s,kB_wrtn/s
loop0,0.0,0.0
sda,24.584269662921347,281.3213483146067
