{"%idle": 50.539272727272724, "%iowait": 1.7856756756756755, "user+system(%)": 45.791621621621616}