{"user+system(%)": 47.445454545454545, "Available Memory(Kb)": 9444550.909090908, "Idle(%)": 50.70909090909091, "I/O wait(%)": 1.8363636363636364}