{"Disk Write(KB/s)": 42.29916666666667, "Disk Read(KB/s)": 4.068833333333333}