{"%guest": 0.0, "%sys": 0.2879279279279279, "user+system(%)": 4.999549549549549, "%idle": 94.71263636363636, "%iowait": 0.02738738738738739}