{"user+system(%)": 5.2272727272727275, "Idle(%)": 94.68181818181819, "I/O wait(%)": 0.0, "sys(%)": 0.37272727272727274, "Available Memory(Kb)": 1939454.9454545456}