Device,kB_read/s,kB_wrtn/s
loop0,0.0,0.0
sda,12.13551912568306,700.887431693989
