{"Disk Write(KB/s)": 592.9888777777778, "Disk Read(KB/s)": 9.56402222222222}