{"%idle": 55.6656111111111, "user+system(%)": 41.35856353591161, "%iowait": 1.1582320441988958}