{"I/O wait(%)": 1.1333333333333333, "Idle(%)": 55.99444444444445, "Available Memory(Kb)": 7048137.244444445, "user+system(%)": 42.81111111111111}