Device,kB_read/s,kB_wrtn/s
loop0,0.0,0.0
sda,167.75081967213114,1112.537704918033
