,,,IO%,IO%,IO%,SWAPIN%,SWAPIN%,SWAPIN%
,,,mean,min,max,mean,min,max
TID,USER,COMMAND,,,,,,
1,root,init,1.69,1.69,1.69,0.0,0.0,0.0
10249,postgres,postgres:,2.88,2.88,2.88,0.0,0.0,0.0
10252,postgres,postgres:,3.92,3.92,3.92,0.0,0.0,0.0
10615,root,sh,2.62,2.62,2.62,0.0,0.0,0.0
10629,root,sh,1.74,1.74,1.74,0.0,0.0,0.0
11374,postgres,postgres:,1.79,1.79,1.79,0.0,0.0,0.0
11962,postgres,postgres:,1.87,1.87,1.87,0.0,0.0,0.0
12353,postgres,postgres:,2.33,2.33,2.33,0.0,0.0,0.0
13427,postgres,postgres:,1.41,1.41,1.41,0.0,0.0,0.0
13607,postgres,postgres:,10.66,10.66,10.66,0.0,0.0,0.0
139,root,[kswapd0],0.47,0.47,0.47,0.0,0.0,0.0
14143,root,[kworker/u272:2],2.5149999999999997,0.77,4.26,0.0,0.0,0.0
1753,syslog,rsyslogd,0.0,0.0,0.0,0.0,0.0,0.0
1793,root,[nfsd],1.7625,0.1,15.17,0.0,0.0,0.0
1794,root,[nfsd],2.4342222222222216,0.09,15.99,0.0,0.0,0.0
1796,root,[nfsd],3.4940816326530606,0.27,16.88,0.0,0.0,0.0
1797,root,[nfsd],4.989999999999999,0.47,26.9,0.0,0.0,0.0
1798,root,[nfsd],6.036603773584905,0.14,34.62,0.0,0.0,0.0
1799,root,[nfsd],7.022222222222223,1.01,34.47,0.0,0.0,0.0
1800,root,[nfsd],6.863888888888891,1.62,36.06,0.0,0.0,0.0
1801,root,[nfsd],6.612037037037038,1.25,37.0,0.0,0.0,0.0
18321,postgres,postgres:,1.61,1.61,1.61,0.0,0.0,0.0
2621,postgres,postgres:,2.839230769230769,0.0,8.56,0.0,0.0,0.0
2623,postgres,postgres:,1.4062790697674417,0.0,3.86,0.0,0.0,0.0
471,root,[jbd2/sda1-8],86.49254237288132,0.64,99.99,0.0,0.0,0.0
5146,root,python2,0.37,0.37,0.37,0.0,0.0,0.0
6667,libvirt-,qemu-system-x86_64,5.941864406779662,0.78,14.02,0.0,0.0,0.0
7523,root,[kworker/u272:1],1.7550000000000003,0.0,4.29,0.0,0.0,0.0
8158,libvirt-,qemu-system-x86_64,6.560169491525424,0.43,47.55,0.0,0.0,0.0
8270,root,[kworker/u272:0],0.575,0.51,0.64,0.0,0.0,0.0
