{"%iowait": 6.506846846846845, "%idle": 25.881454545454552, "user+system(%)": 9.128918918918918}