Device,kB_read/s,kB_wrtn/s
loop0,0.0,0.0
sda,41.67466666666667,370.9866666666667
