{"Disk Read(KB/s)": 43.70073333333336, "Disk Write(KB/s)": 315.7599000000001}