{"user+system(%)": 29.870270270270275, "%iowait": 1.44135135135135, "%idle": 67.31463636363637}