{"user+system(%)": 30.427272727272726, "Available Memory(Kb)": 4749048.545454546, "Idle(%)": 68.11818181818182, "I/O wait(%)": 1.4363636363636363}