Device,kB_read/s,kB_wrtn/s
loop0,0.0,0.0
sda,33.32192513368984,309.99786096256685
