{"Disk Write(KB/s)": 307.49812222222226, "Disk Read(KB/s)": 32.93206666666668}