{"user+system(%)": 27.841491712707196, "%idle": 68.135, "%iowait": 1.9389502762430946}