{"I/O wait(%)": 1.8777777777777778, "Idle(%)": 68.53333333333333, "Available Memory(Kb)": 9895374.977777777, "user+system(%)": 29.57777777777778}