{"Disk Write(KB/s)": 128.11783333333315, "Disk Read(KB/s)": 4.001355555555557}