{"%idle": 9.546722222222224, "user+system(%)": 77.31740331491714, "%iowait": 0.5865745856353592}