Device,kB_read/s,kB_wrtn/s
loop0,0.0,0.0
sda,22.75409836065574,649.7573770491804
