Device,kB_read/s,kB_wrtn/s
loop0,0.0,0.0
sda,0.5333333333333333,155.21777777777777
