Device,kB_read/s,kB_wrtn/s
loop0,0.0,0.0
sda,4.207734806629834,204.91049723756907
