{"user+system(%)": 70.3428729281768, "%iowait": 1.8698342541436457, "%idle": 16.1825}