{"user+system(%)": 81.43888888888888, "I/O wait(%)": 1.85, "Available Memory(Kb)": 7275631.711111112, "Idle(%)": 16.68888888888889}