{"Disk Write(KB/s)": 473.8776666666666, "Disk Read(KB/s)": 571.7499999999998}