{"%idle": 41.506545454545446, "user+system(%)": 55.202342342342334, "%iowait": 2.035855855855855}