{"Available Memory(Kb)": 10044049.6, "I/O wait(%)": 2.018181818181818, "Idle(%)": 41.41818181818182, "user+system(%)": 56.54545454545455}