Device,kB_read/s,kB_wrtn/s
loop0,0.0,0.0
sda,80.45853658536585,430.5691056910569
