{"Disk Write(KB/s)": 435.1235444444443, "Disk Read(KB/s)": 103.59695555555561}