{"user+system(%)": 15.400331491712718, "%idle": 82.79944444444442, "%iowait": 1.118011049723757}