{"I/O wait(%)": 1.05, "Idle(%)": 82.84444444444445, "user+system(%)": 16.011111111111113, "Available Memory(Kb)": 2602223.0}