Device,kB_read/s,kB_wrtn/s
loop0,0.0,0.0
sda,264.2978354978355,469.46147186147186
