{"Disk Read(KB/s)": 278.814588888889, "Disk Write(KB/s)": 447.8493111111109}