{"%iowait": 3.3446961325966886, "user+system(%)": 15.0178453038674, "%idle": 80.43050000000001}