{"Idle(%)": 80.38888888888889, "user+system(%)": 16.255555555555556, "I/O wait(%)": 3.3333333333333335, "Available Memory(Kb)": 10202646.733333332}