{"Disk Write(KB/s)": 358.3086000000001, "Disk Read(KB/s)": 27.593766666666678}