{"%iowait": 1.2097297297297298, "%idle": 1.266090909090909, "user+system(%)": 93.55576576576577}