{"Disk Read(KB/s)": 36.7971333333333, "Disk Write(KB/s)": 312.2395666666667}