{"Idle(%)": 70.21818181818182, "I/O wait(%)": 2.1272727272727274, "Available Memory(Kb)": 10064935.672727272, "user+system(%)": 27.554545454545455}