{
  "AssignmentsList" : {
    "transaction" : "AssignmentsList",
    "sampleCount" : 110,
    "errorCount" : 0,
    "errorPct" : 0.0,
    "meanResTime" : 95.32727272727273,
    "medianResTime" : 84.0,
    "minResTime" : 37.0,
    "maxResTime" : 298.0,
    "pct1ResTime" : 141.40000000000003,
    "pct2ResTime" : 209.84999999999985,
    "pct3ResTime" : 296.46000000000004,
    "throughput" : 40.816326530612244,
    "receivedKBytesPerSec" : 15.617752782931355,
    "sentKBytesPerSec" : 13.27327806122449
  },
  "Get CSRF Token" : {
    "transaction" : "Get CSRF Token",
    "sampleCount" : 110,
    "errorCount" : 0,
    "errorPct" : 0.0,
    "meanResTime" : 108.44545454545455,
    "medianResTime" : 57.5,
    "minResTime" : 32.0,
    "maxResTime" : 541.0,
    "pct1ResTime" : 336.5000000000001,
    "pct2ResTime" : 438.94999999999965,
    "pct3ResTime" : 541.0,
    "throughput" : 39.04863329783458,
    "receivedKBytesPerSec" : 1304.4444860445508,
    "sentKBytesPerSec" : 5.224280040823571
  },
  "StudentCourses" : {
    "transaction" : "StudentCourses",
    "sampleCount" : 110,
    "errorCount" : 0,
    "errorPct" : 0.0,
    "meanResTime" : 165.8818181818183,
    "medianResTime" : 70.5,
    "minResTime" : 32.0,
    "maxResTime" : 1406.0,
    "pct1ResTime" : 351.0,
    "pct2ResTime" : 657.9499999999996,
    "pct3ResTime" : 1402.26,
    "throughput" : 27.093596059113302,
    "receivedKBytesPerSec" : 33.52303340517242,
    "sentKBytesPerSec" : 6.614647475369459
  },
  "GetSubmissionId" : {
    "transaction" : "GetSubmissionId",
    "sampleCount" : 411,
    "errorCount" : 6,
    "errorPct" : 1.459854,
    "meanResTime" : 5462.51581508516,
    "medianResTime" : 1316.0,
    "minResTime" : 276.0,
    "maxResTime" : 50053.0,
    "pct1ResTime" : 13446.000000000007,
    "pct2ResTime" : 37059.799999999996,
    "pct3ResTime" : 50003.88,
    "throughput" : 1.5602341490080553,
    "receivedKBytesPerSec" : 69.86449766202139,
    "sentKBytesPerSec" : 0.3641562125126223
  },
  "TestcasesResults" : {
    "transaction" : "TestcasesResults",
    "sampleCount" : 333,
    "errorCount" : 3,
    "errorPct" : 0.9009009,
    "meanResTime" : 24312.930930930946,
    "medianResTime" : 23354.0,
    "minResTime" : 4179.0,
    "maxResTime" : 70790.0,
    "pct1ResTime" : 33305.200000000004,
    "pct2ResTime" : 38600.80000000002,
    "pct3ResTime" : 62484.640000000036,
    "throughput" : 1.2078696516402363,
    "receivedKBytesPerSec" : 31.9430288147643,
    "sentKBytesPerSec" : 0.29359714033232737
  },
  "Total" : {
    "transaction" : "Total",
    "sampleCount" : 2123,
    "errorCount" : 107,
    "errorPct" : 5.0400376,
    "meanResTime" : 9263.020725388595,
    "medianResTime" : 3369.0,
    "minResTime" : 0.0,
    "maxResTime" : 79176.0,
    "pct1ResTime" : 28579.200000000004,
    "pct2ResTime" : 48431.2,
    "pct3ResTime" : 50021.84,
    "throughput" : 6.38999753188979,
    "receivedKBytesPerSec" : 187.28822304624245,
    "sentKBytesPerSec" : 3.0883269533060638
  },
  "Upload" : {
    "transaction" : "Upload",
    "sampleCount" : 420,
    "errorCount" : 85,
    "errorPct" : 20.238094,
    "meanResTime" : 15611.459523809532,
    "medianResTime" : 5244.0,
    "minResTime" : 2238.0,
    "maxResTime" : 79176.0,
    "pct1ResTime" : 50005.0,
    "pct2ResTime" : 50007.0,
    "pct3ResTime" : 73116.82000000008,
    "throughput" : 1.5278394168018685,
    "receivedKBytesPerSec" : 55.987186611033906,
    "sentKBytesPerSec" : 2.112765177902349
  },
  "Course Page" : {
    "transaction" : "Course Page",
    "sampleCount" : 110,
    "errorCount" : 0,
    "errorPct" : 0.0,
    "meanResTime" : 207.6636363636364,
    "medianResTime" : 177.5,
    "minResTime" : 80.0,
    "maxResTime" : 505.0,
    "pct1ResTime" : 359.5000000000001,
    "pct2ResTime" : 408.34999999999997,
    "pct3ResTime" : 502.03000000000003,
    "throughput" : 37.4276964954066,
    "receivedKBytesPerSec" : 1463.260781728479,
    "sentKBytesPerSec" : 10.928594972779857
  },
  "Login" : {
    "transaction" : "Login",
    "sampleCount" : 110,
    "errorCount" : 0,
    "errorPct" : 0.0,
    "meanResTime" : 4195.69090909091,
    "medianResTime" : 4131.0,
    "minResTime" : 2158.0,
    "maxResTime" : 6021.0,
    "pct1ResTime" : 5563.6,
    "pct2ResTime" : 5794.6,
    "pct3ResTime" : 6007.36,
    "throughput" : 17.432646592709986,
    "receivedKBytesPerSec" : 29.84381190570523,
    "sentKBytesPerSec" : 10.351252971473851
  },
  "RunPractice" : {
    "transaction" : "RunPractice",
    "sampleCount" : 409,
    "errorCount" : 13,
    "errorPct" : 3.1784842,
    "meanResTime" : 5482.271393643026,
    "medianResTime" : 2804.0,
    "minResTime" : 0.0,
    "maxResTime" : 50003.0,
    "pct1ResTime" : 10968.0,
    "pct2ResTime" : 19590.5,
    "pct3ResTime" : 37328.29999999999,
    "throughput" : 1.54195900424887,
    "receivedKBytesPerSec" : 42.53229802080702,
    "sentKBytesPerSec" : 0.3529397540311483
  }
}