Device,kB_read/s,kB_wrtn/s
loop0,0.0,0.0
sda,77.82295081967213,499.85573770491806
