{"Disk Read(KB/s)": 76.83166666666666, "Disk Write(KB/s)": 491.44350000000003}