{"%iowait": 1.4928828828828822, "user+system(%)": 44.61252252252251, "%idle": 52.92109090909095}