{"Available Memory(Kb)": 1449582.2545454546, "Idle(%)": 52.9, "user+system(%)": 45.663636363636364, "I/O wait(%)": 1.5}