{
  "AssignmentsList" : {
    "transaction" : "AssignmentsList",
    "sampleCount" : 75,
    "errorCount" : 0,
    "errorPct" : 0.0,
    "meanResTime" : 44.399999999999984,
    "medianResTime" : 43.0,
    "minResTime" : 34.0,
    "maxResTime" : 75.0,
    "pct1ResTime" : 55.400000000000006,
    "pct2ResTime" : 58.400000000000006,
    "pct3ResTime" : 75.0,
    "throughput" : 42.90617848970252,
    "receivedKBytesPerSec" : 16.480888872997713,
    "sentKBytesPerSec" : 13.952888122139589
  },
  "Get CSRF Token" : {
    "transaction" : "Get CSRF Token",
    "sampleCount" : 75,
    "errorCount" : 0,
    "errorPct" : 0.0,
    "meanResTime" : 45.59999999999998,
    "medianResTime" : 36.0,
    "minResTime" : 29.0,
    "maxResTime" : 164.0,
    "pct1ResTime" : 59.0,
    "pct2ResTime" : 164.0,
    "pct3ResTime" : 164.0,
    "throughput" : 38.981288981288984,
    "receivedKBytesPerSec" : 1041.756675545738,
    "sentKBytesPerSec" : 5.215270107848233
  },
  "StudentCourses" : {
    "transaction" : "StudentCourses",
    "sampleCount" : 75,
    "errorCount" : 0,
    "errorPct" : 0.0,
    "meanResTime" : 41.426666666666684,
    "medianResTime" : 39.0,
    "minResTime" : 31.0,
    "maxResTime" : 77.0,
    "pct1ResTime" : 50.400000000000006,
    "pct2ResTime" : 60.20000000000002,
    "pct3ResTime" : 77.0,
    "throughput" : 42.492917847025495,
    "receivedKBytesPerSec" : 52.576686437677054,
    "sentKBytesPerSec" : 10.37424752124646
  },
  "GetSubmissionId" : {
    "transaction" : "GetSubmissionId",
    "sampleCount" : 524,
    "errorCount" : 0,
    "errorPct" : 0.0,
    "meanResTime" : 1649.0419847328246,
    "medianResTime" : 1235.5,
    "minResTime" : 372.0,
    "maxResTime" : 12495.0,
    "pct1ResTime" : 3132.0,
    "pct2ResTime" : 4552.25,
    "pct3ResTime" : 6423.0,
    "throughput" : 1.9277250269476829,
    "receivedKBytesPerSec" : 84.41590509380185,
    "sentKBytesPerSec" : 0.4499280092192346
  },
  "TestcasesResults" : {
    "transaction" : "TestcasesResults",
    "sampleCount" : 481,
    "errorCount" : 0,
    "errorPct" : 0.0,
    "meanResTime" : 19932.48024948027,
    "medianResTime" : 20047.0,
    "minResTime" : 10042.0,
    "maxResTime" : 28469.0,
    "pct1ResTime" : 22896.0,
    "pct2ResTime" : 24330.0,
    "pct3ResTime" : 25797.38,
    "throughput" : 1.712798270821538,
    "receivedKBytesPerSec" : 49.59019476403622,
    "sentKBytesPerSec" : 0.41649098577594035
  },
  "Total" : {
    "transaction" : "Total",
    "sampleCount" : 2430,
    "errorCount" : 0,
    "errorPct" : 0.0,
    "meanResTime" : 5874.860493827151,
    "medianResTime" : 2339.5,
    "minResTime" : 29.0,
    "maxResTime" : 33685.0,
    "pct1ResTime" : 20291.6,
    "pct2ResTime" : 21884.05,
    "pct3ResTime" : 25190.210000000006,
    "throughput" : 7.5483185576809575,
    "receivedKBytesPerSec" : 247.16991747035811,
    "sentKBytesPerSec" : 3.7388190046004364
  },
  "Upload" : {
    "transaction" : "Upload",
    "sampleCount" : 527,
    "errorCount" : 0,
    "errorPct" : 0.0,
    "meanResTime" : 4106.933586337758,
    "medianResTime" : 2435.0,
    "minResTime" : 1100.0,
    "maxResTime" : 33685.0,
    "pct1ResTime" : 7519.199999999997,
    "pct2ResTime" : 16173.399999999989,
    "pct3ResTime" : 29108.12000000002,
    "throughput" : 1.90861811702328,
    "receivedKBytesPerSec" : 84.03666280657406,
    "sentKBytesPerSec" : 2.615292208483029
  },
  "Course Page" : {
    "transaction" : "Course Page",
    "sampleCount" : 75,
    "errorCount" : 0,
    "errorPct" : 0.0,
    "meanResTime" : 88.75999999999998,
    "medianResTime" : 79.0,
    "minResTime" : 65.0,
    "maxResTime" : 195.0,
    "pct1ResTime" : 119.80000000000004,
    "pct2ResTime" : 152.4,
    "pct3ResTime" : 195.0,
    "throughput" : 41.597337770382694,
    "receivedKBytesPerSec" : 1346.4614098031059,
    "sentKBytesPerSec" : 12.146097649750416
  },
  "Login" : {
    "transaction" : "Login",
    "sampleCount" : 75,
    "errorCount" : 0,
    "errorPct" : 0.0,
    "meanResTime" : 129.35999999999996,
    "medianResTime" : 121.0,
    "minResTime" : 92.0,
    "maxResTime" : 242.0,
    "pct1ResTime" : 173.60000000000005,
    "pct2ResTime" : 203.80000000000004,
    "pct3ResTime" : 242.0,
    "throughput" : 40.58441558441558,
    "receivedKBytesPerSec" : 69.46751978490259,
    "sentKBytesPerSec" : 24.087484780844154
  },
  "RunPractice" : {
    "transaction" : "RunPractice",
    "sampleCount" : 523,
    "errorCount" : 0,
    "errorPct" : 0.0,
    "meanResTime" : 3123.747609942637,
    "medianResTime" : 2602.0,
    "minResTime" : 2122.0,
    "maxResTime" : 11214.0,
    "pct1ResTime" : 4414.6,
    "pct2ResTime" : 6008.399999999985,
    "pct3ResTime" : 9083.96,
    "throughput" : 1.9193717085344146,
    "receivedKBytesPerSec" : 54.359371272730606,
    "sentKBytesPerSec" : 0.4517271306218691
  }
}