Device,kB_read/s,kB_wrtn/s
loop0,0.0,0.0
sda,44.011428571428574,273.5542857142857
