{"Disk Write(KB/s)": 252.98563333333334, "Disk Read(KB/s)": 46.18149999999996}