{"user+system(%)": 42.409909909909906, "%idle": 53.30836363636362, "%iowait": 2.4920720720720717}