{"Idle(%)": 53.70909090909091, "I/O wait(%)": 2.463636363636364, "user+system(%)": 43.81818181818182, "Available Memory(Kb)": 10061217.563636364}