{"Disk Write(KB/s)": 120.98017777777773, "Disk Read(KB/s)": 1.5331000000000001}