{"user+system(%)": 3.7633701657458554, "%iowait": 0.38232044198894966, "%idle": 94.21227777777773}