{"user+system(%)": 5.377777777777778, "Idle(%)": 94.28333333333333, "I/O wait(%)": 0.3333333333333333, "Available Memory(Kb)": 8088441.866666666}