Device,kB_read/s,kB_wrtn/s
loop0,0.0,0.0
sda,590.8203389830509,38.19661016949153
