{"Disk Write(KB/s)": 36.65783333333333, "Disk Read(KB/s)": 537.0091666666667}