{"%iowait": 1.1260360360360364, "%sys": 9.414054054054052, "%idle": 75.4192727272727, "user+system(%)": 21.84009009009008, "%guest": 0.0}