{"Available Memory(Kb)": 10576859.818181818, "I/O wait(%)": 1.2272727272727273, "Idle(%)": 75.0, "sys(%)": 9.845454545454546, "user+system(%)": 24.163636363636364}