Device,kB_read/s,kB_wrtn/s
loop0,0.0,0.0
sda,0.09230769230769231,378.589010989011
