{"%idle": 83.7790555555555, "user+system(%)": 13.034198895027627, "%iowait": 1.4156353591160225}