{"I/O wait(%)": 1.4, "user+system(%)": 14.7, "Available Memory(Kb)": 7477986.111111111, "Idle(%)": 83.88888888888889}