,,,IO%,IO%,IO%,SWAPIN%,SWAPIN%,SWAPIN%
,,,mean,min,max,mean,min,max
TID,USER,COMMAND,,,,,,
130796,999,postgres:,0.09999999999999999,0.0,0.7,0.0,0.0,0.0
130798,999,postgres:,0.32666666666666666,0.3,0.35,0.0,0.0,0.0
130800,999,postgres:,0.0,0.0,0.0,0.0,0.0,0.0
1506,syslog,rsyslogd,0.0,0.0,0.0,0.0,0.0,0.0
3370,root,dockerd,0.0,0.0,0.0,0.0,0.0,0.0
472,root,[jbd2/sda1-8],0.4915254237288137,0.15,2.5,0.0,0.0,0.0
