{"user+system(%)": 91.25099099099106, "%idle": 7.1492727272727254, "%iowait": 0.007207207207207208}