{"I/O wait(%)": 0.0, "Idle(%)": 7.5636363636363635, "Available Memory(Kb)": 6653812.581818182, "user+system(%)": 92.36363636363636}