{"%iowait": 0.25288288288288296, "user+system(%)": 95.62288288288288, "%idle": 1.7734545454545456}