{"user+system(%)": 98.0, "I/O wait(%)": 0.20909090909090908, "Available Memory(Kb)": 1100532.4363636363, "Idle(%)": 1.7181818181818183}