Device,kB_read/s,kB_wrtn/s
loop0,0.0,0.0
sda,82.10322580645162,867.2387096774194
