{"Disk Write(KB/s)": 847.2135000000001, "Disk Read(KB/s)": 81.66416666666665}