{"%iowait": 0.2830630630630631, "user+system(%)": 96.50243243243241, "%idle": 1.3420909090909097}