{"I/O wait(%)": 0.2636363636363636, "Idle(%)": 1.4090909090909092, "user+system(%)": 98.26363636363637, "Available Memory(Kb)": 2795208.909090909}