{
  "AssignmentsList" : {
    "transaction" : "AssignmentsList",
    "sampleCount" : 20,
    "errorCount" : 0,
    "errorPct" : 0.0,
    "meanResTime" : 33.050000000000004,
    "medianResTime" : 34.0,
    "minResTime" : 26.0,
    "maxResTime" : 40.0,
    "pct1ResTime" : 39.0,
    "pct2ResTime" : 39.95,
    "pct3ResTime" : 40.0,
    "throughput" : 82.64462809917356,
    "receivedKBytesPerSec" : 32.04093491735537,
    "sentKBytesPerSec" : 26.71423037190083
  },
  "Get CSRF Token" : {
    "transaction" : "Get CSRF Token",
    "sampleCount" : 20,
    "errorCount" : 0,
    "errorPct" : 0.0,
    "meanResTime" : 59.449999999999996,
    "medianResTime" : 32.5,
    "minResTime" : 27.0,
    "maxResTime" : 135.0,
    "pct1ResTime" : 135.0,
    "pct2ResTime" : 135.0,
    "pct3ResTime" : 135.0,
    "throughput" : 49.87531172069826,
    "receivedKBytesPerSec" : 1332.9566708229427,
    "sentKBytesPerSec" : 6.575358478802992
  },
  "StudentCourses" : {
    "transaction" : "StudentCourses",
    "sampleCount" : 20,
    "errorCount" : 0,
    "errorPct" : 0.0,
    "meanResTime" : 36.45,
    "medianResTime" : 32.0,
    "minResTime" : 27.0,
    "maxResTime" : 62.0,
    "pct1ResTime" : 54.60000000000001,
    "pct2ResTime" : 61.64999999999999,
    "pct3ResTime" : 62.0,
    "throughput" : 74.90636704119851,
    "receivedKBytesPerSec" : 93.4135065543071,
    "sentKBytesPerSec" : 18.14138576779026
  },
  "GetSubmissionId" : {
    "transaction" : "GetSubmissionId",
    "sampleCount" : 241,
    "errorCount" : 0,
    "errorPct" : 0.0,
    "meanResTime" : 533.4896265560162,
    "medianResTime" : 442.0,
    "minResTime" : 272.0,
    "maxResTime" : 1690.0,
    "pct1ResTime" : 1012.8,
    "pct2ResTime" : 1157.6,
    "pct3ResTime" : 1426.2799999999988,
    "throughput" : 0.8948163769961646,
    "receivedKBytesPerSec" : 38.098809477674145,
    "sentKBytesPerSec" : 0.20710105600399512
  },
  "TestcasesResults" : {
    "transaction" : "TestcasesResults",
    "sampleCount" : 240,
    "errorCount" : 1,
    "errorPct" : 0.41666666,
    "meanResTime" : 5500.183333333336,
    "medianResTime" : 5356.0,
    "minResTime" : 5229.0,
    "maxResTime" : 8373.0,
    "pct1ResTime" : 5859.9,
    "pct2ResTime" : 6172.749999999999,
    "pct3ResTime" : 7841.510000000005,
    "throughput" : 0.9169544884922212,
    "receivedKBytesPerSec" : 26.482317971400573,
    "sentKBytesPerSec" : 0.22114960303511935
  },
  "Total" : {
    "transaction" : "Total",
    "sampleCount" : 1063,
    "errorCount" : 1,
    "errorPct" : 0.09407338,
    "meanResTime" : 2087.9934148635953,
    "medianResTime" : 1158.0,
    "minResTime" : 26.0,
    "maxResTime" : 8373.0,
    "pct1ResTime" : 5378.6,
    "pct2ResTime" : 5665.799999999999,
    "pct3ResTime" : 6238.7199999999975,
    "throughput" : 3.54832464333162,
    "receivedKBytesPerSec" : 118.78803918553767,
    "sentKBytesPerSec" : 1.6988513060455042
  },
  "Upload" : {
    "transaction" : "Upload",
    "sampleCount" : 241,
    "errorCount" : 0,
    "errorPct" : 0.0,
    "meanResTime" : 912.1618257261408,
    "medianResTime" : 788.0,
    "minResTime" : 519.0,
    "maxResTime" : 2749.0,
    "pct1ResTime" : 1480.8,
    "pct2ResTime" : 1867.5999999999992,
    "pct3ResTime" : 2277.8199999999997,
    "throughput" : 0.893148329330843,
    "receivedKBytesPerSec" : 38.222976617163646,
    "sentKBytesPerSec" : 1.1385267036526432
  },
  "Course Page" : {
    "transaction" : "Course Page",
    "sampleCount" : 20,
    "errorCount" : 0,
    "errorPct" : 0.0,
    "meanResTime" : 78.80000000000001,
    "medianResTime" : 77.0,
    "minResTime" : 58.0,
    "maxResTime" : 119.0,
    "pct1ResTime" : 113.90000000000002,
    "pct2ResTime" : 118.8,
    "pct3ResTime" : 119.0,
    "throughput" : 68.72852233676977,
    "receivedKBytesPerSec" : 2225.4584138745704,
    "sentKBytesPerSec" : 19.933956185567013
  },
  "Login" : {
    "transaction" : "Login",
    "sampleCount" : 20,
    "errorCount" : 0,
    "errorPct" : 0.0,
    "meanResTime" : 128.14999999999998,
    "medianResTime" : 115.0,
    "minResTime" : 89.0,
    "maxResTime" : 238.0,
    "pct1ResTime" : 203.9000000000001,
    "pct2ResTime" : 236.49999999999997,
    "pct3ResTime" : 238.0,
    "throughput" : 56.33802816901409,
    "receivedKBytesPerSec" : 96.55589788732395,
    "sentKBytesPerSec" : 33.34066901408451
  },
  "RunPractice" : {
    "transaction" : "RunPractice",
    "sampleCount" : 241,
    "errorCount" : 0,
    "errorPct" : 0.0,
    "meanResTime" : 2258.8091286307053,
    "medianResTime" : 2140.0,
    "minResTime" : 2074.0,
    "maxResTime" : 3836.0,
    "pct1ResTime" : 2588.8,
    "pct2ResTime" : 2840.6,
    "pct3ResTime" : 3425.0399999999977,
    "throughput" : 0.8914238368953299,
    "receivedKBytesPerSec" : 25.266554452680563,
    "sentKBytesPerSec" : 0.20892746177234295
  }
}