Device,kB_read/s,kB_wrtn/s
loop0,0.0,0.0
sda,58.376119402985076,278.44776119402985
