{"Disk Write(KB/s)": 256.9296333333333, "Disk Read(KB/s)": 60.50983333333338}