{"%iowait": 1.1531531531531525, "%idle": 87.39399999999999, "user+system(%)": 10.820900900900895}