{"I/O wait(%)": 1.2545454545454546, "Idle(%)": 87.31818181818181, "Available Memory(Kb)": 5387119.30909091, "user+system(%)": 11.436363636363636}