{"%iowait": 0.14917127071823205, "user+system(%)": 78.69535911602215, "%idle": 9.483500000000001}