{"user+system(%)": 89.86111111111111, "Available Memory(Kb)": 6317332.422222222, "I/O wait(%)": 0.11666666666666667, "Idle(%)": 9.994444444444444}