{"user+system(%)": 30.67375690607737, "%iowait": 1.7353591160220996, "%idle": 61.31816666666663}