Device,kB_read/s,kB_wrtn/s
loop0,0.0,0.0
sda,14.648275862068965,101.06206896551724
