{"Disk Read(KB/s)": 13.970499999999998, "Disk Write(KB/s)": 97.82050000000001}