{"user+system(%)": 4.380540540540539, "%idle": 95.20881818181823, "%iowait": 0.19072072072072074}