{"user+system(%)": 4.5181818181818185, "Available Memory(Kb)": 6650127.090909091, "I/O wait(%)": 0.16363636363636364, "Idle(%)": 95.19090909090909}