{"Disk Write(KB/s)": 779.4541666666664, "Disk Read(KB/s)": 537.2195666666665}