{"Available Memory(Kb)": 5549505.490909091, "user+system(%)": 61.1, "I/O wait(%)": 3.0727272727272728, "Idle(%)": 35.88181818181818}