{"%guest": 0.0, "%idle": 0.2551818181818182, "%sys": 7.53036036036036, "%iowait": 0.2979279279279279, "user+system(%)": 96.96099099099101}