{"Idle(%)": 0.23636363636363636, "user+system(%)": 99.77272727272727, "Available Memory(Kb)": 9425652.909090908, "sys(%)": 8.409090909090908, "I/O wait(%)": 0.2909090909090909}