{"Disk Read(KB/s)": 401.26733333333345, "Disk Write(KB/s)": 877.6815000000001}