{"user+system(%)": 96.72144144144147, "%iowait": 0.21207207207207207, "%idle": 1.1192727272727276}