Device,kB_read/s,kB_wrtn/s
loop0,0.0,0.0
sda,8.340983606557376,762.8983606557377
