{"Disk Write(KB/s)": 747.0043333333331, "Disk Read(KB/s)": 8.325333333333333}