{"user+system(%)": 97.85621621621621, "%idle": 0.261909090909091, "%iowait": 0.05540540540540541}