{"Idle(%)": 0.23636363636363636, "user+system(%)": 99.7, "Available Memory(Kb)": 2463947.8545454545, "I/O wait(%)": 0.03636363636363636}