{"Disk Read(KB/s)": 820.6615333333336, "Disk Write(KB/s)": 604.4336555555553}