{"I/O wait(%)": 7.2555555555555555, "Available Memory(Kb)": 6907528.977777778, "Idle(%)": 36.705555555555556, "user+system(%)": 56.06111111111111}