Device,kB_read/s,kB_wrtn/s
loop0,0.0,0.0
sda,80.91612903225807,556.3870967741935
