{"Disk Read(KB/s)": 70.68066666666667, "Disk Write(KB/s)": 547.3539999999999}