{"%idle": 75.42345454545453, "user+system(%)": 0.9652252252252246, "%iowait": 2.0298198198198163}