{"Idle(%)": 75.42727272727272, "I/O wait(%)": 2.118181818181818, "user+system(%)": 22.727272727272727, "Available Memory(Kb)": 4940174.4}