{"sys(%)": 6.245454545454545, "user+system(%)": 99.74545454545455, "Available Memory(Kb)": 1873283.2363636363, "Idle(%)": 0.36363636363636365, "I/O wait(%)": 0.23636363636363636}