Device,kB_read/s,kB_wrtn/s
loop0,0.0,0.0
sda,41.84516129032258,786.2967741935483
