{"Disk Read(KB/s)": 39.74686666666667, "Disk Write(KB/s)": 765.5406000000002}