{"user+system(%)": 81.46612612612611, "%iowait": 1.1305405405405404, "%idle": 15.232000000000006}