{"Available Memory(Kb)": 8418657.6, "I/O wait(%)": 1.0909090909090908, "user+system(%)": 83.39090909090909, "Idle(%)": 15.381818181818181}