Device,kB_read/s,kB_wrtn/s
loop0,0.0,0.0
sda,6.718552036199095,442.8524886877828
