{"Disk Read(KB/s)": 7.590966666666676, "Disk Write(KB/s)": 436.2360777777781}