{"user+system(%)": 16.033977900552493, "%iowait": 1.1545303867403314, "%idle": 82.11133333333338}