{"user+system(%)": 16.566666666666666, "Idle(%)": 82.18333333333334, "I/O wait(%)": 1.1277777777777778, "Available Memory(Kb)": 9672046.711111112}