Device,kB_read/s,kB_wrtn/s
loop0,0.0,0.0
sda,210.88358208955225,388.934328358209
