{"Disk Write(KB/s)": 412.87302222222235, "Disk Read(KB/s)": 227.32666666666685}