{"%iowait": 4.623370165745853, "%idle": 59.21611111111114, "user+system(%)": 32.89895027624309}