{"Available Memory(Kb)": 10754433.044444444, "Idle(%)": 59.416666666666664, "I/O wait(%)": 4.666666666666667, "user+system(%)": 35.87777777777778}