Device,kB_read/s,kB_wrtn/s
loop0,0.0,0.0
sda,67.77627118644068,428.0915254237288
