{"Disk Read(KB/s)": 73.8275777777778, "Disk Write(KB/s)": 446.06946666666664}