{"user+system(%)": 14.455801104972371, "%iowait": 1.4393370165745856, "%idle": 82.91349999999996}