{"user+system(%)": 15.566666666666666, "I/O wait(%)": 1.4222222222222223, "Available Memory(Kb)": 11261377.288888888, "Idle(%)": 83.0111111111111}