Device,kB_read/s,kB_wrtn/s
loop0,0.0,0.0
sda,0.5508196721311476,158.05901639344262
