{"Disk Read(KB/s)": 0.4906666666666668, "Disk Write(KB/s)": 155.46566666666666}