{"%idle": 0.06854545454545453, "user+system(%)": 96.47432432432434, "%sys": 10.830990990990992, "%iowait": 0.17639639639639643, "%guest": 0.0}