{"user+system(%)": 99.99090909090908, "I/O wait(%)": 0.2, "sys(%)": 12.0, "Idle(%)": 0.07272727272727272, "Available Memory(Kb)": 9749055.854545455}