{"Disk Write(KB/s)": 1146.526166666667, "Disk Read(KB/s)": 868.0321666666664}