{"%idle": 1.8599090909090916, "%iowait": 2.4900900900900824, "user+system(%)": 93.55630630630633}