{"I/O wait(%)": 0.8722222222222222, "user+system(%)": 92.40555555555555, "Idle(%)": 6.711111111111111, "Available Memory(Kb)": 7283068.622222222}