Device,kB_read/s,kB_wrtn/s
loop0,0.0,0.0
sda,8.931147540983607,34.16393442622951
