{"Disk Read(KB/s)": 8.847833333333325, "Disk Write(KB/s)": 33.953833333333314}