{"%idle": 74.34445454545457, "user+system(%)": 24.950000000000024, "%iowait": 0.02711711711711711}