{"Available Memory(Kb)": 2990562.327272727, "Idle(%)": 74.25454545454545, "user+system(%)": 25.7, "I/O wait(%)": 0.0}