Device,kB_read/s,kB_wrtn/s
loop0,0.0,0.0
sda,1333.1147540983607,243.27868852459017
