{"%iowait": 3.6532432432432453, "%idle": 80.02000000000004, "user+system(%)": 4.763693693693693, "%guest": 11.279729729729727, "%sys": 2.298918918918917}