{"sys(%)": 2.2636363636363637, "Available Memory(Kb)": 2157166.8363636364, "I/O wait(%)": 3.8636363636363638, "Idle(%)": 79.71818181818182, "user+system(%)": 16.40909090909091}