Device,kB_read/s,kB_wrtn/s
loop0,0.0,0.0
sda,0.26519337016574585,75.95138121546961
