Device,kB_read/s,kB_wrtn/s
loop0,0.0,0.0
sda,18.804597701149426,193.42988505747127
