{"Disk Read(KB/s)": 15.60808888888889, "Disk Write(KB/s)": 176.4789222222222}