{"%idle": 55.73555555555556, "%iowait": 2.313480662983426, "user+system(%)": 35.67817679558011}