Device,kB_read/s,kB_wrtn/s
loop0,0.0,0.0
sda,2.66046511627907,772.9302325581396
