{"Disk Read(KB/s)": 2.6894666666666662, "Disk Write(KB/s)": 736.2221000000001}