{"%idle": 32.661727272727276, "user+system(%)": 62.55171171171172, "%iowait": 2.2545045045045065}