{"user+system(%)": 65.66363636363636, "Available Memory(Kb)": 4133028.581818182, "Idle(%)": 32.07272727272727, "I/O wait(%)": 2.2636363636363637}