Device,kB_read/s,kB_wrtn/s
loop0,0.0,0.0
sda,6.631111111111111,139.21777777777777
