{"Disk Read(KB/s)": 5.554533333333333, "Disk Write(KB/s)": 133.7677555555555}