{"user+system(%)": 30.905555555555555, "I/O wait(%)": 1.2555555555555555, "Idle(%)": 67.73333333333333, "Available Memory(Kb)": 9321391.711111112}