Device,kB_read/s,kB_wrtn/s
loop0,0.0,0.0
sda,16.761290322580646,599.7806451612903
