{"Disk Write(KB/s)": 594.7551666666666, "Disk Read(KB/s)": 17.01166666666666}