{"%guest": 0.0, "%sys": 5.137117117117119, "%idle": 8.003454545454538, "%iowait": 0.4035135135135138, "user+system(%)": 90.0222522522523}