{"sys(%)": 5.790909090909091, "Available Memory(Kb)": 7259731.418181818, "user+system(%)": 91.21818181818182, "Idle(%)": 8.318181818181818, "I/O wait(%)": 0.37272727272727274}