Device,kB_read/s,kB_wrtn/s
loop0,0.0,0.0
sda,0.7868852459016393,296.327868852459
