{"Disk Read(KB/s)": 18.779255555555554, "Disk Write(KB/s)": 72.28486666666664}