{"user+system(%)": 8.436077348066297, "%iowait": 0.8163535911602204, "%idle": 83.21216666666668}