Device,kB_read/s,kB_wrtn/s
loop0,0.0,0.0
sda,77.44848484848485,464.4818181818182
