{"Disk Read(KB/s)": 87.57266666666665, "Disk Write(KB/s)": 469.76985555555564}