{"%idle": 73.82894444444449, "user+system(%)": 23.214088397790047, "%iowait": 1.5693922651933696}