{"I/O wait(%)": 1.5222222222222221, "user+system(%)": 24.738888888888887, "Idle(%)": 73.75555555555556, "Available Memory(Kb)": 9098425.844444444}