Device,kB_read/s,kB_wrtn/s
loop0,0.0,0.0
sda,48.37557251908397,328.14351145038165
