{"Disk Write(KB/s)": 342.33404444444477, "Disk Read(KB/s)": 59.07173333333336}