{"%iowait": 1.6067955801104965, "user+system(%)": 27.84060773480663, "%idle": 67.50205555555554}