{"Available Memory(Kb)": 11510339.444444444, "Idle(%)": 67.57222222222222, "user+system(%)": 30.866666666666667, "I/O wait(%)": 1.5444444444444445}