Device,kB_read/s,kB_wrtn/s
loop0,0.0,0.0
sda,8.574585635359115,87.79226519337017
