{"%iowait": 0.3927071823204412, "user+system(%)": 3.7168508287292825, "%idle": 93.32250000000006}