{"I/O wait(%)": 0.37222222222222223, "user+system(%)": 6.322222222222222, "Idle(%)": 93.5111111111111, "Available Memory(Kb)": 9661573.6}