Device,kB_read/s,kB_wrtn/s
loop0,0.0,0.0
sda,1.2906077348066298,471.64198895027624
