{"Disk Write(KB/s)": 439.1048444444442, "Disk Read(KB/s)": 1.1081000000000003}