{"user+system(%)": 57.28386740331487, "%iowait": 1.9406077348066304, "%idle": 36.566388888888916}