{"Idle(%)": 36.57222222222222, "Available Memory(Kb)": 7194931.644444444, "I/O wait(%)": 1.9444444444444444, "user+system(%)": 61.522222222222226}