Device,kB_read/s,kB_wrtn/s
loop0,0.0,0.0
sda,388.0761904761905,888.6984126984127
