{"Disk Read(KB/s)": 367.34196666666656, "Disk Write(KB/s)": 858.0281999999999}