Device,kB_read/s,kB_wrtn/s
loop0,0.0,0.0
sda,49.101639344262296,692.432786885246
