{"Disk Write(KB/s)": 673.2847000000002, "Disk Read(KB/s)": 47.490033333333315}