{"%idle": 23.68327272727273, "%iowait": 2.586666666666666, "user+system(%)": 71.55882882882882}