Device,kB_read/s,kB_wrtn/s
loop0,0.0,0.0
sda,0.5524861878453039,80.04419889502762
