{"Disk Read(KB/s)": 0.4771333333333334, "Disk Write(KB/s)": 88.71857777777781}