{"user+system(%)": 4.426408839779004, "%iowait": 0.28226519337016587, "%idle": 92.04583333333335}