{"Available Memory(Kb)": 7239649.577777778, "user+system(%)": 7.788888888888889, "Idle(%)": 92.01666666666667, "I/O wait(%)": 0.22777777777777777}