Device,kB_read/s,kB_wrtn/s
loop0,0.0,0.0
sda,112.66298342541437,352.17237569060774
