{"I/O wait(%)": 2.3, "Available Memory(Kb)": 8466241.8, "user+system(%)": 78.17777777777778, "Idle(%)": 19.58888888888889}