Device,kB_read/s,kB_wrtn/s
loop0,0.0,0.0
sda,38.662295081967216,538.3737704918033
Device,kB_read/s,kB_wrtn/s
loop0,0.0,0.0
sda,38.662295081967216,538.3737704918033
