{"Disk Read(KB/s)": 38.13910000000001, "Disk Write(KB/s)": 534.7731333333336}