{"%idle": 1.5888181818181817, "%guest": 0.0, "%iowait": 0.9494594594594594, "%sys": 9.230900900900897, "user+system(%)": 94.65126126126128}