{"I/O wait(%)": 0.9454545454545454, "Idle(%)": 1.5818181818181818, "Available Memory(Kb)": 9822688.545454545, "user+system(%)": 97.46363636363637, "sys(%)": 10.290909090909091}