Device,kB_read/s,kB_wrtn/s
loop0,0.0,0.0
sda,93.8475138121547,239.7878453038674
