{"%idle": 69.16783333333333, "user+system(%)": 24.63337016574585, "%iowait": 1.8335359116022065}