Device,kB_read/s,kB_wrtn/s
loop0,0.0,0.0
sda,582.8983606557377,514.9508196721312
