{"%idle": 67.2891818181818, "%iowait": 2.2810810810810795, "user+system(%)": 29.273243243243243}