Device,kB_read/s,kB_wrtn/s
loop0,0.0,0.0
sda,109.92058823529412,429.3735294117647
