{"Disk Read(KB/s)": 139.47764444444456, "Disk Write(KB/s)": 447.74682222222185}