{"user+system(%)": 15.010552486187851, "%idle": 82.18538888888894, "%iowait": 1.5719889502762425}