{"Available Memory(Kb)": 11180664.688888889, "Idle(%)": 82.3, "user+system(%)": 16.2, "I/O wait(%)": 1.5055555555555555}