{
  "AssignmentsList" : {
    "transaction" : "AssignmentsList",
    "sampleCount" : 180,
    "errorCount" : 5,
    "errorPct" : 2.7777777,
    "meanResTime" : 54.92222222222222,
    "medianResTime" : 38.0,
    "minResTime" : 0.0,
    "maxResTime" : 1035.0,
    "pct1ResTime" : 87.0,
    "pct2ResTime" : 102.84999999999997,
    "pct3ResTime" : 538.4699999999987,
    "throughput" : 19.249278152069298,
    "receivedKBytesPerSec" : 7.83631095604748,
    "sentKBytesPerSec" : 6.049340478291091
  },
  "Get CSRF Token" : {
    "transaction" : "Get CSRF Token",
    "sampleCount" : 180,
    "errorCount" : 0,
    "errorPct" : 0.0,
    "meanResTime" : 5338.916666666667,
    "medianResTime" : 6787.5,
    "minResTime" : 40.0,
    "maxResTime" : 9165.0,
    "pct1ResTime" : 7348.3,
    "pct2ResTime" : 7521.0,
    "pct3ResTime" : 7921.649999999997,
    "throughput" : 18.67801182940749,
    "receivedKBytesPerSec" : 499.16895412861885,
    "sentKBytesPerSec" : 2.4624332001660267
  },
  "StudentCourses" : {
    "transaction" : "StudentCourses",
    "sampleCount" : 180,
    "errorCount" : 1,
    "errorPct" : 0.5555556,
    "meanResTime" : 104.92222222222223,
    "medianResTime" : 55.5,
    "minResTime" : 22.0,
    "maxResTime" : 2341.0,
    "pct1ResTime" : 176.60000000000002,
    "pct2ResTime" : 256.9,
    "pct3ResTime" : 2142.5499999999993,
    "throughput" : 18.645121193287757,
    "receivedKBytesPerSec" : 34.10543880774809,
    "sentKBytesPerSec" : 4.584806168427595
  },
  "GetSubmissionId" : {
    "transaction" : "GetSubmissionId",
    "sampleCount" : 972,
    "errorCount" : 24,
    "errorPct" : 2.4691358,
    "meanResTime" : 2852.7644032921844,
    "medianResTime" : 1568.0,
    "minResTime" : 0.0,
    "maxResTime" : 50011.0,
    "pct1ResTime" : 3942.6000000000013,
    "pct2ResTime" : 5705.399999999994,
    "pct3ResTime" : 50003.0,
    "throughput" : 3.544237332633237,
    "receivedKBytesPerSec" : 155.89085739686342,
    "sentKBytesPerSec" : 0.8143896274995625
  },
  "TestcasesResults" : {
    "transaction" : "TestcasesResults",
    "sampleCount" : 869,
    "errorCount" : 13,
    "errorPct" : 1.4959724,
    "meanResTime" : 12866.126582278492,
    "medianResTime" : 12040.0,
    "minResTime" : 3595.0,
    "maxResTime" : 124201.0,
    "pct1ResTime" : 16200.0,
    "pct2ResTime" : 17347.5,
    "pct3ResTime" : 57232.59999999998,
    "throughput" : 3.187505272771956,
    "receivedKBytesPerSec" : 91.02961862155068,
    "sentKBytesPerSec" : 0.7710855858003792
  },
  "Total" : {
    "transaction" : "Total",
    "sampleCount" : 4693,
    "errorCount" : 192,
    "errorPct" : 4.0912,
    "meanResTime" : 6201.942680588114,
    "medianResTime" : 2729.0,
    "minResTime" : 0.0,
    "maxResTime" : 124201.0,
    "pct1ResTime" : 13344.400000000003,
    "pct2ResTime" : 16666.000000000007,
    "pct3ResTime" : 55196.26000000001,
    "throughput" : 14.73441630612924,
    "receivedKBytesPerSec" : 455.51785192527774,
    "sentKBytesPerSec" : 7.200147058650387
  },
  "Upload" : {
    "transaction" : "Upload",
    "sampleCount" : 985,
    "errorCount" : 110,
    "errorPct" : 11.167513,
    "meanResTime" : 10502.327918781712,
    "medianResTime" : 3264.0,
    "minResTime" : 0.0,
    "maxResTime" : 76612.0,
    "pct1ResTime" : 50004.0,
    "pct2ResTime" : 50005.0,
    "pct3ResTime" : 71836.65999999999,
    "throughput" : 3.582208968251082,
    "receivedKBytesPerSec" : 144.2421524109448,
    "sentKBytesPerSec" : 4.94686423177983
  },
  "Course Page" : {
    "transaction" : "Course Page",
    "sampleCount" : 180,
    "errorCount" : 8,
    "errorPct" : 4.4444447,
    "meanResTime" : 216.6333333333332,
    "medianResTime" : 78.5,
    "minResTime" : 0.0,
    "maxResTime" : 2439.0,
    "pct1ResTime" : 561.3000000000005,
    "pct2ResTime" : 832.95,
    "pct3ResTime" : 2219.4899999999993,
    "throughput" : 18.62004758456605,
    "receivedKBytesPerSec" : 577.4509930692045,
    "sentKBytesPerSec" : 5.16051709423813
  },
  "Login" : {
    "transaction" : "Login",
    "sampleCount" : 180,
    "errorCount" : 6,
    "errorPct" : 3.3333333,
    "meanResTime" : 530.6555555555558,
    "medianResTime" : 259.0,
    "minResTime" : 13.0,
    "maxResTime" : 2030.0,
    "pct1ResTime" : 1468.7,
    "pct2ResTime" : 1516.8999999999996,
    "pct3ResTime" : 1961.9599999999998,
    "throughput" : 17.147756501857675,
    "receivedKBytesPerSec" : 29.65663180551586,
    "sentKBytesPerSec" : 9.843028067543107
  },
  "RunPractice" : {
    "transaction" : "RunPractice",
    "sampleCount" : 967,
    "errorCount" : 25,
    "errorPct" : 2.5853155,
    "meanResTime" : 3808.773526370216,
    "medianResTime" : 2854.0,
    "minResTime" : 0.0,
    "maxResTime" : 50004.0,
    "pct1ResTime" : 6631.6,
    "pct2ResTime" : 7842.799999999994,
    "pct3ResTime" : 12000.559999999941,
    "throughput" : 3.554167049526785,
    "receivedKBytesPerSec" : 98.30550299205183,
    "sentKBytesPerSec" : 0.8149177616466048
  }
}