Device,kB_read/s,kB_wrtn/s
loop0,0.0,0.0
sda,0.07407407407407407,18.42962962962963
