{"user+system(%)": 0.8417529880478085, "%iowait": 0.1397211155378486, "%idle": 98.89984000000004}