Device,kB_read/s,kB_wrtn/s
loop0,0.0,0.0
sda,35.12970711297071,431.1531380753138
