{"Disk Read(KB/s)": 38.45892222222229, "Disk Write(KB/s)": 456.6445111111111}