{"%iowait": 1.4620994475138127, "%idle": 83.39122222222225, "user+system(%)": 13.965966850828737}