{"Idle(%)": 83.46111111111111, "user+system(%)": 15.05, "I/O wait(%)": 1.4111111111111112, "Available Memory(Kb)": 10244212.733333332}