{
  "Login_user1" : {
    "transaction" : "Login_user1",
    "sampleCount" : 1,
    "errorCount" : 0,
    "errorPct" : 0.0,
    "meanResTime" : 119.0,
    "medianResTime" : 119.0,
    "minResTime" : 119.0,
    "maxResTime" : 119.0,
    "pct1ResTime" : 119.0,
    "pct2ResTime" : 119.0,
    "pct3ResTime" : 119.0,
    "throughput" : 8.403361344537815,
    "receivedKBytesPerSec" : 14.369419642857144,
    "sentKBytesPerSec" : 4.940257352941177
  },
  "Upload_2_user1-0" : {
    "transaction" : "Upload_2_user1-0",
    "sampleCount" : 2,
    "errorCount" : 0,
    "errorPct" : 0.0,
    "meanResTime" : 290.0,
    "medianResTime" : 290.0,
    "minResTime" : 288.0,
    "maxResTime" : 292.0,
    "pct1ResTime" : 292.0,
    "pct2ResTime" : 292.0,
    "pct3ResTime" : 292.0,
    "throughput" : 0.015485989051405743,
    "receivedKBytesPerSec" : 0.0035387904668251397,
    "sentKBytesPerSec" : 0.01617408719773285
  },
  "Upload_2_user1-1" : {
    "transaction" : "Upload_2_user1-1",
    "sampleCount" : 2,
    "errorCount" : 0,
    "errorPct" : 0.0,
    "meanResTime" : 301.0,
    "medianResTime" : 301.0,
    "minResTime" : 276.0,
    "maxResTime" : 326.0,
    "pct1ResTime" : 326.0,
    "pct2ResTime" : 326.0,
    "pct3ResTime" : 326.0,
    "throughput" : 0.01548143389040693,
    "receivedKBytesPerSec" : 0.6586261582047729,
    "sentKBytesPerSec" : 0.0035831053047133223
  },
  "TestcasesResults_2_91688_user1" : {
    "transaction" : "TestcasesResults_2_91688_user1",
    "sampleCount" : 1,
    "errorCount" : 0,
    "errorPct" : 0.0,
    "meanResTime" : 6582.0,
    "medianResTime" : 6582.0,
    "minResTime" : 6582.0,
    "maxResTime" : 6582.0,
    "pct1ResTime" : 6582.0,
    "pct2ResTime" : 6582.0,
    "pct3ResTime" : 6582.0,
    "throughput" : 0.15192950470981464,
    "receivedKBytesPerSec" : 6.06991012420237,
    "sentKBytesPerSec" : 0.03664705826496506
  },
  "GetSubmissionId_2_user1" : {
    "transaction" : "GetSubmissionId_2_user1",
    "sampleCount" : 2,
    "errorCount" : 0,
    "errorPct" : 0.0,
    "meanResTime" : 266.0,
    "medianResTime" : 266.0,
    "minResTime" : 265.0,
    "maxResTime" : 267.0,
    "pct1ResTime" : 267.0,
    "pct2ResTime" : 267.0,
    "pct3ResTime" : 267.0,
    "throughput" : 0.015482991933361202,
    "receivedKBytesPerSec" : 0.6588512031252419,
    "sentKBytesPerSec" : 0.0035834659064517627
  },
  "AssignmentsList_6_user1" : {
    "transaction" : "AssignmentsList_6_user1",
    "sampleCount" : 1,
    "errorCount" : 0,
    "errorPct" : 0.0,
    "meanResTime" : 64.0,
    "medianResTime" : 64.0,
    "minResTime" : 64.0,
    "maxResTime" : 64.0,
    "pct1ResTime" : 64.0,
    "pct2ResTime" : 64.0,
    "pct3ResTime" : 64.0,
    "throughput" : 15.625,
    "receivedKBytesPerSec" : 6.0577392578125,
    "sentKBytesPerSec" : 5.0506591796875
  },
  "Course Page_6_user1" : {
    "transaction" : "Course Page_6_user1",
    "sampleCount" : 1,
    "errorCount" : 0,
    "errorPct" : 0.0,
    "meanResTime" : 91.0,
    "medianResTime" : 91.0,
    "minResTime" : 91.0,
    "maxResTime" : 91.0,
    "pct1ResTime" : 91.0,
    "pct2ResTime" : 91.0,
    "pct3ResTime" : 91.0,
    "throughput" : 10.989010989010989,
    "receivedKBytesPerSec" : 355.7584993131868,
    "sentKBytesPerSec" : 3.1872424450549453
  },
  "Upload_2_user1" : {
    "transaction" : "Upload_2_user1",
    "sampleCount" : 2,
    "errorCount" : 0,
    "errorPct" : 0.0,
    "meanResTime" : 592.0,
    "medianResTime" : 592.0,
    "minResTime" : 565.0,
    "maxResTime" : 619.0,
    "pct1ResTime" : 619.0,
    "pct2ResTime" : 619.0,
    "pct3ResTime" : 619.0,
    "throughput" : 0.015446878185918625,
    "receivedKBytesPerSec" : 0.6606859089715469,
    "sentKBytesPerSec" : 0.019708346044826842
  },
  "Get CSRF Token" : {
    "transaction" : "Get CSRF Token",
    "sampleCount" : 1,
    "errorCount" : 0,
    "errorPct" : 0.0,
    "meanResTime" : 103.0,
    "medianResTime" : 103.0,
    "minResTime" : 103.0,
    "maxResTime" : 103.0,
    "pct1ResTime" : 103.0,
    "pct2ResTime" : 103.0,
    "pct3ResTime" : 103.0,
    "throughput" : 9.70873786407767,
    "receivedKBytesPerSec" : 259.4622269417476,
    "sentKBytesPerSec" : 1.2799605582524272
  },
  "Login_user1-0" : {
    "transaction" : "Login_user1-0",
    "sampleCount" : 1,
    "errorCount" : 0,
    "errorPct" : 0.0,
    "meanResTime" : 88.0,
    "medianResTime" : 88.0,
    "minResTime" : 88.0,
    "maxResTime" : 88.0,
    "pct1ResTime" : 88.0,
    "pct2ResTime" : 88.0,
    "pct3ResTime" : 88.0,
    "throughput" : 11.363636363636363,
    "receivedKBytesPerSec" : 5.504261363636364,
    "sentKBytesPerSec" : 3.9284446022727275
  },
  "StudentCourses_user1" : {
    "transaction" : "StudentCourses_user1",
    "sampleCount" : 1,
    "errorCount" : 0,
    "errorPct" : 0.0,
    "meanResTime" : 33.0,
    "medianResTime" : 33.0,
    "minResTime" : 33.0,
    "maxResTime" : 33.0,
    "pct1ResTime" : 33.0,
    "pct2ResTime" : 33.0,
    "pct3ResTime" : 33.0,
    "throughput" : 30.303030303030305,
    "receivedKBytesPerSec" : 37.61245265151515,
    "sentKBytesPerSec" : 7.339015151515151
  },
  "RunPractice_2_91688_user1 1628190126022" : {
    "transaction" : "RunPractice_2_91688_user1 1628190126022",
    "sampleCount" : 1,
    "errorCount" : 0,
    "errorPct" : 0.0,
    "meanResTime" : 2113.0,
    "medianResTime" : 2113.0,
    "minResTime" : 2113.0,
    "maxResTime" : 2113.0,
    "pct1ResTime" : 2113.0,
    "pct2ResTime" : 2113.0,
    "pct3ResTime" : 2113.0,
    "throughput" : 0.473260766682442,
    "receivedKBytesPerSec" : 13.409363168480834,
    "sentKBytesPerSec" : 0.11045832347373402
  },
  "Login_user1-1" : {
    "transaction" : "Login_user1-1",
    "sampleCount" : 1,
    "errorCount" : 0,
    "errorPct" : 0.0,
    "meanResTime" : 27.0,
    "medianResTime" : 27.0,
    "minResTime" : 27.0,
    "maxResTime" : 27.0,
    "pct1ResTime" : 27.0,
    "pct2ResTime" : 27.0,
    "pct3ResTime" : 27.0,
    "throughput" : 37.03703703703704,
    "receivedKBytesPerSec" : 45.39207175925926,
    "sentKBytesPerSec" : 8.969907407407408
  },
  "Total" : {
    "transaction" : "Total",
    "sampleCount" : 20,
    "errorCount" : 0,
    "errorPct" : 0.0,
    "meanResTime" : 977.9999999999998,
    "medianResTime" : 271.5,
    "minResTime" : 20.0,
    "maxResTime" : 6582.0,
    "pct1ResTime" : 5010.100000000007,
    "pct2ResTime" : 6519.499999999999,
    "pct3ResTime" : 6582.0,
    "throughput" : 0.0737354372511429,
    "receivedKBytesPerSec" : 1.6845307085053827,
    "sentKBytesPerSec" : 0.03199642728764194
  },
  "RunPractice_2_91689_user1 1628190254929" : {
    "transaction" : "RunPractice_2_91689_user1 1628190254929",
    "sampleCount" : 1,
    "errorCount" : 0,
    "errorPct" : 0.0,
    "meanResTime" : 2090.0,
    "medianResTime" : 2090.0,
    "minResTime" : 2090.0,
    "maxResTime" : 2090.0,
    "pct1ResTime" : 2090.0,
    "pct2ResTime" : 2090.0,
    "pct3ResTime" : 2090.0,
    "throughput" : 0.4784688995215311,
    "receivedKBytesPerSec" : 13.556930322966508,
    "sentKBytesPerSec" : 0.11167389354066987
  },
  "Get solutions folder" : {
    "transaction" : "Get solutions folder",
    "sampleCount" : 1,
    "errorCount" : 0,
    "errorPct" : 0.0,
    "meanResTime" : 20.0,
    "medianResTime" : 20.0,
    "minResTime" : 20.0,
    "maxResTime" : 20.0,
    "pct1ResTime" : 20.0,
    "pct2ResTime" : 20.0,
    "pct3ResTime" : 20.0,
    "throughput" : 50.0,
    "receivedKBytesPerSec" : 0.0,
    "sentKBytesPerSec" : 0.0
  },
  "TestcasesResults_2_91689_user1" : {
    "transaction" : "TestcasesResults_2_91689_user1",
    "sampleCount" : 1,
    "errorCount" : 0,
    "errorPct" : 0.0,
    "meanResTime" : 5332.0,
    "medianResTime" : 5332.0,
    "minResTime" : 5332.0,
    "maxResTime" : 5332.0,
    "pct1ResTime" : 5332.0,
    "pct2ResTime" : 5332.0,
    "pct3ResTime" : 5332.0,
    "throughput" : 0.18754688672168043,
    "receivedKBytesPerSec" : 7.492901057295574,
    "sentKBytesPerSec" : 0.04523836037134284
  }
}