Device,kB_read/s,kB_wrtn/s
loop0,0.0,0.0
sda,34.61538461538461,597.1604395604396
