{"user+system(%)": 74.49298342541441, "%iowait": 2.090773480662984, "%idle": 18.663333333333334}