{"Available Memory(Kb)": 7115741.888888889, "user+system(%)": 78.83333333333333, "I/O wait(%)": 2.077777777777778, "Idle(%)": 19.094444444444445}