Device,kB_read/s,kB_wrtn/s
loop0,0.0,0.0
sda,15.160655737704918,547.527868852459
