{"Disk Read(KB/s)": 15.090166666666665, "Disk Write(KB/s)": 542.1191666666667}