{"%iowait": 1.8036036036036025, "user+system(%)": 44.67225225225225, "%idle": 52.51563636363635}