{"Available Memory(Kb)": 2286726.7636363637, "I/O wait(%)": 1.8272727272727274, "user+system(%)": 45.736363636363635, "Idle(%)": 52.472727272727276}