Device,kB_read/s,kB_wrtn/s
loop0,0.0,0.0
sda,2.6918032786885244,361.9147540983607
