{"Disk Write(KB/s)": 368.8122777777773, "Disk Read(KB/s)": 3.222044444444445}