{"user+system(%)": 15.47033149171271, "%idle": 83.17144444444446, "%iowait": 0.7055801104972378}