{"user+system(%)": 15.972222222222221, "Available Memory(Kb)": 3256918.933333333, "Idle(%)": 83.28333333333333, "I/O wait(%)": 0.6277777777777778}