Device,kB_read/s,kB_wrtn/s
loop0,0.0,0.0
sda,98.14603174603175,1149.942857142857
Device,kB_read/s,kB_wrtn/s
loop0,0.0,0.0
sda,98.14603174603175,1149.942857142857
