Device,kB_read/s,kB_wrtn/s
loop0,0.0,0.0
sda,30.7027027027027,277.72612612612613
