{"Disk Write(KB/s)": 287.99358888888895, "Disk Read(KB/s)": 32.32603333333329}