{"%idle": 71.7595, "user+system(%)": 23.690441988950276, "%iowait": 1.6383425414364645}