{"Available Memory(Kb)": 9048324.311111111, "Idle(%)": 71.76666666666667, "user+system(%)": 26.58888888888889, "I/O wait(%)": 1.6166666666666667}