{"Disk Write(KB/s)": 450.0364777777776, "Disk Read(KB/s)": 36.10675555555557}