{"%iowait": 0.8154143646408845, "user+system(%)": 20.396850828729296, "%idle": 76.57683333333333}