Device,kB_read/s,kB_wrtn/s
loop0,0.0,0.0
sda,59.694736842105264,376.14736842105265
