{"Disk Write(KB/s)": 328.03620000000006, "Disk Read(KB/s)": 61.40783333333334}