{"user+system(%)": 32.24369369369369, "%idle": 64.85818181818179, "%iowait": 1.4060360360360362}