{"I/O wait(%)": 1.3636363636363635, "user+system(%)": 33.06363636363636, "Available Memory(Kb)": 5140869.781818182, "Idle(%)": 65.62727272727273}