Device,kB_read/s,kB_wrtn/s
loop0,0.0,0.0
sda,350.0444444444444,851.7460317460317
