{"Disk Write(KB/s)": 920.3581666666665, "Disk Read(KB/s)": 18.076333333333324}