{"%iowait": 0.25981981981982, "%idle": 1.8060909090909092, "user+system(%)": 96.25432432432436}