{"user+system(%)": 97.9, "Idle(%)": 1.7363636363636363, "Available Memory(Kb)": 2847234.8, "I/O wait(%)": 0.23636363636363636}