Device,kB_read/s,kB_wrtn/s
loop0,0.0,0.0
sda,17.287912087912087,590.7428571428571
