{"Disk Read(KB/s)": 15.036922222222223, "Disk Write(KB/s)": 531.6518888888886}