{"user+system(%)": 78.55397790055248, "%idle": 15.734388888888912, "%iowait": 0.8648618784530387}