{"Available Memory(Kb)": 7107657.888888889, "Idle(%)": 16.13888888888889, "user+system(%)": 83.05555555555556, "I/O wait(%)": 0.8055555555555556}