{
  "AssignmentsList" : {
    "transaction" : "AssignmentsList",
    "sampleCount" : 140,
    "errorCount" : 5,
    "errorPct" : 3.5714285,
    "meanResTime" : 34.392857142857174,
    "medianResTime" : 33.0,
    "minResTime" : 0.0,
    "maxResTime" : 101.0,
    "pct1ResTime" : 43.0,
    "pct2ResTime" : 55.89999999999998,
    "pct3ResTime" : 97.31000000000003,
    "throughput" : 21.039975954313192,
    "receivedKBytesPerSec" : 8.733586000901713,
    "sentKBytesPerSec" : 6.5581147148331835
  },
  "Get CSRF Token" : {
    "transaction" : "Get CSRF Token",
    "sampleCount" : 140,
    "errorCount" : 0,
    "errorPct" : 0.0,
    "meanResTime" : 2840.628571428571,
    "medianResTime" : 2398.5,
    "minResTime" : 54.0,
    "maxResTime" : 6905.0,
    "pct1ResTime" : 6242.5,
    "pct2ResTime" : 6432.949999999999,
    "pct3ResTime" : 6856.620000000001,
    "throughput" : 19.64085297418631,
    "receivedKBytesPerSec" : 524.9138520622896,
    "sentKBytesPerSec" : 2.589370265151515
  },
  "StudentCourses" : {
    "transaction" : "StudentCourses",
    "sampleCount" : 140,
    "errorCount" : 0,
    "errorPct" : 0.0,
    "meanResTime" : 54.371428571428545,
    "medianResTime" : 35.0,
    "minResTime" : 24.0,
    "maxResTime" : 260.0,
    "pct1ResTime" : 119.9,
    "pct2ResTime" : 136.84999999999997,
    "pct3ResTime" : 230.07000000000025,
    "throughput" : 20.768431983385256,
    "receivedKBytesPerSec" : 45.03154089712209,
    "sentKBytesPerSec" : 5.1616854880581515
  },
  "GetSubmissionId" : {
    "transaction" : "GetSubmissionId",
    "sampleCount" : 947,
    "errorCount" : 9,
    "errorPct" : 0.9503696,
    "meanResTime" : 4104.7476240760325,
    "medianResTime" : 3029.0,
    "minResTime" : 0.0,
    "maxResTime" : 30268.0,
    "pct1ResTime" : 8233.0,
    "pct2ResTime" : 11411.599999999999,
    "pct3ResTime" : 19368.44,
    "throughput" : 3.448200527243333,
    "receivedKBytesPerSec" : 151.58589673581577,
    "sentKBytesPerSec" : 0.790485235457114
  },
  "TestcasesResults" : {
    "transaction" : "TestcasesResults",
    "sampleCount" : 863,
    "errorCount" : 4,
    "errorPct" : 0.46349943,
    "meanResTime" : 12306.349942062569,
    "medianResTime" : 11378.0,
    "minResTime" : 5300.0,
    "maxResTime" : 33161.0,
    "pct1ResTime" : 19096.4,
    "pct2ResTime" : 22673.199999999997,
    "pct3ResTime" : 28522.840000000015,
    "throughput" : 3.006392503178833,
    "receivedKBytesPerSec" : 86.77387608646427,
    "sentKBytesPerSec" : 0.7247358955600843
  },
  "Total" : {
    "transaction" : "Total",
    "sampleCount" : 4402,
    "errorCount" : 46,
    "errorPct" : 1.0449796,
    "meanResTime" : 6267.667423898211,
    "medianResTime" : 4517.0,
    "minResTime" : 0.0,
    "maxResTime" : 33161.0,
    "pct1ResTime" : 14163.2,
    "pct2ResTime" : 17991.1,
    "pct3ResTime" : 26451.390000000047,
    "throughput" : 13.370185882638804,
    "receivedKBytesPerSec" : 436.57982624282437,
    "sentKBytesPerSec" : 6.539545857505163
  },
  "Upload" : {
    "transaction" : "Upload",
    "sampleCount" : 953,
    "errorCount" : 10,
    "errorPct" : 1.049318,
    "meanResTime" : 7151.703043022036,
    "medianResTime" : 5284.0,
    "minResTime" : 0.0,
    "maxResTime" : 32748.0,
    "pct1ResTime" : 14979.2,
    "pct2ResTime" : 19426.099999999995,
    "pct3ResTime" : 29371.46,
    "throughput" : 3.4478392214323184,
    "receivedKBytesPerSec" : 152.24650888754726,
    "sentKBytesPerSec" : 4.680829534559795
  },
  "Course Page" : {
    "transaction" : "Course Page",
    "sampleCount" : 140,
    "errorCount" : 5,
    "errorPct" : 3.5714285,
    "meanResTime" : 116.61428571428567,
    "medianResTime" : 67.0,
    "minResTime" : 0.0,
    "maxResTime" : 1152.0,
    "pct1ResTime" : 253.6000000000003,
    "pct2ResTime" : 362.4999999999999,
    "pct3ResTime" : 1071.6400000000008,
    "throughput" : 20.839535576064304,
    "receivedKBytesPerSec" : 651.6345138527091,
    "sentKBytesPerSec" : 5.828412241366478
  },
  "Login" : {
    "transaction" : "Login",
    "sampleCount" : 140,
    "errorCount" : 5,
    "errorPct" : 3.5714285,
    "meanResTime" : 309.7500000000001,
    "medianResTime" : 238.5,
    "minResTime" : 16.0,
    "maxResTime" : 1099.0,
    "pct1ResTime" : 660.7,
    "pct2ResTime" : 799.2499999999995,
    "pct3ResTime" : 1084.65,
    "throughput" : 19.599608007839844,
    "receivedKBytesPerSec" : 33.80645277719446,
    "sentKBytesPerSec" : 11.184737242755146
  },
  "RunPractice" : {
    "transaction" : "RunPractice",
    "sampleCount" : 939,
    "errorCount" : 8,
    "errorPct" : 0.8519702,
    "meanResTime" : 6173.926517571881,
    "medianResTime" : 4379.0,
    "minResTime" : 0.0,
    "maxResTime" : 33082.0,
    "pct1ResTime" : 13032.0,
    "pct2ResTime" : 17228.0,
    "pct3ResTime" : 23937.800000000003,
    "throughput" : 3.4022108935966693,
    "receivedKBytesPerSec" : 95.6373053873774,
    "sentKBytesPerSec" : 0.7905996260828921
  }
}