Device,kB_read/s,kB_wrtn/s
loop0,0.0,0.0
sda,0.10666666666666667,305.93333333333334
