{"%iowait": 0.6627927927927929, "user+system(%)": 23.985135135135142, "%idle": 74.8130909090909}