{"Available Memory(Kb)": 5671640.581818182, "I/O wait(%)": 0.6090909090909091, "Idle(%)": 75.28181818181818, "user+system(%)": 24.054545454545455}