{"%guest": 0.0, "%idle": 2.1843636363636367, "user+system(%)": 92.22531531531536, "%sys": 9.187117117117117, "%iowait": 2.9863063063063073}