{"Idle(%)": 2.272727272727273, "sys(%)": 10.045454545454545, "I/O wait(%)": 3.0727272727272728, "Available Memory(Kb)": 9555731.672727272, "user+system(%)": 94.95454545454545}