{"%idle": 5.611545454545453, "%iowait": 0.7984684684684684, "user+system(%)": 91.24774774774771}