{"I/O wait(%)": 0.7454545454545455, "user+system(%)": 93.54545454545455, "Available Memory(Kb)": 502347.16363636364, "Idle(%)": 5.536363636363636}