{"Disk Write(KB/s)": 637.5170000000002, "Disk Read(KB/s)": 22.693499999999997}