{"%guest": 0.0, "%idle": 26.153454545454558, "%sys": 4.712342342342341, "user+system(%)": 70.74288288288291, "%iowait": 1.7701801801801795}