{"sys(%)": 5.263636363636364, "Idle(%)": 26.40909090909091, "user+system(%)": 71.84545454545454, "I/O wait(%)": 1.7727272727272727, "Available Memory(Kb)": 6736847.636363637}