{"%iowait": 0.09882882882882882, "user+system(%)": 1.1957657657657659, "%idle": 98.39954545454546}