{"Available Memory(Kb)": 9370004.10909091, "I/O wait(%)": 0.02727272727272727, "Idle(%)": 98.42727272727272, "user+system(%)": 1.2818181818181817}