{"Disk Write(KB/s)": 94.00500000000001, "Disk Read(KB/s)": 3.957833333333333}