{"user+system(%)": 97.32981981981986, "%idle": 0.0, "%sys": 6.360270270270274, "%iowait": 0.03567567567567567, "%guest": 0.0}