Device,kB_read/s,kB_wrtn/s
loop0,0.0,0.0
sda,26.662295081967212,330.51803278688527
