{"user+system(%)": 97.58181818181818, "Idle(%)": 1.290909090909091, "Available Memory(Kb)": 10065156.727272727, "I/O wait(%)": 1.2363636363636363}