Device,kB_read/s,kB_wrtn/s
loop0,0.0,0.0
sda,5.312707182320442,165.89613259668508
