{"%idle": 13.065499999999993, "%iowait": 1.5970165745856348, "user+system(%)": 73.64635359116023}