Device,kB_read/s,kB_wrtn/s
loop0,0.0,0.0
sda,556.564705882353,587.0631016042781
