{"%iowait": 7.312099447513814, "%idle": 36.29944444444446, "user+system(%)": 51.41801104972376}