Device,kB_read/s,kB_wrtn/s
loop0,0.0,0.0
sda,40.66885245901639,486.04590163934427
