{"Disk Read(KB/s)": 43.78966666666666, "Disk Write(KB/s)": 576.9165666666667}