{"user+system(%)": 64.43712707182321, "%idle": 26.656277777777763, "%iowait": 3.256298342541436}