{"user+system(%)": 69.65, "Idle(%)": 27.116666666666667, "Available Memory(Kb)": 7956022.244444445, "I/O wait(%)": 3.238888888888889}