Device,kB_read/s,kB_wrtn/s
loop0,0.0,0.0
sda,55.53432835820895,282.8776119402985
