{"Disk Read(KB/s)": 56.866266666666704, "Disk Write(KB/s)": 265.82173333333327}