{"%iowait": 1.8655855855855847, "%idle": 79.93000000000002, "user+system(%)": 17.172072072072076}