{"Available Memory(Kb)": 5670159.527272727, "user+system(%)": 18.40909090909091, "I/O wait(%)": 1.8818181818181818, "Idle(%)": 79.69090909090909}