Device,kB_read/s,kB_wrtn/s
loop0,0.0,0.0
sda,31.746031746031747,704.9015873015873
