{"Disk Read(KB/s)": 32.53433333333333, "Disk Write(KB/s)": 691.1703333333335}