{"%guest": 0.0, "%iowait": 0.0029729729729729734, "%sys": 3.7381981981981998, "user+system(%)": 98.38702702702707, "%idle": 0.017909090909090913}