Device,kB_read/s,kB_wrtn/s
loop0,0.0,0.0
sda,11.942857142857143,305.0367346938776
