{"Disk Read(KB/s)": 7.619966666666674, "Disk Write(KB/s)": 270.61189999999976}