{"user+system(%)": 29.71171171171171, "%idle": 67.61509090909094, "%iowait": 1.176666666666667}