{"user+system(%)": 31.172727272727272, "Idle(%)": 67.61818181818182, "Available Memory(Kb)": 4719412.836363636, "I/O wait(%)": 1.1272727272727272}