{
  "AssignmentsList" : {
    "transaction" : "AssignmentsList",
    "sampleCount" : 70,
    "errorCount" : 0,
    "errorPct" : 0.0,
    "meanResTime" : 94.58571428571426,
    "medianResTime" : 49.5,
    "minResTime" : 34.0,
    "maxResTime" : 434.0,
    "pct1ResTime" : 265.99999999999994,
    "pct2ResTime" : 337.45,
    "pct3ResTime" : 434.0,
    "throughput" : 14.195903467856418,
    "receivedKBytesPerSec" : 5.460115214966538,
    "sentKBytesPerSec" : 4.616441264449402
  },
  "Get CSRF Token" : {
    "transaction" : "Get CSRF Token",
    "sampleCount" : 70,
    "errorCount" : 0,
    "errorPct" : 0.0,
    "meanResTime" : 272.31428571428575,
    "medianResTime" : 238.0,
    "minResTime" : 32.0,
    "maxResTime" : 666.0,
    "pct1ResTime" : 526.4,
    "pct2ResTime" : 608.4000000000001,
    "pct3ResTime" : 666.0,
    "throughput" : 87.06467661691543,
    "receivedKBytesPerSec" : 2908.4168998756218,
    "sentKBytesPerSec" : 11.648301461442786
  },
  "StudentCourses" : {
    "transaction" : "StudentCourses",
    "sampleCount" : 70,
    "errorCount" : 0,
    "errorPct" : 0.0,
    "meanResTime" : 312.1571428571429,
    "medianResTime" : 320.0,
    "minResTime" : 34.0,
    "maxResTime" : 1021.0,
    "pct1ResTime" : 595.7,
    "pct2ResTime" : 744.3000000000001,
    "pct3ResTime" : 1021.0,
    "throughput" : 12.576356449874238,
    "receivedKBytesPerSec" : 15.560784787100252,
    "sentKBytesPerSec" : 3.070399523895077
  },
  "Total" : {
    "transaction" : "Total",
    "sampleCount" : 1671,
    "errorCount" : 0,
    "errorPct" : 0.0,
    "meanResTime" : 2133.333333333327,
    "medianResTime" : 637.0,
    "minResTime" : 32.0,
    "maxResTime" : 42805.0,
    "pct1ResTime" : 1359.3999999999999,
    "pct2ResTime" : 5488.199999999999,
    "pct3ResTime" : 41545.12,
    "throughput" : 5.564639397380523,
    "receivedKBytesPerSec" : 211.2912867895594,
    "sentKBytesPerSec" : 6.335472349136999
  },
  "Upload" : {
    "transaction" : "Upload",
    "sampleCount" : 1321,
    "errorCount" : 0,
    "errorPct" : 0.0,
    "meanResTime" : 2441.4034822104445,
    "medianResTime" : 666.0,
    "minResTime" : 426.0,
    "maxResTime" : 42805.0,
    "pct1ResTime" : 1146.3999999999999,
    "pct2ResTime" : 6391.499999999999,
    "pct3ResTime" : 41624.46,
    "throughput" : 4.817704059490074,
    "receivedKBytesPerSec" : 212.03721685503487,
    "sentKBytesPerSec" : 6.532783113053753
  },
  "Course Page" : {
    "transaction" : "Course Page",
    "sampleCount" : 70,
    "errorCount" : 0,
    "errorPct" : 0.0,
    "meanResTime" : 303.20000000000005,
    "medianResTime" : 165.0,
    "minResTime" : 71.0,
    "maxResTime" : 1128.0,
    "pct1ResTime" : 653.1,
    "pct2ResTime" : 1078.0,
    "pct3ResTime" : 1128.0,
    "throughput" : 12.660517272562851,
    "receivedKBytesPerSec" : 494.983128730331,
    "sentKBytesPerSec" : 3.6967721332971606
  },
  "Login" : {
    "transaction" : "Login",
    "sampleCount" : 70,
    "errorCount" : 0,
    "errorPct" : 0.0,
    "meanResTime" : 3870.6857142857148,
    "medianResTime" : 4981.5,
    "minResTime" : 904.0,
    "maxResTime" : 6238.0,
    "pct1ResTime" : 5539.1,
    "pct2ResTime" : 5580.05,
    "pct3ResTime" : 6238.0,
    "throughput" : 10.739490641301012,
    "receivedKBytesPerSec" : 18.38238819423136,
    "sentKBytesPerSec" : 6.373875709573489
  }
}