Device,kB_read/s,kB_wrtn/s
loop0,0.0,0.0
sda,0.04678362573099415,256.0187134502924
