{"Disk Read(KB/s)": 0.05727777777777778, "Disk Write(KB/s)": 221.64151111111116}