{"I/O wait(%)": 3.0166666666666666, "Idle(%)": 58.65, "Available Memory(Kb)": 7347182.355555556, "user+system(%)": 38.333333333333336}