{"Disk Read(KB/s)": 107.40684444444435, "Disk Write(KB/s)": 108.44964444444446}