{"Disk Read(KB/s)": 0.82076, "Disk Write(KB/s)": 23.45819999999999}