{"%idle": 95.27654545454547, "%iowait": 0.1636036036036036, "user+system(%)": 4.374594594594594}