{"I/O wait(%)": 0.14545454545454545, "Idle(%)": 95.16363636363636, "user+system(%)": 4.527272727272727, "Available Memory(Kb)": 7156592.836363636}