Device,kB_read/s,kB_wrtn/s
loop0,0.0,0.0
sda,44.114285714285714,416.5342857142857
