{"Disk Read(KB/s)": 38.62605555555557, "Disk Write(KB/s)": 446.93492222222267}