{"%iowait": 2.0179558011049723, "%idle": 53.777, "user+system(%)": 40.91629834254143}