{"Idle(%)": 54.15555555555556, "user+system(%)": 43.8, "Available Memory(Kb)": 11133516.644444445, "I/O wait(%)": 2.0277777777777777}