Device,kB_read/s,kB_wrtn/s
loop0,0.0,0.0
sda,885.5483870967741,1157.3548387096773
