{"user+system(%)": 95.39090909090909, "Idle(%)": 1.8363636363636364, "Available Memory(Kb)": 427192.6909090909, "I/O wait(%)": 2.6818181818181817}