Device,kB_read/s,kB_wrtn/s
loop0,0.0,0.0
sda,110.0817679558011,306.70939226519334
