{"Disk Write(KB/s)": 283.20471111111095, "Disk Read(KB/s)": 97.11850000000001}