{"user+system(%)": 31.528176795580116, "%idle": 63.488944444444435, "%iowait": 1.4778453038674033}