{"user+system(%)": 35.22222222222222, "Idle(%)": 63.355555555555554, "Available Memory(Kb)": 7203959.688888889, "I/O wait(%)": 1.4444444444444444}