Device,kB_read/s,kB_wrtn/s
loop0,0.0,0.0
sda,22.883516483516484,267.7010989010989
Device,kB_read/s,kB_wrtn/s
loop0,0.0,0.0
sda,22.883516483516484,267.7010989010989
