{"Disk Write(KB/s)": 267.69709999999986, "Disk Read(KB/s)": 31.406599999999997}