{"%idle": 26.48781818181818, "user+system(%)": 67.36864864864867, "%iowait": 2.763423423423422}