{"user+system(%)": 70.32727272727273, "Available Memory(Kb)": 9830087.2, "I/O wait(%)": 2.7818181818181817, "Idle(%)": 27.10909090909091}