Device,kB_read/s,kB_wrtn/s
loop0,0.0,0.0
sda,70.68307692307692,262.60923076923075
