{"Disk Read(KB/s)": 68.57410000000003, "Disk Write(KB/s)": 258.2443333333331}