{"user+system(%)": 48.79981981981982, "%iowait": 3.566666666666666, "%idle": 45.32554545454545}