{"Idle(%)": 45.4, "Available Memory(Kb)": 10407047.49090909, "I/O wait(%)": 3.6, "user+system(%)": 51.08181818181818}