{"I/O wait(%)": 2.2181818181818183, "user+system(%)": 70.80909090909091, "Idle(%)": 26.927272727272726, "Available Memory(Kb)": 4779679.636363637}