{"user+system(%)": 66.93066298342542, "%idle": 27.99622222222221, "%iowait": 2.1290055248618778}