Device,kB_read/s,kB_wrtn/s
loop0,0.0,0.0
sda,33.4984126984127,1152.7492063492064
Device,kB_read/s,kB_wrtn/s
loop0,0.0,0.0
sda,33.4984126984127,1152.7492063492064
