{"%sys": 3.0583783783783787, "%iowait": 10.03279279279279, "user+system(%)": 6.302072072072071, "%idle": 64.711, "%guest": 18.480900900900895}