{"Idle(%)": 64.65454545454546, "user+system(%)": 25.2, "sys(%)": 3.0545454545454547, "Available Memory(Kb)": 4006235.7454545456, "I/O wait(%)": 10.118181818181819}