{"%iowait": 2.4271171171171146, "%idle": 27.238272727272733, "user+system(%)": 68.1949549549549}