{"user+system(%)": 41.99444444444445, "Idle(%)": 55.69444444444444, "I/O wait(%)": 2.3055555555555554, "Available Memory(Kb)": 9148263.622222222}