{"Disk Read(KB/s)": 26.63050000000001, "Disk Write(KB/s)": 869.2955999999998}