{"%idle": 29.227727272727275, "%iowait": 2.4377477477477467, "user+system(%)": 66.32513513513513}