{"user+system(%)": 68.5, "Available Memory(Kb)": 4557603.418181818, "Idle(%)": 29.036363636363635, "I/O wait(%)": 2.463636363636364}