Device,kB_read/s,kB_wrtn/s
loop0,0.0,0.0
sda,3.3806451612903228,899.8193548387097
