{"Disk Write(KB/s)": 888.3963666666667, "Disk Read(KB/s)": 3.552133333333334}