{"user+system(%)": 70.18181818181819, "Available Memory(Kb)": 4264165.781818182, "I/O wait(%)": 2.4454545454545453, "Idle(%)": 27.354545454545455}