{"Disk Read(KB/s)": 0.39713333333333334, "Disk Write(KB/s)": 820.1424000000002}