{"user+system(%)": 77.72396396396395, "%guest": 0.0, "%sys": 7.413693693693692, "%iowait": 1.2488288288288283, "%idle": 18.971818181818197}