{"Disk Read(KB/s)": 100.91233333333334, "Disk Write(KB/s)": 1123.7621666666666}