{"user+system(%)": 5.646936936936936, "%guest": 17.32198198198198, "%iowait": 9.984504504504502, "%sys": 2.8732432432432424, "%idle": 66.56590909090912}