{"Idle(%)": 66.67272727272727, "sys(%)": 2.890909090909091, "user+system(%)": 23.28181818181818, "I/O wait(%)": 10.054545454545455, "Available Memory(Kb)": 4294866.945454545}