Device,kB_read/s,kB_wrtn/s
loop0,0.0,0.0
sda,13.836065573770492,1030.3213114754099
