{"Disk Write(KB/s)": 1008.5823333333335, "Disk Read(KB/s)": 13.521333333333333}