{"%sys": 7.711261261261262, "%idle": 1.4454545454545462, "%guest": 0.0, "user+system(%)": 96.4133333333333, "%iowait": 0.36612612612612666}