{"user+system(%)": 98.11818181818182, "Available Memory(Kb)": 3977735.272727273, "I/O wait(%)": 0.35454545454545455, "Idle(%)": 1.4, "sys(%)": 8.418181818181818}