Device,kB_read/s,kB_wrtn/s
loop0,0.0,0.0
sda,7.341414141414141,291.4262626262626
