{"Disk Read(KB/s)": 7.524144444444448, "Disk Write(KB/s)": 300.6050999999997}