{"%iowait": 0.7456906077348061, "%idle": 91.16244444444449, "user+system(%)": 7.604972375690609}