{"user+system(%)": 7.983333333333333, "I/O wait(%)": 0.7388888888888889, "Idle(%)": 91.2388888888889, "Available Memory(Kb)": 9352343.08888889}