{"user+system(%)": 4.856486486486486, "%iowait": 0.020990990990991, "%idle": 94.91881818181821}