{"user+system(%)": 4.909090909090909, "I/O wait(%)": 0.0, "Available Memory(Kb)": 7383288.69090909, "Idle(%)": 95.01818181818182}