{"Disk Read(KB/s)": 0.4194888888888889, "Disk Write(KB/s)": 211.05216666666684}