{"%idle": 77.56866666666669, "user+system(%)": 16.56000000000001, "%iowait": 2.4180662983425427}