{"Idle(%)": 77.55, "user+system(%)": 20.066666666666666, "I/O wait(%)": 2.3777777777777778, "Available Memory(Kb)": 7036772.088888889}