Device,kB_read/s,kB_wrtn/s
loop0,0.0,0.0
sda,107.4060606060606,249.72121212121212
