{"Disk Write(KB/s)": 237.38326666666654, "Disk Read(KB/s)": 111.31583333333332}