{"user+system(%)": 24.99702702702702, "%idle": 71.26299999999993, "%iowait": 2.3019819819819825}