{"Idle(%)": 70.53636363636363, "Available Memory(Kb)": 5620046.072727272, "user+system(%)": 27.154545454545456, "I/O wait(%)": 2.3545454545454545}