Device,kB_read/s,kB_wrtn/s
loop0,0.0,0.0
sda,126.8596685082873,113.85193370165746
