{"user+system(%)": 14.525359116022111, "%iowait": 2.862375690607734, "%idle": 75.44438888888888}