{"Available Memory(Kb)": 11008095.377777778, "I/O wait(%)": 2.7222222222222223, "Idle(%)": 75.47222222222223, "user+system(%)": 21.68888888888889}