Device,kB_read/s,kB_wrtn/s
loop0,0.0,0.0
sda,37.93366834170854,300.2211055276382
