{"Disk Read(KB/s)": 39.33232222222222, "Disk Write(KB/s)": 283.7528666666667}