{"%iowait": 0.7370718232044199, "%idle": 90.19811111111113, "user+system(%)": 8.565966850828731}