{"I/O wait(%)": 0.7277777777777777, "Available Memory(Kb)": 2806148.9777777777, "user+system(%)": 8.883333333333333, "Idle(%)": 90.17777777777778}