Device,kB_read/s,kB_wrtn/s
loop0,0.0,0.0
sda,5.804444444444444,136.5511111111111
