Device,kB_read/s,kB_wrtn/s
loop0,0.0,0.0
sda,411.6933333333333,19.613333333333333
Device,kB_read/s,kB_wrtn/s
loop0,0.0,0.0
sda,411.6933333333333,19.613333333333333
