{"Disk Read(KB/s)": 383.5888333333336, "Disk Write(KB/s)": 19.171333333333322}