{"%sys": 0.17837837837837828, "%iowait": 0.03936936936936936, "%guest": 0.0, "%idle": 99.0455454545454, "user+system(%)": 0.8124324324324326}