{"sys(%)": 0.09090909090909091, "Available Memory(Kb)": 8784308.254545454, "user+system(%)": 0.6545454545454545, "Idle(%)": 99.21818181818182, "I/O wait(%)": 0.0}