Device,kB_read/s,kB_wrtn/s
loop0,0.0,0.0
sda,502.81904761904764,760.4190476190477
