{"user+system(%)": 61.85576576576579, "%iowait": 2.394324324324322, "%idle": 33.86336363636363}