{"Disk Read(KB/s)": 45.51383333333336, "Disk Write(KB/s)": 594.9908333333333}