{"%guest": 62.43333333333335, "user+system(%)": 14.50414414414414, "%idle": 20.78254545454546, "%sys": 5.724684684684685, "%iowait": 1.2769369369369366}