{"I/O wait(%)": 1.3181818181818181, "Idle(%)": 21.01818181818182, "Available Memory(Kb)": 3358687.7454545456, "user+system(%)": 77.58181818181818, "sys(%)": 5.790909090909091}