Device,kB_read/s,kB_wrtn/s
loop0,0.0,0.0
sda,33.06037735849057,435.70943396226414
