{"user+system(%)": 76.85491712707181, "%iowait": 2.041436464088398, "%idle": 12.595444444444459}