{"Idle(%)": 13.11111111111111, "Available Memory(Kb)": 7229866.644444444, "I/O wait(%)": 2.05, "user+system(%)": 84.87222222222222}