Device,kB_read/s,kB_wrtn/s
loop0,0.0,0.0
sda,77.90179640718563,88.23952095808383
