{"Disk Write(KB/s)": 79.99619999999997, "Disk Read(KB/s)": 68.49066666666666}