{"user+system(%)": 1.6438121546961328, "%iowait": 0.337403314917126, "%idle": 95.11361111111104}