{"user+system(%)": 4.783333333333333, "Available Memory(Kb)": 10611922.533333333, "Idle(%)": 95.1, "I/O wait(%)": 0.2833333333333333}