{"Disk Write(KB/s)": 890.808733333333, "Disk Read(KB/s)": 0.13776666666666665}