{"%guest": 0.0, "%idle": 7.272272727272727, "%iowait": 0.8654054054054054, "%sys": 8.334774774774775, "user+system(%)": 89.54171171171168}