{"I/O wait(%)": 0.8909090909090909, "user+system(%)": 91.62727272727273, "Available Memory(Kb)": 7222896.945454545, "sys(%)": 9.345454545454546, "Idle(%)": 7.4363636363636365}