Device,kB_read/s,kB_wrtn/s
loop0,0.0,0.0
sda,0.5911111111111111,172.94666666666666
