{
  "AssignmentsList" : {
    "transaction" : "AssignmentsList",
    "sampleCount" : 60,
    "errorCount" : 0,
    "errorPct" : 0.0,
    "meanResTime" : 48.53333333333333,
    "medianResTime" : 45.5,
    "minResTime" : 26.0,
    "maxResTime" : 94.0,
    "pct1ResTime" : 63.9,
    "pct2ResTime" : 79.79999999999998,
    "pct3ResTime" : 94.0,
    "throughput" : 45.0112528132033,
    "receivedKBytesPerSec" : 17.370065172543136,
    "sentKBytesPerSec" : 14.549535821455365
  },
  "Get CSRF Token" : {
    "transaction" : "Get CSRF Token",
    "sampleCount" : 60,
    "errorCount" : 0,
    "errorPct" : 0.0,
    "meanResTime" : 38.699999999999996,
    "medianResTime" : 30.5,
    "minResTime" : 23.0,
    "maxResTime" : 126.0,
    "pct1ResTime" : 53.9,
    "pct2ResTime" : 126.0,
    "pct3ResTime" : 126.0,
    "throughput" : 50.0,
    "receivedKBytesPerSec" : 1336.2451171875,
    "sentKBytesPerSec" : 6.591796875
  },
  "StudentCourses" : {
    "transaction" : "StudentCourses",
    "sampleCount" : 60,
    "errorCount" : 0,
    "errorPct" : 0.0,
    "meanResTime" : 64.18333333333335,
    "medianResTime" : 50.0,
    "minResTime" : 24.0,
    "maxResTime" : 338.0,
    "pct1ResTime" : 99.0,
    "pct2ResTime" : 128.0,
    "pct3ResTime" : 338.0,
    "throughput" : 47.84688995215311,
    "receivedKBytesPerSec" : 59.684011164274324,
    "sentKBytesPerSec" : 11.587918660287082
  },
  "GetSubmissionId" : {
    "transaction" : "GetSubmissionId",
    "sampleCount" : 468,
    "errorCount" : 0,
    "errorPct" : 0.0,
    "meanResTime" : 1248.7435897435903,
    "medianResTime" : 932.5,
    "minResTime" : 261.0,
    "maxResTime" : 10462.0,
    "pct1ResTime" : 2341.2000000000016,
    "pct2ResTime" : 3256.7499999999964,
    "pct3ResTime" : 4957.740000000001,
    "throughput" : 1.741226895258505,
    "receivedKBytesPerSec" : 75.64467673011168,
    "sentKBytesPerSec" : 0.40299880290650947
  },
  "TestcasesResults" : {
    "transaction" : "TestcasesResults",
    "sampleCount" : 437,
    "errorCount" : 0,
    "errorPct" : 0.0,
    "meanResTime" : 15901.155606407332,
    "medianResTime" : 16476.0,
    "minResTime" : 6372.0,
    "maxResTime" : 22267.0,
    "pct1ResTime" : 19302.2,
    "pct2ResTime" : 19992.199999999997,
    "pct3ResTime" : 21263.66,
    "throughput" : 1.5536949140490286,
    "receivedKBytesPerSec" : 45.0384625319983,
    "sentKBytesPerSec" : 0.3762854869962491
  },
  "Total" : {
    "transaction" : "Total",
    "sampleCount" : 2143,
    "errorCount" : 0,
    "errorPct" : 0.0,
    "meanResTime" : 5085.1376574894875,
    "medianResTime" : 2186.0,
    "minResTime" : 23.0,
    "maxResTime" : 23168.0,
    "pct1ResTime" : 17417.80000000002,
    "pct2ResTime" : 18716.2,
    "pct3ResTime" : 21318.639999999996,
    "throughput" : 6.696309998843847,
    "receivedKBytesPerSec" : 220.39488989893823,
    "sentKBytesPerSec" : 3.2475012606358216
  },
  "Upload" : {
    "transaction" : "Upload",
    "sampleCount" : 470,
    "errorCount" : 0,
    "errorPct" : 0.0,
    "meanResTime" : 3676.668085106383,
    "medianResTime" : 1937.0,
    "minResTime" : 605.0,
    "maxResTime" : 23168.0,
    "pct1ResTime" : 7885.900000000043,
    "pct2ResTime" : 19050.55,
    "pct3ResTime" : 22475.47,
    "throughput" : 1.7114184381668158,
    "receivedKBytesPerSec" : 74.72833152519244,
    "sentKBytesPerSec" : 2.260172556267433
  },
  "Course Page" : {
    "transaction" : "Course Page",
    "sampleCount" : 60,
    "errorCount" : 0,
    "errorPct" : 0.0,
    "meanResTime" : 113.46666666666668,
    "medianResTime" : 89.5,
    "minResTime" : 54.0,
    "maxResTime" : 374.0,
    "pct1ResTime" : 200.5,
    "pct2ResTime" : 222.79999999999998,
    "pct3ResTime" : 374.0,
    "throughput" : 43.19654427645788,
    "receivedKBytesPerSec" : 1398.659669726422,
    "sentKBytesPerSec" : 12.528685205183585
  },
  "Login" : {
    "transaction" : "Login",
    "sampleCount" : 60,
    "errorCount" : 0,
    "errorPct" : 0.0,
    "meanResTime" : 271.46666666666664,
    "medianResTime" : 232.0,
    "minResTime" : 90.0,
    "maxResTime" : 933.0,
    "pct1ResTime" : 524.3,
    "pct2ResTime" : 554.5,
    "pct3ResTime" : 933.0,
    "throughput" : 45.04504504504504,
    "receivedKBytesPerSec" : 77.20122466216216,
    "sentKBytesPerSec" : 26.65751689189189
  },
  "RunPractice" : {
    "transaction" : "RunPractice",
    "sampleCount" : 468,
    "errorCount" : 0,
    "errorPct" : 0.0,
    "meanResTime" : 3427.3888888888896,
    "medianResTime" : 2752.5,
    "minResTime" : 1381.0,
    "maxResTime" : 14024.0,
    "pct1ResTime" : 5784.200000000001,
    "pct2ResTime" : 7458.849999999987,
    "pct3ResTime" : 10101.95,
    "throughput" : 1.7334424760077487,
    "receivedKBytesPerSec" : 49.12788345701396,
    "sentKBytesPerSec" : 0.4062755803143161
  }
}