{
  "AssignmentsList" : {
    "transaction" : "AssignmentsList",
    "sampleCount" : 20,
    "errorCount" : 0,
    "errorPct" : 0.0,
    "meanResTime" : 44.05,
    "medianResTime" : 36.0,
    "minResTime" : 26.0,
    "maxResTime" : 86.0,
    "pct1ResTime" : 78.40000000000003,
    "pct2ResTime" : 85.69999999999999,
    "pct3ResTime" : 86.0,
    "throughput" : 46.948356807511736,
    "receivedKBytesPerSec" : 18.201657863849764,
    "sentKBytesPerSec" : 15.17568955399061
  },
  "Get CSRF Token" : {
    "transaction" : "Get CSRF Token",
    "sampleCount" : 20,
    "errorCount" : 0,
    "errorPct" : 0.0,
    "meanResTime" : 66.5,
    "medianResTime" : 31.5,
    "minResTime" : 24.0,
    "maxResTime" : 166.0,
    "pct1ResTime" : 164.8,
    "pct2ResTime" : 165.95,
    "pct3ResTime" : 166.0,
    "throughput" : 51.67958656330749,
    "receivedKBytesPerSec" : 1381.1167635658915,
    "sentKBytesPerSec" : 6.813226744186046
  },
  "StudentCourses" : {
    "transaction" : "StudentCourses",
    "sampleCount" : 20,
    "errorCount" : 0,
    "errorPct" : 0.0,
    "meanResTime" : 42.44999999999999,
    "medianResTime" : 37.5,
    "minResTime" : 26.0,
    "maxResTime" : 99.0,
    "pct1ResTime" : 70.60000000000002,
    "pct2ResTime" : 97.64999999999998,
    "pct3ResTime" : 99.0,
    "throughput" : 42.28329809725159,
    "receivedKBytesPerSec" : 52.73024577167019,
    "sentKBytesPerSec" : 10.240486257928119
  },
  "GetSubmissionId" : {
    "transaction" : "GetSubmissionId",
    "sampleCount" : 234,
    "errorCount" : 1,
    "errorPct" : 0.42735043,
    "meanResTime" : 408.5000000000001,
    "medianResTime" : 343.5,
    "minResTime" : 22.0,
    "maxResTime" : 1349.0,
    "pct1ResTime" : 601.5,
    "pct2ResTime" : 767.25,
    "pct3ResTime" : 1331.25,
    "throughput" : 0.8700954874022072,
    "receivedKBytesPerSec" : 36.89479966888033,
    "sentKBytesPerSec" : 0.2005189257388375
  },
  "TestcasesResults" : {
    "transaction" : "TestcasesResults",
    "sampleCount" : 232,
    "errorCount" : 0,
    "errorPct" : 0.0,
    "meanResTime" : 5617.228448275863,
    "medianResTime" : 5338.5,
    "minResTime" : 5208.0,
    "maxResTime" : 9017.0,
    "pct1ResTime" : 6072.6,
    "pct2ResTime" : 8442.999999999998,
    "pct3ResTime" : 8944.779999999999,
    "throughput" : 0.8741917494385578,
    "receivedKBytesPerSec" : 25.343432157586253,
    "sentKBytesPerSec" : 0.21171831431715077
  },
  "Total" : {
    "transaction" : "Total",
    "sampleCount" : 1035,
    "errorCount" : 1,
    "errorPct" : 0.096618354,
    "meanResTime" : 2142.293719806763,
    "medianResTime" : 988.0,
    "minResTime" : 22.0,
    "maxResTime" : 10340.0,
    "pct1ResTime" : 5383.4,
    "pct2ResTime" : 5816.2,
    "pct3ResTime" : 8995.040000000006,
    "throughput" : 3.432778892555679,
    "receivedKBytesPerSec" : 114.71623216240195,
    "sentKBytesPerSec" : 1.6454400372713553
  },
  "Upload" : {
    "transaction" : "Upload",
    "sampleCount" : 235,
    "errorCount" : 0,
    "errorPct" : 0.0,
    "meanResTime" : 1216.4170212765957,
    "medianResTime" : 756.0,
    "minResTime" : 494.0,
    "maxResTime" : 10340.0,
    "pct1ResTime" : 1364.2000000000003,
    "pct2ResTime" : 3049.99999999996,
    "pct3ResTime" : 9973.64,
    "throughput" : 0.8588898756985333,
    "receivedKBytesPerSec" : 36.75768129657651,
    "sentKBytesPerSec" : 1.0948775784970524
  },
  "Course Page" : {
    "transaction" : "Course Page",
    "sampleCount" : 20,
    "errorCount" : 0,
    "errorPct" : 0.0,
    "meanResTime" : 89.85,
    "medianResTime" : 84.5,
    "minResTime" : 58.0,
    "maxResTime" : 159.0,
    "pct1ResTime" : 134.30000000000004,
    "pct2ResTime" : 157.85,
    "pct3ResTime" : 159.0,
    "throughput" : 42.016806722689076,
    "receivedKBytesPerSec" : 1360.4233685661766,
    "sentKBytesPerSec" : 12.186515231092438
  },
  "Login" : {
    "transaction" : "Login",
    "sampleCount" : 20,
    "errorCount" : 0,
    "errorPct" : 0.0,
    "meanResTime" : 328.94999999999993,
    "medianResTime" : 254.5,
    "minResTime" : 157.0,
    "maxResTime" : 634.0,
    "pct1ResTime" : 624.3000000000001,
    "pct2ResTime" : 633.65,
    "pct3ResTime" : 634.0,
    "throughput" : 31.545741324921135,
    "receivedKBytesPerSec" : 54.06521096214511,
    "sentKBytesPerSec" : 18.668671135646687
  },
  "RunPractice" : {
    "transaction" : "RunPractice",
    "sampleCount" : 234,
    "errorCount" : 0,
    "errorPct" : 0.0,
    "meanResTime" : 2227.324786324786,
    "medianResTime" : 2118.0,
    "minResTime" : 83.0,
    "maxResTime" : 5641.0,
    "pct1ResTime" : 2510.0,
    "pct2ResTime" : 2834.75,
    "pct3ResTime" : 3257.6000000000004,
    "throughput" : 0.8666762964032934,
    "receivedKBytesPerSec" : 24.56722175385282,
    "sentKBytesPerSec" : 0.20312725696952189
  }
}