{
  "AssignmentsList" : {
    "transaction" : "AssignmentsList",
    "sampleCount" : 40,
    "errorCount" : 0,
    "errorPct" : 0.0,
    "meanResTime" : 46.47499999999999,
    "medianResTime" : 40.0,
    "minResTime" : 24.0,
    "maxResTime" : 190.0,
    "pct1ResTime" : 68.8,
    "pct2ResTime" : 74.85,
    "pct3ResTime" : 190.0,
    "throughput" : 42.780748663101605,
    "receivedKBytesPerSec" : 16.585895721925134,
    "sentKBytesPerSec" : 13.828542780748663
  },
  "Get CSRF Token" : {
    "transaction" : "Get CSRF Token",
    "sampleCount" : 40,
    "errorCount" : 0,
    "errorPct" : 0.0,
    "meanResTime" : 44.849999999999994,
    "medianResTime" : 29.0,
    "minResTime" : 24.0,
    "maxResTime" : 143.0,
    "pct1ResTime" : 138.19999999999996,
    "pct2ResTime" : 143.0,
    "pct3ResTime" : 143.0,
    "throughput" : 51.41388174807198,
    "receivedKBytesPerSec" : 1374.0071196176093,
    "sentKBytesPerSec" : 6.778197300771208
  },
  "StudentCourses" : {
    "transaction" : "StudentCourses",
    "sampleCount" : 40,
    "errorCount" : 0,
    "errorPct" : 0.0,
    "meanResTime" : 67.82499999999997,
    "medianResTime" : 59.0,
    "minResTime" : 25.0,
    "maxResTime" : 351.0,
    "pct1ResTime" : 140.19999999999993,
    "pct2ResTime" : 166.74999999999997,
    "pct3ResTime" : 351.0,
    "throughput" : 49.079754601226995,
    "receivedKBytesPerSec" : 61.205904907975466,
    "sentKBytesPerSec" : 11.886503067484663
  },
  "GetSubmissionId" : {
    "transaction" : "GetSubmissionId",
    "sampleCount" : 410,
    "errorCount" : 0,
    "errorPct" : 0.0,
    "meanResTime" : 951.2682926829277,
    "medianResTime" : 647.0,
    "minResTime" : 240.0,
    "maxResTime" : 13018.0,
    "pct1ResTime" : 1720.9000000000042,
    "pct2ResTime" : 3469.1999999999957,
    "pct3ResTime" : 5160.0,
    "throughput" : 1.5079627790650632,
    "receivedKBytesPerSec" : 64.19835457354077,
    "sentKBytesPerSec" : 0.349010916639082
  },
  "TestcasesResults" : {
    "transaction" : "TestcasesResults",
    "sampleCount" : 395,
    "errorCount" : 1,
    "errorPct" : 0.25316456,
    "meanResTime" : 8445.465822784812,
    "medianResTime" : 8573.0,
    "minResTime" : 5209.0,
    "maxResTime" : 25861.0,
    "pct1ResTime" : 11636.8,
    "pct2ResTime" : 12269.199999999997,
    "pct3ResTime" : 16640.600000000002,
    "throughput" : 1.4312890660385904,
    "receivedKBytesPerSec" : 41.39569792327203,
    "sentKBytesPerSec" : 0.34576275024911673
  },
  "Total" : {
    "transaction" : "Total",
    "sampleCount" : 1825,
    "errorCount" : 1,
    "errorPct" : 0.05479452,
    "meanResTime" : 3252.358904109592,
    "medianResTime" : 2081.0,
    "minResTime" : 24.0,
    "maxResTime" : 25861.0,
    "pct1ResTime" : 8897.2,
    "pct2ResTime" : 11294.099999999991,
    "pct3ResTime" : 17526.98,
    "throughput" : 5.868072860564943,
    "receivedKBytesPerSec" : 194.722109948996,
    "sentKBytesPerSec" : 2.811110854327101
  },
  "Upload" : {
    "transaction" : "Upload",
    "sampleCount" : 411,
    "errorCount" : 0,
    "errorPct" : 0.0,
    "meanResTime" : 2491.2433090024306,
    "medianResTime" : 1402.0,
    "minResTime" : 464.0,
    "maxResTime" : 19097.0,
    "pct1ResTime" : 3793.4000000000033,
    "pct2ResTime" : 11124.399999999929,
    "pct3ResTime" : 18197.44,
    "throughput" : 1.504436440305719,
    "receivedKBytesPerSec" : 64.385575066025,
    "sentKBytesPerSec" : 1.9214751552937128
  },
  "Course Page" : {
    "transaction" : "Course Page",
    "sampleCount" : 40,
    "errorCount" : 0,
    "errorPct" : 0.0,
    "meanResTime" : 116.17499999999998,
    "medianResTime" : 86.0,
    "minResTime" : 52.0,
    "maxResTime" : 276.0,
    "pct1ResTime" : 255.59999999999997,
    "pct2ResTime" : 264.0,
    "pct3ResTime" : 276.0,
    "throughput" : 40.363269424823415,
    "receivedKBytesPerSec" : 1306.8761431004036,
    "sentKBytesPerSec" : 11.706924823410697
  },
  "Login" : {
    "transaction" : "Login",
    "sampleCount" : 40,
    "errorCount" : 0,
    "errorPct" : 0.0,
    "meanResTime" : 304.05000000000007,
    "medianResTime" : 262.0,
    "minResTime" : 93.0,
    "maxResTime" : 919.0,
    "pct1ResTime" : 550.5,
    "pct2ResTime" : 804.5499999999997,
    "pct3ResTime" : 919.0,
    "throughput" : 43.525571273122964,
    "receivedKBytesPerSec" : 74.59704842219804,
    "sentKBytesPerSec" : 25.75829706202394
  },
  "RunPractice" : {
    "transaction" : "RunPractice",
    "sampleCount" : 409,
    "errorCount" : 0,
    "errorPct" : 0.0,
    "meanResTime" : 2842.2982885085567,
    "medianResTime" : 2228.0,
    "minResTime" : 2068.0,
    "maxResTime" : 17794.0,
    "pct1ResTime" : 3805.0,
    "pct2ResTime" : 5283.0,
    "pct3ResTime" : 12642.899999999998,
    "throughput" : 1.4977405722907007,
    "receivedKBytesPerSec" : 42.452414008085604,
    "sentKBytesPerSec" : 0.35103294663063306
  }
}