{
  "AssignmentsList" : {
    "transaction" : "AssignmentsList",
    "sampleCount" : 100,
    "errorCount" : 0,
    "errorPct" : 0.0,
    "meanResTime" : 46.16,
    "medianResTime" : 41.0,
    "minResTime" : 25.0,
    "maxResTime" : 154.0,
    "pct1ResTime" : 67.70000000000002,
    "pct2ResTime" : 86.84999999999997,
    "pct3ResTime" : 153.55999999999977,
    "throughput" : 45.04504504504504,
    "receivedKBytesPerSec" : 17.221811655405403,
    "sentKBytesPerSec" : 14.560458896396396
  },
  "Get CSRF Token" : {
    "transaction" : "Get CSRF Token",
    "sampleCount" : 100,
    "errorCount" : 0,
    "errorPct" : 0.0,
    "meanResTime" : 38.28999999999999,
    "medianResTime" : 29.0,
    "minResTime" : 23.0,
    "maxResTime" : 171.0,
    "pct1ResTime" : 49.50000000000003,
    "pct2ResTime" : 144.79999999999927,
    "pct3ResTime" : 170.98,
    "throughput" : 53.05039787798409,
    "receivedKBytesPerSec" : 1417.7428713527852,
    "sentKBytesPerSec" : 6.993948938992043
  },
  "StudentCourses" : {
    "transaction" : "StudentCourses",
    "sampleCount" : 100,
    "errorCount" : 0,
    "errorPct" : 0.0,
    "meanResTime" : 97.79999999999998,
    "medianResTime" : 84.5,
    "minResTime" : 28.0,
    "maxResTime" : 275.0,
    "pct1ResTime" : 172.40000000000003,
    "pct2ResTime" : 211.74999999999994,
    "pct3ResTime" : 274.96,
    "throughput" : 49.09180166912125,
    "receivedKBytesPerSec" : 61.26886966126657,
    "sentKBytesPerSec" : 11.889420716740306
  },
  "GetSubmissionId" : {
    "transaction" : "GetSubmissionId",
    "sampleCount" : 486,
    "errorCount" : 1,
    "errorPct" : 0.20576131,
    "meanResTime" : 1546.51646090535,
    "medianResTime" : 1084.0,
    "minResTime" : 259.0,
    "maxResTime" : 14871.0,
    "pct1ResTime" : 2752.6,
    "pct2ResTime" : 3763.149999999999,
    "pct3ResTime" : 11855.3,
    "throughput" : 1.7900486554377333,
    "receivedKBytesPerSec" : 80.78628307308261,
    "sentKBytesPerSec" : 0.4134459046651762
  },
  "TestcasesResults" : {
    "transaction" : "TestcasesResults",
    "sampleCount" : 426,
    "errorCount" : 1,
    "errorPct" : 0.23474178,
    "meanResTime" : 35041.241784037535,
    "medianResTime" : 38031.0,
    "minResTime" : 7718.0,
    "maxResTime" : 48161.0,
    "pct1ResTime" : 43256.9,
    "pct2ResTime" : 44552.35,
    "pct3ResTime" : 46669.770000000004,
    "throughput" : 1.4054674663974502,
    "receivedKBytesPerSec" : 40.648902586835455,
    "sentKBytesPerSec" : 0.33958762231855943
  },
  "Total" : {
    "transaction" : "Total",
    "sampleCount" : 2391,
    "errorCount" : 11,
    "errorPct" : 0.46005854,
    "meanResTime" : 8909.112923462975,
    "medianResTime" : 2158.0,
    "minResTime" : 0.0,
    "maxResTime" : 62476.0,
    "pct1ResTime" : 38163.0,
    "pct2ResTime" : 41642.8,
    "pct3ResTime" : 46752.11999999999,
    "throughput" : 7.025657902469411,
    "receivedKBytesPerSec" : 224.1718582191162,
    "sentKBytesPerSec" : 3.475740558078478
  },
  "Upload" : {
    "transaction" : "Upload",
    "sampleCount" : 493,
    "errorCount" : 8,
    "errorPct" : 1.6227181,
    "meanResTime" : 7384.924949290067,
    "medianResTime" : 2026.0,
    "minResTime" : 681.0,
    "maxResTime" : 62476.0,
    "pct1ResTime" : 23651.200000000023,
    "pct2ResTime" : 43303.399999999994,
    "pct3ResTime" : 62198.86,
    "throughput" : 1.7925252062494772,
    "receivedKBytesPerSec" : 80.17181117196789,
    "sentKBytesPerSec" : 2.5310428074471605
  },
  "Course Page" : {
    "transaction" : "Course Page",
    "sampleCount" : 100,
    "errorCount" : 0,
    "errorPct" : 0.0,
    "meanResTime" : 129.63999999999996,
    "medianResTime" : 93.0,
    "minResTime" : 55.0,
    "maxResTime" : 372.0,
    "pct1ResTime" : 293.2000000000001,
    "pct2ResTime" : 319.69999999999993,
    "pct3ResTime" : 371.8399999999999,
    "throughput" : 44.15011037527594,
    "receivedKBytesPerSec" : 1429.5288355408388,
    "sentKBytesPerSec" : 12.805256622516556
  },
  "Login" : {
    "transaction" : "Login",
    "sampleCount" : 100,
    "errorCount" : 0,
    "errorPct" : 0.0,
    "meanResTime" : 356.9700000000001,
    "medianResTime" : 335.5,
    "minResTime" : 110.0,
    "maxResTime" : 776.0,
    "pct1ResTime" : 556.6,
    "pct2ResTime" : 642.9499999999998,
    "pct3ResTime" : 775.7599999999999,
    "throughput" : 46.81647940074907,
    "receivedKBytesPerSec" : 80.23722787921348,
    "sentKBytesPerSec" : 27.705846207865168
  },
  "RunPractice" : {
    "transaction" : "RunPractice",
    "sampleCount" : 486,
    "errorCount" : 1,
    "errorPct" : 0.20576131,
    "meanResTime" : 3940.039094650203,
    "medianResTime" : 2890.5,
    "minResTime" : 0.0,
    "maxResTime" : 39968.0,
    "pct1ResTime" : 5991.5,
    "pct2ResTime" : 8926.249999999995,
    "pct3ResTime" : 22543.559999999998,
    "throughput" : 1.7849666145133212,
    "receivedKBytesPerSec" : 50.47216338137318,
    "sentKBytesPerSec" : 0.41749074461755437
  }
}