{
  "AssignmentsList" : {
    "transaction" : "AssignmentsList",
    "sampleCount" : 80,
    "errorCount" : 0,
    "errorPct" : 0.0,
    "meanResTime" : 45.037499999999994,
    "medianResTime" : 43.5,
    "minResTime" : 24.0,
    "maxResTime" : 110.0,
    "pct1ResTime" : 65.9,
    "pct2ResTime" : 69.95,
    "pct3ResTime" : 110.0,
    "throughput" : 41.906757464641174,
    "receivedKBytesPerSec" : 16.07823958878994,
    "sentKBytesPerSec" : 13.546031953902567
  },
  "Get CSRF Token" : {
    "transaction" : "Get CSRF Token",
    "sampleCount" : 80,
    "errorCount" : 0,
    "errorPct" : 0.0,
    "meanResTime" : 38.6,
    "medianResTime" : 29.0,
    "minResTime" : 24.0,
    "maxResTime" : 143.0,
    "pct1ResTime" : 54.10000000000005,
    "pct2ResTime" : 136.0,
    "pct3ResTime" : 143.0,
    "throughput" : 53.085600530856006,
    "receivedKBytesPerSec" : 1418.6854574485735,
    "sentKBytesPerSec" : 6.998589913735899
  },
  "StudentCourses" : {
    "transaction" : "StudentCourses",
    "sampleCount" : 80,
    "errorCount" : 0,
    "errorPct" : 0.0,
    "meanResTime" : 84.96249999999999,
    "medianResTime" : 75.5,
    "minResTime" : 26.0,
    "maxResTime" : 230.0,
    "pct1ResTime" : 152.70000000000007,
    "pct2ResTime" : 198.2500000000001,
    "pct3ResTime" : 230.0,
    "throughput" : 48.51425106124924,
    "receivedKBytesPerSec" : 60.53621513038205,
    "sentKBytesPerSec" : 11.7495451788963
  },
  "GetSubmissionId" : {
    "transaction" : "GetSubmissionId",
    "sampleCount" : 479,
    "errorCount" : 1,
    "errorPct" : 0.20876826,
    "meanResTime" : 1487.152400835073,
    "medianResTime" : 1017.0,
    "minResTime" : 262.0,
    "maxResTime" : 26638.0,
    "pct1ResTime" : 2535.0,
    "pct2ResTime" : 4131.0,
    "pct3ResTime" : 9265.199999999988,
    "throughput" : 1.7609840923211535,
    "receivedKBytesPerSec" : 78.3073216808299,
    "sentKBytesPerSec" : 0.4067206335682538
  },
  "TestcasesResults" : {
    "transaction" : "TestcasesResults",
    "sampleCount" : 434,
    "errorCount" : 3,
    "errorPct" : 0.69124424,
    "meanResTime" : 25682.638248847914,
    "medianResTime" : 27520.5,
    "minResTime" : 6117.0,
    "maxResTime" : 40613.0,
    "pct1ResTime" : 30343.5,
    "pct2ResTime" : 31243.75,
    "pct3ResTime" : 33375.54999999999,
    "throughput" : 1.502931408842362,
    "receivedKBytesPerSec" : 43.28473637773618,
    "sentKBytesPerSec" : 0.36147513237224216
  },
  "Total" : {
    "transaction" : "Total",
    "sampleCount" : 2274,
    "errorCount" : 4,
    "errorPct" : 0.1759015,
    "meanResTime" : 7057.358399296383,
    "medianResTime" : 2160.0,
    "minResTime" : 24.0,
    "maxResTime" : 44037.0,
    "pct1ResTime" : 27772.0,
    "pct2ResTime" : 29193.5,
    "pct3ResTime" : 32658.25,
    "throughput" : 6.998215055087093,
    "receivedKBytesPerSec" : 227.76410104076908,
    "sentKBytesPerSec" : 3.4510638021634765
  },
  "Upload" : {
    "transaction" : "Upload",
    "sampleCount" : 485,
    "errorCount" : 0,
    "errorPct" : 0.0,
    "meanResTime" : 5123.870103092785,
    "medianResTime" : 2010.0,
    "minResTime" : 671.0,
    "maxResTime" : 44037.0,
    "pct1ResTime" : 16316.20000000004,
    "pct2ResTime" : 30940.3,
    "pct3ResTime" : 37749.04,
    "throughput" : 1.7643035911762994,
    "receivedKBytesPerSec" : 79.0331914728661,
    "sentKBytesPerSec" : 2.431771924655142
  },
  "Course Page" : {
    "transaction" : "Course Page",
    "sampleCount" : 80,
    "errorCount" : 0,
    "errorPct" : 0.0,
    "meanResTime" : 136.47499999999997,
    "medianResTime" : 86.0,
    "minResTime" : 52.0,
    "maxResTime" : 404.0,
    "pct1ResTime" : 328.00000000000006,
    "pct2ResTime" : 367.95,
    "pct3ResTime" : 404.0,
    "throughput" : 40.85801838610827,
    "receivedKBytesPerSec" : 1322.9658771705822,
    "sentKBytesPerSec" : 11.850421348314606
  },
  "Login" : {
    "transaction" : "Login",
    "sampleCount" : 80,
    "errorCount" : 0,
    "errorPct" : 0.0,
    "meanResTime" : 384.1624999999999,
    "medianResTime" : 349.5,
    "minResTime" : 116.0,
    "maxResTime" : 991.0,
    "pct1ResTime" : 682.2000000000004,
    "pct2ResTime" : 822.95,
    "pct3ResTime" : 991.0,
    "throughput" : 46.05641911341393,
    "receivedKBytesPerSec" : 78.93458549222798,
    "sentKBytesPerSec" : 27.256044905008633
  },
  "RunPractice" : {
    "transaction" : "RunPractice",
    "sampleCount" : 476,
    "errorCount" : 0,
    "errorPct" : 0.0,
    "meanResTime" : 3465.5588235294135,
    "medianResTime" : 2789.0,
    "minResTime" : 620.0,
    "maxResTime" : 37067.0,
    "pct1ResTime" : 4969.800000000001,
    "pct2ResTime" : 6276.749999999996,
    "pct3ResTime" : 14631.810000000054,
    "throughput" : 1.7439538658254654,
    "receivedKBytesPerSec" : 49.418288714356116,
    "sentKBytesPerSec" : 0.4087391873028435
  }
}