{
  "AssignmentsList" : {
    "transaction" : "AssignmentsList",
    "sampleCount" : 1,
    "errorCount" : 0,
    "errorPct" : 0.0,
    "meanResTime" : 381.0,
    "medianResTime" : 381.0,
    "minResTime" : 381.0,
    "maxResTime" : 381.0,
    "pct1ResTime" : 381.0,
    "pct2ResTime" : 381.0,
    "pct3ResTime" : 381.0,
    "throughput" : 2.6246719160104988,
    "receivedKBytesPerSec" : 1.017572998687664,
    "sentKBytesPerSec" : 0.8484046916010498
  },
  "Get CSRF Token" : {
    "transaction" : "Get CSRF Token",
    "sampleCount" : 1,
    "errorCount" : 0,
    "errorPct" : 0.0,
    "meanResTime" : 2775.0,
    "medianResTime" : 2775.0,
    "minResTime" : 2775.0,
    "maxResTime" : 2775.0,
    "pct1ResTime" : 2775.0,
    "pct2ResTime" : 2775.0,
    "pct3ResTime" : 2775.0,
    "throughput" : 0.36036036036036034,
    "receivedKBytesPerSec" : 9.630489864864865,
    "sentKBytesPerSec" : 0.04750844594594595
  },
  "StudentCourses" : {
    "transaction" : "StudentCourses",
    "sampleCount" : 1,
    "errorCount" : 0,
    "errorPct" : 0.0,
    "meanResTime" : 163.0,
    "medianResTime" : 163.0,
    "minResTime" : 163.0,
    "maxResTime" : 163.0,
    "pct1ResTime" : 163.0,
    "pct2ResTime" : 163.0,
    "pct3ResTime" : 163.0,
    "throughput" : 6.134969325153374,
    "receivedKBytesPerSec" : 7.650738113496932,
    "sentKBytesPerSec" : 1.4858128834355828
  },
  "GetSubmissionId" : {
    "transaction" : "GetSubmissionId",
    "sampleCount" : 11,
    "errorCount" : 0,
    "errorPct" : 0.0,
    "meanResTime" : 297.5454545454545,
    "medianResTime" : 295.0,
    "minResTime" : 278.0,
    "maxResTime" : 342.0,
    "pct1ResTime" : 333.8,
    "pct2ResTime" : 342.0,
    "pct3ResTime" : 342.0,
    "throughput" : 0.04617871161394597,
    "receivedKBytesPerSec" : 1.9658257855628554,
    "sentKBytesPerSec" : 0.010687846340337105
  },
  "TestcasesResults" : {
    "transaction" : "TestcasesResults",
    "sampleCount" : 11,
    "errorCount" : 0,
    "errorPct" : 0.0,
    "meanResTime" : 6546.727272727273,
    "medianResTime" : 5447.0,
    "minResTime" : 5304.0,
    "maxResTime" : 12461.0,
    "pct1ResTime" : 11418.800000000003,
    "pct2ResTime" : 12461.0,
    "pct3ResTime" : 12461.0,
    "throughput" : 0.04633881254686539,
    "receivedKBytesPerSec" : 1.3433730363928182,
    "sentKBytesPerSec" : 0.011222681163693961
  },
  "Total" : {
    "transaction" : "Total",
    "sampleCount" : 49,
    "errorCount" : 0,
    "errorPct" : 0.0,
    "meanResTime" : 2594.530612244898,
    "medianResTime" : 2100.0,
    "minResTime" : 163.0,
    "maxResTime" : 12461.0,
    "pct1ResTime" : 7157.0,
    "pct2ResTime" : 9068.5,
    "pct3ResTime" : 12461.0,
    "throughput" : 0.1659059820956973,
    "receivedKBytesPerSec" : 5.526081732397037,
    "sentKBytesPerSec" : 0.07933900750132047
  },
  "Upload" : {
    "transaction" : "Upload",
    "sampleCount" : 11,
    "errorCount" : 0,
    "errorPct" : 0.0,
    "meanResTime" : 1735.2727272727273,
    "medianResTime" : 618.0,
    "minResTime" : 583.0,
    "maxResTime" : 10887.0,
    "pct1ResTime" : 9207.800000000007,
    "pct2ResTime" : 10887.0,
    "pct3ResTime" : 10887.0,
    "throughput" : 0.044212040948388466,
    "receivedKBytesPerSec" : 1.8919056105582375,
    "sentKBytesPerSec" : 0.05653285030003899
  },
  "Course Page" : {
    "transaction" : "Course Page",
    "sampleCount" : 1,
    "errorCount" : 0,
    "errorPct" : 0.0,
    "meanResTime" : 2279.0,
    "medianResTime" : 2279.0,
    "minResTime" : 2279.0,
    "maxResTime" : 2279.0,
    "pct1ResTime" : 2279.0,
    "pct2ResTime" : 2279.0,
    "pct3ResTime" : 2279.0,
    "throughput" : 0.43878894251864853,
    "receivedKBytesPerSec" : 14.20750603334796,
    "sentKBytesPerSec" : 0.1272659335234752
  },
  "Login" : {
    "transaction" : "Login",
    "sampleCount" : 1,
    "errorCount" : 0,
    "errorPct" : 0.0,
    "meanResTime" : 3280.0,
    "medianResTime" : 3280.0,
    "minResTime" : 3280.0,
    "maxResTime" : 3280.0,
    "pct1ResTime" : 3280.0,
    "pct2ResTime" : 3280.0,
    "pct3ResTime" : 3280.0,
    "throughput" : 0.3048780487804878,
    "receivedKBytesPerSec" : 0.5225204839939025,
    "sentKBytesPerSec" : 0.18042587652439027
  },
  "RunPractice" : {
    "transaction" : "RunPractice",
    "sampleCount" : 11,
    "errorCount" : 0,
    "errorPct" : 0.0,
    "meanResTime" : 2170.818181818182,
    "medianResTime" : 2121.0,
    "minResTime" : 2085.0,
    "maxResTime" : 2758.0,
    "pct1ResTime" : 2632.6000000000004,
    "pct2ResTime" : 2758.0,
    "pct3ResTime" : 2758.0,
    "throughput" : 0.04594340607705962,
    "receivedKBytesPerSec" : 1.302265518951655,
    "sentKBytesPerSec" : 0.01076798579931085
  }
}