Device,kB_read/s,kB_wrtn/s
loop0,0.0,0.0
sda,1111.1867403314918,470.54585635359115
