{"%idle": 8.547722222222225, "%iowait": 2.082265193370166, "user+system(%)": 76.6919337016575}