Device,kB_read/s,kB_wrtn/s
loop0,0.0,0.0
sda,64.60307692307693,273.7230769230769
