{"Disk Write(KB/s)": 248.4611333333334, "Disk Read(KB/s)": 66.75706666666666}