{"%idle": 59.51672727272728, "%iowait": 3.079189189189187, "user+system(%)": 35.625585585585576}