{"I/O wait(%)": 3.1, "Available Memory(Kb)": 10388277.163636364, "user+system(%)": 37.24545454545454, "Idle(%)": 59.72727272727273}