Device,kB_read/s,kB_wrtn/s
loop0,0.0,0.0
sda,42.41311475409836,867.9344262295082
