{"Disk Read(KB/s)": 41.02520000000004, "Disk Write(KB/s)": 859.0323333333333}