{"%iowait": 0.7239639639639638, "%idle": 2.734545454545454, "user+system(%)": 94.07630630630628}