{"Available Memory(Kb)": 8939946.036363637, "user+system(%)": 96.53636363636363, "I/O wait(%)": 0.7, "Idle(%)": 2.690909090909091}