Device,kB_read/s,kB_wrtn/s
loop0,0.0,0.0
sda,15.893922651933702,153.1624309392265
