{"Disk Read(KB/s)": 13.462622222222222, "Disk Write(KB/s)": 154.39476666666678}