{"%iowait": 0.3923756906077352, "%idle": 94.16488888888885, "user+system(%)": 4.587403314917127}