{"user+system(%)": 5.344444444444444, "I/O wait(%)": 0.37777777777777777, "Idle(%)": 94.25, "Available Memory(Kb)": 8699858.666666666}