Device,kB_read/s,kB_wrtn/s
loop0,0.0,0.0
sda,7.067403314917127,337.90055248618785
