{"I/O wait(%)": 1.2055555555555555, "user+system(%)": 85.9, "Idle(%)": 12.96111111111111, "Available Memory(Kb)": 8125625.533333333}