Device,kB_read/s,kB_wrtn/s
loop0,0.0,0.0
sda,2.936263736263736,399.14285714285717
