{"Disk Read(KB/s)": 2.4956777777777774, "Disk Write(KB/s)": 359.0204555555558}