{"Idle(%)": 34.78333333333333, "user+system(%)": 59.09444444444444, "I/O wait(%)": 6.116666666666666, "Available Memory(Kb)": 9690478.2}