Device,kB_read/s,kB_wrtn/s
loop0,0.0,0.0
sda,1.7836065573770492,416.9967213114754
