{"Disk Read(KB/s)": 1.7771666666666666, "Disk Write(KB/s)": 414.22550000000007}