{"user+system(%)": 31.435045045045054, "%idle": 66.19336363636361, "%iowait": 1.3936936936936923}