{"I/O wait(%)": 1.3545454545454545, "Idle(%)": 66.38181818181818, "Available Memory(Kb)": 2900130.5090909093, "user+system(%)": 32.14545454545455}