Device,kB_read/s,kB_wrtn/s
loop0,0.0,0.0
sda,41.07096774193548,56.0258064516129
