{"Disk Read(KB/s)": 32.11999999999999, "Disk Write(KB/s)": 55.33383333333335}