{"%sys": 1.24081081081081, "%idle": 90.02718181818189, "user+system(%)": 2.0965765765765743, "%guest": 7.457567567567567, "%iowait": 0.13666666666666666}