{"I/O wait(%)": 0.03636363636363636, "Available Memory(Kb)": 2152903.8181818184, "user+system(%)": 10.018181818181818, "sys(%)": 1.3909090909090909, "Idle(%)": 89.96363636363637}