Device,kB_read/s,kB_wrtn/s
loop0,0.0,0.0
sda,18.564444444444444,162.01333333333332
