{"%iowait": 2.0734254143646407, "user+system(%)": 65.13049723756906, "%idle": 21.249666666666663}