{"Disk Write(KB/s)": 723.5776666666667, "Disk Read(KB/s)": 74.40716666666667}