{"user+system(%)": 97.44693693693691, "%iowait": 0.10234234234234228, "%idle": 0.6305454545454549}