{"I/O wait(%)": 0.05454545454545454, "Available Memory(Kb)": 2587990.618181818, "user+system(%)": 99.23636363636363, "Idle(%)": 0.6181818181818182}