Device,kB_read/s,kB_wrtn/s
loop0,0.0,0.0
sda,4.459016393442623,840.2491803278689
