{"Disk Write(KB/s)": 827.2783333333333, "Disk Read(KB/s)": 4.363166666666667}