{"%iowait": 0.6151351351351353, "%idle": 7.5870909090909056, "user+system(%)": 90.22927927927924}