{"user+system(%)": 91.77272727272727, "Idle(%)": 7.554545454545455, "Available Memory(Kb)": 6190497.2727272725, "I/O wait(%)": 0.6181818181818182}