{"Disk Read(KB/s)": 28.851166666666657, "Disk Write(KB/s)": 42.23983333333333}