{"%guest": 16.439549549549547, "%sys": 1.5357657657657633, "%iowait": 0.12738738738738742, "%idle": 79.9982727272727, "user+system(%)": 3.0755855855855856}