{"user+system(%)": 19.681818181818183, "I/O wait(%)": 0.01818181818181818, "Available Memory(Kb)": 714136.2545454545, "sys(%)": 1.5272727272727273, "Idle(%)": 80.13636363636364}