{"%idle": 46.45309090909091, "user+system(%)": 50.07810810810811, "%iowait": 2.0046846846846833}