Device,kB_read/s,kB_wrtn/s
loop0,0.0,0.0
sda,5.99344262295082,203.40983606557376
