Device,kB_read/s,kB_wrtn/s
loop0,0.0,0.0
sda,3.1475409836065573,91.81639344262295
