Device,kB_read/s,kB_wrtn/s
loop0,0.0,0.0
sda,0.10120481927710843,172.24096385542168
