{"Disk Read(KB/s)": 0.08013333333333335, "Disk Write(KB/s)": 155.72238888888896}