{"%idle": 92.22094444444451, "%iowait": 0.5125966850828726, "user+system(%)": 5.380110497237567}