Device,kB_read/s,kB_wrtn/s
loop0,0.0,0.0
sda,24.808743169398905,723.3573770491803
