{"Disk Write(KB/s)": 610.052377777778, "Disk Read(KB/s)": 40.907422222222195}