{"%idle": 54.48105555555556, "user+system(%)": 42.40729281767956, "%iowait": 1.2265745856353591}