{"user+system(%)": 44.01111111111111, "I/O wait(%)": 1.1944444444444444, "Available Memory(Kb)": 7069968.955555555, "Idle(%)": 54.73888888888889}