{"Idle(%)": 92.2, "Available Memory(Kb)": 8630117.0, "I/O wait(%)": 0.5555555555555556, "user+system(%)": 7.2444444444444445}