Device,kB_read/s,kB_wrtn/s
loop0,0.0,0.0
sda,12.709677419354838,788.2064516129033
