{"Disk Read(KB/s)": 12.816166666666668, "Disk Write(KB/s)": 783.8766666666666}