{"%idle": 6.909545454545457, "%iowait": 0.8345945945945945, "user+system(%)": 90.60639639639639}