{"user+system(%)": 92.36363636363636, "Idle(%)": 6.8090909090909095, "Available Memory(Kb)": 8398296.181818182, "I/O wait(%)": 0.7909090909090909}