Device,kB_read/s,kB_wrtn/s
loop0,0.0,0.0
sda,79.62352941176471,319.4470588235294
