{"Disk Write(KB/s)": 303.7057999999999, "Disk Read(KB/s)": 82.50829999999999}