{"user+system(%)": 44.575585585585586, "%idle": 51.57936363636364, "%iowait": 1.840540540540541}