{"I/O wait(%)": 1.8363636363636364, "Available Memory(Kb)": 455773.05454545456, "user+system(%)": 46.58181818181818, "Idle(%)": 51.61818181818182}