Device,kB_read/s,kB_wrtn/s
loop0,0.0,0.0
sda,39.00327868852459,689.9934426229509
