Device,kB_read/s,kB_wrtn/s
loop0,0.0,0.0
sda,4.838709677419355,880.7225806451613
