{"user+system(%)": 65.88108108108108, "%iowait": 2.5004504504504483, "%idle": 29.66363636363635}