Device,kB_read/s,kB_wrtn/s
loop0,0.0,0.0
sda,1769.2331707317073,640.8351219512195
