{"Disk Write(KB/s)": 636.2360777777778, "Disk Read(KB/s)": 1755.9829555555548}