{"%iowait": 17.943535911602208, "%idle": 55.493111111111084, "user+system(%)": 24.00607734806629}