{"user+system(%)": 26.288888888888888, "I/O wait(%)": 17.966666666666665, "Available Memory(Kb)": 2518518.1555555556, "Idle(%)": 55.71111111111111}