{"Disk Read(KB/s)": 0.32415555555555564, "Disk Write(KB/s)": 116.66525555555539}