{"%iowait": 1.0342541436464088, "%idle": 22.872111111111103, "user+system(%)": 64.78917127071826}