{"user+system(%)": 75.62777777777778, "Available Memory(Kb)": 6956787.555555556, "I/O wait(%)": 1.0055555555555555, "Idle(%)": 23.355555555555554}