{
  "AssignmentsList" : {
    "transaction" : "AssignmentsList",
    "sampleCount" : 180,
    "errorCount" : 0,
    "errorPct" : 0.0,
    "meanResTime" : 71.82777777777777,
    "medianResTime" : 65.0,
    "minResTime" : 33.0,
    "maxResTime" : 241.0,
    "pct1ResTime" : 109.80000000000001,
    "pct2ResTime" : 140.79999999999995,
    "pct3ResTime" : 193.20999999999987,
    "throughput" : 58.91980360065467,
    "receivedKBytesPerSec" : 22.51687806873977,
    "sentKBytesPerSec" : 19.160443944353517
  },
  "Get CSRF Token" : {
    "transaction" : "Get CSRF Token",
    "sampleCount" : 180,
    "errorCount" : 0,
    "errorPct" : 0.0,
    "meanResTime" : 118.97222222222224,
    "medianResTime" : 36.0,
    "minResTime" : 29.0,
    "maxResTime" : 896.0,
    "pct1ResTime" : 463.70000000000005,
    "pct2ResTime" : 624.5999999999997,
    "pct3ResTime" : 882.23,
    "throughput" : 42.25352112676056,
    "receivedKBytesPerSec" : 1411.4899684565728,
    "sentKBytesPerSec" : 5.65305897887324
  },
  "StudentCourses" : {
    "transaction" : "StudentCourses",
    "sampleCount" : 180,
    "errorCount" : 0,
    "errorPct" : 0.0,
    "meanResTime" : 172.52777777777777,
    "medianResTime" : 146.0,
    "minResTime" : 35.0,
    "maxResTime" : 543.0,
    "pct1ResTime" : 326.5,
    "pct2ResTime" : 407.69999999999993,
    "pct3ResTime" : 543.0,
    "throughput" : 54.7112462006079,
    "receivedKBytesPerSec" : 67.69448138297872,
    "sentKBytesPerSec" : 13.357237841945288
  },
  "GetSubmissionId" : {
    "transaction" : "GetSubmissionId",
    "sampleCount" : 690,
    "errorCount" : 1,
    "errorPct" : 0.14492753,
    "meanResTime" : 2656.9289855072484,
    "medianResTime" : 872.0,
    "minResTime" : 232.0,
    "maxResTime" : 50002.0,
    "pct1ResTime" : 6395.0,
    "pct2ResTime" : 12381.599999999999,
    "pct3ResTime" : 19830.72,
    "throughput" : 2.533365153378738,
    "receivedKBytesPerSec" : 114.15607416747746,
    "sentKBytesPerSec" : 0.5912834684155452
  },
  "TestcasesResults" : {
    "transaction" : "TestcasesResults",
    "sampleCount" : 550,
    "errorCount" : 1,
    "errorPct" : 0.18181819,
    "meanResTime" : 32928.79454545454,
    "medianResTime" : 38385.5,
    "minResTime" : 4419.0,
    "maxResTime" : 120427.0,
    "pct1ResTime" : 43190.5,
    "pct2ResTime" : 44877.149999999994,
    "pct3ResTime" : 64882.210000000014,
    "throughput" : 1.8172926964658613,
    "receivedKBytesPerSec" : 53.01708146716647,
    "sentKBytesPerSec" : 0.44109681977908327
  },
  "Total" : {
    "transaction" : "Total",
    "sampleCount" : 3521,
    "errorCount" : 125,
    "errorPct" : 3.5501277,
    "meanResTime" : 9316.76143141153,
    "medianResTime" : 2301.0,
    "minResTime" : 0.0,
    "maxResTime" : 120427.0,
    "pct1ResTime" : 39467.6,
    "pct2ResTime" : 43105.5,
    "pct3ResTime" : 54649.23999999977,
    "throughput" : 10.157687935978583,
    "receivedKBytesPerSec" : 308.8814358002605,
    "sentKBytesPerSec" : 4.915357634060709
  },
  "Upload" : {
    "transaction" : "Upload",
    "sampleCount" : 698,
    "errorCount" : 94,
    "errorPct" : 13.467049,
    "meanResTime" : 13566.320916905464,
    "medianResTime" : 3529.5,
    "minResTime" : 1108.0,
    "maxResTime" : 80842.0,
    "pct1ResTime" : 50005.0,
    "pct2ResTime" : 50006.0,
    "pct3ResTime" : 71658.51999999999,
    "throughput" : 2.5196918611786963,
    "receivedKBytesPerSec" : 99.4104617919684,
    "sentKBytesPerSec" : 3.4962543611786963
  },
  "Course Page" : {
    "transaction" : "Course Page",
    "sampleCount" : 180,
    "errorCount" : 0,
    "errorPct" : 0.0,
    "meanResTime" : 193.28888888888886,
    "medianResTime" : 149.5,
    "minResTime" : 69.0,
    "maxResTime" : 553.0,
    "pct1ResTime" : 365.8,
    "pct2ResTime" : 433.29999999999984,
    "pct3ResTime" : 536.8,
    "throughput" : 57.45292052345994,
    "receivedKBytesPerSec" : 2246.2274701763486,
    "sentKBytesPerSec" : 16.775803941908713
  },
  "Login" : {
    "transaction" : "Login",
    "sampleCount" : 180,
    "errorCount" : 0,
    "errorPct" : 0.0,
    "meanResTime" : 1130.5777777777776,
    "medianResTime" : 970.0,
    "minResTime" : 135.0,
    "maxResTime" : 3362.0,
    "pct1ResTime" : 2358.4,
    "pct2ResTime" : 2857.8499999999995,
    "pct3ResTime" : 3211.3399999999997,
    "throughput" : 43.870338776504994,
    "receivedKBytesPerSec" : 75.1365235803071,
    "sentKBytesPerSec" : 26.08228735071899
  },
  "RunPractice" : {
    "transaction" : "RunPractice",
    "sampleCount" : 683,
    "errorCount" : 29,
    "errorPct" : 4.2459736,
    "meanResTime" : 4520.076134699857,
    "medianResTime" : 2602.0,
    "minResTime" : 0.0,
    "maxResTime" : 50003.0,
    "pct1ResTime" : 7320.200000000002,
    "pct2ResTime" : 15288.799999999988,
    "pct3ResTime" : 33807.75999999992,
    "throughput" : 2.5261211280628757,
    "receivedKBytesPerSec" : 69.32046419902913,
    "sentKBytesPerSec" : 0.5718945041608876
  }
}