{"Disk Write(KB/s)": 30.099300000000007, "Disk Read(KB/s)": 32.85926666666667}