{"user+system(%)": 5.2359116022099474, "%iowait": 0.8599999999999997, "%idle": 81.34761111111108}