{"%iowait": 3.1404504504504502, "%idle": 44.40872727272729, "user+system(%)": 50.62297297297299}