Device,kB_read/s,kB_wrtn/s
loop0,0.0,0.0
sda,13.393548387096773,724.2709677419355
