{"user+system(%)": 76.91504504504509, "%iowait": 0.8458558558558559, "%idle": 20.765545454545464}