{"user+system(%)": 78.15454545454546, "Available Memory(Kb)": 8676638.763636364, "I/O wait(%)": 0.7636363636363637, "Idle(%)": 20.927272727272726}