{"sys(%)": 0.11818181818181818, "Available Memory(Kb)": 8722435.38181818, "user+system(%)": 1.0909090909090908, "I/O wait(%)": 0.03636363636363636, "Idle(%)": 98.72727272727273}