Device,kB_read/s,kB_wrtn/s
loop0,0.0,0.0
sda,31.74949494949495,301.22828282828283
