{"Disk Read(KB/s)": 37.995833333333294, "Disk Write(KB/s)": 260.63559999999995}