{"%iowait": 2.3693693693693683, "%idle": 37.96399999999999, "user+system(%)": 57.108108108108084}