{"Available Memory(Kb)": 9790017.163636364, "I/O wait(%)": 2.3363636363636364, "user+system(%)": 59.03636363636364, "Idle(%)": 38.75454545454546}