{"Disk Write(KB/s)": 21.642833333333332, "Disk Read(KB/s)": 9.626666666666667}