{"%guest": 0.0, "user+system(%)": 0.7798198198198194, "%iowait": 0.022432432432432443, "%idle": 99.06927272727275, "%sys": 0.2038738738738738}