{"Idle(%)": 99.10909090909091, "sys(%)": 0.03636363636363636, "user+system(%)": 0.5181818181818182, "Available Memory(Kb)": 2867093.890909091, "I/O wait(%)": 0.0}