Device,kB_read/s,kB_wrtn/s
loop0,0.0,0.0
sda,75.36410256410257,569.1035897435897
