{"Disk Write(KB/s)": 569.2997555555557, "Disk Read(KB/s)": 70.04586666666671}