Device,kB_read/s,kB_wrtn/s
loop0,0.0,0.0
sda,13.777777777777779,680.7238095238096
