{"Disk Read(KB/s)": 14.172833333333326, "Disk Write(KB/s)": 678.2283333333332}