{"%sys": 3.8400000000000003, "%guest": 0.0, "user+system(%)": 98.37351351351349, "%iowait": 0.005315315315315316, "%idle": 0.027272727272727244}