{"Idle(%)": 0.01818181818181818, "user+system(%)": 99.98181818181818, "I/O wait(%)": 0.0, "sys(%)": 4.336363636363636, "Available Memory(Kb)": 7025716.545454546}