Device,kB_read/s,kB_wrtn/s
loop0,0.0,0.0
sda,27.736708860759492,298.5215189873418
