{"Disk Write(KB/s)": 293.8581333333333, "Disk Read(KB/s)": 30.94693333333336}