{"%idle": 72.17436363636362, "%iowait": 1.4887387387387387, "user+system(%)": 25.116756756756757}