{"user+system(%)": 25.69090909090909, "I/O wait(%)": 1.4454545454545455, "Available Memory(Kb)": 5041458.981818181, "Idle(%)": 72.89090909090909}