Device,kB_read/s,kB_wrtn/s
loop0,0.0,0.0
sda,70.37883597883598,459.06031746031744
