{"%idle": 76.33461111111109, "user+system(%)": 20.519889502762425, "%iowait": 1.036629834254144}