{"I/O wait(%)": 1.0, "Idle(%)": 76.44444444444444, "user+system(%)": 22.533333333333335, "Available Memory(Kb)": 9000183.91111111}