Device,kB_read/s,kB_wrtn/s
loop0,0.0,0.0
sda,37.25901639344262,1052.5770491803278
