{"Disk Read(KB/s)": 29.092166666666667, "Disk Write(KB/s)": 1034.1209999999999}