{"%iowait": 2.0125225225225223, "%idle": 8.004090909090909, "%sys": 4.7194594594594586, "%guest": 75.16675675675677, "user+system(%)": 13.583603603603601}