{"user+system(%)": 90.08181818181818, "sys(%)": 4.827272727272727, "I/O wait(%)": 1.981818181818182, "Idle(%)": 7.872727272727273, "Available Memory(Kb)": 363915.0909090909}