{
  "AssignmentsList" : {
    "transaction" : "AssignmentsList",
    "sampleCount" : 200,
    "errorCount" : 0,
    "errorPct" : 0.0,
    "meanResTime" : 33.394999999999996,
    "medianResTime" : 31.5,
    "minResTime" : 25.0,
    "maxResTime" : 87.0,
    "pct1ResTime" : 39.900000000000006,
    "pct2ResTime" : 51.89999999999998,
    "pct3ResTime" : 75.93000000000006,
    "throughput" : 62.87331027978624,
    "receivedKBytesPerSec" : 24.037989232945613,
    "sentKBytesPerSec" : 20.323306350204337
  },
  "Get CSRF Token" : {
    "transaction" : "Get CSRF Token",
    "sampleCount" : 200,
    "errorCount" : 0,
    "errorPct" : 0.0,
    "meanResTime" : 35.39000000000002,
    "medianResTime" : 32.0,
    "minResTime" : 25.0,
    "maxResTime" : 142.0,
    "pct1ResTime" : 39.0,
    "pct2ResTime" : 45.849999999999966,
    "pct3ResTime" : 142.0,
    "throughput" : 60.350030175015085,
    "receivedKBytesPerSec" : 1612.9571043301146,
    "sentKBytesPerSec" : 7.956302806276403
  },
  "StudentCourses" : {
    "transaction" : "StudentCourses",
    "sampleCount" : 200,
    "errorCount" : 0,
    "errorPct" : 0.0,
    "meanResTime" : 35.42500000000002,
    "medianResTime" : 30.0,
    "minResTime" : 23.0,
    "maxResTime" : 94.0,
    "pct1ResTime" : 55.70000000000002,
    "pct2ResTime" : 65.94999999999999,
    "pct3ResTime" : 93.97000000000003,
    "throughput" : 62.402496099843994,
    "receivedKBytesPerSec" : 77.88124024960999,
    "sentKBytesPerSec" : 15.113104524180967
  },
  "GetSubmissionId" : {
    "transaction" : "GetSubmissionId",
    "sampleCount" : 1104,
    "errorCount" : 4,
    "errorPct" : 0.36231884,
    "meanResTime" : 6018.013586956519,
    "medianResTime" : 4315.5,
    "minResTime" : 18.0,
    "maxResTime" : 49843.0,
    "pct1ResTime" : 13104.0,
    "pct2ResTime" : 17035.5,
    "pct3ResTime" : 28665.100000000046,
    "throughput" : 4.0262728893978466,
    "receivedKBytesPerSec" : 181.81506776328504,
    "sentKBytesPerSec" : 0.9284856755495097
  },
  "TestcasesResults" : {
    "transaction" : "TestcasesResults",
    "sampleCount" : 964,
    "errorCount" : 17,
    "errorPct" : 1.7634854,
    "meanResTime" : 16318.100622406639,
    "medianResTime" : 13847.0,
    "minResTime" : 5480.0,
    "maxResTime" : 63520.0,
    "pct1ResTime" : 28492.0,
    "pct2ResTime" : 35592.0,
    "pct3ResTime" : 47284.15000000001,
    "throughput" : 3.3126009415484003,
    "receivedKBytesPerSec" : 94.44622151085873,
    "sentKBytesPerSec" : 0.7881226160613037
  },
  "CompareOutput" : {
    "transaction" : "CompareOutput",
    "sampleCount" : 1,
    "errorCount" : 0,
    "errorPct" : 0.0,
    "meanResTime" : 337.0,
    "medianResTime" : 337.0,
    "minResTime" : 337.0,
    "maxResTime" : 337.0,
    "pct1ResTime" : 337.0,
    "pct2ResTime" : 337.0,
    "pct3ResTime" : 337.0,
    "throughput" : 2.967359050445104,
    "receivedKBytesPerSec" : 62.520284681008896,
    "sentKBytesPerSec" : 0.6954747774480712
  },
  "Total" : {
    "transaction" : "Total",
    "sampleCount" : 5266,
    "errorCount" : 65,
    "errorPct" : 1.2343335,
    "meanResTime" : 8682.28427649067,
    "medianResTime" : 5804.5,
    "minResTime" : 0.0,
    "maxResTime" : 81853.0,
    "pct1ResTime" : 20163.5,
    "pct2ResTime" : 27240.649999999987,
    "pct3ResTime" : 47615.739999999976,
    "throughput" : 16.01148107720234,
    "receivedKBytesPerSec" : 516.4667662380012,
    "sentKBytesPerSec" : 8.061963796105982
  },
  "Upload" : {
    "transaction" : "Upload",
    "sampleCount" : 1137,
    "errorCount" : 35,
    "errorPct" : 3.0782762,
    "meanResTime" : 12416.906772207549,
    "medianResTime" : 8331.0,
    "minResTime" : 53.0,
    "maxResTime" : 81853.0,
    "pct1ResTime" : 27260.2,
    "pct2ResTime" : 38345.69999999999,
    "pct3ResTime" : 65214.45999999981,
    "throughput" : 4.094906757136374,
    "receivedKBytesPerSec" : 180.84853743602835,
    "sentKBytesPerSec" : 5.779322493490287
  },
  "Course Page" : {
    "transaction" : "Course Page",
    "sampleCount" : 200,
    "errorCount" : 0,
    "errorPct" : 0.0,
    "meanResTime" : 82.09999999999998,
    "medianResTime" : 65.0,
    "minResTime" : 54.0,
    "maxResTime" : 254.0,
    "pct1ResTime" : 148.9,
    "pct2ResTime" : 194.95,
    "pct3ResTime" : 243.7700000000002,
    "throughput" : 61.95786864931846,
    "receivedKBytesPerSec" : 2006.3639927973977,
    "sentKBytesPerSec" : 17.97020213754647
  },
  "Login" : {
    "transaction" : "Login",
    "sampleCount" : 200,
    "errorCount" : 0,
    "errorPct" : 0.0,
    "meanResTime" : 131.78500000000003,
    "medianResTime" : 102.5,
    "minResTime" : 81.0,
    "maxResTime" : 348.0,
    "pct1ResTime" : 203.8,
    "pct2ResTime" : 263.4499999999999,
    "pct3ResTime" : 340.83000000000015,
    "throughput" : 60.44122091266244,
    "receivedKBytesPerSec" : 103.58822529465095,
    "sentKBytesPerSec" : 35.768925657298276
  },
  "RunPractice" : {
    "transaction" : "RunPractice",
    "sampleCount" : 1060,
    "errorCount" : 9,
    "errorPct" : 0.8490566,
    "meanResTime" : 8645.654716981126,
    "medianResTime" : 6292.5,
    "minResTime" : 0.0,
    "maxResTime" : 50004.0,
    "pct1ResTime" : 17905.899999999998,
    "pct2ResTime" : 23408.899999999998,
    "pct3ResTime" : 38545.42000000003,
    "throughput" : 3.8692062286919895,
    "receivedKBytesPerSec" : 108.75888708305652,
    "sentKBytesPerSec" : 0.9008566094072813
  }
}