Device,kB_read/s,kB_wrtn/s
loop0,0.0,0.0
sda,9.973652694610779,110.4622754491018
