{"Disk Write(KB/s)": 115.82000000000009, "Disk Read(KB/s)": 8.036544444444443}