{"user+system(%)": 3.262541436464089, "%iowait": 0.3958011049723757, "%idle": 93.88799999999998}