{"I/O wait(%)": 0.4111111111111111, "Available Memory(Kb)": 9191249.311111111, "user+system(%)": 5.883333333333334, "Idle(%)": 93.71666666666667}