Device,kB_read/s,kB_wrtn/s
loop0,0.0,0.0
sda,9.380645161290323,671.858064516129
Device,kB_read/s,kB_wrtn/s
loop0,0.0,0.0
sda,9.380645161290323,671.858064516129
