{"Disk Read(KB/s)": 9.237333333333332, "Disk Write(KB/s)": 652.0258333333331}