{"%sys": 7.38099099099099, "user+system(%)": 98.0745045045045, "%iowait": 0.013513513513513518, "%idle": 0.07045454545454549, "%guest": 0.0}