{"Available Memory(Kb)": 5142757.2, "I/O wait(%)": 0.00909090909090909, "Idle(%)": 0.05454545454545454, "user+system(%)": 99.92727272727272, "sys(%)": 8.254545454545454}