Device,kB_read/s,kB_wrtn/s
loop0,0.0,0.0
sda,5.872527472527472,331.0901098901099
