{"%idle": 12.323388888888891, "%iowait": 0.9233149171270709, "user+system(%)": 78.71762430939224}