{"user+system(%)": 86.31111111111112, "Available Memory(Kb)": 7956680.355555556, "I/O wait(%)": 0.9611111111111111, "Idle(%)": 12.78888888888889}