{"Disk Read(KB/s)": 12.710777777777777, "Disk Write(KB/s)": 313.9914888888889}