{"%iowait": 1.4256906077348064, "user+system(%)": 11.350165745856355, "%idle": 85.49572222222226}