{"I/O wait(%)": 1.4166666666666667, "user+system(%)": 12.988888888888889, "Idle(%)": 85.47777777777777, "Available Memory(Kb)": 8496921.733333332}