Device,kB_read/s,kB_wrtn/s
loop0,0.0,0.0
sda,0.07272727272727272,231.34545454545454
Device,kB_read/s,kB_wrtn/s
loop0,0.0,0.0
sda,0.07272727272727272,231.34545454545454
