{"%idle": 6.011727272727272, "user+system(%)": 86.09423423423424, "%iowait": 1.8599999999999999}