{"user+system(%)": 92.34545454545454, "Idle(%)": 6.027272727272727, "Available Memory(Kb)": 3199154.9454545453, "I/O wait(%)": 1.9454545454545455}