{"Disk Read(KB/s)": 58.356833333333334, "Disk Write(KB/s)": 543.7836666666668}