{"user+system(%)": 48.06363636363636, "sys(%)": 4.4818181818181815, "Available Memory(Kb)": 3178882.8, "I/O wait(%)": 2.1272727272727274, "Idle(%)": 49.89090909090909}