{"user+system(%)": 32.96111111111111, "I/O wait(%)": 0.8611111111111112, "Available Memory(Kb)": 9299159.888888888, "Idle(%)": 66.02222222222223}