Device,kB_read/s,kB_wrtn/s
loop0,0.0,0.0
sda,112.73406593406594,705.0461538461539
