{"Disk Read(KB/s)": 119.4255555555556, "Disk Write(KB/s)": 591.6544888888894}