{"user+system(%)": 40.065248618784494, "%iowait": 1.3904972375690607, "%idle": 56.75083333333333}