{"I/O wait(%)": 1.4, "Available Memory(Kb)": 6940987.577777778, "Idle(%)": 56.727777777777774, "user+system(%)": 41.894444444444446}