{"Disk Write(KB/s)": 349.92266666666694, "Disk Read(KB/s)": 0.0971777777777778}