Device,kB_read/s,kB_wrtn/s
loop0,0.0,0.0
sda,35.68607594936709,352.95189873417723
