{"Disk Write(KB/s)": 284.1657333333334, "Disk Read(KB/s)": 39.07276666666661}