{"%idle": 46.302818181818196, "user+system(%)": 49.17099099099099, "%iowait": 2.4227927927927912}