{"Available Memory(Kb)": 9906285.854545455, "I/O wait(%)": 2.463636363636364, "user+system(%)": 50.49090909090909, "Idle(%)": 47.10909090909091}