{"user+system(%)": 3.504294117647059, "%iowait": 33.27211764705883, "%idle": 61.41544378698225}