Device,kB_read/s,kB_wrtn/s
loop0,0.0,0.0
sda,26.60983606557377,67.27868852459017
