{"%idle": 30.276454545454545, "%guest": 0.0, "%iowait": 0.9127027027027028, "%sys": 4.695135135135136, "user+system(%)": 66.62198198198197}