{"Available Memory(Kb)": 801413.6363636364, "user+system(%)": 68.97272727272727, "I/O wait(%)": 1.0, "sys(%)": 5.3545454545454545, "Idle(%)": 30.40909090909091}