Device,kB_read/s,kB_wrtn/s
loop0,0.0,0.0
sda,0.6541436464088398,147.7745856353591
