{"Disk Write(KB/s)": 146.66201111111113, "Disk Read(KB/s)": 0.5697444444444445}