{"user+system(%)": 13.749668508287291, "%idle": 82.21750000000004, "%iowait": 0.7409392265193364}