{"Available Memory(Kb)": 7233021.577777778, "user+system(%)": 17.22222222222222, "Idle(%)": 82.13333333333334, "I/O wait(%)": 0.6833333333333333}