{"%iowait": 3.0619337016574586, "user+system(%)": 50.47558011049724, "%idle": 39.907555555555525}