Device,kB_read/s,kB_wrtn/s
loop0,0.0,0.0
sda,29.36393442622951,713.639344262295
