{"Disk Write(KB/s)": 698.7034333333331, "Disk Read(KB/s)": 80.61699999999999}