{"%idle": 24.45154545454545, "%iowait": 2.1552252252252257, "user+system(%)": 70.68315315315314}