{"Disk Write(KB/s)": 690.7393333333333, "Disk Read(KB/s)": 10.119499999999993}