{"user+system(%)": 68.94990990990993, "%idle": 28.65627272727273, "%iowait": 1.0898198198198195}