{"Idle(%)": 28.427272727272726, "Available Memory(Kb)": 6394764.654545454, "I/O wait(%)": 1.1, "user+system(%)": 70.42727272727272}