{"Disk Read(KB/s)": 26.630666666666666, "Disk Write(KB/s)": 918.9089999999998}