Device,kB_read/s,kB_wrtn/s
loop0,0.0,0.0
sda,0.6222222222222222,51.22539682539683
