{"%sys": 0.24333333333333332, "%guest": 0.0, "user+system(%)": 1.0151351351351356, "%idle": 98.7818181818182, "%iowait": 0.07252252252252253}