{"I/O wait(%)": 0.02727272727272727, "sys(%)": 0.14545454545454545, "Available Memory(Kb)": 8264187.163636364, "user+system(%)": 0.9, "Idle(%)": 98.86363636363636}