{"user+system(%)": 0.857649402390438, "%iowait": 0.15167330677290836, "%idle": 98.8592}