Device,kB_read/s,kB_wrtn/s
loop0,0.0,0.0
sda,27.333333333333332,353.35686274509806
