{"Disk Read(KB/s)": 42.051399999999994, "Disk Write(KB/s)": 260.21776666666665}