{"%iowait": 0.4694701986754968, "%idle": 87.42293333333332, "user+system(%)": 11.530794701986753}