{"user+system(%)": 11.966666666666667, "Idle(%)": 87.53333333333333, "Available Memory(Kb)": 1448330.4533333334, "I/O wait(%)": 0.37333333333333335}