{
  "AssignmentsList" : {
    "transaction" : "AssignmentsList",
    "sampleCount" : 180,
    "errorCount" : 2,
    "errorPct" : 1.1111112,
    "meanResTime" : 59.10555555555554,
    "medianResTime" : 36.5,
    "minResTime" : 0.0,
    "maxResTime" : 1002.0,
    "pct1ResTime" : 75.0,
    "pct2ResTime" : 174.34999999999962,
    "pct3ResTime" : 550.0199999999987,
    "throughput" : 18.65284974093264,
    "receivedKBytesPerSec" : 7.322498380829015,
    "sentKBytesPerSec" : 5.96239475388601
  },
  "Get CSRF Token" : {
    "transaction" : "Get CSRF Token",
    "sampleCount" : 180,
    "errorCount" : 0,
    "errorPct" : 0.0,
    "meanResTime" : 5245.266666666667,
    "medianResTime" : 6610.0,
    "minResTime" : 28.0,
    "maxResTime" : 9137.0,
    "pct1ResTime" : 7301.6,
    "pct2ResTime" : 7476.3,
    "pct3ResTime" : 7860.439999999997,
    "throughput" : 19.18567469622682,
    "receivedKBytesPerSec" : 512.7371562566617,
    "sentKBytesPerSec" : 2.5293614101470903
  },
  "StudentCourses" : {
    "transaction" : "StudentCourses",
    "sampleCount" : 180,
    "errorCount" : 0,
    "errorPct" : 0.0,
    "meanResTime" : 119.1333333333333,
    "medianResTime" : 42.0,
    "minResTime" : 22.0,
    "maxResTime" : 2024.0,
    "pct1ResTime" : 371.1,
    "pct2ResTime" : 449.9,
    "pct3ResTime" : 1066.5799999999972,
    "throughput" : 17.344382347273076,
    "receivedKBytesPerSec" : 26.612974862690304,
    "sentKBytesPerSec" : 4.234844743688572
  },
  "GetSubmissionId" : {
    "transaction" : "GetSubmissionId",
    "sampleCount" : 1068,
    "errorCount" : 3,
    "errorPct" : 0.28089887,
    "meanResTime" : 2952.8586142322097,
    "medianResTime" : 2237.5,
    "minResTime" : 0.0,
    "maxResTime" : 32272.0,
    "pct1ResTime" : 4937.600000000001,
    "pct2ResTime" : 5977.549999999998,
    "pct3ResTime" : 14527.35999999998,
    "throughput" : 3.870462715992114,
    "receivedKBytesPerSec" : 173.53923257453724,
    "sentKBytesPerSec" : 0.8932841594155891
  },
  "TestcasesResults" : {
    "transaction" : "TestcasesResults",
    "sampleCount" : 968,
    "errorCount" : 5,
    "errorPct" : 0.5165289,
    "meanResTime" : 22231.692148760336,
    "medianResTime" : 22649.0,
    "minResTime" : 9061.0,
    "maxResTime" : 52208.0,
    "pct1ResTime" : 26629.300000000003,
    "pct2ResTime" : 27984.25,
    "pct3ResTime" : 32300.17999999999,
    "throughput" : 3.345984472972879,
    "receivedKBytesPerSec" : 96.52425884650815,
    "sentKBytesPerSec" : 0.8061698933985938
  },
  "Total" : {
    "transaction" : "Total",
    "sampleCount" : 5073,
    "errorCount" : 23,
    "errorPct" : 0.45338064,
    "meanResTime" : 7456.704119850196,
    "medianResTime" : 3737.0,
    "minResTime" : 0.0,
    "maxResTime" : 52208.0,
    "pct1ResTime" : 22904.6,
    "pct2ResTime" : 24888.100000000002,
    "pct3ResTime" : 29375.060000000005,
    "throughput" : 15.28711940406451,
    "receivedKBytesPerSec" : 498.90718216152425,
    "sentKBytesPerSec" : 7.601106860294472
  },
  "Upload" : {
    "transaction" : "Upload",
    "sampleCount" : 1086,
    "errorCount" : 4,
    "errorPct" : 0.36832413,
    "meanResTime" : 6061.043278084716,
    "medianResTime" : 4001.5,
    "minResTime" : 0.0,
    "maxResTime" : 38802.0,
    "pct1ResTime" : 10861.500000000005,
    "pct2ResTime" : 21060.64999999999,
    "pct3ResTime" : 35801.15999999998,
    "throughput" : 3.9272553692379457,
    "receivedKBytesPerSec" : 176.76584313376716,
    "sentKBytesPerSec" : 5.480321316887198
  },
  "Course Page" : {
    "transaction" : "Course Page",
    "sampleCount" : 180,
    "errorCount" : 4,
    "errorPct" : 2.2222223,
    "meanResTime" : 347.4777777777778,
    "medianResTime" : 80.0,
    "minResTime" : 0.0,
    "maxResTime" : 4143.0,
    "pct1ResTime" : 933.6000000000001,
    "pct2ResTime" : 1812.74999999999,
    "pct3ResTime" : 3407.5199999999977,
    "throughput" : 18.50328947368421,
    "receivedKBytesPerSec" : 586.5557821173417,
    "sentKBytesPerSec" : 5.247417249177632
  },
  "Login" : {
    "transaction" : "Login",
    "sampleCount" : 180,
    "errorCount" : 2,
    "errorPct" : 1.1111112,
    "meanResTime" : 769.338888888889,
    "medianResTime" : 408.5,
    "minResTime" : 69.0,
    "maxResTime" : 2448.0,
    "pct1ResTime" : 1998.3,
    "pct2ResTime" : 2149.0499999999993,
    "pct3ResTime" : 2384.0099999999998,
    "throughput" : 17.34271124385779,
    "receivedKBytesPerSec" : 29.78238058820696,
    "sentKBytesPerSec" : 10.149324959051933
  },
  "RunPractice" : {
    "transaction" : "RunPractice",
    "sampleCount" : 1051,
    "errorCount" : 3,
    "errorPct" : 0.28544244,
    "meanResTime" : 5132.614652711703,
    "medianResTime" : 4083.0,
    "minResTime" : 0.0,
    "maxResTime" : 42259.0,
    "pct1ResTime" : 9175.600000000004,
    "pct2ResTime" : 11265.199999999997,
    "pct3ResTime" : 21725.560000000005,
    "throughput" : 3.8025565046871663,
    "receivedKBytesPerSec" : 107.44703519422526,
    "sentKBytesPerSec" : 0.8886802487761992
  }
}