{"Disk Write(KB/s)": 120.80990000000007, "Disk Read(KB/s)": 3.6539999999999995}