{"I/O wait(%)": 1.7722222222222221, "Idle(%)": 16.955555555555556, "user+system(%)": 81.2388888888889, "Available Memory(Kb)": 9196046.933333334}