Device,kB_read/s,kB_wrtn/s
loop0,0.0,0.0
sda,736.2782608695652,696.9391304347826
