{"Disk Write(KB/s)": 461.33463333333316, "Disk Read(KB/s)": 260.93846666666667}