{"%iowait": 1.862882882882882, "user+system(%)": 51.366666666666674, "%idle": 44.19372727272728}