{"Idle(%)": 44.2, "I/O wait(%)": 1.8454545454545455, "Available Memory(Kb)": 3316164.8363636364, "user+system(%)": 53.972727272727276}