Device,kB_read/s,kB_wrtn/s
loop0,0.0,0.0
sda,26.27182320441989,396.0353591160221
