{"Disk Write(KB/s)": 352.0391555555559, "Disk Read(KB/s)": 21.6238111111111}