{"%idle": 79.9931666666667, "%iowait": 1.040220994475139, "user+system(%)": 17.809889502762434}