{"Available Memory(Kb)": 7608870.4, "I/O wait(%)": 1.0277777777777777, "Idle(%)": 79.99444444444444, "user+system(%)": 18.97222222222222}