{"Disk Write(KB/s)": 194.46766666666664, "Disk Read(KB/s)": 0.2886666666666666}