{"user+system(%)": 92.79450450450454, "%idle": 0.4318181818181819, "%iowait": 0.887837837837838}