{"user+system(%)": 98.75454545454545, "Available Memory(Kb)": 4050872.5090909093, "Idle(%)": 0.4636363636363636, "I/O wait(%)": 1.009090909090909}