Device,kB_read/s,kB_wrtn/s
loop0,0.0,0.0
sda,416.584126984127,957.8412698412699
