{"Disk Write(KB/s)": 940.1718333333333, "Disk Read(KB/s)": 388.64066666666673}