{"%iowait": 8.630900900900903, "user+system(%)": 9.023693693693692, "%idle": 31.405999999999985}