{"I/O wait(%)": 8.772727272727273, "Idle(%)": 31.9, "Available Memory(Kb)": 2956589.0545454547, "user+system(%)": 59.372727272727275}