Device,kB_read/s,kB_wrtn/s
loop0,0.0,0.0
sda,357.6258064516129,882.5935483870968
