{"Disk Read(KB/s)": 344.0886999999999, "Disk Write(KB/s)": 848.5117666666671}