{"user+system(%)": 98.81818181818181, "Idle(%)": 0.9636363636363636, "I/O wait(%)": 0.19090909090909092, "Available Memory(Kb)": 1512054.690909091}