Device,kB_read/s,kB_wrtn/s
loop0,0.0,0.0
sda,10.580645161290322,743.5096774193548
