{"user+system(%)": 97.89018018018018, "%iowait": 0.03945945945945946, "%idle": 0.22809090909090904}