{"Idle(%)": 0.2, "I/O wait(%)": 0.03636363636363636, "user+system(%)": 99.7090909090909, "Available Memory(Kb)": 2566595.709090909}