Device,kB_read/s,kB_wrtn/s
loop0,0.0,0.0
sda,51.72941176470588,318.52941176470586
