{"Disk Read(KB/s)": 53.177233333333376, "Disk Write(KB/s)": 291.18556666666666}