{"%idle": 66.08945454545456, "%iowait": 1.9941441441441445, "user+system(%)": 30.442432432432437}