{"user+system(%)": 31.29090909090909, "I/O wait(%)": 2.018181818181818, "Idle(%)": 66.77272727272727, "Available Memory(Kb)": 5738812.872727273}