{"Disk Write(KB/s)": 749.3276555555533, "Disk Read(KB/s)": 1195.6381333333338}