{"I/O wait(%)": 24.67222222222222, "Idle(%)": 61.40555555555556, "Available Memory(Kb)": 12538962.222222222, "user+system(%)": 13.772222222222222}