Device,kB_read/s,kB_wrtn/s
loop0,0.0,0.0
sda,9.894505494505495,693.7010989010989
