{"Disk Read(KB/s)": 8.528344444444443, "Disk Write(KB/s)": 634.1264555555563}