{"%idle": 17.48000000000001, "user+system(%)": 76.67265193370167, "%iowait": 1.563038674033149}