{"I/O wait(%)": 1.5277777777777777, "Available Memory(Kb)": 7175261.244444445, "user+system(%)": 80.61666666666666, "Idle(%)": 17.82777777777778}