{"I/O wait(%)": 1.209090909090909, "Idle(%)": 13.727272727272727, "Available Memory(Kb)": 1890807.9272727272, "user+system(%)": 85.04545454545455}