Device,kB_read/s,kB_wrtn/s
loop0,0.0,0.0
sda,45.82295081967213,617.3245901639344
