{"user+system(%)": 53.99441441441443, "%iowait": 1.9099999999999977, "%idle": 42.57545454545454}