{"Idle(%)": 42.46363636363636, "I/O wait(%)": 1.9272727272727272, "user+system(%)": 55.627272727272725, "Available Memory(Kb)": 3001621.5636363635}