Device,kB_read/s,kB_wrtn/s
loop0,0.0,0.0
sda,8.47292817679558,187.35911602209944
