{"%idle": 6.645181818181819, "%iowait": 0.9990990990990989, "user+system(%)": 90.02099099099097}