Device,kB_read/s,kB_wrtn/s
loop0,0.0,0.0
sda,28.104918032786884,480.81748633879783
