{"%idle": 14.316722222222221, "%iowait": 1.1302762430939224, "user+system(%)": 78.7137569060774}