{"I/O wait(%)": 1.1277777777777778, "Available Memory(Kb)": 7101465.666666667, "user+system(%)": 84.13333333333334, "Idle(%)": 14.683333333333334}