{"Disk Read(KB/s)": 4.889011111111111, "Disk Write(KB/s)": 142.87899999999996}