{"user+system(%)": 81.39033149171271, "%iowait": 0.6653038674033149, "%idle": 6.064555555555557}