{"Idle(%)": 6.5777777777777775, "I/O wait(%)": 0.6722222222222223, "Available Memory(Kb)": 7166050.555555556, "user+system(%)": 92.74444444444444}