{"Disk Read(KB/s)": 32.11383333333333, "Disk Write(KB/s)": 55.3048333333333}