{"user+system(%)": 2.1063063063063048, "%idle": 89.97736363636359, "%guest": 7.503333333333337, "%iowait": 0.13396396396396393, "%sys": 1.2450450450450445}