{"Disk Read(KB/s)": 388.1383666666667, "Disk Write(KB/s)": 81.73366666666665}