{"%iowait": 0.40765765765765777, "user+system(%)": 2.555315315315316, "%idle": 96.22590909090906}