{"Idle(%)": 96.24545454545455, "I/O wait(%)": 0.35454545454545455, "Available Memory(Kb)": 6155409.30909091, "user+system(%)": 3.3454545454545452}