{"%guest": 0.0, "%iowait": 0.6418918918918919, "%sys": 7.400720720720721, "%idle": 0.4330909090909091, "user+system(%)": 96.46693693693695}