{"I/O wait(%)": 0.6727272727272727, "user+system(%)": 99.16363636363636, "Idle(%)": 0.44545454545454544, "sys(%)": 8.290909090909091, "Available Memory(Kb)": 9459947.854545455}