Device,kB_read/s,kB_wrtn/s
loop0,0.0,0.0
sda,13.546961325966851,281.98453038674035
