{"Disk Write(KB/s)": 254.26984444444463, "Disk Read(KB/s)": 11.43215555555555}