{"%iowait": 0.7387292817679568, "user+system(%)": 9.457679558011046, "%idle": 88.85111111111111}