{"Available Memory(Kb)": 7968585.0, "user+system(%)": 10.372222222222222, "Idle(%)": 88.95555555555555, "I/O wait(%)": 0.6833333333333333}