{"user+system(%)": 25.1, "I/O wait(%)": 1.1722222222222223, "Available Memory(Kb)": 9193473.244444445, "Idle(%)": 73.55}