{
  "AssignmentsList" : {
    "transaction" : "AssignmentsList",
    "sampleCount" : 140,
    "errorCount" : 0,
    "errorPct" : 0.0,
    "meanResTime" : 35.32142857142858,
    "medianResTime" : 33.0,
    "minResTime" : 25.0,
    "maxResTime" : 82.0,
    "pct1ResTime" : 49.900000000000006,
    "pct2ResTime" : 56.89999999999998,
    "pct3ResTime" : 75.03000000000006,
    "throughput" : 55.20504731861198,
    "receivedKBytesPerSec" : 21.19094415417981,
    "sentKBytesPerSec" : 17.84460025630915
  },
  "Get CSRF Token" : {
    "transaction" : "Get CSRF Token",
    "sampleCount" : 140,
    "errorCount" : 0,
    "errorPct" : 0.0,
    "meanResTime" : 74.52857142857142,
    "medianResTime" : 28.0,
    "minResTime" : 25.0,
    "maxResTime" : 3072.0,
    "pct1ResTime" : 129.90000000000018,
    "pct2ResTime" : 281.54999999999967,
    "pct3ResTime" : 1959.6700000000092,
    "throughput" : 45.558086560364465,
    "receivedKBytesPerSec" : 1217.5999252562642,
    "sentKBytesPerSec" : 6.0061930523918
  },
  "StudentCourses" : {
    "transaction" : "StudentCourses",
    "sampleCount" : 140,
    "errorCount" : 0,
    "errorPct" : 0.0,
    "meanResTime" : 54.14285714285715,
    "medianResTime" : 44.0,
    "minResTime" : 24.0,
    "maxResTime" : 163.0,
    "pct1ResTime" : 95.9,
    "pct2ResTime" : 110.84999999999997,
    "pct3ResTime" : 156.85000000000005,
    "throughput" : 54.6448087431694,
    "receivedKBytesPerSec" : 68.18403590944575,
    "sentKBytesPerSec" : 13.23428961748634
  },
  "GetSubmissionId" : {
    "transaction" : "GetSubmissionId",
    "sampleCount" : 941,
    "errorCount" : 4,
    "errorPct" : 0.4250797,
    "meanResTime" : 3846.2794899043574,
    "medianResTime" : 2555.0,
    "minResTime" : 215.0,
    "maxResTime" : 25666.0,
    "pct1ResTime" : 8692.000000000004,
    "pct2ResTime" : 11998.999999999998,
    "pct3ResTime" : 16489.580000000013,
    "throughput" : 3.4500711279276106,
    "receivedKBytesPerSec" : 152.6125384913455,
    "sentKBytesPerSec" : 0.795108517065203
  },
  "TestcasesResults" : {
    "transaction" : "TestcasesResults",
    "sampleCount" : 838,
    "errorCount" : 20,
    "errorPct" : 2.3866348,
    "meanResTime" : 14150.94510739856,
    "medianResTime" : 12673.0,
    "minResTime" : 5351.0,
    "maxResTime" : 45058.0,
    "pct1ResTime" : 21412.2,
    "pct2ResTime" : 25472.999999999996,
    "pct3ResTime" : 38435.090000000004,
    "throughput" : 2.945766953978543,
    "receivedKBytesPerSec" : 83.4982049507252,
    "sentKBytesPerSec" : 0.6964010144968292
  },
  "Total" : {
    "transaction" : "Total",
    "sampleCount" : 4344,
    "errorCount" : 30,
    "errorPct" : 0.6906077,
    "meanResTime" : 6961.6510128913305,
    "medianResTime" : 4406.5,
    "minResTime" : 7.0,
    "maxResTime" : 51047.0,
    "pct1ResTime" : 15686.5,
    "pct2ResTime" : 20092.25,
    "pct3ResTime" : 41889.150000000016,
    "throughput" : 13.46538336355605,
    "receivedKBytesPerSec" : 440.85485491157914,
    "sentKBytesPerSec" : 6.659859289998605
  },
  "Upload" : {
    "transaction" : "Upload",
    "sampleCount" : 949,
    "errorCount" : 4,
    "errorPct" : 0.4214963,
    "meanResTime" : 8686.47629083246,
    "medianResTime" : 5071.0,
    "minResTime" : 7.0,
    "maxResTime" : 51047.0,
    "pct1ResTime" : 18633.0,
    "pct2ResTime" : 37382.0,
    "pct3ResTime" : 49557.0,
    "throughput" : 3.4537725823591923,
    "receivedKBytesPerSec" : 153.55043582156298,
    "sentKBytesPerSec" : 4.723074238595999
  },
  "Course Page" : {
    "transaction" : "Course Page",
    "sampleCount" : 140,
    "errorCount" : 0,
    "errorPct" : 0.0,
    "meanResTime" : 109.17142857142854,
    "medianResTime" : 84.0,
    "minResTime" : 54.0,
    "maxResTime" : 349.0,
    "pct1ResTime" : 199.30000000000004,
    "pct2ResTime" : 276.7999999999997,
    "pct3ResTime" : 340.80000000000007,
    "throughput" : 54.11673753382296,
    "receivedKBytesPerSec" : 1752.2834273531116,
    "sentKBytesPerSec" : 15.695967819868573
  },
  "Login" : {
    "transaction" : "Login",
    "sampleCount" : 140,
    "errorCount" : 0,
    "errorPct" : 0.0,
    "meanResTime" : 267.19285714285706,
    "medianResTime" : 243.5,
    "minResTime" : 77.0,
    "maxResTime" : 742.0,
    "pct1ResTime" : 465.0,
    "pct2ResTime" : 573.6999999999997,
    "pct3ResTime" : 717.4000000000002,
    "throughput" : 49.8220640569395,
    "receivedKBytesPerSec" : 85.38840080071174,
    "sentKBytesPerSec" : 29.484541814946617
  },
  "RunPractice" : {
    "transaction" : "RunPractice",
    "sampleCount" : 916,
    "errorCount" : 2,
    "errorPct" : 0.2183406,
    "meanResTime" : 7035.431222707428,
    "medianResTime" : 5328.5,
    "minResTime" : 151.0,
    "maxResTime" : 35920.0,
    "pct1ResTime" : 14280.000000000002,
    "pct2ResTime" : 17828.3,
    "pct3ResTime" : 25151.040000000005,
    "throughput" : 3.361344537815126,
    "receivedKBytesPerSec" : 95.07691159842759,
    "sentKBytesPerSec" : 0.7878151260504201
  }
}