Device,kB_read/s,kB_wrtn/s
loop0,0.0,0.0
sda,35.265573770491805,864.9704918032787
