{"Disk Write(KB/s)": 844.7710000000001, "Disk Read(KB/s)": 35.241499999999995}