{"%idle": 1.8697272727272725, "%iowait": 0.280990990990991, "user+system(%)": 96.21459459459464}