{"Available Memory(Kb)": 2777213.309090909, "user+system(%)": 97.63636363636364, "I/O wait(%)": 0.2545454545454545, "Idle(%)": 1.8909090909090909}