{"user+system(%)": 93.19585585585585, "%idle": 4.478636363636356, "%iowait": 0.42306306306306324}