{"Idle(%)": 4.7727272727272725, "user+system(%)": 94.8, "Available Memory(Kb)": 978428.2545454545, "I/O wait(%)": 0.41818181818181815}