Device,kB_read/s,kB_wrtn/s
loop0,0.0,0.0
sda,6.511111111111111,130.1688888888889
