{"user+system(%)": 44.652265193370155, "%idle": 40.9796111111111, "%iowait": 2.4408839779005524}