{"I/O wait(%)": 2.3944444444444444, "Available Memory(Kb)": 7009388.622222222, "user+system(%)": 56.33888888888889, "Idle(%)": 41.15555555555556}