Device,kB_read/s,kB_wrtn/s
loop0,0.0,0.0
sda,22.846408839779006,83.33259668508288
