,,,IO%,IO%,IO%,SWAPIN%,SWAPIN%,SWAPIN%
,,,mean,min,max,mean,min,max
TID,USER,COMMAND,,,,,,
10031,root,containerd-shim-runc-v2,1.53,1.53,1.53,0.0,0.0,0.0
10032,root,containerd-shim-runc-v2,1.65,1.65,1.65,0.0,0.0,0.0
10036,root,containerd-shim-runc-v2,1.53,1.53,1.53,0.0,0.0,0.0
10037,root,containerd-shim-runc-v2,1.66,1.66,1.66,0.0,0.0,0.0
11098,999,postgres:,0.7906666666666667,0.0,19.18,0.0,0.0,0.0
11101,999,postgres:,1.125952380952381,0.0,4.32,0.0,0.0,0.0
11103,999,postgres:,0.042,0.0,2.31,0.0,0.0,0.0
11128,systemd-,tlsmgr,0.0,0.0,0.0,0.0,0.0,0.0
1274,syslog,rsyslogd,0.0,0.0,0.0,0.0,0.0,0.0
12985,root,python,0.0,0.0,0.0,0.0,0.0,0.0
13007,root,python,0.6174999999999999,0.0,1.56,0.0,0.0,0.0
13009,root,python,1.069090909090909,0.0,5.03,0.0,0.0,0.0
13010,root,python,1.2984210526315787,0.0,4.98,0.0,0.0,0.0
13011,root,python,2.4466666666666668,0.02,6.67,0.0,0.0,0.0
13012,root,python,0.732,0.0,6.56,0.0,0.0,0.0
13013,root,python,0.25181818181818183,0.0,1.11,0.0,0.0,0.0
13014,root,python,0.9175,0.0,1.99,0.0,0.0,0.0
13015,root,python,0.0,0.0,0.0,0.0,0.0,0.0
13016,root,python,0.5700000000000001,0.0,1.32,0.0,0.0,0.0
13126,root,python,0.0,0.0,0.0,0.0,0.0,0.0
13127,root,python,0.0,0.0,0.0,0.0,0.0,0.0
3596,root,dockerd,0.0,0.0,0.0,0.0,0.0,0.0
3599,root,dockerd,0.0,0.0,0.0,0.0,0.0,0.0
4068,root,dockerd,0.0,0.0,0.0,0.0,0.0,0.0
4181,root,dockerd,0.0,0.0,0.0,0.0,0.0,0.0
4349,root,dockerd,0.0,0.0,0.0,0.0,0.0,0.0
4410,root,dockerd,0.0,0.0,0.0,0.0,0.0,0.0
4559,root,dockerd,0.0,0.0,0.0,0.0,0.0,0.0
4703,root,dockerd,0.0,0.0,0.0,0.0,0.0,0.0
471,root,[jbd2/sda1-8],2.4003738317756995,0.02,39.53,0.0,0.0,0.0
4760,root,dockerd,0.0,0.0,0.0,0.0,0.0,0.0
4815,root,dockerd,0.0,0.0,0.0,0.0,0.0,0.0
5011,root,dockerd,0.0,0.0,0.0,0.0,0.0,0.0
5299,root,dockerd,0.0,0.0,0.0,0.0,0.0,0.0
5368,root,dockerd,0.0,0.0,0.0,0.0,0.0,0.0
87529,root,[kworker/u272:2],1.05,1.05,1.05,0.0,0.0,0.0
87581,root,python,0.0,0.0,0.0,0.0,0.0,0.0
87582,root,python,0.0,0.0,0.0,0.0,0.0,0.0
93460,root,[kworker/u272:0],0.18333333333333335,0.04,0.34,0.0,0.0,0.0
