{"Disk Read(KB/s)": 19.803077777777784, "Disk Write(KB/s)": 82.08856666666674}