{"user+system(%)": 4.410497237569061, "%idle": 91.9486666666667, "%iowait": 0.3782872928176795}