{"user+system(%)": 7.661111111111111, "Available Memory(Kb)": 7221333.111111111, "Idle(%)": 92.03888888888889, "I/O wait(%)": 0.32222222222222224}