{"Disk Read(KB/s)": 1539.4776666666667, "Disk Write(KB/s)": 51.723666666666674}