{"%iowait": 4.218378378378376, "%idle": 47.162090909090914, "user+system(%)": 9.285315315315316}