{"user+system(%)": 48.60909090909091, "I/O wait(%)": 4.363636363636363, "Idle(%)": 46.99090909090909, "Available Memory(Kb)": 5487148.072727272}