Device,kB_read/s,kB_wrtn/s
loop0,0.0,0.0
sda,0.02962962962962963,19.348148148148148
