{"%idle": 98.85168000000003, "user+system(%)": 0.8707171314741036, "%iowait": 0.15780876494023904}