{"Disk Read(KB/s)": 10.802666666666665, "Disk Write(KB/s)": 634.1674999999999}