{"%iowait": 0.9154954954954954, "user+system(%)": 69.10828828828829, "%idle": 28.624727272727267}