{"user+system(%)": 70.44545454545455, "I/O wait(%)": 0.8727272727272727, "Idle(%)": 28.581818181818182, "Available Memory(Kb)": 8810188.363636363}