Device,kB_read/s,kB_wrtn/s
loop0,0.0,0.0
sda,2.4,2.675409836065574
Device,kB_read/s,kB_wrtn/s
loop0,0.0,0.0
sda,102.76428571428572,15.178571428571429
