{"user+system(%)": 0.9598804780876492, "%iowait": 0.44828685258964146, "%idle": 98.45088000000007}