{"Disk Read(KB/s)": 0.4714333333333334, "Disk Write(KB/s)": 916.9991666666668}