{"%iowait": 0.003243243243243244, "user+system(%)": 97.5924324324324, "%idle": 0.009909090909090913}