{"Disk Read(KB/s)": 16.56383333333333, "Disk Write(KB/s)": 1021.5240000000002}