Device,kB_read/s,kB_wrtn/s
loop0,0.0,0.0
sda,7.496132596685083,89.80331491712707
