{"%idle": 79.41411111111113, "%iowait": 0.9515469613259668, "user+system(%)": 13.328342541436463}