{"user+system(%)": 19.694444444444443, "Available Memory(Kb)": 9477514.4, "Idle(%)": 79.38333333333334, "I/O wait(%)": 0.8666666666666667}