Device,kB_read/s,kB_wrtn/s
loop0,0.0,0.0
sda,0.481767955801105,223.49171270718233
