Device,kB_read/s,kB_wrtn/s
loop0,0.0,0.0
sda,65.49859154929578,379.68450704225353
