{"Disk Write(KB/s)": 352.3090999999998, "Disk Read(KB/s)": 69.10993333333329}