{"user+system(%)": 32.951351351351356, "%iowait": 1.9163963963963964, "%idle": 63.70872727272729}