{"I/O wait(%)": 1.9, "Available Memory(Kb)": 5416468.763636364, "Idle(%)": 64.47272727272727, "user+system(%)": 33.64545454545455}