Device,kB_read/s,kB_wrtn/s
loop0,0.0,0.0
sda,8.198918918918919,407.3989189189189
