{"Disk Read(KB/s)": 22.68268888888889, "Disk Write(KB/s)": 417.3651888888895}