Device,kB_read/s,kB_wrtn/s
loop0,0.0,0.0
sda,130.10994152046783,75.03625730994152
