{"Disk Write(KB/s)": 69.22335555555557, "Disk Read(KB/s)": 101.49084444444449}