{"user+system(%)": 1.5756906077348072, "%iowait": 0.41867403314917156, "%idle": 95.44333333333329}