{"Idle(%)": 95.47222222222223, "I/O wait(%)": 0.3388888888888889, "Available Memory(Kb)": 10369239.0, "user+system(%)": 4.405555555555556}