Device,kB_read/s,kB_wrtn/s
loop0,0.0,0.0
sda,14.659340659340659,517.8153846153846
