{"Disk Write(KB/s)": 509.6065333333334, "Disk Read(KB/s)": 16.5504111111111}