{"user+system(%)": 71.48066298342542, "%idle": 20.980611111111124, "%iowait": 2.299447513812156}