{"Available Memory(Kb)": 6963947.444444444, "I/O wait(%)": 2.2888888888888888, "user+system(%)": 76.38333333333334, "Idle(%)": 21.32777777777778}