{"%idle": 48.10863636363638, "user+system(%)": 46.03603603603606, "%iowait": 2.3740540540540525}