{"Available Memory(Kb)": 3952153.4909090907, "Idle(%)": 47.336363636363636, "user+system(%)": 50.21818181818182, "I/O wait(%)": 2.4363636363636365}