Device,kB_read/s,kB_wrtn/s
loop0,0.0,0.0
sda,3.5644970414201183,206.60828402366863
