{"Available Memory(Kb)": 10802747.622222222, "user+system(%)": 31.705555555555556, "I/O wait(%)": 2.966666666666667, "Idle(%)": 65.24444444444444}