Device,kB_read/s,kB_wrtn/s
loop0,0.0,0.0
sda,0.5966850828729282,27.085082872928176
