{"Available Memory(Kb)": 6670811.555555556, "user+system(%)": 5.777777777777778, "Idle(%)": 94.15555555555555, "I/O wait(%)": 0.016666666666666666}