Device,kB_read/s,kB_wrtn/s
loop0,0.0,0.0
sda,709.2852459016393,1030.5573770491803
