{"Disk Write(KB/s)": 1008.5109999999997, "Disk Read(KB/s)": 702.6999999999995}