{"%iowait": 0.8882882882882889, "user+system(%)": 91.85126126126127, "%guest": 0.0, "%idle": 5.390090909090909, "%sys": 7.466936936936939}