{"Idle(%)": 5.281818181818182, "user+system(%)": 93.7090909090909, "sys(%)": 8.3, "Available Memory(Kb)": 540902.8363636363, "I/O wait(%)": 0.8727272727272727}