{"%iowait": 0.12738738738738742, "%sys": 1.535675675675673, "%idle": 79.99818181818179, "user+system(%)": 3.075495495495495, "%guest": 16.439639639639637}