{"Idle(%)": 80.13636363636364, "sys(%)": 1.5272727272727273, "I/O wait(%)": 0.01818181818181818, "user+system(%)": 19.681818181818183, "Available Memory(Kb)": 714136.2545454545}