Device,kB_read/s,kB_wrtn/s
loop0,0.0,0.0
sda,22.17704918032787,561.272131147541
