{"Disk Write(KB/s)": 547.2878666666668, "Disk Read(KB/s)": 20.916200000000003}