{"user+system(%)": 55.786036036036, "%idle": 39.79972727272729, "%iowait": 1.9787387387387392}