{"Idle(%)": 40.236363636363635, "user+system(%)": 57.80909090909091, "I/O wait(%)": 1.990909090909091, "Available Memory(Kb)": 4332050.981818181}