Device,kB_read/s,kB_wrtn/s
loop0,0.0,0.0
sda,128.86451612903227,783.174193548387
