{"Disk Write(KB/s)": 764.3065000000004, "Disk Read(KB/s)": 129.95266666666663}