{"%iowait": 4.325495495495495, "%idle": 56.98809090909091, "user+system(%)": 1.2815315315315312}