{"user+system(%)": 38.70909090909091, "Idle(%)": 56.82727272727273, "I/O wait(%)": 4.390909090909091, "Available Memory(Kb)": 4500493.781818182}