Device,kB_read/s,kB_wrtn/s
loop0,0.0,0.0
sda,13.127868852459017,294.67540983606557
