{"Disk Write(KB/s)": 288.7183333333333, "Disk Read(KB/s)": 13.13250000000001}