{"user+system(%)": 37.219999999999985, "%iowait": 0.7936036036036032, "%sys": 3.2545045045045047, "%idle": 61.19263636363637, "%guest": 0.0}