{"Available Memory(Kb)": 7455793.454545454, "user+system(%)": 38.054545454545455, "sys(%)": 3.7181818181818183, "Idle(%)": 61.21818181818182, "I/O wait(%)": 0.8636363636363636}