Device,kB_read/s,kB_wrtn/s
loop0,0.0,0.0
sda,1032.9263157894736,501.82456140350877
