{"Disk Write(KB/s)": 605.0618333333333, "Disk Read(KB/s)": 1042.2920000000004}