{"%iowait": 6.420360360360361, "user+system(%)": 0.614144144144144, "%idle": 92.83854545454548}