{"user+system(%)": 0.32727272727272727, "I/O wait(%)": 6.4363636363636365, "Available Memory(Kb)": 169231.16363636364, "Idle(%)": 92.76363636363637}