{"%idle": 94.21009090909091, "user+system(%)": 4.353963963963965, "%iowait": 0.2434234234234234}