{"I/O wait(%)": 0.19090909090909092, "Idle(%)": 94.18181818181819, "user+system(%)": 5.4363636363636365, "Available Memory(Kb)": 225831.0181818182}