{"Disk Write(KB/s)": 1119.8206666666665, "Disk Read(KB/s)": 100.70333333333336}