{"%iowait": 9.975495495495494, "user+system(%)": 5.646486486486483, "%sys": 2.869819819819819, "%idle": 66.60072727272731, "%guest": 17.299819819819817}