{"Available Memory(Kb)": 4296965.127272727, "sys(%)": 2.9, "Idle(%)": 66.69090909090909, "I/O wait(%)": 10.018181818181818, "user+system(%)": 23.3}