{"user+system(%)": 66.84315315315317, "%iowait": 1.2490990990990989, "%idle": 30.091090909090923, "%guest": 0.0, "%sys": 6.447657657657659}