{"user+system(%)": 67.87272727272727, "Idle(%)": 30.854545454545455, "I/O wait(%)": 1.2272727272727273, "sys(%)": 7.218181818181818, "Available Memory(Kb)": 8239685.781818182}