Device,kB_read/s,kB_wrtn/s
loop0,0.0,0.0
sda,1571.27868852459,52.94426229508197
