{"Disk Read(KB/s)": 1539.2068333333339, "Disk Write(KB/s)": 51.69733333333332}