{"user+system(%)": 9.281801801801802, "%idle": 47.08500000000003, "%iowait": 4.297117117117117}