{"Available Memory(Kb)": 5488383.2727272725, "I/O wait(%)": 4.463636363636364, "user+system(%)": 48.49090909090909, "Idle(%)": 46.96363636363636}