{"Available Memory(Kb)": 356448.2181818182, "Idle(%)": 44.32727272727273, "I/O wait(%)": 2.8363636363636364, "user+system(%)": 52.96363636363636}