{"Disk Read(KB/s)": 49.14706666666667, "Disk Write(KB/s)": 124.99085555555563}