{"%idle": 11.868166666666667, "user+system(%)": 76.19906077348068, "%iowait": 0.5285635359116021}