{"user+system(%)": 87.08888888888889, "Idle(%)": 12.383333333333333, "I/O wait(%)": 0.4888888888888889, "Available Memory(Kb)": 6838135.177777777}