Device,kB_read/s,kB_wrtn/s
loop0,0.0,0.0
sda,11.407734806629835,235.39005524861878
