{"user+system(%)": 70.31309392265193, "%idle": 16.36033333333333, "%iowait": 1.859060773480664}