Device,kB_read/s,kB_wrtn/s
loop0,0.0,0.0
sda,20.99277108433735,268.3277108433735
