{"Disk Write(KB/s)": 237.01700000000002, "Disk Read(KB/s)": 24.86960000000001}