{"%iowait": 1.8957657657657654, "user+system(%)": 46.54621621621625, "%idle": 49.19254545454546}