{"I/O wait(%)": 1.9181818181818182, "Available Memory(Kb)": 9879771.745454546, "user+system(%)": 48.22727272727273, "Idle(%)": 49.90909090909091}