Device,kB_read/s,kB_wrtn/s
loop0,0.0,0.0
sda,0.3139240506329114,344.94177215189876
