{"Disk Read(KB/s)": 0.11353333333333335, "Disk Write(KB/s)": 247.5429666666667}