{"user+system(%)": 13.5794701986755, "%idle": 85.36339999999997, "%iowait": 0.460066225165563}