Device,kB_read/s,kB_wrtn/s
loop0,0.0,0.0
sda,2.0844444444444443,37.013333333333335
