{"user+system(%)": 0.8041988950276243, "%idle": 97.50177777777783, "%iowait": 0.08552486187845307}