Device,kB_read/s,kB_wrtn/s
loop0,0.0,0.0
sda,0.26024096385542167,317.4168674698795
