{"Disk Write(KB/s)": 178.10485555555525, "Disk Read(KB/s)": 0.11652222222222225}