{"%idle": 92.6643888888889, "%iowait": 0.24690607734806613, "user+system(%)": 6.60182320441991}