{"I/O wait(%)": 0.18333333333333332, "Idle(%)": 92.75555555555556, "Available Memory(Kb)": 1433207.7333333334, "user+system(%)": 6.844444444444444}