Device,kB_read/s,kB_wrtn/s
loop0,0.0,0.0
sda,0.3927272727272727,53.35272727272727
