Device,kB_read/s,kB_wrtn/s
loop0,0.0,0.0
sda,16.459016393442624,477.5344262295082
