{"%iowait": 1.876666666666667, "%idle": 55.32672727272726, "user+system(%)": 40.61333333333333}