Device,kB_read/s,kB_wrtn/s
loop0,0.0,0.0
sda,38.557377049180324,451.4754098360656
