{"user+system(%)": 17.005555555555556, "I/O wait(%)": 1.7222222222222223, "Idle(%)": 81.32777777777778, "Available Memory(Kb)": 8262796.2}