Device,kB_read/s,kB_wrtn/s
loop0,0.0,0.0
sda,0.4752475247524752,443.2079207920792
