{"Disk Write(KB/s)": 445.9456888888887, "Disk Read(KB/s)": 0.46176666666666666}