Device,kB_read/s,kB_wrtn/s
loop0,0.0,0.0
sda,6.02051282051282,158.10256410256412
