{"Disk Write(KB/s)": 146.7488333333333, "Disk Read(KB/s)": 7.531499999999999}