{"%idle": 0.0, "%sys": 5.288288288288288, "%iowait": 0.0, "%guest": 0.0, "user+system(%)": 97.04459459459457}