{"sys(%)": 6.081818181818182, "I/O wait(%)": 0.0, "Available Memory(Kb)": 7277776.763636364, "Idle(%)": 0.0, "user+system(%)": 100.14545454545454}