Device,kB_read/s,kB_wrtn/s
loop0,0.0,0.0
sda,25.916751269035533,309.44974619289343
