{"Disk Write(KB/s)": 316.8580666666663, "Disk Read(KB/s)": 26.925766666666664}