{"%idle": 89.53300000000003, "user+system(%)": 9.25491712707182, "%iowait": 0.7010497237569067}