{"I/O wait(%)": 0.6944444444444444, "user+system(%)": 9.555555555555555, "Idle(%)": 89.51666666666667, "Available Memory(Kb)": 3399212.711111111}