Device,kB_read/s,kB_wrtn/s
loop0,0.0,0.0
sda,23.868852459016395,161.61311475409835
