{"Disk Write(KB/s)": 158.8001666666667, "Disk Read(KB/s)": 2.470833333333333}