{"user+system(%)": 85.79477477477474, "%sys": 5.279909909909908, "%guest": 0.0, "%iowait": 0.005945945945945946, "%idle": 12.526363636363637}