{"Available Memory(Kb)": 2945907.345454545, "user+system(%)": 87.54545454545455, "I/O wait(%)": 0.0, "Idle(%)": 12.463636363636363, "sys(%)": 6.045454545454546}