Device,kB_read/s,kB_wrtn/s
loop0,0.0,0.0
sda,10.010695187165775,398.8406417112299
