{"Disk Write(KB/s)": 423.2503555555562, "Disk Read(KB/s)": 80.99808888888889}