{"Idle(%)": 13.583333333333334, "Available Memory(Kb)": 7209590.244444445, "user+system(%)": 84.74444444444444, "I/O wait(%)": 1.6666666666666667}