Device,kB_read/s,kB_wrtn/s
loop0,0.0,0.0
sda,11.40983606557377,745.3770491803278
Device,kB_read/s,kB_wrtn/s
loop0,0.0,0.0
sda,11.40983606557377,745.3770491803278
