{"user+system(%)": 96.878018018018, "%sys": 8.358918918918922, "%iowait": 0.23648648648648662, "%idle": 1.1331818181818183, "%guest": 0.0}