{"Idle(%)": 1.0818181818181818, "sys(%)": 9.163636363636364, "user+system(%)": 98.63636363636364, "I/O wait(%)": 0.2, "Available Memory(Kb)": 6445938.545454546}