Device,kB_read/s,kB_wrtn/s
loop0,0.0,0.0
sda,1.062295081967213,66.20327868852459
