{"Disk Write(KB/s)": 65.49483333333335, "Disk Read(KB/s)": 1.0513333333333332}