{"%iowait": 0.0005405405405405405, "user+system(%)": 97.93594594594597, "%idle": 0.3467272727272726}