{"user+system(%)": 99.7, "Idle(%)": 0.20909090909090908, "I/O wait(%)": 0.0, "Available Memory(Kb)": 3274079.963636364}