Device,kB_read/s,kB_wrtn/s
loop0,0.0,0.0
sda,29.007792207792207,333.12207792207795
