{"Disk Read(KB/s)": 30.85330000000006, "Disk Write(KB/s)": 304.34823333333355}