{"%iowait": 1.7486486486486488, "%idle": 69.92854545454544, "user+system(%)": 27.10342342342343}