{"user+system(%)": 28.30909090909091, "Available Memory(Kb)": 4907727.963636364, "I/O wait(%)": 1.7545454545454546, "Idle(%)": 69.9}