Device,kB_read/s,kB_wrtn/s
loop0,0.0,0.0
sda,3.5912087912087913,392.7032967032967
