{"I/O wait(%)": 4.411111111111111, "Available Memory(Kb)": 7105305.377777778, "user+system(%)": 32.51111111111111, "Idle(%)": 63.07222222222222}