Device,kB_read/s,kB_wrtn/s
loop0,0.0,0.0
sda,90.7177304964539,446.69787234042553
