{"Disk Read(KB/s)": 88.31610000000005, "Disk Write(KB/s)": 449.4688555555552}