{"%iowait": 1.7002209944751379, "user+system(%)": 15.748232044198895, "%idle": 81.2937777777778}