{"Idle(%)": 81.38333333333334, "I/O wait(%)": 1.6555555555555554, "user+system(%)": 16.977777777777778, "Available Memory(Kb)": 11214946.244444445}