Device,kB_read/s,kB_wrtn/s
loop0,0.0,0.0
sda,53.954098360655735,1021.5344262295082
