Device,kB_read/s,kB_wrtn/s
loop0,0.0,0.0
sda,6.692896174863388,171.15628415300546
