{"Available Memory(Kb)": 7231718.533333333, "Idle(%)": 6.927777777777778, "user+system(%)": 92.68888888888888, "I/O wait(%)": 0.39444444444444443}