{"Disk Read(KB/s)": 551.6563333333331, "Disk Write(KB/s)": 814.9806666666668}