{"%idle": 29.584090909090904, "%iowait": 15.437477477477472, "user+system(%)": 7.783333333333335}