Device,kB_read/s,kB_wrtn/s
loop0,0.0,0.0
sda,36.59226519337017,172.76022099447513
