{"user+system(%)": 92.75555555555556, "I/O wait(%)": 0.11666666666666667, "Idle(%)": 7.094444444444444, "Available Memory(Kb)": 7144111.8}