Device,kB_read/s,kB_wrtn/s
loop0,0.0,0.0
sda,431.27868852459017,82.24262295081967
Device,kB_read/s,kB_wrtn/s
loop0,0.0,0.0
sda,431.27868852459017,82.24262295081967
