{"Disk Write(KB/s)": 81.67533333333327, "Disk Read(KB/s)": 399.9133666666668}