{"%idle": 89.7180909090908, "%iowait": 0.5973873873873874, "user+system(%)": 7.54153153153153}