{"Available Memory(Kb)": 10803421.527272727, "I/O wait(%)": 0.7181818181818181, "Idle(%)": 89.62727272727273, "user+system(%)": 9.918181818181818}