Device,kB_read/s,kB_wrtn/s
loop0,0.0,0.0
sda,413.37704918032784,807.239344262295
