{"Disk Write(KB/s)": 799.0111666666668, "Disk Read(KB/s)": 386.01733333333317}