{"user+system(%)": 21.87468468468467, "%iowait": 1.6189189189189184, "%guest": 63.240900900900925, "%sys": 5.8795495495495524, "%idle": 12.020999999999997}