{"I/O wait(%)": 1.6545454545454545, "sys(%)": 6.009090909090909, "user+system(%)": 86.37272727272727, "Available Memory(Kb)": 2156834.618181818, "Idle(%)": 12.045454545454545}