{"Disk Read(KB/s)": 0.6024888888888891, "Disk Write(KB/s)": 195.4345777777779}