{"user+system(%)": 8.433333333333334, "I/O wait(%)": 0.7888888888888889, "Idle(%)": 90.75, "Available Memory(Kb)": 8627848.644444445}