Device,kB_read/s,kB_wrtn/s
loop0,0.0,0.0
sda,41.01025641025641,87.52820512820513
