{"Disk Write(KB/s)": 78.49145555555552, "Disk Read(KB/s)": 29.63820000000001}