{"user+system(%)": 1.4499447513812154, "%idle": 95.34011111111111, "%iowait": 0.2277900552486179}