{"Available Memory(Kb)": 5119148.911111111, "user+system(%)": 4.766666666666667, "Idle(%)": 95.37222222222222, "I/O wait(%)": 0.17222222222222222}