{"user+system(%)": 63.436036036036064, "%idle": 32.56954545454546, "%iowait": 2.206846846846848}