{"Available Memory(Kb)": 9143917.818181818, "Idle(%)": 33.09090909090909, "I/O wait(%)": 2.2181818181818183, "user+system(%)": 64.7}