Device,kB_read/s,kB_wrtn/s
loop0,0.0,0.0
sda,1133.7311475409836,31.85573770491803
