{"Disk Read(KB/s)": 1115.8216666666665, "Disk Write(KB/s)": 31.245833333333334}