{"%iowait": 9.515135135135125, "%idle": 89.25072727272727, "%guest": 0.0, "user+system(%)": 1.057567567567567, "%sys": 0.3390990990990991}