{"Idle(%)": 89.26363636363637, "I/O wait(%)": 9.590909090909092, "user+system(%)": 0.9, "Available Memory(Kb)": 3881135.963636364, "sys(%)": 0.03636363636363636}