{"user+system(%)": 19.54508287292818, "%idle": 70.42844444444447, "%iowait": 2.6444198895027626}