{"Available Memory(Kb)": 10824465.6, "I/O wait(%)": 2.5277777777777777, "user+system(%)": 26.95, "Idle(%)": 70.44444444444444}