{
  "AssignmentsList" : {
    "transaction" : "AssignmentsList",
    "sampleCount" : 180,
    "errorCount" : 0,
    "errorPct" : 0.0,
    "meanResTime" : 56.3222222222222,
    "medianResTime" : 38.0,
    "minResTime" : 25.0,
    "maxResTime" : 384.0,
    "pct1ResTime" : 94.10000000000005,
    "pct2ResTime" : 157.44999999999987,
    "pct3ResTime" : 328.91999999999985,
    "throughput" : 55.38461538461539,
    "receivedKBytesPerSec" : 21.207932692307693,
    "sentKBytesPerSec" : 17.90264423076923
  },
  "Get CSRF Token" : {
    "transaction" : "Get CSRF Token",
    "sampleCount" : 180,
    "errorCount" : 0,
    "errorPct" : 0.0,
    "meanResTime" : 1426.8333333333342,
    "medianResTime" : 1432.0,
    "minResTime" : 35.0,
    "maxResTime" : 3180.0,
    "pct1ResTime" : 2261.9,
    "pct2ResTime" : 2696.9499999999953,
    "pct3ResTime" : 3171.09,
    "throughput" : 55.60704355885078,
    "receivedKBytesPerSec" : 1486.1262960495828,
    "sentKBytesPerSec" : 7.33100671918443
  },
  "StudentCourses" : {
    "transaction" : "StudentCourses",
    "sampleCount" : 180,
    "errorCount" : 0,
    "errorPct" : 0.0,
    "meanResTime" : 109.44444444444441,
    "medianResTime" : 41.0,
    "minResTime" : 25.0,
    "maxResTime" : 1814.0,
    "pct1ResTime" : 241.70000000000002,
    "pct2ResTime" : 353.0,
    "pct3ResTime" : 1251.0499999999984,
    "throughput" : 47.16981132075472,
    "receivedKBytesPerSec" : 58.865017361111114,
    "sentKBytesPerSec" : 11.423938679245284
  },
  "GetSubmissionId" : {
    "transaction" : "GetSubmissionId",
    "sampleCount" : 946,
    "errorCount" : 6,
    "errorPct" : 0.63424945,
    "meanResTime" : 4794.846723044397,
    "medianResTime" : 3641.5,
    "minResTime" : 301.0,
    "maxResTime" : 50003.0,
    "pct1ResTime" : 10309.0,
    "pct2ResTime" : 12125.699999999999,
    "pct3ResTime" : 18337.12,
    "throughput" : 3.6278987716533018,
    "receivedKBytesPerSec" : 161.86602552855723,
    "sentKBytesPerSec" : 0.8352222147919327
  },
  "TestcasesResults" : {
    "transaction" : "TestcasesResults",
    "sampleCount" : 849,
    "errorCount" : 11,
    "errorPct" : 1.2956419,
    "meanResTime" : 14005.884570082444,
    "medianResTime" : 12240.0,
    "minResTime" : 5307.0,
    "maxResTime" : 59504.0,
    "pct1ResTime" : 23423.0,
    "pct2ResTime" : 27368.5,
    "pct3ResTime" : 40509.0,
    "throughput" : 3.1011772784886418,
    "receivedKBytesPerSec" : 88.81139758558373,
    "sentKBytesPerSec" : 0.7413352412818199
  },
  "Total" : {
    "transaction" : "Total",
    "sampleCount" : 4587,
    "errorCount" : 104,
    "errorPct" : 2.267277,
    "meanResTime" : 7875.288423806406,
    "medianResTime" : 4965.0,
    "minResTime" : 0.0,
    "maxResTime" : 78001.0,
    "pct1ResTime" : 17267.6,
    "pct2ResTime" : 23251.599999999988,
    "pct3ResTime" : 50008.12,
    "throughput" : 14.150594158368193,
    "receivedKBytesPerSec" : 443.20879163890226,
    "sentKBytesPerSec" : 6.894289154951628
  },
  "Upload" : {
    "transaction" : "Upload",
    "sampleCount" : 948,
    "errorCount" : 73,
    "errorPct" : 7.700422,
    "meanResTime" : 13376.344936708869,
    "medianResTime" : 8084.5,
    "minResTime" : 288.0,
    "maxResTime" : 78001.0,
    "pct1ResTime" : 37017.1,
    "pct2ResTime" : 50006.55,
    "pct3ResTime" : 71477.12999999999,
    "throughput" : 3.495536553799184,
    "receivedKBytesPerSec" : 145.6758535695586,
    "sentKBytesPerSec" : 4.832263706752876
  },
  "Course Page" : {
    "transaction" : "Course Page",
    "sampleCount" : 180,
    "errorCount" : 1,
    "errorPct" : 0.5555556,
    "meanResTime" : 237.84444444444418,
    "medianResTime" : 177.0,
    "minResTime" : 40.0,
    "maxResTime" : 1079.0,
    "pct1ResTime" : 450.8,
    "pct2ResTime" : 654.3499999999999,
    "pct3ResTime" : 1027.1599999999999,
    "throughput" : 48.939641109298535,
    "receivedKBytesPerSec" : 1576.6269669317564,
    "sentKBytesPerSec" : 14.115549806280587
  },
  "Login" : {
    "transaction" : "Login",
    "sampleCount" : 180,
    "errorCount" : 0,
    "errorPct" : 0.0,
    "meanResTime" : 1997.394444444444,
    "medianResTime" : 1989.0,
    "minResTime" : 520.0,
    "maxResTime" : 3339.0,
    "pct1ResTime" : 3185.1,
    "pct2ResTime" : 3223.8,
    "pct3ResTime" : 3336.57,
    "throughput" : 35.2181569164547,
    "receivedKBytesPerSec" : 60.359243543337904,
    "sentKBytesPerSec" : 20.841995206417533
  },
  "RunPractice" : {
    "transaction" : "RunPractice",
    "sampleCount" : 944,
    "errorCount" : 13,
    "errorPct" : 1.3771186,
    "meanResTime" : 6702.5858050847555,
    "medianResTime" : 4732.0,
    "minResTime" : 0.0,
    "maxResTime" : 43814.0,
    "pct1ResTime" : 14080.0,
    "pct2ResTime" : 18895.5,
    "pct3ResTime" : 24914.199999999997,
    "throughput" : 3.6917974830075635,
    "receivedKBytesPerSec" : 103.35568693000054,
    "sentKBytesPerSec" : 0.8588488748621442
  }
}