Device,kB_read/s,kB_wrtn/s
loop0,0.0,0.0
sda,23.540331491712706,87.53591160220995
