{"Disk Write(KB/s)": 92.48651111111113, "Disk Read(KB/s)": 20.70326666666666}