{"Available Memory(Kb)": 7227493.822222223, "I/O wait(%)": 0.4722222222222222, "user+system(%)": 13.833333333333334, "Idle(%)": 85.46666666666667}