Device,kB_read/s,kB_wrtn/s
loop0,0.0,0.0
sda,327.7508196721312,53.954098360655735
