{"Disk Write(KB/s)": 53.14466666666667, "Disk Read(KB/s)": 305.5711666666668}