{"user+system(%)": 11.757027027027029, "%iowait": 0.08657657657657654, "%idle": 19.245454545454546}