{"user+system(%)": 80.95454545454545, "I/O wait(%)": 0.0, "Idle(%)": 18.945454545454545, "Available Memory(Kb)": 6351197.090909091}