Device,kB_read/s,kB_wrtn/s
loop0,0.0,0.0
sda,7.752486187845304,64.54806629834255
