{"Disk Read(KB/s)": 6.747911111111112, "Disk Write(KB/s)": 70.60674444444442}