{"%iowait": 0.4980110497237562, "%idle": 89.73688888888894, "user+system(%)": 5.499613259668507}