{"I/O wait(%)": 0.4888888888888889, "Idle(%)": 89.89444444444445, "user+system(%)": 9.511111111111111, "Available Memory(Kb)": 9532661.08888889}