{"Disk Write(KB/s)": 24.19433333333332, "Disk Read(KB/s)": 1185.9916666666666}