{"Idle(%)": 82.43636363636364, "Available Memory(Kb)": 1340407.6363636365, "user+system(%)": 1.3272727272727274, "I/O wait(%)": 16.10909090909091}