{"Disk Write(KB/s)": 62.97166666666666, "Disk Read(KB/s)": 0.026166666666666668}