{"%iowait": 0.0002702702702702703, "%idle": 0.22645454545454544, "user+system(%)": 98.04711711711711}