Device,kB_read/s,kB_wrtn/s
loop0,0.0,0.0
sda,71.6983606557377,598.727868852459
