{"Idle(%)": 15.418181818181818, "user+system(%)": 83.37272727272727, "Available Memory(Kb)": 3171676.5454545454, "sys(%)": 6.3090909090909095, "I/O wait(%)": 1.1818181818181819}