Device,kB_read/s,kB_wrtn/s
loop0,0.0,0.0
sda,28.830939226519337,102.95248618784531
