{"Disk Read(KB/s)": 25.45693333333333, "Disk Write(KB/s)": 102.20651111111103}