Device,kB_read/s,kB_wrtn/s
loop0,0.0,0.0
sda,802.4524590163934,439.94754098360653
