{"%iowait": 41.70189189189189, "%idle": 40.261181818181825, "user+system(%)": 3.5970270270270275}