{"Disk Write(KB/s)": 20.742166666666662, "Disk Read(KB/s)": 450.7226666666667}