{"%sys": 0.21684684684684682, "%guest": 0.0, "%idle": 98.60818181818185, "user+system(%)": 1.2170270270270276, "%iowait": 0.06558558558558553}