Device,kB_read/s,kB_wrtn/s
loop0,0.0,0.0
sda,10.099447513812155,355.95580110497235
