{"user+system(%)": 77.01486187845308, "%iowait": 1.9377900552486185, "%idle": 13.557499999999997}