Device,kB_read/s,kB_wrtn/s
loop0,0.0,0.0
sda,8.681967213114755,375.344262295082
