{"Disk Read(KB/s)": 8.695500000000001, "Disk Write(KB/s)": 370.63183333333325}