{"%idle": 42.1718181818182, "%iowait": 0.976666666666666, "%guest": 0.0, "%sys": 4.507477477477478, "user+system(%)": 55.75603603603602}