{"Available Memory(Kb)": 7380979.963636364, "user+system(%)": 56.7, "Idle(%)": 42.39090909090909, "I/O wait(%)": 1.0272727272727273, "sys(%)": 5.045454545454546}