Device,kB_read/s,kB_wrtn/s
loop0,0.0,0.0
sda,9.257142857142858,359.1032967032967
