{"user+system(%)": 86.88888888888889, "Idle(%)": 12.383333333333333, "I/O wait(%)": 0.7, "Available Memory(Kb)": 7122430.022222222}