Device,kB_read/s,kB_wrtn/s
loop0,0.0,0.0
sda,0.8516129032258064,927.3161290322581
