{"Disk Write(KB/s)": 149.24233333333325, "Disk Read(KB/s)": 0.03933333333333334}