{"%idle": 90.36254545454547, "%iowait": 0.30504504504504487, "user+system(%)": 9.03900900900901}