{"Idle(%)": 90.28181818181818, "Available Memory(Kb)": 1867938.3272727274, "I/O wait(%)": 0.3090909090909091, "user+system(%)": 9.3}