Device,kB_read/s,kB_wrtn/s
loop0,0.0,0.0
sda,0.9090909090909091,532.4181818181818
