{"Disk Read(KB/s)": 0.8565333333333333, "Disk Write(KB/s)": 570.622566666667}