{"%idle": 7.6691818181818165, "user+system(%)": 86.496036036036, "%iowait": 1.7214414414414407}