{"I/O wait(%)": 1.7272727272727273, "Idle(%)": 7.618181818181818, "user+system(%)": 90.69090909090909, "Available Memory(Kb)": 3792015.7454545456}