Device,kB_read/s,kB_wrtn/s
loop0,0.0,0.0
sda,78.65217391304348,213.9913043478261
Device,kB_read/s,kB_wrtn/s
loop0,0.0,0.0
sda,78.65217391304348,213.9913043478261
