{"Disk Write(KB/s)": 176.5900333333334, "Disk Read(KB/s)": 106.56176666666666}