{"user+system(%)": 87.55180180180183, "%iowait": 0.16783783783783782, "%idle": 5.876363636363636}