{"user+system(%)": 93.50909090909092, "Available Memory(Kb)": 3078161.418181818, "Idle(%)": 6.554545454545455, "I/O wait(%)": 0.18181818181818182}