Device,kB_read/s,kB_wrtn/s
loop0,0.0,0.0
sda,21.95409836065574,730.3868852459017
