{"user+system(%)": 52.264234234234245, "%iowait": 2.033423423423422, "%idle": 44.188454545454526}