Device,kB_read/s,kB_wrtn/s
loop0,0.0,0.0
sda,1.7856353591160221,247.35911602209944
