{"Idle(%)": 89.16666666666667, "Available Memory(Kb)": 8591601.91111111, "user+system(%)": 9.972222222222221, "I/O wait(%)": 0.8333333333333334}