{"Disk Write(KB/s)": 193.09846666666652, "Disk Read(KB/s)": 0.05960000000000001}