{"%iowait": 0.09972972972972971, "user+system(%)": 89.37054054054056, "%idle": 4.376636363636364}