{"Available Memory(Kb)": 3185662.654545455, "I/O wait(%)": 0.10909090909090909, "user+system(%)": 95.08181818181818, "Idle(%)": 5.054545454545455}