Device,kB_read/s,kB_wrtn/s
loop0,0.0,0.0
sda,0.4065573770491803,865.5081967213115
