{"%idle": 18.971818181818197, "user+system(%)": 77.72396396396395, "%iowait": 1.2488288288288283}