{"I/O wait(%)": 1.3363636363636364, "Available Memory(Kb)": 7822406.69090909, "user+system(%)": 80.10909090909091, "Idle(%)": 18.618181818181817}