{"Available Memory(Kb)": 2865266.8, "Idle(%)": 2.809090909090909, "user+system(%)": 96.7090909090909, "I/O wait(%)": 0.43636363636363634}