Device,kB_read/s,kB_wrtn/s
loop0,0.0,0.0
sda,57.77910447761194,285.99402985074624
