{"Disk Read(KB/s)": 59.65020000000002, "Disk Write(KB/s)": 245.97156666666677}