{"%iowait": 3.0108108108108107, "%idle": 44.55890909090909, "user+system(%)": 50.095675675675686}