{"I/O wait(%)": 3.018181818181818, "Available Memory(Kb)": 10316279.38181818, "user+system(%)": 52.03636363636364, "Idle(%)": 45.1}