{"Disk Read(KB/s)": 46.76903333333334, "Disk Write(KB/s)": 871.097033333333}