{"%iowait": 0.3760360360360359, "user+system(%)": 95.58738738738732, "%idle": 1.4986363636363638}