{"user+system(%)": 98.13636363636364, "Idle(%)": 1.481818181818182, "Available Memory(Kb)": 441720.61818181816, "I/O wait(%)": 0.3181818181818182}