Device,kB_read/s,kB_wrtn/s
loop0,0.0,0.0
sda,45.86915887850467,400.8747663551402
