{"Disk Write(KB/s)": 402.86604444444436, "Disk Read(KB/s)": 47.0759888888889}