{"user+system(%)": 36.14519337016576, "%iowait": 1.7712154696132592, "%idle": 58.942166666666644}