{"Idle(%)": 59.25555555555555, "Available Memory(Kb)": 8996273.888888888, "user+system(%)": 38.9, "I/O wait(%)": 1.788888888888889}