Device,kB_read/s,kB_wrtn/s
loop0,0.0,0.0
sda,313.455737704918,61.75737704918033
