{"I/O wait(%)": 0.00909090909090909, "Available Memory(Kb)": 1871020.7636363637, "user+system(%)": 1.0363636363636364, "Idle(%)": 98.56363636363636}