{"Disk Write(KB/s)": 94.31099999999999, "Disk Read(KB/s)": 5.524666666666665}