{"%iowait": 0.02702702702702703, "%idle": 0.013636363636363636, "%guest": 0.0, "user+system(%)": 97.52819819819821, "%sys": 5.037117117117118}