{"Available Memory(Kb)": 1931269.2, "Idle(%)": 0.01818181818181818, "sys(%)": 5.763636363636364, "user+system(%)": 100.18181818181819, "I/O wait(%)": 0.02727272727272727}