Device,kB_read/s,kB_wrtn/s
loop0,0.0,0.0
sda,8.14585635359116,162.40883977900552
