{"Disk Read(KB/s)": 7.057444444444444, "Disk Write(KB/s)": 158.56135555555556}