{"%idle": 73.55616666666668, "user+system(%)": 20.938618784530384, "%iowait": 1.199337016574584}