{"%idle": 78.63127272727273, "user+system(%)": 0.7399999999999999, "%iowait": 1.9248648648648623}