Device,kB_read/s,kB_wrtn/s
loop0,0.0,0.0
sda,9.228729281767956,179.93812154696133
