{"user+system(%)": 87.7611111111111, "Idle(%)": 11.205555555555556, "Available Memory(Kb)": 7038419.555555556, "I/O wait(%)": 0.9388888888888889}