{"Disk Read(KB/s)": 158.70716666666675, "Disk Write(KB/s)": 925.5531666666667}