Device,kB_read/s,kB_wrtn/s
loop0,0.0,0.0
sda,3.5483870967741935,638.4258064516129
Device,kB_read/s,kB_wrtn/s
loop0,0.0,0.0
sda,3.5483870967741935,638.4258064516129
