{"Disk Write(KB/s)": 620.2716666666668, "Disk Read(KB/s)": 3.5656666666666683}