{"%iowait": 0.005855855855855857, "%guest": 0.0, "user+system(%)": 98.10414414414417, "%sys": 7.105495495495496, "%idle": 0.034909090909090876}