{"Available Memory(Kb)": 4979202.654545454, "sys(%)": 8.0, "Idle(%)": 0.01818181818181818, "I/O wait(%)": 0.0, "user+system(%)": 99.96363636363637}