{"Available Memory(Kb)": 7298093.444444444, "user+system(%)": 87.47777777777777, "Idle(%)": 11.283333333333333, "I/O wait(%)": 1.2333333333333334}