{"I/O wait(%)": 0.6444444444444445, "Available Memory(Kb)": 9677640.711111112, "Idle(%)": 91.85, "user+system(%)": 7.4944444444444445}