Device,kB_read/s,kB_wrtn/s
loop0,0.0,0.0
sda,119.44918032786886,477.01857923497266
