{"Disk Write(KB/s)": 435.25658888888887, "Disk Read(KB/s)": 102.86487777777783}