{"user+system(%)": 67.72149171270718, "%idle": 19.44666666666666, "%iowait": 5.1383425414364625}