{"Idle(%)": 19.95, "Available Memory(Kb)": 9258511.177777778, "I/O wait(%)": 5.1722222222222225, "user+system(%)": 74.95555555555555}