{
  "AssignmentsList" : {
    "transaction" : "AssignmentsList",
    "sampleCount" : 20,
    "errorCount" : 0,
    "errorPct" : 0.0,
    "meanResTime" : 105.3,
    "medianResTime" : 108.0,
    "minResTime" : 36.0,
    "maxResTime" : 176.0,
    "pct1ResTime" : 171.00000000000006,
    "pct2ResTime" : 175.85,
    "pct3ResTime" : 176.0,
    "throughput" : 1.81967063961423,
    "receivedKBytesPerSec" : 0.7054777772723138,
    "sentKBytesPerSec" : 0.5881943180784278
  },
  "Get CSRF Token" : {
    "transaction" : "Get CSRF Token",
    "sampleCount" : 20,
    "errorCount" : 0,
    "errorPct" : 0.0,
    "meanResTime" : 2826.65,
    "medianResTime" : 729.5,
    "minResTime" : 272.0,
    "maxResTime" : 11729.0,
    "pct1ResTime" : 11722.8,
    "pct2ResTime" : 11728.75,
    "pct3ResTime" : 11729.0,
    "throughput" : 1.6739203213927016,
    "receivedKBytesPerSec" : 44.734294573359556,
    "sentKBytesPerSec" : 0.22068285487110814
  },
  "StudentCourses" : {
    "transaction" : "StudentCourses",
    "sampleCount" : 20,
    "errorCount" : 0,
    "errorPct" : 0.0,
    "meanResTime" : 329.29999999999995,
    "medianResTime" : 131.0,
    "minResTime" : 76.0,
    "maxResTime" : 2175.0,
    "pct1ResTime" : 1294.2000000000023,
    "pct2ResTime" : 2136.3499999999995,
    "pct3ResTime" : 2175.0,
    "throughput" : 1.7545398719185892,
    "receivedKBytesPerSec" : 2.1880345863672255,
    "sentKBytesPerSec" : 0.4249276252302834
  },
  "GetSubmissionId" : {
    "transaction" : "GetSubmissionId",
    "sampleCount" : 97,
    "errorCount" : 0,
    "errorPct" : 0.0,
    "meanResTime" : 2077.4329896907216,
    "medianResTime" : 1854.0,
    "minResTime" : 864.0,
    "maxResTime" : 6069.0,
    "pct1ResTime" : 3576.6000000000004,
    "pct2ResTime" : 3966.9,
    "pct3ResTime" : 6069.0,
    "throughput" : 0.36597144668135584,
    "receivedKBytesPerSec" : 15.58042523193912,
    "sentKBytesPerSec" : 0.08470237584324349
  },
  "TestcasesResults" : {
    "transaction" : "TestcasesResults",
    "sampleCount" : 84,
    "errorCount" : 0,
    "errorPct" : 0.0,
    "meanResTime" : 33378.130952380976,
    "medianResTime" : 34112.5,
    "minResTime" : 10404.0,
    "maxResTime" : 43325.0,
    "pct1ResTime" : 38370.0,
    "pct2ResTime" : 39125.25,
    "pct3ResTime" : 43325.0,
    "throughput" : 0.2960415021991654,
    "receivedKBytesPerSec" : 8.582333183697276,
    "sentKBytesPerSec" : 0.07169755131386038
  },
  "Total" : {
    "transaction" : "Total",
    "sampleCount" : 475,
    "errorCount" : 1,
    "errorPct" : 0.21052632,
    "meanResTime" : 8556.593684210526,
    "medianResTime" : 2540.0,
    "minResTime" : 36.0,
    "maxResTime" : 43325.0,
    "pct1ResTime" : 34020.0,
    "pct2ResTime" : 36381.4,
    "pct3ResTime" : 39058.44,
    "throughput" : 1.427729819414721,
    "receivedKBytesPerSec" : 44.1491954883362,
    "sentKBytesPerSec" : 0.6631341233814052
  },
  "Upload" : {
    "transaction" : "Upload",
    "sampleCount" : 97,
    "errorCount" : 0,
    "errorPct" : 0.0,
    "meanResTime" : 6222.855670103092,
    "medianResTime" : 3734.0,
    "minResTime" : 1780.0,
    "maxResTime" : 34424.0,
    "pct1ResTime" : 15692.200000000006,
    "pct2ResTime" : 27393.699999999983,
    "pct3ResTime" : 34424.0,
    "throughput" : 0.36041525782695605,
    "receivedKBytesPerSec" : 15.424664879994722,
    "sentKBytesPerSec" : 0.45979361117510237
  },
  "Course Page" : {
    "transaction" : "Course Page",
    "sampleCount" : 20,
    "errorCount" : 0,
    "errorPct" : 0.0,
    "meanResTime" : 298.50000000000006,
    "medianResTime" : 262.5,
    "minResTime" : 64.0,
    "maxResTime" : 614.0,
    "pct1ResTime" : 481.50000000000006,
    "pct2ResTime" : 607.4499999999999,
    "pct3ResTime" : 614.0,
    "throughput" : 1.7597888253409593,
    "receivedKBytesPerSec" : 56.982443356797184,
    "sentKBytesPerSec" : 0.510407501099868
  },
  "Login" : {
    "transaction" : "Login",
    "sampleCount" : 20,
    "errorCount" : 0,
    "errorPct" : 0.0,
    "meanResTime" : 1069.7000000000003,
    "medianResTime" : 759.5,
    "minResTime" : 316.0,
    "maxResTime" : 2431.0,
    "pct1ResTime" : 2295.8,
    "pct2ResTime" : 2424.7,
    "pct3ResTime" : 2431.0,
    "throughput" : 1.6812373907195697,
    "receivedKBytesPerSec" : 2.881417598352387,
    "sentKBytesPerSec" : 0.9949510339609953
  },
  "RunPractice" : {
    "transaction" : "RunPractice",
    "sampleCount" : 97,
    "errorCount" : 1,
    "errorPct" : 1.0309278,
    "meanResTime" : 3741.257731958763,
    "medianResTime" : 2549.0,
    "minResTime" : 1410.0,
    "maxResTime" : 21821.0,
    "pct1ResTime" : 7256.4,
    "pct2ResTime" : 9524.699999999993,
    "pct3ResTime" : 21821.0,
    "throughput" : 0.37081353431172037,
    "receivedKBytesPerSec" : 10.410109883375322,
    "sentKBytesPerSec" : 0.0860134486805537
  }
}