{
  "AssignmentsList" : {
    "transaction" : "AssignmentsList",
    "sampleCount" : 60,
    "errorCount" : 2,
    "errorPct" : 3.3333333,
    "meanResTime" : 358.1666666666667,
    "medianResTime" : 178.5,
    "minResTime" : 0.0,
    "maxResTime" : 1713.0,
    "pct1ResTime" : 1084.3,
    "pct2ResTime" : 1287.45,
    "pct3ResTime" : 1713.0,
    "throughput" : 9.227929867733005,
    "receivedKBytesPerSec" : 3.945901261150415,
    "sentKBytesPerSec" : 2.8834276953245155
  },
  "Get CSRF Token" : {
    "transaction" : "Get CSRF Token",
    "sampleCount" : 60,
    "errorCount" : 0,
    "errorPct" : 0.0,
    "meanResTime" : 603.4166666666669,
    "medianResTime" : 416.5,
    "minResTime" : 264.0,
    "maxResTime" : 1432.0,
    "pct1ResTime" : 1214.7,
    "pct2ResTime" : 1324.8999999999996,
    "pct3ResTime" : 1432.0,
    "throughput" : 31.695721077654518,
    "receivedKBytesPerSec" : 847.055764659271,
    "sentKBytesPerSec" : 4.178635103011094
  },
  "StudentCourses" : {
    "transaction" : "StudentCourses",
    "sampleCount" : 60,
    "errorCount" : 1,
    "errorPct" : 1.6666666,
    "meanResTime" : 512.2166666666668,
    "medianResTime" : 198.0,
    "minResTime" : 2.0,
    "maxResTime" : 3318.0,
    "pct1ResTime" : 2216.799999999999,
    "pct2ResTime" : 3138.749999999997,
    "pct3ResTime" : 3318.0,
    "throughput" : 10.266940451745379,
    "receivedKBytesPerSec" : 12.939453125,
    "sentKBytesPerSec" : 2.4450825633127993
  },
  "GetSubmissionId" : {
    "transaction" : "GetSubmissionId",
    "sampleCount" : 110,
    "errorCount" : 7,
    "errorPct" : 6.3636365,
    "meanResTime" : 12483.054545454543,
    "medianResTime" : 5100.5,
    "minResTime" : 0.0,
    "maxResTime" : 50006.0,
    "pct1ResTime" : 37868.80000000001,
    "pct2ResTime" : 49012.44999999998,
    "pct3ResTime" : 50005.67,
    "throughput" : 0.40412352954143,
    "receivedKBytesPerSec" : 16.48191481190805,
    "sentKBytesPerSec" : 0.0918319057363498
  },
  "TestcasesResults" : {
    "transaction" : "TestcasesResults",
    "sampleCount" : 58,
    "errorCount" : 0,
    "errorPct" : 0.0,
    "meanResTime" : 98878.91379310346,
    "medianResTime" : 91417.5,
    "minResTime" : 9571.0,
    "maxResTime" : 211968.0,
    "pct1ResTime" : 167157.2,
    "pct2ResTime" : 189811.14999999994,
    "pct3ResTime" : 211968.0,
    "throughput" : 0.1274011268410012,
    "receivedKBytesPerSec" : 3.6931590022350114,
    "sentKBytesPerSec" : 0.03085496040680498
  },
  "Total" : {
    "transaction" : "Total",
    "sampleCount" : 689,
    "errorCount" : 46,
    "errorPct" : 6.6763425,
    "meanResTime" : 17056.690856313497,
    "medianResTime" : 2741.0,
    "minResTime" : 0.0,
    "maxResTime" : 211968.0,
    "pct1ResTime" : 54199.0,
    "pct2ResTime" : 80307.0,
    "pct3ResTime" : 158415.3000000002,
    "throughput" : 1.3575980170005162,
    "receivedKBytesPerSec" : 32.6030068567074,
    "sentKBytesPerSec" : 0.5932795080529798
  },
  "Upload" : {
    "transaction" : "Upload",
    "sampleCount" : 112,
    "errorCount" : 23,
    "errorPct" : 20.535715,
    "meanResTime" : 27259.13392857143,
    "medianResTime" : 12538.5,
    "minResTime" : 0.0,
    "maxResTime" : 77016.0,
    "pct1ResTime" : 61552.8,
    "pct2ResTime" : 65981.65,
    "pct3ResTime" : 76813.59000000001,
    "throughput" : 0.4078585604777772,
    "receivedKBytesPerSec" : 14.208572739707943,
    "sentKBytesPerSec" : 0.5265055431893082
  },
  "Course Page" : {
    "transaction" : "Course Page",
    "sampleCount" : 60,
    "errorCount" : 1,
    "errorPct" : 1.6666666,
    "meanResTime" : 336.26666666666665,
    "medianResTime" : 242.5,
    "minResTime" : 0.0,
    "maxResTime" : 1456.0,
    "pct1ResTime" : 687.6999999999999,
    "pct2ResTime" : 1085.4999999999995,
    "pct3ResTime" : 1456.0,
    "throughput" : 9.322560596643878,
    "receivedKBytesPerSec" : 297.01596124339653,
    "sentKBytesPerSec" : 2.658841623290864
  },
  "Login" : {
    "transaction" : "Login",
    "sampleCount" : 60,
    "errorCount" : 0,
    "errorPct" : 0.0,
    "meanResTime" : 2630.7999999999993,
    "medianResTime" : 2578.0,
    "minResTime" : 469.0,
    "maxResTime" : 5131.0,
    "pct1ResTime" : 4955.5,
    "pct2ResTime" : 5044.599999999999,
    "pct3ResTime" : 5131.0,
    "throughput" : 9.623095429029672,
    "receivedKBytesPerSec" : 16.492707497995188,
    "sentKBytesPerSec" : 5.694917802726543
  },
  "RunPractice" : {
    "transaction" : "RunPractice",
    "sampleCount" : 109,
    "errorCount" : 12,
    "errorPct" : 11.009174,
    "meanResTime" : 12151.119266055051,
    "medianResTime" : 3529.0,
    "minResTime" : 0.0,
    "maxResTime" : 50003.0,
    "pct1ResTime" : 36862.0,
    "pct2ResTime" : 48393.0,
    "pct3ResTime" : 50003.0,
    "throughput" : 0.4013786805320293,
    "receivedKBytesPerSec" : 10.155809122113018,
    "sentKBytesPerSec" : 0.08803173469237453
  }
}