{
  "AssignmentsList" : {
    "transaction" : "AssignmentsList",
    "sampleCount" : 1,
    "errorCount" : 0,
    "errorPct" : 0.0,
    "meanResTime" : 54.0,
    "medianResTime" : 54.0,
    "minResTime" : 54.0,
    "maxResTime" : 54.0,
    "pct1ResTime" : 54.0,
    "pct2ResTime" : 54.0,
    "pct3ResTime" : 54.0,
    "throughput" : 18.51851851851852,
    "receivedKBytesPerSec" : 7.179542824074074,
    "sentKBytesPerSec" : 5.985966435185185
  },
  "Get CSRF Token" : {
    "transaction" : "Get CSRF Token",
    "sampleCount" : 1,
    "errorCount" : 0,
    "errorPct" : 0.0,
    "meanResTime" : 2350.0,
    "medianResTime" : 2350.0,
    "minResTime" : 2350.0,
    "maxResTime" : 2350.0,
    "pct1ResTime" : 2350.0,
    "pct2ResTime" : 2350.0,
    "pct3ResTime" : 2350.0,
    "throughput" : 0.425531914893617,
    "receivedKBytesPerSec" : 11.37217420212766,
    "sentKBytesPerSec" : 0.056100398936170214
  },
  "StudentCourses" : {
    "transaction" : "StudentCourses",
    "sampleCount" : 1,
    "errorCount" : 0,
    "errorPct" : 0.0,
    "meanResTime" : 36.0,
    "medianResTime" : 36.0,
    "minResTime" : 36.0,
    "maxResTime" : 36.0,
    "pct1ResTime" : 36.0,
    "pct2ResTime" : 36.0,
    "pct3ResTime" : 36.0,
    "throughput" : 27.777777777777775,
    "receivedKBytesPerSec" : 34.64084201388889,
    "sentKBytesPerSec" : 6.727430555555556
  },
  "GetSubmissionId" : {
    "transaction" : "GetSubmissionId",
    "sampleCount" : 12,
    "errorCount" : 0,
    "errorPct" : 0.0,
    "meanResTime" : 517.5,
    "medianResTime" : 525.5,
    "minResTime" : 477.0,
    "maxResTime" : 560.0,
    "pct1ResTime" : 558.2,
    "pct2ResTime" : 560.0,
    "pct3ResTime" : 560.0,
    "throughput" : 0.04620289230105804,
    "receivedKBytesPerSec" : 1.9674393238110457,
    "sentKBytesPerSec" : 0.010693442847022224
  },
  "TestcasesResults" : {
    "transaction" : "TestcasesResults",
    "sampleCount" : 12,
    "errorCount" : 0,
    "errorPct" : 0.0,
    "meanResTime" : 5554.583333333334,
    "medianResTime" : 5339.5,
    "minResTime" : 5287.0,
    "maxResTime" : 7679.0,
    "pct1ResTime" : 7076.600000000002,
    "pct2ResTime" : 7679.0,
    "pct3ResTime" : 7679.0,
    "throughput" : 0.045505739411383264,
    "receivedKBytesPerSec" : 1.3192220509436754,
    "sentKBytesPerSec" : 0.011020921263694385
  },
  "Total" : {
    "transaction" : "Total",
    "sampleCount" : 53,
    "errorCount" : 0,
    "errorPct" : 0.0,
    "meanResTime" : 2221.7358490566044,
    "medianResTime" : 2107.0,
    "minResTime" : 36.0,
    "maxResTime" : 7679.0,
    "pct1ResTime" : 5344.2,
    "pct2ResTime" : 5480.599999999999,
    "pct3ResTime" : 7679.0,
    "throughput" : 0.1756170620259582,
    "receivedKBytesPerSec" : 5.881116801292608,
    "sentKBytesPerSec" : 0.084103461437144
  },
  "Upload" : {
    "transaction" : "Upload",
    "sampleCount" : 12,
    "errorCount" : 0,
    "errorPct" : 0.0,
    "meanResTime" : 1389.9166666666665,
    "medianResTime" : 988.0,
    "minResTime" : 939.0,
    "maxResTime" : 3290.0,
    "pct1ResTime" : 3283.1,
    "pct2ResTime" : 3290.0,
    "pct3ResTime" : 3290.0,
    "throughput" : 0.04605535854096624,
    "receivedKBytesPerSec" : 1.9707555669414638,
    "sentKBytesPerSec" : 0.05874606850350789
  },
  "Course Page" : {
    "transaction" : "Course Page",
    "sampleCount" : 1,
    "errorCount" : 0,
    "errorPct" : 0.0,
    "meanResTime" : 89.0,
    "medianResTime" : 89.0,
    "minResTime" : 89.0,
    "maxResTime" : 89.0,
    "pct1ResTime" : 89.0,
    "pct2ResTime" : 89.0,
    "pct3ResTime" : 89.0,
    "throughput" : 11.235955056179774,
    "receivedKBytesPerSec" : 363.80793539325845,
    "sentKBytesPerSec" : 3.258865870786517
  },
  "Login" : {
    "transaction" : "Login",
    "sampleCount" : 1,
    "errorCount" : 0,
    "errorPct" : 0.0,
    "meanResTime" : 123.0,
    "medianResTime" : 123.0,
    "minResTime" : 123.0,
    "maxResTime" : 123.0,
    "pct1ResTime" : 123.0,
    "pct2ResTime" : 123.0,
    "pct3ResTime" : 123.0,
    "throughput" : 8.130081300813009,
    "receivedKBytesPerSec" : 13.933879573170731,
    "sentKBytesPerSec" : 4.811356707317073
  },
  "RunPractice" : {
    "transaction" : "RunPractice",
    "sampleCount" : 12,
    "errorCount" : 0,
    "errorPct" : 0.0,
    "meanResTime" : 2129.6666666666665,
    "medianResTime" : 2127.5,
    "minResTime" : 2107.0,
    "maxResTime" : 2165.0,
    "pct1ResTime" : 2164.4,
    "pct2ResTime" : 2165.0,
    "pct3ResTime" : 2165.0,
    "throughput" : 0.04601297565913588,
    "receivedKBytesPerSec" : 1.3039368833781961,
    "sentKBytesPerSec" : 0.010784291170109971
  }
}