{
  "AssignmentsList" : {
    "transaction" : "AssignmentsList",
    "sampleCount" : 40,
    "errorCount" : 0,
    "errorPct" : 0.0,
    "meanResTime" : 205.45000000000002,
    "medianResTime" : 161.0,
    "minResTime" : 29.0,
    "maxResTime" : 1081.0,
    "pct1ResTime" : 470.4999999999999,
    "pct2ResTime" : 667.4499999999996,
    "pct3ResTime" : 1081.0,
    "throughput" : 11.095700416088766,
    "receivedKBytesPerSec" : 4.301751040221914,
    "sentKBytesPerSec" : 3.586598474341193
  },
  "Get CSRF Token" : {
    "transaction" : "Get CSRF Token",
    "sampleCount" : 40,
    "errorCount" : 0,
    "errorPct" : 0.0,
    "meanResTime" : 512.0000000000001,
    "medianResTime" : 418.0,
    "minResTime" : 184.0,
    "maxResTime" : 950.0,
    "pct1ResTime" : 917.0,
    "pct2ResTime" : 936.55,
    "pct3ResTime" : 950.0,
    "throughput" : 28.44950213371266,
    "receivedKBytesPerSec" : 760.3018314366999,
    "sentKBytesPerSec" : 3.750666785206259
  },
  "StudentCourses" : {
    "transaction" : "StudentCourses",
    "sampleCount" : 40,
    "errorCount" : 0,
    "errorPct" : 0.0,
    "meanResTime" : 448.7750000000001,
    "medianResTime" : 146.5,
    "minResTime" : 33.0,
    "maxResTime" : 3523.0,
    "pct1ResTime" : 1455.5,
    "pct2ResTime" : 2773.149999999997,
    "pct3ResTime" : 3523.0,
    "throughput" : 11.309018942606729,
    "receivedKBytesPerSec" : 14.103141786824994,
    "sentKBytesPerSec" : 2.7389030251625672
  },
  "GetSubmissionId" : {
    "transaction" : "GetSubmissionId",
    "sampleCount" : 102,
    "errorCount" : 0,
    "errorPct" : 0.0,
    "meanResTime" : 4386.7941176470595,
    "medianResTime" : 3020.5,
    "minResTime" : 960.0,
    "maxResTime" : 34138.0,
    "pct1ResTime" : 8013.300000000003,
    "pct2ResTime" : 17242.349999999955,
    "pct3ResTime" : 33855.15999999999,
    "throughput" : 0.38874914246512693,
    "receivedKBytesPerSec" : 16.54973076978047,
    "sentKBytesPerSec" : 0.08997416676194832
  },
  "TestcasesResults" : {
    "transaction" : "TestcasesResults",
    "sampleCount" : 68,
    "errorCount" : 0,
    "errorPct" : 0.0,
    "meanResTime" : 81292.25,
    "medianResTime" : 91355.0,
    "minResTime" : 5756.0,
    "maxResTime" : 118924.0,
    "pct1ResTime" : 114003.4,
    "pct2ResTime" : 117569.2,
    "pct3ResTime" : 118924.0,
    "throughput" : 0.19036207987368917,
    "receivedKBytesPerSec" : 5.518633110159456,
    "sentKBytesPerSec" : 0.04610331621940909
  },
  "Total" : {
    "transaction" : "Total",
    "sampleCount" : 576,
    "errorCount" : 12,
    "errorPct" : 2.0833333,
    "meanResTime" : 14694.616319444429,
    "medianResTime" : 2617.5,
    "minResTime" : 29.0,
    "maxResTime" : 118924.0,
    "pct1ResTime" : 57667.4000000002,
    "pct2ResTime" : 98752.99999999999,
    "pct3ResTime" : 115110.36000000003,
    "throughput" : 1.4044909573702857,
    "receivedKBytesPerSec" : 38.15165633465654,
    "sentKBytesPerSec" : 0.6325905146874155
  },
  "Upload" : {
    "transaction" : "Upload",
    "sampleCount" : 104,
    "errorCount" : 12,
    "errorPct" : 11.538462,
    "meanResTime" : 17959.423076923067,
    "medianResTime" : 6808.5,
    "minResTime" : 1982.0,
    "maxResTime" : 74341.0,
    "pct1ResTime" : 52067.0,
    "pct2ResTime" : 58949.0,
    "pct3ResTime" : 74119.40000000001,
    "throughput" : 0.3807947626074189,
    "receivedKBytesPerSec" : 14.432127223896336,
    "sentKBytesPerSec" : 0.484367677023796
  },
  "Course Page" : {
    "transaction" : "Course Page",
    "sampleCount" : 40,
    "errorCount" : 0,
    "errorPct" : 0.0,
    "meanResTime" : 445.0749999999999,
    "medianResTime" : 435.5,
    "minResTime" : 63.0,
    "maxResTime" : 943.0,
    "pct1ResTime" : 822.1999999999999,
    "pct2ResTime" : 903.1499999999996,
    "pct3ResTime" : 943.0,
    "throughput" : 10.40582726326743,
    "receivedKBytesPerSec" : 336.9351485269251,
    "sentKBytesPerSec" : 3.0180963839750263
  },
  "Login" : {
    "transaction" : "Login",
    "sampleCount" : 40,
    "errorCount" : 0,
    "errorPct" : 0.0,
    "meanResTime" : 2131.875,
    "medianResTime" : 2095.0,
    "minResTime" : 556.0,
    "maxResTime" : 4083.0,
    "pct1ResTime" : 3730.2999999999997,
    "pct2ResTime" : 3986.1999999999994,
    "pct3ResTime" : 4083.0,
    "throughput" : 9.796718099436688,
    "receivedKBytesPerSec" : 16.7902736958119,
    "sentKBytesPerSec" : 5.7976671565025715
  },
  "RunPractice" : {
    "transaction" : "RunPractice",
    "sampleCount" : 102,
    "errorCount" : 0,
    "errorPct" : 0.0,
    "meanResTime" : 4620.254901960783,
    "medianResTime" : 2617.5,
    "minResTime" : 1288.0,
    "maxResTime" : 44775.0,
    "pct1ResTime" : 7631.600000000002,
    "pct2ResTime" : 14105.34999999998,
    "pct3ResTime" : 44648.49,
    "throughput" : 0.3904306220095694,
    "receivedKBytesPerSec" : 11.074177631578948,
    "sentKBytesPerSec" : 0.09150717703349283
  }
}