Device,kB_read/s,kB_wrtn/s
loop0,0.0,0.0
sda,76.07741935483871,856.9032258064516
