{"Disk Read(KB/s)": 74.62683333333335, "Disk Write(KB/s)": 840.2398333333334}