{"%iowait": 0.6763063063063064, "%idle": 3.411363636363635, "user+system(%)": 94.1218018018018}