{"Idle(%)": 3.418181818181818, "Available Memory(Kb)": 2289095.272727273, "I/O wait(%)": 0.6545454545454545, "user+system(%)": 95.93636363636364}