{"Disk Read(KB/s)": 0.5129333333333334, "Disk Write(KB/s)": 530.5491666666669}