{"Available Memory(Kb)": 3753548.1454545455, "Idle(%)": 3.8, "I/O wait(%)": 1.6181818181818182, "user+system(%)": 94.63636363636364}