Device,kB_read/s,kB_wrtn/s
loop0,0.0,0.0
sda,592.8888888888889,839.0603174603175
