{"Available Memory(Kb)": 4356283.6, "user+system(%)": 96.64545454545454, "I/O wait(%)": 0.5818181818181818, "Idle(%)": 2.690909090909091}