{"user+system(%)": 6.637747747747747, "%idle": 46.75036363636361, "%iowait": 10.190810810810813}