{"I/O wait(%)": 10.318181818181818, "Idle(%)": 46.92727272727273, "user+system(%)": 42.71818181818182, "Available Memory(Kb)": 1173374.2545454546}