Device,kB_read/s,kB_wrtn/s
loop0,0.0,0.0
sda,0.24516129032258063,816.5935483870968
Device,kB_read/s,kB_wrtn/s
loop0,0.0,0.0
sda,0.24516129032258063,816.5935483870968
