{"%sys": 6.884144144144145, "user+system(%)": 72.13891891891892, "%iowait": 1.2926126126126125, "%guest": 0.0, "%idle": 24.632909090909095}