{"sys(%)": 7.736363636363636, "I/O wait(%)": 1.2636363636363637, "Available Memory(Kb)": 8025366.509090909, "Idle(%)": 24.62727272727273, "user+system(%)": 74.07272727272728}