{"Disk Write(KB/s)": 207.160022222222, "Disk Read(KB/s)": 6.479744444444442}