{"%idle": 85.06922222222225, "user+system(%)": 11.752762430939224, "%iowait": 0.8992817679558}