{"user+system(%)": 13.85, "Idle(%)": 85.21111111111111, "I/O wait(%)": 0.8777777777777778, "Available Memory(Kb)": 8878216.866666667}