{"user+system(%)": 2.0840284360189565, "%idle": 94.39828571428565, "%iowait": 0.24924170616113744}