{"Available Memory(Kb)": 7727468.177777777, "Idle(%)": 92.21666666666667, "I/O wait(%)": 0.46111111111111114, "user+system(%)": 7.2555555555555555}