{"%iowait": 0.026396396396396384, "%idle": 46.108181818181826, "user+system(%)": 52.80720720720723}