{"I/O wait(%)": 0.00909090909090909, "Idle(%)": 46.4, "user+system(%)": 53.60909090909091, "Available Memory(Kb)": 6723177.418181818}