{
  "AssignmentsList" : {
    "transaction" : "AssignmentsList",
    "sampleCount" : 50,
    "errorCount" : 0,
    "errorPct" : 0.0,
    "meanResTime" : 42.28,
    "medianResTime" : 39.0,
    "minResTime" : 24.0,
    "maxResTime" : 91.0,
    "pct1ResTime" : 62.8,
    "pct2ResTime" : 80.35,
    "pct3ResTime" : 91.0,
    "throughput" : 47.61904761904761,
    "receivedKBytesPerSec" : 18.461681547619047,
    "sentKBytesPerSec" : 15.392485119047619
  },
  "Get CSRF Token" : {
    "transaction" : "Get CSRF Token",
    "sampleCount" : 50,
    "errorCount" : 0,
    "errorPct" : 0.0,
    "meanResTime" : 40.639999999999986,
    "medianResTime" : 29.0,
    "minResTime" : 23.0,
    "maxResTime" : 121.0,
    "pct1ResTime" : 92.89999999999998,
    "pct2ResTime" : 121.0,
    "pct3ResTime" : 121.0,
    "throughput" : 54.28881650380022,
    "receivedKBytesPerSec" : 1450.8484748235612,
    "sentKBytesPerSec" : 7.157217019543974
  },
  "StudentCourses" : {
    "transaction" : "StudentCourses",
    "sampleCount" : 50,
    "errorCount" : 0,
    "errorPct" : 0.0,
    "meanResTime" : 57.12000000000002,
    "medianResTime" : 40.0,
    "minResTime" : 22.0,
    "maxResTime" : 376.0,
    "pct1ResTime" : 87.9,
    "pct2ResTime" : 170.44999999999956,
    "pct3ResTime" : 376.0,
    "throughput" : 48.355899419729205,
    "receivedKBytesPerSec" : 60.30320660058027,
    "sentKBytesPerSec" : 11.711194390715667
  },
  "GetSubmissionId" : {
    "transaction" : "GetSubmissionId",
    "sampleCount" : 300,
    "errorCount" : 0,
    "errorPct" : 0.0,
    "meanResTime" : 924.1799999999994,
    "medianResTime" : 364.0,
    "minResTime" : 220.0,
    "maxResTime" : 15182.0,
    "pct1ResTime" : 2067.100000000005,
    "pct2ResTime" : 3626.249999999999,
    "pct3ResTime" : 9963.950000000008,
    "throughput" : 0.4416460442499893,
    "receivedKBytesPerSec" : 18.80245926919357,
    "sentKBytesPerSec" : 0.1022169067258276
  },
  "TestcasesResults" : {
    "transaction" : "TestcasesResults",
    "sampleCount" : 300,
    "errorCount" : 1,
    "errorPct" : 0.33333334,
    "meanResTime" : 7153.833333333336,
    "medianResTime" : 5744.5,
    "minResTime" : 5201.0,
    "maxResTime" : 17675.0,
    "pct1ResTime" : 10693.900000000003,
    "pct2ResTime" : 12232.749999999998,
    "pct3ResTime" : 16423.030000000006,
    "throughput" : 0.44106814943976996,
    "receivedKBytesPerSec" : 12.747117906797154,
    "sentKBytesPerSec" : 0.10646512180096947
  },
  "Total" : {
    "transaction" : "Total",
    "sampleCount" : 1452,
    "errorCount" : 1,
    "errorPct" : 0.06887052,
    "meanResTime" : 2714.9559228650137,
    "medianResTime" : 1297.0,
    "minResTime" : 22.0,
    "maxResTime" : 21314.0,
    "pct1ResTime" : 7154.700000000013,
    "pct2ResTime" : 9734.4,
    "pct3ResTime" : 16211.050000000012,
    "throughput" : 1.6128584361271403,
    "receivedKBytesPerSec" : 51.086866393159234,
    "sentKBytesPerSec" : 0.7515213402442614
  },
  "Upload" : {
    "transaction" : "Upload",
    "sampleCount" : 302,
    "errorCount" : 0,
    "errorPct" : 0.0,
    "meanResTime" : 2445.0264900662246,
    "medianResTime" : 740.5,
    "minResTime" : 425.0,
    "maxResTime" : 21314.0,
    "pct1ResTime" : 8086.699999999992,
    "pct2ResTime" : 14293.899999999941,
    "pct3ResTime" : 20225.309999999998,
    "throughput" : 0.392897148113118,
    "receivedKBytesPerSec" : 16.813727061620455,
    "sentKBytesPerSec" : 0.5014683229926794
  },
  "Course Page" : {
    "transaction" : "Course Page",
    "sampleCount" : 50,
    "errorCount" : 0,
    "errorPct" : 0.0,
    "meanResTime" : 102.03999999999998,
    "medianResTime" : 83.0,
    "minResTime" : 51.0,
    "maxResTime" : 295.0,
    "pct1ResTime" : 155.39999999999998,
    "pct2ResTime" : 247.64999999999984,
    "pct3ResTime" : 295.0,
    "throughput" : 45.53734061930783,
    "receivedKBytesPerSec" : 1474.4030339253186,
    "sentKBytesPerSec" : 13.207607581967212
  },
  "Login" : {
    "transaction" : "Login",
    "sampleCount" : 50,
    "errorCount" : 0,
    "errorPct" : 0.0,
    "meanResTime" : 262.94000000000005,
    "medianResTime" : 184.5,
    "minResTime" : 80.0,
    "maxResTime" : 1013.0,
    "pct1ResTime" : 518.9,
    "pct2ResTime" : 786.4999999999989,
    "pct3ResTime" : 1013.0,
    "throughput" : 44.286979627989375,
    "receivedKBytesPerSec" : 75.90200121789194,
    "sentKBytesPerSec" : 26.20889614703277
  },
  "RunPractice" : {
    "transaction" : "RunPractice",
    "sampleCount" : 300,
    "errorCount" : 0,
    "errorPct" : 0.0,
    "meanResTime" : 2516.8766666666647,
    "medianResTime" : 2190.0,
    "minResTime" : 2066.0,
    "maxResTime" : 8158.0,
    "pct1ResTime" : 3219.500000000001,
    "pct2ResTime" : 3991.949999999999,
    "pct3ResTime" : 7418.920000000006,
    "throughput" : 0.44085555367783746,
    "receivedKBytesPerSec" : 12.4954020143425,
    "sentKBytesPerSec" : 0.10332552039324315
  }
}