{
  "AssignmentsList" : {
    "transaction" : "AssignmentsList",
    "sampleCount" : 5,
    "errorCount" : 0,
    "errorPct" : 0.0,
    "meanResTime" : 29.6,
    "medianResTime" : 30.0,
    "minResTime" : 26.0,
    "maxResTime" : 32.0,
    "pct1ResTime" : 32.0,
    "pct2ResTime" : 32.0,
    "pct3ResTime" : 32.0,
    "throughput" : 69.44444444444444,
    "receivedKBytesPerSec" : 26.92328559027778,
    "sentKBytesPerSec" : 22.447374131944446
  },
  "Get CSRF Token" : {
    "transaction" : "Get CSRF Token",
    "sampleCount" : 5,
    "errorCount" : 0,
    "errorPct" : 0.0,
    "meanResTime" : 103.2,
    "medianResTime" : 105.0,
    "minResTime" : 96.0,
    "maxResTime" : 105.0,
    "pct1ResTime" : 105.0,
    "pct2ResTime" : 105.0,
    "pct3ResTime" : 105.0,
    "throughput" : 47.61904761904761,
    "receivedKBytesPerSec" : 1272.544642857143,
    "sentKBytesPerSec" : 6.277901785714286
  },
  "StudentCourses" : {
    "transaction" : "StudentCourses",
    "sampleCount" : 5,
    "errorCount" : 0,
    "errorPct" : 0.0,
    "meanResTime" : 37.2,
    "medianResTime" : 31.0,
    "minResTime" : 28.0,
    "maxResTime" : 49.0,
    "pct1ResTime" : 49.0,
    "pct2ResTime" : 49.0,
    "pct3ResTime" : 49.0,
    "throughput" : 45.04504504504504,
    "receivedKBytesPerSec" : 56.1743384009009,
    "sentKBytesPerSec" : 10.909346846846846
  },
  "GetSubmissionId" : {
    "transaction" : "GetSubmissionId",
    "sampleCount" : 35,
    "errorCount" : 0,
    "errorPct" : 0.0,
    "meanResTime" : 301.0571428571428,
    "medianResTime" : 292.0,
    "minResTime" : 235.0,
    "maxResTime" : 522.0,
    "pct1ResTime" : 362.99999999999994,
    "pct2ResTime" : 514.0,
    "pct3ResTime" : 522.0,
    "throughput" : 0.04593700330615175,
    "receivedKBytesPerSec" : 1.9556371798683052,
    "sentKBytesPerSec" : 0.010631904085505826
  },
  "TestcasesResults" : {
    "transaction" : "TestcasesResults",
    "sampleCount" : 35,
    "errorCount" : 0,
    "errorPct" : 0.0,
    "meanResTime" : 5329.257142857144,
    "medianResTime" : 5279.0,
    "minResTime" : 5234.0,
    "maxResTime" : 5763.0,
    "pct1ResTime" : 5560.8,
    "pct2ResTime" : 5746.2,
    "pct3ResTime" : 5763.0,
    "throughput" : 0.04569035515765783,
    "receivedKBytesPerSec" : 1.3244823160375758,
    "sentKBytesPerSec" : 0.011065632889745257
  },
  "Total" : {
    "transaction" : "Total",
    "sampleCount" : 165,
    "errorCount" : 0,
    "errorPct" : 0.0,
    "meanResTime" : 1781.2545454545466,
    "medianResTime" : 607.0,
    "minResTime" : 26.0,
    "maxResTime" : 5763.0,
    "pct1ResTime" : 5282.0,
    "pct2ResTime" : 5329.099999999999,
    "pct3ResTime" : 5749.14,
    "throughput" : 0.18231701724939972,
    "receivedKBytesPerSec" : 5.863695533481692,
    "sentKBytesPerSec" : 0.08540499101121857
  },
  "Upload" : {
    "transaction" : "Upload",
    "sampleCount" : 35,
    "errorCount" : 0,
    "errorPct" : 0.0,
    "meanResTime" : 617.8571428571427,
    "medianResTime" : 565.0,
    "minResTime" : 511.0,
    "maxResTime" : 1193.0,
    "pct1ResTime" : 731.0,
    "pct2ResTime" : 1174.6,
    "pct3ResTime" : 1193.0,
    "throughput" : 0.045914645984960985,
    "receivedKBytesPerSec" : 1.9648675682226047,
    "sentKBytesPerSec" : 0.0585309248259179
  },
  "Course Page" : {
    "transaction" : "Course Page",
    "sampleCount" : 5,
    "errorCount" : 0,
    "errorPct" : 0.0,
    "meanResTime" : 73.2,
    "medianResTime" : 80.0,
    "minResTime" : 53.0,
    "maxResTime" : 80.0,
    "pct1ResTime" : 80.0,
    "pct2ResTime" : 80.0,
    "pct3ResTime" : 80.0,
    "throughput" : 37.87878787878788,
    "receivedKBytesPerSec" : 1226.458925189394,
    "sentKBytesPerSec" : 10.986328125
  },
  "Login" : {
    "transaction" : "Login",
    "sampleCount" : 5,
    "errorCount" : 0,
    "errorPct" : 0.0,
    "meanResTime" : 138.8,
    "medianResTime" : 121.0,
    "minResTime" : 115.0,
    "maxResTime" : 179.0,
    "pct1ResTime" : 179.0,
    "pct2ResTime" : 179.0,
    "pct3ResTime" : 179.0,
    "throughput" : 27.777777777777775,
    "receivedKBytesPerSec" : 47.607421875,
    "sentKBytesPerSec" : 16.438802083333336
  },
  "RunPractice" : {
    "transaction" : "RunPractice",
    "sampleCount" : 35,
    "errorCount" : 0,
    "errorPct" : 0.0,
    "meanResTime" : 2094.600000000001,
    "medianResTime" : 2084.0,
    "minResTime" : 2074.0,
    "maxResTime" : 2181.0,
    "pct1ResTime" : 2134.0,
    "pct2ResTime" : 2146.6,
    "pct3ResTime" : 2181.0,
    "throughput" : 0.04586194244981393,
    "receivedKBytesPerSec" : 1.299977488747445,
    "sentKBytesPerSec" : 0.01074889276167514
  }
}