Device,kB_read/s,kB_wrtn/s
loop0,0.0,0.0
sda,8.379888268156424,124.49608938547486
