{"Disk Read(KB/s)": 7.27417777777778, "Disk Write(KB/s)": 135.3434777777778}