{"%iowait": 0.6912154696132599, "user+system(%)": 6.501546961325967, "%idle": 90.16033333333333}