{"user+system(%)": 9.416666666666666, "Available Memory(Kb)": 9977285.955555556, "I/O wait(%)": 0.6611111111111111, "Idle(%)": 90.16666666666667}