{"Disk Read(KB/s)": 81.94324444444445, "Disk Write(KB/s)": 221.86004444444444}