{"Idle(%)": 69.11666666666666, "Available Memory(Kb)": 9029125.977777777, "user+system(%)": 28.93888888888889, "I/O wait(%)": 1.8166666666666667}