Device,kB_read/s,kB_wrtn/s
loop0,0.0,0.0
sda,32.59016393442623,1030.5836065573772
