{"Disk Write(KB/s)": 1001.3348333333334, "Disk Read(KB/s)": 32.525333333333336}