{"%iowait": 1.7756756756756749, "user+system(%)": 1.3081981981981976, "%idle": 7.325272727272725}