{"I/O wait(%)": 1.8181818181818181, "user+system(%)": 90.74545454545455, "Idle(%)": 7.281818181818182, "Available Memory(Kb)": 2662983.5272727273}