{"Disk Write(KB/s)": 419.0208666666672, "Disk Read(KB/s)": 10.153222222222224}