{"%iowait": 0.9647513812154693, "%idle": 80.50566666666668, "user+system(%)": 17.817016574585633}