{"Idle(%)": 80.68333333333334, "I/O wait(%)": 0.95, "user+system(%)": 18.333333333333332, "Available Memory(Kb)": 2607311.888888889}