{"user+system(%)": 85.57909909909911, "%iowait": 1.24036036036036, "%idle": 10.572272727272727, "%sys": 11.340090090090088, "%guest": 0.0}