{"user+system(%)": 88.5909090909091, "I/O wait(%)": 1.0818181818181818, "Idle(%)": 10.209090909090909, "sys(%)": 13.245454545454546, "Available Memory(Kb)": 112167590.83636364}