Device,kB_read/s,kB_wrtn/s
loop0,0.0,0.0
sda,0.7288888888888889,37.81333333333333
