{"user+system(%)": 2.0251933701657445, "%idle": 93.48805555555555, "%iowait": 0.19038674033149167}