Device,kB_read/s,kB_wrtn/s
loop0,0.0,0.0
sda,0.06557377049180328,833.4688524590164
Device,kB_read/s,kB_wrtn/s
loop0,0.0,0.0
sda,0.06557377049180328,833.4688524590164
