{"Disk Read(KB/s)": 0.062000000000000006, "Disk Write(KB/s)": 799.5621666666672}