{"user+system(%)": 63.00828828828829, "%iowait": 1.729819819819819, "%idle": 33.53945454545455, "%guest": 0.0, "%sys": 6.241531531531533}