{"user+system(%)": 64.0909090909091, "Available Memory(Kb)": 8478948.10909091, "I/O wait(%)": 1.6818181818181819, "sys(%)": 6.909090909090909, "Idle(%)": 34.2}