{"user+system(%)": 22.45, "I/O wait(%)": 0.8833333333333333, "Available Memory(Kb)": 7644087.311111111, "Idle(%)": 76.67777777777778}