{"%idle": 0.0, "user+system(%)": 97.51495495495499, "%iowait": 0.0, "%sys": 4.491801801801803, "%guest": 0.0}