Device,kB_read/s,kB_wrtn/s
loop0,0.0,0.0
sda,46.858666666666664,342.4533333333333
