{"Disk Write(KB/s)": 332.0680666666667, "Disk Read(KB/s)": 50.75903333333335}