{"%idle": 40.65318181818183, "user+system(%)": 54.95036036036035, "%iowait": 2.20108108108108}