{"Idle(%)": 41.49090909090909, "I/O wait(%)": 2.2454545454545456, "user+system(%)": 56.3, "Available Memory(Kb)": 10020807.309090909}