{
  "AssignmentsList" : {
    "transaction" : "AssignmentsList",
    "sampleCount" : 180,
    "errorCount" : 0,
    "errorPct" : 0.0,
    "meanResTime" : 112.05,
    "medianResTime" : 96.5,
    "minResTime" : 42.0,
    "maxResTime" : 286.0,
    "pct1ResTime" : 197.8,
    "pct2ResTime" : 224.95,
    "pct3ResTime" : 273.03999999999996,
    "throughput" : 117.95543905635648,
    "receivedKBytesPerSec" : 45.167615498034074,
    "sentKBytesPerSec" : 38.1281741480996
  },
  "Get CSRF Token" : {
    "transaction" : "Get CSRF Token",
    "sampleCount" : 180,
    "errorCount" : 0,
    "errorPct" : 0.0,
    "meanResTime" : 104.62777777777784,
    "medianResTime" : 30.0,
    "minResTime" : 25.0,
    "maxResTime" : 710.0,
    "pct1ResTime" : 396.2000000000001,
    "pct2ResTime" : 572.4499999999996,
    "pct3ResTime" : 698.66,
    "throughput" : 59.52380952380952,
    "receivedKBytesPerSec" : 1590.7867270171957,
    "sentKBytesPerSec" : 7.847377232142857
  },
  "StudentCourses" : {
    "transaction" : "StudentCourses",
    "sampleCount" : 180,
    "errorCount" : 0,
    "errorPct" : 0.0,
    "meanResTime" : 173.12777777777782,
    "medianResTime" : 131.0,
    "minResTime" : 30.0,
    "maxResTime" : 833.0,
    "pct1ResTime" : 355.5,
    "pct2ResTime" : 560.8,
    "pct3ResTime" : 718.7899999999997,
    "throughput" : 105.94467333725721,
    "receivedKBytesPerSec" : 132.2124227486757,
    "sentKBytesPerSec" : 25.65847557386698
  },
  "GetSubmissionId" : {
    "transaction" : "GetSubmissionId",
    "sampleCount" : 1049,
    "errorCount" : 3,
    "errorPct" : 0.28598666,
    "meanResTime" : 5171.7931363203115,
    "medianResTime" : 3622.0,
    "minResTime" : 8.0,
    "maxResTime" : 38943.0,
    "pct1ResTime" : 11202.0,
    "pct2ResTime" : 14519.0,
    "pct3ResTime" : 27192.0,
    "throughput" : 3.8376831954108774,
    "receivedKBytesPerSec" : 171.81704404418275,
    "sentKBytesPerSec" : 0.8856736135500582
  },
  "TestcasesResults" : {
    "transaction" : "TestcasesResults",
    "sampleCount" : 944,
    "errorCount" : 15,
    "errorPct" : 1.588983,
    "meanResTime" : 16249.157838983047,
    "medianResTime" : 13553.0,
    "minResTime" : 5314.0,
    "maxResTime" : 77626.0,
    "pct1ResTime" : 26792.0,
    "pct2ResTime" : 32806.75,
    "pct3ResTime" : 51719.149999999994,
    "throughput" : 3.4133641886028347,
    "receivedKBytesPerSec" : 97.47474412198076,
    "sentKBytesPerSec" : 0.8144141415967602
  },
  "CompareOutput" : {
    "transaction" : "CompareOutput",
    "sampleCount" : 1,
    "errorCount" : 0,
    "errorPct" : 0.0,
    "meanResTime" : 457.0,
    "medianResTime" : 457.0,
    "minResTime" : 457.0,
    "maxResTime" : 457.0,
    "pct1ResTime" : 457.0,
    "pct2ResTime" : 457.0,
    "pct3ResTime" : 457.0,
    "throughput" : 2.1881838074398248,
    "receivedKBytesPerSec" : 45.231725246170676,
    "sentKBytesPerSec" : 0.512855579868709
  },
  "Total" : {
    "transaction" : "Total",
    "sampleCount" : 4999,
    "errorCount" : 29,
    "errorPct" : 0.58011603,
    "meanResTime" : 8258.477295459074,
    "medianResTime" : 5259.0,
    "minResTime" : 8.0,
    "maxResTime" : 77626.0,
    "pct1ResTime" : 19205.0,
    "pct2ResTime" : 25101.0,
    "pct3ResTime" : 47547.0,
    "throughput" : 15.622997902974276,
    "receivedKBytesPerSec" : 509.3456912528088,
    "sentKBytesPerSec" : 7.881297669441866
  },
  "Upload" : {
    "transaction" : "Upload",
    "sampleCount" : 1102,
    "errorCount" : 2,
    "errorPct" : 0.1814882,
    "meanResTime" : 10666.02722323048,
    "medianResTime" : 6558.0,
    "minResTime" : 90.0,
    "maxResTime" : 54753.0,
    "pct1ResTime" : 24439.800000000003,
    "pct2ResTime" : 44400.59999999994,
    "pct3ResTime" : 52924.26000000001,
    "throughput" : 3.994012605422724,
    "receivedKBytesPerSec" : 179.83209452005704,
    "sentKBytesPerSec" : 5.567439396657642
  },
  "Course Page" : {
    "transaction" : "Course Page",
    "sampleCount" : 180,
    "errorCount" : 0,
    "errorPct" : 0.0,
    "meanResTime" : 651.3388888888893,
    "medianResTime" : 682.0,
    "minResTime" : 125.0,
    "maxResTime" : 1224.0,
    "pct1ResTime" : 971.9,
    "pct2ResTime" : 1036.9,
    "pct3ResTime" : 1194.84,
    "throughput" : 97.50812567713976,
    "receivedKBytesPerSec" : 3157.323372325298,
    "sentKBytesPerSec" : 28.281165357529794
  },
  "Login" : {
    "transaction" : "Login",
    "sampleCount" : 180,
    "errorCount" : 0,
    "errorPct" : 0.0,
    "meanResTime" : 1549.4111111111108,
    "medianResTime" : 1581.0,
    "minResTime" : 463.0,
    "maxResTime" : 2628.0,
    "pct1ResTime" : 2242.6000000000004,
    "pct2ResTime" : 2416.6499999999996,
    "pct3ResTime" : 2600.46,
    "throughput" : 56.58597925180761,
    "receivedKBytesPerSec" : 96.98085311222886,
    "sentKBytesPerSec" : 33.48740569003458
  },
  "RunPractice" : {
    "transaction" : "RunPractice",
    "sampleCount" : 1003,
    "errorCount" : 9,
    "errorPct" : 0.89730805,
    "meanResTime" : 8274.170488534392,
    "medianResTime" : 5600.0,
    "minResTime" : 183.0,
    "maxResTime" : 50005.0,
    "pct1ResTime" : 17328.6,
    "pct2ResTime" : 23469.19999999999,
    "pct3ResTime" : 43857.88,
    "throughput" : 3.6722036517008196,
    "receivedKBytesPerSec" : 103.1614055412107,
    "sentKBytesPerSec" : 0.8563822386895762
  }
}