Device,kB_read/s,kB_wrtn/s
loop0,0.0,0.0
sda,13.251612903225807,890.3096774193548
