{"Disk Read(KB/s)": 12.862333333333334, "Disk Write(KB/s)": 872.4953333333332}