{"%idle": 2.4033636363636357, "user+system(%)": 95.23972972972979, "%iowait": 0.5012612612612614}