{"I/O wait(%)": 0.4727272727272727, "Idle(%)": 2.3727272727272726, "user+system(%)": 97.12727272727273, "Available Memory(Kb)": 2361115.7454545456}