Device,kB_read/s,kB_wrtn/s
loop0,0.0,0.0
sda,5.430303030303031,309.32929292929293
