{"Disk Read(KB/s)": 5.482800000000004, "Disk Write(KB/s)": 315.0156555555558}