{"user+system(%)": 8.763922651933708, "%idle": 90.00383333333333, "%iowait": 0.7375138121546964}