{"Available Memory(Kb)": 9795061.666666666, "Idle(%)": 90.03333333333333, "I/O wait(%)": 0.7277777777777777, "user+system(%)": 9.11111111111111}