{"Disk Read(KB/s)": 2.5758888888888887, "Disk Write(KB/s)": 139.7397444444445}