{"Idle(%)": 12.083333333333334, "user+system(%)": 86.67222222222222, "I/O wait(%)": 1.25, "Available Memory(Kb)": 6808532.088888889}