Device,kB_read/s,kB_wrtn/s
loop0,0.0,0.0
sda,413.6516129032258,898.1161290322581
