{"Available Memory(Kb)": 929966.8, "I/O wait(%)": 0.18181818181818182, "Idle(%)": 1.0818181818181818, "user+system(%)": 98.7090909090909}