{"Disk Read(KB/s)": 0.7744888888888889, "Disk Write(KB/s)": 196.96386666666697}