Device,kB_read/s,kB_wrtn/s
loop0,0.0,0.0
sda,19.21311475409836,317.11475409836066
