{"Disk Write(KB/s)": 314.0243333333334, "Disk Read(KB/s)": 19.139999999999997}