{"user+system(%)": 23.608738738738747, "%idle": 75.07154545454544, "%iowait": 0.7575675675675675}