{"Idle(%)": 75.30909090909091, "Available Memory(Kb)": 2248402.5090909093, "I/O wait(%)": 0.8181818181818182, "user+system(%)": 24.009090909090908}