Device,kB_read/s,kB_wrtn/s
loop0,0.0,0.0
sda,147.86885245901638,790.9901639344263
