{"Disk Read(KB/s)": 142.42553333333328, "Disk Write(KB/s)": 768.0352999999999}