{"user+system(%)": 84.87630630630629, "%iowait": 1.8936936936936928, "%idle": 10.878545454545456}