{"Available Memory(Kb)": 9408686.945454545, "Idle(%)": 11.036363636363637, "user+system(%)": 86.97272727272727, "I/O wait(%)": 2.0454545454545454}