{"user+system(%)": 20.059502762430938, "%idle": 71.3096666666667, "%iowait": 2.1321546961325963}