{"Disk Write(KB/s)": 331.7922333333333, "Disk Read(KB/s)": 25.214500000000044}