{"%iowait": 1.282882882882883, "user+system(%)": 93.5627027027027, "%idle": 1.5080909090909091}