{"I/O wait(%)": 1.309090909090909, "Available Memory(Kb)": 10261586.61818182, "user+system(%)": 97.3, "Idle(%)": 1.518181818181818}