{"Disk Write(KB/s)": 47.35999999999997, "Disk Read(KB/s)": 0.052333333333333336}