{"%iowait": 0.021801801801801805, "%idle": 89.53245454545461, "user+system(%)": 10.125495495495501}