{"I/O wait(%)": 0.0, "user+system(%)": 10.272727272727273, "Idle(%)": 89.69090909090909, "Available Memory(Kb)": 3414643.8545454545}