Device,kB_read/s,kB_wrtn/s
loop0,0.0,0.0
sda,0.2740331491712707,167.00110497237569
