{"user+system(%)": 60.5925966850829, "%idle": 29.770333333333348, "%iowait": 4.20331491712707}