{"I/O wait(%)": 4.216666666666667, "Idle(%)": 30.25, "Available Memory(Kb)": 7033977.555555556, "user+system(%)": 65.59444444444445}