Device,kB_read/s,kB_wrtn/s
loop0,0.0,0.0
sda,27.255172413793105,51.91724137931035
