{"Disk Write(KB/s)": 50.890833333333326, "Disk Read(KB/s)": 6.429666666666666}