{"user+system(%)": 1.7871171171171158, "%sys": 0.3748648648648648, "%guest": 0.0, "%iowait": 0.12954954954954953, "%idle": 97.93145454545457}