{"Available Memory(Kb)": 8192000.181818182, "user+system(%)": 1.9, "sys(%)": 0.23636363636363636, "I/O wait(%)": 0.05454545454545454, "Idle(%)": 97.81818181818181}