Device,kB_read/s,kB_wrtn/s
loop0,0.0,0.0
sda,6.205291005291005,457.3248677248677
