{"user+system(%)": 20.692928176795586, "%idle": 76.10644444444446, "%iowait": 1.0028176795580115}