{"Idle(%)": 76.24444444444444, "Available Memory(Kb)": 8211533.222222222, "user+system(%)": 22.738888888888887, "I/O wait(%)": 0.9388888888888889}