{"Available Memory(Kb)": 7209400.044444445, "user+system(%)": 56.16111111111111, "Idle(%)": 41.455555555555556, "I/O wait(%)": 2.2944444444444443}