{"Disk Read(KB/s)": 0.026166666666666668, "Disk Write(KB/s)": 65.47783333333331}