{"%idle": 0.22536363636363627, "%iowait": 0.0, "user+system(%)": 98.03918918918917}