{"I/O wait(%)": 0.0, "user+system(%)": 99.74545454545455, "Idle(%)": 0.09090909090909091, "Available Memory(Kb)": 3261727.018181818}