{"%idle": 81.6055454545455, "%iowait": 14.89828828828829, "user+system(%)": 3.1739639639639643}