{"Disk Read(KB/s)": 40.21233333333334, "Disk Write(KB/s)": 479.6663333333332}