{"%iowait": 1.0733333333333328, "user+system(%)": 59.716126126126106, "%idle": 38.07699999999998, "%sys": 4.344954954954956, "%guest": 0.0}