{"sys(%)": 4.872727272727273, "Idle(%)": 38.345454545454544, "user+system(%)": 60.63636363636363, "I/O wait(%)": 1.1090909090909091, "Available Memory(Kb)": 7373170.363636363}