Device,kB_read/s,kB_wrtn/s
loop0,0.0,0.0
sda,49.904225352112675,320.0450704225352
Device,kB_read/s,kB_wrtn/s
loop0,0.0,0.0
sda,49.904225352112675,320.0450704225352
