{"Disk Write(KB/s)": 267.0043666666667, "Disk Read(KB/s)": 49.82943333333335}