{"%iowait": 2.9881081081081082, "user+system(%)": 72.14585585585584, "%idle": 21.484727272727287}