{"Idle(%)": 22.363636363636363, "I/O wait(%)": 3.118181818181818, "user+system(%)": 74.78181818181818, "Available Memory(Kb)": 10277638.872727273}