Device,kB_read/s,kB_wrtn/s
loop0,0.0,0.0
sda,14.068508287292818,253.246408839779
