{"Disk Write(KB/s)": 229.7195666666667, "Disk Read(KB/s)": 11.735788888888884}