{"user+system(%)": 8.991767955801102, "%idle": 89.52472222222225, "%iowait": 0.5609944751381222}