{"user+system(%)": 9.9, "Idle(%)": 89.55555555555556, "Available Memory(Kb)": 8117802.777777778, "I/O wait(%)": 0.5333333333333333}