Device,kB_read/s,kB_wrtn/s
loop0,0.0,0.0
sda,48.825806451612905,684.1935483870968
