{"Disk Write(KB/s)": 664.3556666666666, "Disk Read(KB/s)": 266.47233333333327}