{"user+system(%)": 96.78621621621619, "%sys": 3.894234234234235, "%guest": 0.0, "%iowait": 0.09414414414414396, "%idle": 1.428363636363636}