{"Idle(%)": 1.3181818181818181, "sys(%)": 4.545454545454546, "Available Memory(Kb)": 2634260.1454545455, "user+system(%)": 98.43636363636364, "I/O wait(%)": 0.06363636363636363}