Device,kB_read/s,kB_wrtn/s
loop0,0.0,0.0
sda,5.980110497237569,5.104972375690608
