{"Disk Write(KB/s)": 5.276144444444454, "Disk Read(KB/s)": 0.48693333333333333}