{"%idle": 99.2291111111111, "user+system(%)": 0.2728176795580111, "%iowait": 0.027182320441988872}