{"Disk Read(KB/s)": 1524.0696777777796, "Disk Write(KB/s)": 577.7221222222224}