{"%idle": 12.592833333333331, "%iowait": 23.154143646408837, "user+system(%)": 56.24690607734808}