{"user+system(%)": 73.75454545454545, "I/O wait(%)": 2.609090909090909, "Idle(%)": 23.59090909090909, "Available Memory(Kb)": 9679017.418181818}