{"Disk Write(KB/s)": 576.341077777778, "Disk Read(KB/s)": 56.02957777777781}