{"Idle(%)": 28.322222222222223, "I/O wait(%)": 2.111111111111111, "Available Memory(Kb)": 9267169.955555556, "user+system(%)": 69.58333333333333}