{"%iowait": 0.5415469613259678, "%idle": 81.25533333333333, "user+system(%)": 5.670607734806629}