{"Disk Write(KB/s)": 432.80177777777715, "Disk Read(KB/s)": 65.89973333333336}