{"%iowait": 3.0451381215469615, "user+system(%)": 74.7790055248619, "%idle": 14.135555555555554}