Device,kB_read/s,kB_wrtn/s
loop0,0.0,0.0
sda,0.07513812154696133,5.104972375690608
