{"Disk Write(KB/s)": 5.893666666666678, "Disk Read(KB/s)": 0.5183777777777778}