{"%iowait": 0.01972375690607729, "user+system(%)": 0.2713812154696132, "%idle": 99.23805555555553}