{"user+system(%)": 0.7055555555555556, "I/O wait(%)": 0.0, "Available Memory(Kb)": 11124722.822222222, "Idle(%)": 99.00555555555556}