Device,kB_read/s,kB_wrtn/s
loop0,0.0,0.0
sda,109.63497267759563,837.2065573770492
