{"Disk Write(KB/s)": 684.3858666666673, "Disk Read(KB/s)": 111.3361111111111}