{"%iowait": 1.3672375690607739, "%idle": 44.94733333333334, "user+system(%)": 51.55685082872927}