{"Available Memory(Kb)": 6928783.333333333, "Idle(%)": 44.861111111111114, "user+system(%)": 53.72222222222222, "I/O wait(%)": 1.3388888888888888}