Device,kB_read/s,kB_wrtn/s
loop0,0.0,0.0
sda,580.1454545454545,576.7151515151515
