{"user+system(%)": 83.51459459459461, "%guest": 0.0, "%iowait": 2.383423423423423, "%sys": 10.354594594594598, "%idle": 12.599272727272721}