{"user+system(%)": 84.26363636363637, "I/O wait(%)": 2.327272727272727, "Available Memory(Kb)": 7032961.30909091, "Idle(%)": 13.363636363636363, "sys(%)": 10.918181818181818}