Device,kB_read/s,kB_wrtn/s
loop0,0.0,0.0
sda,19.75483870967742,310.0387096774194
