{"Disk Write(KB/s)": 299.86533333333307, "Disk Read(KB/s)": 19.04743333333334}