Device,kB_read/s,kB_wrtn/s
loop0,0.0,0.0
sda,26.258064516129032,886.9935483870968
