{"Disk Write(KB/s)": 878.3028333333332, "Disk Read(KB/s)": 26.399166666666666}