{"user+system(%)": 87.77792792792793, "%iowait": 1.0088288288288283, "%idle": 9.332909090909093}