{"user+system(%)": 89.91818181818182, "Idle(%)": 9.063636363636364, "Available Memory(Kb)": 2962397.5636363635, "I/O wait(%)": 1.009090909090909}