Device,kB_read/s,kB_wrtn/s
loop0,0.0,0.0
sda,3.5555555555555554,157.015873015873
Device,kB_read/s,kB_wrtn/s
loop0,0.0,0.0
sda,3.5555555555555554,157.015873015873
