{"Disk Read(KB/s)": 3.6228333333333333, "Disk Write(KB/s)": 143.04966666666672}