{"user+system(%)": 97.31063063063064, "%iowait": 0.10333333333333333, "%idle": 0.0, "%sys": 6.124144144144146, "%guest": 0.0}