{"Available Memory(Kb)": 3899862.581818182, "Idle(%)": 0.0, "I/O wait(%)": 0.11818181818181818, "user+system(%)": 100.15454545454546, "sys(%)": 6.990909090909091}