{"Disk Write(KB/s)": 1083.3986666666667, "Disk Read(KB/s)": 98.69250000000001}