Device,kB_read/s,kB_wrtn/s
loop0,0.0,0.0
sda,398.59354838709675,881.6903225806452
