{"Disk Write(KB/s)": 859.1790000000001, "Disk Read(KB/s)": 426.84116666666677}