{"user+system(%)": 97.57297297297298, "%idle": 0.39754545454545476, "%iowait": 0.11207207207207207}