{"Available Memory(Kb)": 2213151.7454545456, "Idle(%)": 0.39090909090909093, "I/O wait(%)": 0.10909090909090909, "user+system(%)": 99.50909090909092}