{
  "AssignmentsList" : {
    "transaction" : "AssignmentsList",
    "sampleCount" : 90,
    "errorCount" : 90,
    "errorPct" : 100.0,
    "meanResTime" : 0.0,
    "medianResTime" : 0.0,
    "minResTime" : 0.0,
    "maxResTime" : 0.0,
    "pct1ResTime" : 0.0,
    "pct2ResTime" : 0.0,
    "pct3ResTime" : 0.0,
    "throughput" : 1.7705382436260624,
    "receivedKBytesPerSec" : 2.083494710516997,
    "sentKBytesPerSec" : 0.0
  },
  "Get CSRF Token" : {
    "transaction" : "Get CSRF Token",
    "sampleCount" : 90,
    "errorCount" : 90,
    "errorPct" : 100.0,
    "meanResTime" : 50086.59999999999,
    "medianResTime" : 50007.0,
    "minResTime" : 50004.0,
    "maxResTime" : 50512.0,
    "pct1ResTime" : 50314.0,
    "pct2ResTime" : 50415.6,
    "pct3ResTime" : 50512.0,
    "throughput" : 1.7185083347654235,
    "receivedKBytesPerSec" : 0.32725500515552497,
    "sentKBytesPerSec" : 0.22991761900670218
  },
  "StudentCourses" : {
    "transaction" : "StudentCourses",
    "sampleCount" : 90,
    "errorCount" : 15,
    "errorPct" : 16.666666,
    "meanResTime" : 15434.866666666665,
    "medianResTime" : 10713.5,
    "minResTime" : 2060.0,
    "maxResTime" : 52687.0,
    "pct1ResTime" : 52181.7,
    "pct2ResTime" : 52413.75,
    "pct3ResTime" : 52687.0,
    "throughput" : 1.6903313049357673,
    "receivedKBytesPerSec" : 47.60301997056006,
    "sentKBytesPerSec" : 0.5447356744421906
  },
  "GetSubmissionId" : {
    "transaction" : "GetSubmissionId",
    "sampleCount" : 90,
    "errorCount" : 90,
    "errorPct" : 100.0,
    "meanResTime" : 0.0,
    "medianResTime" : 0.0,
    "minResTime" : 0.0,
    "maxResTime" : 0.0,
    "pct1ResTime" : 0.0,
    "pct2ResTime" : 0.0,
    "pct3ResTime" : 0.0,
    "throughput" : 1.7763041032624785,
    "receivedKBytesPerSec" : 1.9515059728225472,
    "sentKBytesPerSec" : 0.0
  },
  "Total" : {
    "transaction" : "Total",
    "sampleCount" : 720,
    "errorCount" : 645,
    "errorPct" : 89.583336,
    "meanResTime" : 14441.42916666666,
    "medianResTime" : 0.0,
    "minResTime" : 0.0,
    "maxResTime" : 52687.0,
    "pct1ResTime" : 50007.0,
    "pct2ResTime" : 50146.55,
    "pct3ResTime" : 52241.95,
    "throughput" : 3.9949840755495876,
    "receivedKBytesPerSec" : 17.057115744606772,
    "sentKBytesPerSec" : 0.37491989224640176
  },
  "Upload" : {
    "transaction" : "Upload",
    "sampleCount" : 90,
    "errorCount" : 90,
    "errorPct" : 100.0,
    "meanResTime" : 0.0,
    "medianResTime" : 0.0,
    "minResTime" : 0.0,
    "maxResTime" : 0.0,
    "pct1ResTime" : 0.0,
    "pct2ResTime" : 0.0,
    "pct3ResTime" : 0.0,
    "throughput" : 1.7763391623573994,
    "receivedKBytesPerSec" : 1.951544489894604,
    "sentKBytesPerSec" : 0.0
  },
  "Course Page" : {
    "transaction" : "Course Page",
    "sampleCount" : 90,
    "errorCount" : 90,
    "errorPct" : 100.0,
    "meanResTime" : 0.0,
    "medianResTime" : 0.0,
    "minResTime" : 0.0,
    "maxResTime" : 0.0,
    "pct1ResTime" : 0.0,
    "pct2ResTime" : 0.0,
    "pct3ResTime" : 0.0,
    "throughput" : 1.7704337562702863,
    "receivedKBytesPerSec" : 2.024587820891118,
    "sentKBytesPerSec" : 0.0
  },
  "Login" : {
    "transaction" : "Login",
    "sampleCount" : 90,
    "errorCount" : 90,
    "errorPct" : 100.0,
    "meanResTime" : 50009.96666666667,
    "medianResTime" : 50006.0,
    "minResTime" : 50004.0,
    "maxResTime" : 50087.0,
    "pct1ResTime" : 50018.0,
    "pct2ResTime" : 50040.7,
    "pct3ResTime" : 50087.0,
    "throughput" : 1.7334360554699537,
    "receivedKBytesPerSec" : 0.330097686344376,
    "sentKBytesPerSec" : 0.5108896499422187
  },
  "RunPractice" : {
    "transaction" : "RunPractice",
    "sampleCount" : 90,
    "errorCount" : 90,
    "errorPct" : 100.0,
    "meanResTime" : 0.0,
    "medianResTime" : 0.0,
    "minResTime" : 0.0,
    "maxResTime" : 0.0,
    "pct1ResTime" : 0.0,
    "pct2ResTime" : 0.0,
    "pct3ResTime" : 0.0,
    "throughput" : 1.7927929722515488,
    "receivedKBytesPerSec" : 1.9661196365610247,
    "sentKBytesPerSec" : 0.0
  }
}