{"Disk Read(KB/s)": 1.8714222222222219, "Disk Write(KB/s)": 122.87742222222212}