{"%idle": 40.99922222222221, "%iowait": 2.363812154696132, "user+system(%)": 44.50281767955802}