{"Disk Read(KB/s)": 13.785333333333325, "Disk Write(KB/s)": 753.5529999999999}