{"Disk Write(KB/s)": 843.0989666666663, "Disk Read(KB/s)": 42.94843333333334}