{"user+system(%)": 96.68621621621625, "%idle": 0.7756363636363641, "%iowait": 0.13162162162162153}