{"I/O wait(%)": 0.10909090909090909, "Idle(%)": 0.7272727272727273, "user+system(%)": 99.08181818181818, "Available Memory(Kb)": 612379.1636363637}