{"%iowait": 0.20184834123222747, "%idle": 92.35599999999994, "user+system(%)": 2.041895734597156}