Device,kB_read/s,kB_wrtn/s
loop0,0.0,0.0
sda,71.22424242424242,357.369696969697
