{"Disk Read(KB/s)": 71.99420000000002, "Disk Write(KB/s)": 337.40003333333317}