{"%idle": 72.91163636363636, "user+system(%)": 24.876576576576575, "%iowait": 1.274774774774774}