{"Idle(%)": 72.76363636363637, "I/O wait(%)": 1.2636363636363637, "user+system(%)": 25.90909090909091, "Available Memory(Kb)": 5173912.181818182}