Device,kB_read/s,kB_wrtn/s
loop0,0.0,0.0
sda,0.03950617283950617,91.60493827160494
