{"Disk Read(KB/s)": 0.030144444444444442, "Disk Write(KB/s)": 87.10407777777782}