{"user+system(%)": 13.914033149171265, "%iowait": 0.5879558011049724, "%idle": 78.12327777777777}