Device,kB_read/s,kB_wrtn/s
loop0,0.0,0.0
sda,2770.56231884058,6041.623188405797
