{"Disk Write(KB/s)": 6081.661499999998, "Disk Read(KB/s)": 2550.2296666666666}