Device,kB_read/s,kB_wrtn/s
loop0,0.0,0.0
sda,5.12707182320442,119.93370165745857
