{"Disk Write(KB/s)": 120.01957777777787, "Disk Read(KB/s)": 4.516077777777775}