{"Idle(%)": 94.3, "user+system(%)": 5.322222222222222, "I/O wait(%)": 0.36666666666666664, "Available Memory(Kb)": 8757425.977777777}