{"Disk Read(KB/s)": 0.6431777777777778, "Disk Write(KB/s)": 42.276900000000005}