Device,kB_read/s,kB_wrtn/s
loop0,0.0,0.0
sda,14.10828729281768,272.73370165745854
