{"user+system(%)": 23.133333333333333, "I/O wait(%)": 3.0444444444444443, "Idle(%)": 73.81111111111112, "Available Memory(Kb)": 7034298.222222222}