Device,kB_read/s,kB_wrtn/s
loop0,0.0,0.0
sda,616.5032258064516,912.0387096774193
