{"user+system(%)": 98.56363636363636, "Available Memory(Kb)": 641181.9636363636, "I/O wait(%)": 0.20909090909090908, "Idle(%)": 1.0909090909090908}