Device,kB_read/s,kB_wrtn/s
loop0,0.0,0.0
sda,88.27540983606558,682.7540983606557
