{"Disk Write(KB/s)": 670.3815000000001, "Disk Read(KB/s)": 76.58133333333332}