{"user+system(%)": 21.624954954954955, "%sys": 5.920990990990991, "%idle": 13.285272727272726, "%guest": 62.140630630630625, "%iowait": 1.7610810810810815}