{"user+system(%)": 85.14545454545454, "sys(%)": 6.1, "Available Memory(Kb)": 510769.5272727273, "I/O wait(%)": 1.7454545454545454, "Idle(%)": 13.145454545454545}