Device,kB_read/s,kB_wrtn/s
loop0,0.0,0.0
sda,14.94806629834254,313.6707182320442
