{"Disk Write(KB/s)": 293.1772777777777, "Disk Read(KB/s)": 13.188166666666667}