{"I/O wait(%)": 3.6277777777777778, "Idle(%)": 70.14444444444445, "user+system(%)": 26.211111111111112, "Available Memory(Kb)": 7029362.711111112}