{"user+system(%)": 16.022222222222222, "Available Memory(Kb)": 7426992.466666667, "I/O wait(%)": 0.6666666666666666, "Idle(%)": 83.27777777777777}