{
  "Login_user1" : {
    "transaction" : "Login_user1",
    "sampleCount" : 1,
    "errorCount" : 0,
    "errorPct" : 0.0,
    "meanResTime" : 161.0,
    "medianResTime" : 161.0,
    "minResTime" : 161.0,
    "maxResTime" : 161.0,
    "pct1ResTime" : 161.0,
    "pct2ResTime" : 161.0,
    "pct3ResTime" : 161.0,
    "throughput" : 6.211180124223602,
    "receivedKBytesPerSec" : 10.620875388198758,
    "sentKBytesPerSec" : 3.651494565217391
  },
  "Upload_2_user1-0" : {
    "transaction" : "Upload_2_user1-0",
    "sampleCount" : 2,
    "errorCount" : 0,
    "errorPct" : 0.0,
    "meanResTime" : 300.5,
    "medianResTime" : 300.5,
    "minResTime" : 288.0,
    "maxResTime" : 313.0,
    "pct1ResTime" : 313.0,
    "pct2ResTime" : 313.0,
    "pct3ResTime" : 313.0,
    "throughput" : 0.01547795938583457,
    "receivedKBytesPerSec" : 0.003536955562778603,
    "sentKBytesPerSec" : 0.01599187600606736
  },
  "Upload_2_user1-1" : {
    "transaction" : "Upload_2_user1-1",
    "sampleCount" : 2,
    "errorCount" : 0,
    "errorPct" : 0.0,
    "meanResTime" : 271.0,
    "medianResTime" : 271.0,
    "minResTime" : 266.0,
    "maxResTime" : 276.0,
    "pct1ResTime" : 276.0,
    "pct2ResTime" : 276.0,
    "pct3ResTime" : 276.0,
    "throughput" : 0.015480475250590191,
    "receivedKBytesPerSec" : 0.6586231689500368,
    "sentKBytesPerSec" : 0.0035828834320213634
  },
  "RunPractice_2_91684_user1 1628176937903" : {
    "transaction" : "RunPractice_2_91684_user1 1628176937903",
    "sampleCount" : 1,
    "errorCount" : 0,
    "errorPct" : 0.0,
    "meanResTime" : 2107.0,
    "medianResTime" : 2107.0,
    "minResTime" : 2107.0,
    "maxResTime" : 2107.0,
    "pct1ResTime" : 2107.0,
    "pct2ResTime" : 2107.0,
    "pct3ResTime" : 2107.0,
    "throughput" : 0.47460844803037494,
    "receivedKBytesPerSec" : 13.447548350735643,
    "sentKBytesPerSec" : 0.11077287019458945
  },
  "GetSubmissionId_2_user1" : {
    "transaction" : "GetSubmissionId_2_user1",
    "sampleCount" : 2,
    "errorCount" : 0,
    "errorPct" : 0.0,
    "meanResTime" : 266.0,
    "medianResTime" : 266.0,
    "minResTime" : 265.0,
    "maxResTime" : 267.0,
    "pct1ResTime" : 267.0,
    "pct2ResTime" : 267.0,
    "pct3ResTime" : 267.0,
    "throughput" : 0.015481793410948724,
    "receivedKBytesPerSec" : 0.6587926426647263,
    "sentKBytesPerSec" : 0.0035831885140574686
  },
  "AssignmentsList_6_user1" : {
    "transaction" : "AssignmentsList_6_user1",
    "sampleCount" : 1,
    "errorCount" : 0,
    "errorPct" : 0.0,
    "meanResTime" : 42.0,
    "medianResTime" : 42.0,
    "minResTime" : 42.0,
    "maxResTime" : 42.0,
    "pct1ResTime" : 42.0,
    "pct2ResTime" : 42.0,
    "pct3ResTime" : 42.0,
    "throughput" : 23.809523809523807,
    "receivedKBytesPerSec" : 9.230840773809524,
    "sentKBytesPerSec" : 7.696242559523809
  },
  "Course Page_6_user1" : {
    "transaction" : "Course Page_6_user1",
    "sampleCount" : 1,
    "errorCount" : 0,
    "errorPct" : 0.0,
    "meanResTime" : 95.0,
    "medianResTime" : 95.0,
    "minResTime" : 95.0,
    "maxResTime" : 95.0,
    "pct1ResTime" : 95.0,
    "pct2ResTime" : 95.0,
    "pct3ResTime" : 95.0,
    "throughput" : 10.526315789473683,
    "receivedKBytesPerSec" : 340.77919407894734,
    "sentKBytesPerSec" : 3.0530427631578947
  },
  "RunPractice_2_91685_user1 1628177066820" : {
    "transaction" : "RunPractice_2_91685_user1 1628177066820",
    "sampleCount" : 1,
    "errorCount" : 0,
    "errorPct" : 0.0,
    "meanResTime" : 2095.0,
    "medianResTime" : 2095.0,
    "minResTime" : 2095.0,
    "maxResTime" : 2095.0,
    "pct1ResTime" : 2095.0,
    "pct2ResTime" : 2095.0,
    "pct3ResTime" : 2095.0,
    "throughput" : 0.47732696897374705,
    "receivedKBytesPerSec" : 13.524574880668256,
    "sentKBytesPerSec" : 0.11140736873508353
  },
  "Upload_2_user1" : {
    "transaction" : "Upload_2_user1",
    "sampleCount" : 2,
    "errorCount" : 0,
    "errorPct" : 0.0,
    "meanResTime" : 572.0,
    "medianResTime" : 572.0,
    "minResTime" : 564.0,
    "maxResTime" : 580.0,
    "pct1ResTime" : 580.0,
    "pct2ResTime" : 580.0,
    "pct3ResTime" : 580.0,
    "throughput" : 0.015446043109906321,
    "receivedKBytesPerSec" : 0.6606879015971209,
    "sentKBytesPerSec" : 0.019533814284500666
  },
  "TestcasesResults_2_91685_user1" : {
    "transaction" : "TestcasesResults_2_91685_user1",
    "sampleCount" : 1,
    "errorCount" : 0,
    "errorPct" : 0.0,
    "meanResTime" : 5370.0,
    "medianResTime" : 5370.0,
    "minResTime" : 5370.0,
    "maxResTime" : 5370.0,
    "pct1ResTime" : 5370.0,
    "pct2ResTime" : 5370.0,
    "pct3ResTime" : 5370.0,
    "throughput" : 0.186219739292365,
    "receivedKBytesPerSec" : 7.439878666201118,
    "sentKBytesPerSec" : 0.044918237895716945
  },
  "Get CSRF Token" : {
    "transaction" : "Get CSRF Token",
    "sampleCount" : 1,
    "errorCount" : 0,
    "errorPct" : 0.0,
    "meanResTime" : 110.0,
    "medianResTime" : 110.0,
    "minResTime" : 110.0,
    "maxResTime" : 110.0,
    "pct1ResTime" : 110.0,
    "pct2ResTime" : 110.0,
    "pct3ResTime" : 110.0,
    "throughput" : 9.09090909090909,
    "receivedKBytesPerSec" : 242.9509943181818,
    "sentKBytesPerSec" : 1.1985085227272727
  },
  "Login_user1-0" : {
    "transaction" : "Login_user1-0",
    "sampleCount" : 1,
    "errorCount" : 0,
    "errorPct" : 0.0,
    "meanResTime" : 131.0,
    "medianResTime" : 131.0,
    "minResTime" : 131.0,
    "maxResTime" : 131.0,
    "pct1ResTime" : 131.0,
    "pct2ResTime" : 131.0,
    "pct3ResTime" : 131.0,
    "throughput" : 7.633587786259541,
    "receivedKBytesPerSec" : 3.6975190839694654,
    "sentKBytesPerSec" : 2.6389551526717554
  },
  "StudentCourses_user1" : {
    "transaction" : "StudentCourses_user1",
    "sampleCount" : 1,
    "errorCount" : 0,
    "errorPct" : 0.0,
    "meanResTime" : 33.0,
    "medianResTime" : 33.0,
    "minResTime" : 33.0,
    "maxResTime" : 33.0,
    "pct1ResTime" : 33.0,
    "pct2ResTime" : 33.0,
    "pct3ResTime" : 33.0,
    "throughput" : 30.303030303030305,
    "receivedKBytesPerSec" : 37.61245265151515,
    "sentKBytesPerSec" : 7.339015151515151
  },
  "Login_user1-1" : {
    "transaction" : "Login_user1-1",
    "sampleCount" : 1,
    "errorCount" : 0,
    "errorPct" : 0.0,
    "meanResTime" : 26.0,
    "medianResTime" : 26.0,
    "minResTime" : 26.0,
    "maxResTime" : 26.0,
    "pct1ResTime" : 26.0,
    "pct2ResTime" : 26.0,
    "pct3ResTime" : 26.0,
    "throughput" : 38.46153846153847,
    "receivedKBytesPerSec" : 47.13792067307693,
    "sentKBytesPerSec" : 9.314903846153847
  },
  "Total" : {
    "transaction" : "Total",
    "sampleCount" : 20,
    "errorCount" : 0,
    "errorPct" : 0.0,
    "meanResTime" : 974.6500000000001,
    "medianResTime" : 266.5,
    "minResTime" : 17.0,
    "maxResTime" : 6487.0,
    "pct1ResTime" : 5043.700000000007,
    "pct2ResTime" : 6431.15,
    "pct3ResTime" : 6487.0,
    "throughput" : 0.07371342432027009,
    "receivedKBytesPerSec" : 1.6840602033661234,
    "sentKBytesPerSec" : 0.03182130783278846
  },
  "Get solutions folder" : {
    "transaction" : "Get solutions folder",
    "sampleCount" : 1,
    "errorCount" : 0,
    "errorPct" : 0.0,
    "meanResTime" : 17.0,
    "medianResTime" : 17.0,
    "minResTime" : 17.0,
    "maxResTime" : 17.0,
    "pct1ResTime" : 17.0,
    "pct2ResTime" : 17.0,
    "pct3ResTime" : 17.0,
    "throughput" : 58.8235294117647,
    "receivedKBytesPerSec" : 0.0,
    "sentKBytesPerSec" : 0.0
  },
  "TestcasesResults_2_91684_user1" : {
    "transaction" : "TestcasesResults_2_91684_user1",
    "sampleCount" : 1,
    "errorCount" : 0,
    "errorPct" : 0.0,
    "meanResTime" : 6487.0,
    "medianResTime" : 6487.0,
    "minResTime" : 6487.0,
    "maxResTime" : 6487.0,
    "pct1ResTime" : 6487.0,
    "pct2ResTime" : 6487.0,
    "pct3ResTime" : 6487.0,
    "throughput" : 0.15415446277169725,
    "receivedKBytesPerSec" : 6.158801978957916,
    "sentKBytesPerSec" : 0.03718374248496994
  }
}