{"Disk Read(KB/s)": 60.84712222222223, "Disk Write(KB/s)": 47.418988888888876}