{"Idle(%)": 97.58333333333333, "I/O wait(%)": 0.027777777777777776, "Available Memory(Kb)": 8197248.622222222, "user+system(%)": 2.388888888888889}