Device,kB_read/s,kB_wrtn/s
loop0,0.0,0.0
sda,20.56774193548387,1068.1548387096775
