{"Disk Read(KB/s)": 20.303999999999988, "Disk Write(KB/s)": 1046.2011666666667}