{"%iowait": 0.18360360360360337, "user+system(%)": 97.32900900900903, "%idle": 0.49054545454545473, "%sys": 7.340630630630634, "%guest": 0.0}