{"user+system(%)": 99.30909090909091, "Available Memory(Kb)": 5565744.7272727275, "sys(%)": 8.227272727272727, "Idle(%)": 0.3181818181818182, "I/O wait(%)": 0.10909090909090909}