Device,kB_read/s,kB_wrtn/s
loop0,0.0,0.0
sda,1.302857142857143,397.4742857142857
