{"user+system(%)": 21.373112582781452, "%idle": 77.34513333333334, "%iowait": 0.5390728476821194}