{"I/O wait(%)": 0.4866666666666667, "user+system(%)": 21.786666666666665, "Idle(%)": 77.54, "Available Memory(Kb)": 1418681.4133333333}