Device,kB_read/s,kB_wrtn/s
loop0,0.0,0.0
sda,4.640883977900552,168.8220994475138
