{"Available Memory(Kb)": 9041143.711111112, "Idle(%)": 11.477777777777778, "I/O wait(%)": 1.1166666666666667, "user+system(%)": 87.32777777777778}