{"Disk Write(KB/s)": 42.76883333333332, "Disk Read(KB/s)": 0.31183333333333335}