{"%guest": 0.0, "%iowait": 0.0, "%idle": 0.0, "%sys": 4.578918918918919, "user+system(%)": 97.08306306306304}