{"Available Memory(Kb)": 7575611.2, "sys(%)": 5.490909090909091, "user+system(%)": 100.17272727272727, "Idle(%)": 0.0, "I/O wait(%)": 0.0}