{"Disk Write(KB/s)": 133.6196444444443, "Disk Read(KB/s)": 18.194044444444444}