{"user+system(%)": 45.70950276243095, "%idle": 39.92972222222222, "%iowait": 2.1685082872928176}