{"I/O wait(%)": 2.188888888888889, "user+system(%)": 57.69444444444444, "Idle(%)": 40.08888888888889, "Available Memory(Kb)": 7073045.822222223}