{
  "AssignmentsList" : {
    "transaction" : "AssignmentsList",
    "sampleCount" : 125,
    "errorCount" : 0,
    "errorPct" : 0.0,
    "meanResTime" : 54.52000000000002,
    "medianResTime" : 46.0,
    "minResTime" : 33.0,
    "maxResTime" : 190.0,
    "pct1ResTime" : 84.4,
    "pct2ResTime" : 99.69999999999987,
    "pct3ResTime" : 187.39999999999995,
    "throughput" : 14.42085832948777,
    "receivedKBytesPerSec" : 5.528934550934472,
    "sentKBytesPerSec" : 4.689595530976004
  },
  "Get CSRF Token" : {
    "transaction" : "Get CSRF Token",
    "sampleCount" : 125,
    "errorCount" : 0,
    "errorPct" : 0.0,
    "meanResTime" : 10948.192000000001,
    "medianResTime" : 11496.0,
    "minResTime" : 6614.0,
    "maxResTime" : 11887.0,
    "pct1ResTime" : 11611.8,
    "pct2ResTime" : 11671.7,
    "pct3ResTime" : 11841.24,
    "throughput" : 9.80622891660783,
    "receivedKBytesPerSec" : 327.58129057327216,
    "sentKBytesPerSec" : 1.311966173413352
  },
  "StudentCourses" : {
    "transaction" : "StudentCourses",
    "sampleCount" : 125,
    "errorCount" : 0,
    "errorPct" : 0.0,
    "meanResTime" : 151.72000000000006,
    "medianResTime" : 79.0,
    "minResTime" : 33.0,
    "maxResTime" : 2114.0,
    "pct1ResTime" : 289.60000000000014,
    "pct2ResTime" : 524.7999999999998,
    "pct3ResTime" : 1933.0399999999963,
    "throughput" : 12.827090815802977,
    "receivedKBytesPerSec" : 15.871019593381222,
    "sentKBytesPerSec" : 3.1316139687018985
  },
  "Total" : {
    "transaction" : "Total",
    "sampleCount" : 2721,
    "errorCount" : 55,
    "errorPct" : 2.0213156,
    "meanResTime" : 3538.388460124951,
    "medianResTime" : 1811.0,
    "minResTime" : 33.0,
    "maxResTime" : 50713.0,
    "pct1ResTime" : 7645.600000000005,
    "pct2ResTime" : 11523.8,
    "pct3ResTime" : 50005.0,
    "throughput" : 9.010202290796746,
    "receivedKBytesPerSec" : 335.9653975356468,
    "sentKBytesPerSec" : 10.24365042128739
  },
  "Upload" : {
    "transaction" : "Upload",
    "sampleCount" : 2096,
    "errorCount" : 44,
    "errorPct" : 2.0992367,
    "meanResTime" : 3760.1178435114475,
    "medianResTime" : 1960.0,
    "minResTime" : 97.0,
    "maxResTime" : 50713.0,
    "pct1ResTime" : 6371.6,
    "pct2ResTime" : 10377.999999999978,
    "pct3ResTime" : 50005.0,
    "throughput" : 7.7770480611181,
    "receivedKBytesPerSec" : 341.2299338547406,
    "sentKBytesPerSec" : 10.751079472405578
  },
  "Course Page" : {
    "transaction" : "Course Page",
    "sampleCount" : 125,
    "errorCount" : 0,
    "errorPct" : 0.0,
    "meanResTime" : 234.0399999999999,
    "medianResTime" : 119.0,
    "minResTime" : 70.0,
    "maxResTime" : 2118.0,
    "pct1ResTime" : 493.20000000000016,
    "pct2ResTime" : 748.1999999999992,
    "pct3ResTime" : 2080.8199999999993,
    "throughput" : 12.798198013719668,
    "receivedKBytesPerSec" : 500.3696479535682,
    "sentKBytesPerSec" : 3.736973834084161
  },
  "Login" : {
    "transaction" : "Login",
    "sampleCount" : 125,
    "errorCount" : 11,
    "errorPct" : 8.8,
    "meanResTime" : 2585.5120000000006,
    "medianResTime" : 2527.0,
    "minResTime" : 108.0,
    "maxResTime" : 4891.0,
    "pct1ResTime" : 4452.6,
    "pct2ResTime" : 4550.099999999999,
    "pct3ResTime" : 4872.28,
    "throughput" : 12.303149606299213,
    "receivedKBytesPerSec" : 22.433928241879922,
    "sentKBytesPerSec" : 7.043937623031496
  }
}