{
  "AssignmentsList" : {
    "transaction" : "AssignmentsList",
    "sampleCount" : 180,
    "errorCount" : 0,
    "errorPct" : 0.0,
    "meanResTime" : 282.13333333333327,
    "medianResTime" : 192.0,
    "minResTime" : 26.0,
    "maxResTime" : 753.0,
    "pct1ResTime" : 688.6,
    "pct2ResTime" : 705.0,
    "pct3ResTime" : 744.0899999999999,
    "throughput" : 56.17977528089887,
    "receivedKBytesPerSec" : 21.512416120474406,
    "sentKBytesPerSec" : 18.15967345505618
  },
  "Get CSRF Token" : {
    "transaction" : "Get CSRF Token",
    "sampleCount" : 180,
    "errorCount" : 0,
    "errorPct" : 0.0,
    "meanResTime" : 6103.288888888891,
    "medianResTime" : 6147.5,
    "minResTime" : 4008.0,
    "maxResTime" : 7576.0,
    "pct1ResTime" : 7141.7,
    "pct2ResTime" : 7261.65,
    "pct3ResTime" : 7570.33,
    "throughput" : 22.42152466367713,
    "receivedKBytesPerSec" : 599.214516769432,
    "sentKBytesPerSec" : 2.9559627242152464
  },
  "StudentCourses" : {
    "transaction" : "StudentCourses",
    "sampleCount" : 180,
    "errorCount" : 0,
    "errorPct" : 0.0,
    "meanResTime" : 109.28888888888893,
    "medianResTime" : 48.5,
    "minResTime" : 25.0,
    "maxResTime" : 546.0,
    "pct1ResTime" : 331.20000000000005,
    "pct2ResTime" : 509.69999999999925,
    "pct3ResTime" : 543.5699999999999,
    "throughput" : 98.41443411700384,
    "receivedKBytesPerSec" : 122.81514830508475,
    "sentKBytesPerSec" : 23.834745762711865
  },
  "GetSubmissionId" : {
    "transaction" : "GetSubmissionId",
    "sampleCount" : 1403,
    "errorCount" : 6,
    "errorPct" : 0.427655,
    "meanResTime" : 4841.566642908047,
    "medianResTime" : 3179.0,
    "minResTime" : 8.0,
    "maxResTime" : 47974.0,
    "pct1ResTime" : 10532.200000000008,
    "pct2ResTime" : 14033.999999999996,
    "pct3ResTime" : 24569.920000000035,
    "throughput" : 3.757998805368876,
    "receivedKBytesPerSec" : 167.76147402932872,
    "sentKBytesPerSec" : 0.8660515876071753
  },
  "TestcasesResults" : {
    "transaction" : "TestcasesResults",
    "sampleCount" : 1337,
    "errorCount" : 12,
    "errorPct" : 0.8975318,
    "meanResTime" : 16518.61705310396,
    "medianResTime" : 13728.0,
    "minResTime" : 3692.0,
    "maxResTime" : 74894.0,
    "pct1ResTime" : 27460.40000000001,
    "pct2ResTime" : 35796.7,
    "pct3ResTime" : 57406.21999999999,
    "throughput" : 3.5056071360212275,
    "receivedKBytesPerSec" : 100.77112100850444,
    "sentKBytesPerSec" : 0.841394055675439
  },
  "CompareOutput" : {
    "transaction" : "CompareOutput",
    "sampleCount" : 3,
    "errorCount" : 0,
    "errorPct" : 0.0,
    "meanResTime" : 500.0,
    "medianResTime" : 270.0,
    "minResTime" : 208.0,
    "maxResTime" : 1022.0,
    "pct1ResTime" : 1022.0,
    "pct2ResTime" : 1022.0,
    "pct3ResTime" : 1022.0,
    "throughput" : 0.15452766045122077,
    "receivedKBytesPerSec" : 3.212334285180797,
    "sentKBytesPerSec" : 0.03621742041825486
  },
  "Total" : {
    "transaction" : "Total",
    "sampleCount" : 6455,
    "errorCount" : 71,
    "errorPct" : 1.0999225,
    "meanResTime" : 8990.031138652186,
    "medianResTime" : 5879.0,
    "minResTime" : 0.0,
    "maxResTime" : 74894.0,
    "pct1ResTime" : 19342.80000000002,
    "pct2ResTime" : 28334.2,
    "pct3ResTime" : 50005.0,
    "throughput" : 14.285081992608493,
    "receivedKBytesPerSec" : 472.3541092951236,
    "sentKBytesPerSec" : 7.105315048437603
  },
  "Upload" : {
    "transaction" : "Upload",
    "sampleCount" : 1410,
    "errorCount" : 42,
    "errorPct" : 2.9787233,
    "meanResTime" : 11295.568794326227,
    "medianResTime" : 6461.5,
    "minResTime" : 52.0,
    "maxResTime" : 73571.0,
    "pct1ResTime" : 29339.100000000006,
    "pct2ResTime" : 45639.50000000001,
    "pct3ResTime" : 63400.99000000001,
    "throughput" : 3.6485017854370443,
    "receivedKBytesPerSec" : 159.51472227478266,
    "sentKBytesPerSec" : 5.055165193357657
  },
  "Course Page" : {
    "transaction" : "Course Page",
    "sampleCount" : 180,
    "errorCount" : 0,
    "errorPct" : 0.0,
    "meanResTime" : 1449.255555555556,
    "medianResTime" : 1651.5,
    "minResTime" : 106.0,
    "maxResTime" : 2551.0,
    "pct1ResTime" : 2232.2,
    "pct2ResTime" : 2294.35,
    "pct3ResTime" : 2482.1499999999996,
    "throughput" : 51.06382978723404,
    "receivedKBytesPerSec" : 1653.4654809397164,
    "sentKBytesPerSec" : 14.810505319148936
  },
  "Login" : {
    "transaction" : "Login",
    "sampleCount" : 180,
    "errorCount" : 0,
    "errorPct" : 0.0,
    "meanResTime" : 1720.0333333333338,
    "medianResTime" : 1743.0,
    "minResTime" : 456.0,
    "maxResTime" : 2643.0,
    "pct1ResTime" : 2165.7000000000003,
    "pct2ResTime" : 2249.2,
    "pct3ResTime" : 2439.6899999999996,
    "throughput" : 46.3082068433239,
    "receivedKBytesPerSec" : 79.36611622073579,
    "sentKBytesPerSec" : 27.4050520967327
  },
  "RunPractice" : {
    "transaction" : "RunPractice",
    "sampleCount" : 1402,
    "errorCount" : 11,
    "errorPct" : 0.78459346,
    "meanResTime" : 8191.704707560641,
    "medianResTime" : 5513.0,
    "minResTime" : 0.0,
    "maxResTime" : 50004.0,
    "pct1ResTime" : 17310.300000000003,
    "pct2ResTime" : 22627.84999999994,
    "pct3ResTime" : 44339.09000000001,
    "throughput" : 3.7559339469990034,
    "receivedKBytesPerSec" : 105.6286884152075,
    "sentKBytesPerSec" : 0.8784133590158488
  }
}