{"Disk Read(KB/s)": 12.652744444444446, "Disk Write(KB/s)": 120.65554444444439}