{"Available Memory(Kb)": 7247674.044444445, "Idle(%)": 21.65, "I/O wait(%)": 2.033333333333333, "user+system(%)": 76.24444444444444}