{"%iowait": 0.9494594594594594, "%idle": 1.5888181818181817, "user+system(%)": 94.65126126126128}