{"user+system(%)": 97.46363636363637, "Available Memory(Kb)": 9822688.545454545, "I/O wait(%)": 0.9454545454545454, "Idle(%)": 1.5818181818181818}