{"Disk Read(KB/s)": 0.7515333333333333, "Disk Write(KB/s)": 213.77145555555552}