{"%iowait": 2.0554696132596697, "user+system(%)": 44.86895027624307, "%idle": 46.57372222222224}