{"I/O wait(%)": 2.0388888888888888, "Available Memory(Kb)": 7008681.955555555, "Idle(%)": 46.955555555555556, "user+system(%)": 51.077777777777776}