Device,kB_read/s,kB_wrtn/s
loop0,0.0,0.0
sda,6.553846153846154,487.55164835164834
