{"I/O wait(%)": 0.8888888888888888, "Available Memory(Kb)": 6909299.133333334, "user+system(%)": 84.65555555555555, "Idle(%)": 14.405555555555555}