{"%iowait": 0.28637450199203185, "%idle": 95.29220000000001, "user+system(%)": 1.3107569721115533}