Device,kB_read/s,kB_wrtn/s
loop0,0.0,0.0
sda,5.822950819672132,760.3409836065574
