{"Disk Write(KB/s)": 765.7053333333331, "Disk Read(KB/s)": 5.801166666666666}