{"%idle": 2.959636363636363, "user+system(%)": 94.9372972972973, "%iowait": 0.40207207207207235}