{"Idle(%)": 3.409090909090909, "I/O wait(%)": 0.4636363636363636, "Available Memory(Kb)": 2002505.0545454544, "user+system(%)": 96.1}