{"Disk Read(KB/s)": 5.551811111111112, "Disk Write(KB/s)": 475.3773555555553}