Device,kB_read/s,kB_wrtn/s
loop0,0.0,0.0
sda,2.725925925925926,18.88888888888889
