{"Disk Read(KB/s)": 2.5340400000000005, "Disk Write(KB/s)": 20.41108}