{"%idle": 95.37604000000005, "user+system(%)": 1.3383665338645412, "%iowait": 0.15772908366533867}