{
  "Login_user1" : {
    "transaction" : "Login_user1",
    "sampleCount" : 1,
    "errorCount" : 0,
    "errorPct" : 0.0,
    "meanResTime" : 132.0,
    "medianResTime" : 132.0,
    "minResTime" : 132.0,
    "maxResTime" : 132.0,
    "pct1ResTime" : 132.0,
    "pct2ResTime" : 132.0,
    "pct3ResTime" : 132.0,
    "throughput" : 7.575757575757576,
    "receivedKBytesPerSec" : 12.95424952651515,
    "sentKBytesPerSec" : 4.4537168560606055
  },
  "RunPractice_2_102490_user1 1628406191697" : {
    "transaction" : "RunPractice_2_102490_user1 1628406191697",
    "sampleCount" : 1,
    "errorCount" : 0,
    "errorPct" : 0.0,
    "meanResTime" : 2118.0,
    "medianResTime" : 2118.0,
    "minResTime" : 2118.0,
    "maxResTime" : 2118.0,
    "pct1ResTime" : 2118.0,
    "pct2ResTime" : 2118.0,
    "pct3ResTime" : 2118.0,
    "throughput" : 0.47214353163361666,
    "receivedKBytesPerSec" : 13.375402059726158,
    "sentKBytesPerSec" : 0.1106586402266289
  },
  "TestcasesResults_2_102487_user1" : {
    "transaction" : "TestcasesResults_2_102487_user1",
    "sampleCount" : 1,
    "errorCount" : 0,
    "errorPct" : 0.0,
    "meanResTime" : 6593.0,
    "medianResTime" : 6593.0,
    "minResTime" : 6593.0,
    "maxResTime" : 6593.0,
    "pct1ResTime" : 6593.0,
    "pct2ResTime" : 6593.0,
    "pct3ResTime" : 6593.0,
    "throughput" : 0.15167602002123465,
    "receivedKBytesPerSec" : 6.0597828662975886,
    "sentKBytesPerSec" : 0.03673403609889277
  },
  "TestcasesResults_2_102492_user1" : {
    "transaction" : "TestcasesResults_2_102492_user1",
    "sampleCount" : 1,
    "errorCount" : 0,
    "errorPct" : 0.0,
    "meanResTime" : 5335.0,
    "medianResTime" : 5335.0,
    "minResTime" : 5335.0,
    "maxResTime" : 5335.0,
    "pct1ResTime" : 5335.0,
    "pct2ResTime" : 5335.0,
    "pct3ResTime" : 5335.0,
    "throughput" : 0.18744142455482662,
    "receivedKBytesPerSec" : 7.488870665417057,
    "sentKBytesPerSec" : 0.04539597000937207
  },
  "TestcasesResults_2_102490_user1" : {
    "transaction" : "TestcasesResults_2_102490_user1",
    "sampleCount" : 1,
    "errorCount" : 0,
    "errorPct" : 0.0,
    "meanResTime" : 5372.0,
    "medianResTime" : 5372.0,
    "minResTime" : 5372.0,
    "maxResTime" : 5372.0,
    "pct1ResTime" : 5372.0,
    "pct2ResTime" : 5372.0,
    "pct3ResTime" : 5372.0,
    "throughput" : 0.18615040953090098,
    "receivedKBytesPerSec" : 7.43710879327997,
    "sentKBytesPerSec" : 0.04508330230826508
  },
  "TestcasesResults_2_102489_user1" : {
    "transaction" : "TestcasesResults_2_102489_user1",
    "sampleCount" : 1,
    "errorCount" : 0,
    "errorPct" : 0.0,
    "meanResTime" : 5333.0,
    "medianResTime" : 5333.0,
    "minResTime" : 5333.0,
    "maxResTime" : 5333.0,
    "pct1ResTime" : 5333.0,
    "pct2ResTime" : 5333.0,
    "pct3ResTime" : 5333.0,
    "throughput" : 0.18751171948246764,
    "receivedKBytesPerSec" : 7.491496050534408,
    "sentKBytesPerSec" : 0.045412994562160136
  },
  "GetSubmissionId_2_user1" : {
    "transaction" : "GetSubmissionId_2_user1",
    "sampleCount" : 7,
    "errorCount" : 0,
    "errorPct" : 0.0,
    "meanResTime" : 296.2857142857143,
    "medianResTime" : 279.0,
    "minResTime" : 277.0,
    "maxResTime" : 343.0,
    "pct1ResTime" : 343.0,
    "pct2ResTime" : 343.0,
    "pct3ResTime" : 343.0,
    "throughput" : 0.009180159315107657,
    "receivedKBytesPerSec" : 0.3907318115634598,
    "sentKBytesPerSec" : 0.0021247048414848777
  },
  "AssignmentsList_6_user1" : {
    "transaction" : "AssignmentsList_6_user1",
    "sampleCount" : 1,
    "errorCount" : 0,
    "errorPct" : 0.0,
    "meanResTime" : 37.0,
    "medianResTime" : 37.0,
    "minResTime" : 37.0,
    "maxResTime" : 37.0,
    "pct1ResTime" : 37.0,
    "pct2ResTime" : 37.0,
    "pct3ResTime" : 37.0,
    "throughput" : 27.027027027027028,
    "receivedKBytesPerSec" : 10.47825168918919,
    "sentKBytesPerSec" : 8.736275337837839
  },
  "Course Page_6_user1" : {
    "transaction" : "Course Page_6_user1",
    "sampleCount" : 1,
    "errorCount" : 0,
    "errorPct" : 0.0,
    "meanResTime" : 83.0,
    "medianResTime" : 83.0,
    "minResTime" : 83.0,
    "maxResTime" : 83.0,
    "pct1ResTime" : 83.0,
    "pct2ResTime" : 83.0,
    "pct3ResTime" : 83.0,
    "throughput" : 12.048192771084338,
    "receivedKBytesPerSec" : 390.04847515060237,
    "sentKBytesPerSec" : 3.494446536144578
  },
  "RunPractice_2_102488_user1 1628405938355" : {
    "transaction" : "RunPractice_2_102488_user1 1628405938355",
    "sampleCount" : 1,
    "errorCount" : 0,
    "errorPct" : 0.0,
    "meanResTime" : 2101.0,
    "medianResTime" : 2101.0,
    "minResTime" : 2101.0,
    "maxResTime" : 2101.0,
    "pct1ResTime" : 2101.0,
    "pct2ResTime" : 2101.0,
    "pct3ResTime" : 2101.0,
    "throughput" : 0.47596382674916704,
    "receivedKBytesPerSec" : 13.487346055449786,
    "sentKBytesPerSec" : 0.11155402189433603
  },
  "TestcasesResults_2_102491_user1" : {
    "transaction" : "TestcasesResults_2_102491_user1",
    "sampleCount" : 1,
    "errorCount" : 0,
    "errorPct" : 0.0,
    "meanResTime" : 5330.0,
    "medianResTime" : 5330.0,
    "minResTime" : 5330.0,
    "maxResTime" : 5330.0,
    "pct1ResTime" : 5330.0,
    "pct2ResTime" : 5330.0,
    "pct3ResTime" : 5330.0,
    "throughput" : 0.18761726078799248,
    "receivedKBytesPerSec" : 7.495712652439024,
    "sentKBytesPerSec" : 0.04543855534709193
  },
  "Upload_2_user1-0" : {
    "transaction" : "Upload_2_user1-0",
    "sampleCount" : 7,
    "errorCount" : 0,
    "errorPct" : 0.0,
    "meanResTime" : 277.57142857142856,
    "medianResTime" : 271.0,
    "minResTime" : 263.0,
    "maxResTime" : 306.0,
    "pct1ResTime" : 306.0,
    "pct2ResTime" : 306.0,
    "pct3ResTime" : 306.0,
    "throughput" : 0.009180484388586298,
    "receivedKBytesPerSec" : 0.0020978841278605407,
    "sentKBytesPerSec" : 0.009647961620985013
  },
  "Upload_2_user1-1" : {
    "transaction" : "Upload_2_user1-1",
    "sampleCount" : 7,
    "errorCount" : 0,
    "errorPct" : 0.0,
    "meanResTime" : 221.71428571428572,
    "medianResTime" : 224.0,
    "minResTime" : 202.0,
    "maxResTime" : 244.0,
    "pct1ResTime" : 244.0,
    "pct2ResTime" : 244.0,
    "pct3ResTime" : 244.0,
    "throughput" : 0.009181026228880361,
    "receivedKBytesPerSec" : 0.3906867362533806,
    "sentKBytesPerSec" : 0.002124905484613912
  },
  "RunPractice_2_102489_user1 1628406065081" : {
    "transaction" : "RunPractice_2_102489_user1 1628406065081",
    "sampleCount" : 1,
    "errorCount" : 0,
    "errorPct" : 0.0,
    "meanResTime" : 2097.0,
    "medianResTime" : 2097.0,
    "minResTime" : 2097.0,
    "maxResTime" : 2097.0,
    "pct1ResTime" : 2097.0,
    "pct2ResTime" : 2097.0,
    "pct3ResTime" : 2097.0,
    "throughput" : 0.47687172150691465,
    "receivedKBytesPerSec" : 13.513072991177873,
    "sentKBytesPerSec" : 0.11176680972818312
  },
  "RunPractice_2_102491_user1 1628406318369" : {
    "transaction" : "RunPractice_2_102491_user1 1628406318369",
    "sampleCount" : 1,
    "errorCount" : 0,
    "errorPct" : 0.0,
    "meanResTime" : 2098.0,
    "medianResTime" : 2098.0,
    "minResTime" : 2098.0,
    "maxResTime" : 2098.0,
    "pct1ResTime" : 2098.0,
    "pct2ResTime" : 2098.0,
    "pct3ResTime" : 2098.0,
    "throughput" : 0.47664442326024786,
    "receivedKBytesPerSec" : 13.506632060295521,
    "sentKBytesPerSec" : 0.1117135367016206
  },
  "Upload_2_user1" : {
    "transaction" : "Upload_2_user1",
    "sampleCount" : 7,
    "errorCount" : 0,
    "errorPct" : 0.0,
    "meanResTime" : 500.0,
    "medianResTime" : 495.0,
    "minResTime" : 474.0,
    "maxResTime" : 523.0,
    "pct1ResTime" : 523.0,
    "pct2ResTime" : 523.0,
    "pct3ResTime" : 523.0,
    "throughput" : 0.009177547523307693,
    "receivedKBytesPerSec" : 0.3926359174302605,
    "sentKBytesPerSec" : 0.011768975562813103
  },
  "Get CSRF Token" : {
    "transaction" : "Get CSRF Token",
    "sampleCount" : 1,
    "errorCount" : 0,
    "errorPct" : 0.0,
    "meanResTime" : 98.0,
    "medianResTime" : 98.0,