{"Disk Read(KB/s)": 57.07366666666668, "Disk Write(KB/s)": 982.8828333333332}