{"%iowait": 1.4839779005524858, "user+system(%)": 12.810386740331493, "%idle": 83.93672222222229}