Device,kB_read/s,kB_wrtn/s
loop0,0.0,0.0
sda,0.9511111111111111,52.284444444444446
