{"Disk Write(KB/s)": 55.27137777777776, "Disk Read(KB/s)": 0.8158222222222222}