{"user+system(%)": 1.5375138121546956, "%iowait": 0.16000000000000023, "%idle": 95.07194444444451}