{"I/O wait(%)": 0.09444444444444444, "Available Memory(Kb)": 7108551.422222222, "user+system(%)": 4.872222222222222, "Idle(%)": 95.0111111111111}