Device,kB_read/s,kB_wrtn/s
loop0,0.0,0.0
sda,54.56969696969697,289.96363636363634
