{"Disk Read(KB/s)": 56.011766666666674, "Disk Write(KB/s)": 270.51873333333344}