{"user+system(%)": 21.609459459459462, "%idle": 74.41081818181817, "%iowait": 2.628288288288288}