{"Idle(%)": 74.2909090909091, "user+system(%)": 23.136363636363637, "Available Memory(Kb)": 5282193.490909091, "I/O wait(%)": 2.609090909090909}