{"%iowait": 6.527297297297299, "%idle": 26.123090909090912, "user+system(%)": 9.245855855855856}