{"I/O wait(%)": 6.590909090909091, "Available Memory(Kb)": 1028458.3272727273, "user+system(%)": 67.17272727272727, "Idle(%)": 26.181818181818183}