Device,kB_read/s,kB_wrtn/s
loop0,0.0,0.0
sda,0.5909090909090909,302.6136363636364
