{"Disk Read(KB/s)": 0.5032444444444447, "Disk Write(KB/s)": 272.26194444444445}