{"%idle": 87.41688888888892, "%iowait": 1.049226519337017, "user+system(%)": 9.84596685082873}