{"user+system(%)": 2.112972972972972, "%iowait": 0.19450450450450457, "%idle": 97.1279090909091}