{"user+system(%)": 2.727272727272727, "Idle(%)": 97.06363636363636, "I/O wait(%)": 0.14545454545454545, "Available Memory(Kb)": 10467494.254545454}