Device,kB_read/s,kB_wrtn/s
loop0,0.0,0.0
sda,6.067692307692307,973.4276923076923
