{"Disk Write(KB/s)": 957.4324999999998, "Disk Read(KB/s)": 6.270333333333331}