{"I/O wait(%)": 0.0, "sys(%)": 4.581818181818182, "Idle(%)": 0.01818181818181818, "Available Memory(Kb)": 5466962.363636363, "user+system(%)": 99.95454545454545}