{"Available Memory(Kb)": 7076452.555555556, "Idle(%)": 53.327777777777776, "I/O wait(%)": 2.161111111111111, "user+system(%)": 44.42777777777778}