{"Disk Read(KB/s)": 491.48366666666664, "Disk Write(KB/s)": 34.26633333333332}