{"user+system(%)": 1.476126126126126, "%idle": 98.28390909090908, "%sys": 0.3393693693693694, "%guest": 0.0, "%iowait": 0.11864864864864866}