{"user+system(%)": 71.00265193370164, "%iowait": 6.343756906077349, "%idle": 10.294666666666664}