Device,kB_read/s,kB_wrtn/s
loop0,0.0,0.0
sda,563.1475409836065,580.2360655737705
