{"Disk Write(KB/s)": 572.9551666666667, "Disk Read(KB/s)": 527.3433333333336}