{"Available Memory(Kb)": 2529322.1454545455, "I/O wait(%)": 4.736363636363636, "sys(%)": 4.7, "user+system(%)": 46.872727272727275, "Idle(%)": 48.345454545454544}