Device,kB_read/s,kB_wrtn/s
loop0,0.0,0.0
sda,70.54939759036145,175.92289156626506
