{"Disk Write(KB/s)": 156.8583777777779, "Disk Read(KB/s)": 58.45015555555553}