{"user+system(%)": 5.309060773480662, "%idle": 92.19983333333336, "%iowait": 0.6053038674033142}