Device,kB_read/s,kB_wrtn/s
loop0,0.0,0.0
sda,31.226666666666667,580.6266666666667
