{"Disk Write(KB/s)": 571.3403333333334, "Disk Read(KB/s)": 22.486999999999988}