{"user+system(%)": 12.823063063063056, "%iowait": 1.919189189189189, "%guest": 49.61567567567567, "%idle": 34.82372727272728, "%sys": 5.452342342342338}