{"user+system(%)": 63.154545454545456, "Idle(%)": 34.90909090909091, "I/O wait(%)": 1.9363636363636363, "sys(%)": 5.554545454545455, "Available Memory(Kb)": 4122527.890909091}