Device,kB_read/s,kB_wrtn/s
loop0,0.0,0.0
sda,0.1856353591160221,122.41767955801105
