Device,kB_read/s,kB_wrtn/s
loop0,0.0,0.0
sda,24.284444444444443,431.4162962962963
