{"Disk Write(KB/s)": 452.2796888888888, "Disk Read(KB/s)": 25.866555555555557}