{"user+system(%)": 32.66850828729281, "%idle": 61.79538888888884, "%iowait": 2.737292817679559}