{"I/O wait(%)": 2.7055555555555557, "Available Memory(Kb)": 11017268.555555556, "Idle(%)": 61.977777777777774, "user+system(%)": 35.272222222222226}