Device,kB_read/s,kB_wrtn/s
loop0,0.0,0.0
sda,31.160655737704918,298.45245901639345
