{"user+system(%)": 84.21818181818182, "Available Memory(Kb)": 10373138.909090908, "Idle(%)": 13.49090909090909, "I/O wait(%)": 2.5727272727272728}