{"user+system(%)": 0.9071171171171168, "%iowait": 0.0809009009009009, "%idle": 98.63000000000001}