{"Idle(%)": 98.47272727272727, "I/O wait(%)": 0.02727272727272727, "user+system(%)": 1.190909090909091, "Available Memory(Kb)": 4270413.5636363635}