Device,kB_read/s,kB_wrtn/s
loop0,0.0,0.0
sda,0.3756906077348066,250.0817679558011
