{"%sys": 3.9945045045045053, "%idle": 0.03809090909090906, "%iowait": 0.009639639639639642, "%guest": 0.0, "user+system(%)": 98.19720720720723}