Device,kB_read/s,kB_wrtn/s
loop0,0.0,0.0
sda,22.553846153846155,566.756043956044
