{"Disk Read(KB/s)": 19.80183333333334, "Disk Write(KB/s)": 513.5907666666657}