{"user+system(%)": 68.79872928176795, "%iowait": 2.569613259668509, "%idle": 24.2053888888889}