{"user+system(%)": 72.75, "I/O wait(%)": 2.5944444444444446, "Available Memory(Kb)": 7105842.866666666, "Idle(%)": 24.66111111111111}