Device,kB_read/s,kB_wrtn/s
loop0,0.0,0.0
sda,30.474074074074075,16.785185185185185
