Device,kB_read/s,kB_wrtn/s
loop0,0.0,0.0
sda,11.163076923076924,652.4676923076923
