{"Disk Write(KB/s)": 650.1015000000002, "Disk Read(KB/s)": 11.734833333333325}