{"%guest": 0.0, "user+system(%)": 98.4005405405405, "%idle": 0.004090909090909092, "%sys": 3.8178378378378373, "%iowait": 0.001081081081081081}