{"user+system(%)": 100.01818181818182, "sys(%)": 4.390909090909091, "Available Memory(Kb)": 6869572.036363636, "I/O wait(%)": 0.0, "Idle(%)": 0.0}