{"Disk Write(KB/s)": 257.2614999999999, "Disk Read(KB/s)": 10.149877777777768}