{"user+system(%)": 7.694309392265195, "%iowait": 0.6709392265193374, "%idle": 90.65805555555568}