{"Available Memory(Kb)": 8360415.066666666, "Idle(%)": 90.7, "user+system(%)": 8.666666666666666, "I/O wait(%)": 0.6555555555555556}