{"Disk Read(KB/s)": 4.132066666666665, "Disk Write(KB/s)": 100.44390000000004}