{"user+system(%)": 45.982707182320446, "%iowait": 1.3213812154696134, "%idle": 40.96022222222222}