{"user+system(%)": 68.79038674033151, "%idle": 23.552666666666674, "%iowait": 2.288839779005525}