{"Idle(%)": 23.711111111111112, "Available Memory(Kb)": 7147268.844444444, "I/O wait(%)": 2.2555555555555555, "user+system(%)": 73.91111111111111}