{"Disk Write(KB/s)": 54.807300000000005, "Disk Read(KB/s)": 0.08833333333333333}