{"Idle(%)": 98.69090909090909, "I/O wait(%)": 0.0, "user+system(%)": 0.990909090909091, "Available Memory(Kb)": 8382835.963636364}