Device,kB_read/s,kB_wrtn/s
loop0,0.0,0.0
sda,2.7244444444444444,27.031111111111112
