{"Disk Write(KB/s)": 38.4270444444445, "Disk Read(KB/s)": 2.5208333333333335}