{"user+system(%)": 1.2674585635359117, "%iowait": 0.08226519337016562, "%idle": 94.21577777777786}