{"Idle(%)": 94.35555555555555, "Available Memory(Kb)": 13168991.044444444, "user+system(%)": 5.588888888888889, "I/O wait(%)": 0.022222222222222223}