{"user+system(%)": 79.668453038674, "%iowait": 0.33729281767955804, "%idle": 8.534055555555552}