{"I/O wait(%)": 0.35, "Idle(%)": 9.055555555555555, "user+system(%)": 90.61666666666666, "Available Memory(Kb)": 6239102.155555556}