{"%iowait": 0.1571270718232044, "%idle": 10.311055555555557, "user+system(%)": 77.83005524861878}