{"Available Memory(Kb)": 5612526.822222223, "I/O wait(%)": 0.1388888888888889, "Idle(%)": 10.816666666666666, "user+system(%)": 89.0}