Device,kB_read/s,kB_wrtn/s
loop0,0.0,0.0
sda,187.75833333333333,400.85555555555555
