{"Disk Read(KB/s)": 242.0558555555558, "Disk Write(KB/s)": 438.2535555555553}