{"%iowait": 2.973591160220992, "%idle": 80.16316666666665, "user+system(%)": 15.631657458563538}