{"Available Memory(Kb)": 10105539.266666668, "Idle(%)": 80.06111111111112, "I/O wait(%)": 2.9722222222222223, "user+system(%)": 16.9}