Device,kB_read/s,kB_wrtn/s
loop0,0.0,0.0
sda,0.02622950819672131,56.760655737704916
