{"user+system(%)": 0.9733333333333338, "%idle": 98.63963636363638, "%iowait": 0.0714414414414414}