{"Disk Read(KB/s)": 0.2012888888888889, "Disk Write(KB/s)": 127.25326666666663}