{"%idle": 17.947166666666664, "user+system(%)": 68.62944751381218, "%iowait": 1.9649171270718233}