{"I/O wait(%)": 1.9055555555555554, "user+system(%)": 79.58888888888889, "Available Memory(Kb)": 7205335.066666666, "Idle(%)": 18.466666666666665}