Device,kB_read/s,kB_wrtn/s
loop0,0.0,0.0
sda,7.801104972375691,210.06850828729281
