{"Available Memory(Kb)": 8881545.222222222, "Idle(%)": 65.85555555555555, "I/O wait(%)": 1.788888888888889, "user+system(%)": 32.205555555555556}