Device,kB_read/s,kB_wrtn/s
loop0,0.0,0.0
sda,0.8786885245901639,537.9803278688524
