{"%idle": 49.691454545454555, "%iowait": 1.1624324324324318, "user+system(%)": 48.198828828828816}