{"I/O wait(%)": 1.1818181818181819, "user+system(%)": 48.60909090909091, "Idle(%)": 50.20909090909091, "Available Memory(Kb)": 5571597.636363637}