Device,kB_read/s,kB_wrtn/s
loop0,0.0,0.0
sda,24.733701657458564,286.0552486187845
