{"Disk Read(KB/s)": 21.602022222222224, "Disk Write(KB/s)": 276.60841111111114}