{"user+system(%)": 38.81441988950275, "%idle": 53.71627777777779, "%iowait": 2.883425414364641}