{"%idle": 80.37827777777774, "%iowait": 0.5608287292817687, "user+system(%)": 6.208563535911601}