{
  "AssignmentsList" : {
    "transaction" : "AssignmentsList",
    "sampleCount" : 140,
    "errorCount" : 0,
    "errorPct" : 0.0,
    "meanResTime" : 131.39285714285717,
    "medianResTime" : 122.5,
    "minResTime" : 37.0,
    "maxResTime" : 370.0,
    "pct1ResTime" : 237.9,
    "pct2ResTime" : 279.6499999999999,
    "pct3ResTime" : 351.14000000000016,
    "throughput" : 29.374737725556024,
    "receivedKBytesPerSec" : 11.275752071968107,
    "sentKBytesPerSec" : 9.55252701426773
  },
  "Get CSRF Token" : {
    "transaction" : "Get CSRF Token",
    "sampleCount" : 140,
    "errorCount" : 0,
    "errorPct" : 0.0,
    "meanResTime" : 59.77142857142857,
    "medianResTime" : 44.0,
    "minResTime" : 31.0,
    "maxResTime" : 246.0,
    "pct1ResTime" : 110.20000000000005,
    "pct2ResTime" : 182.4999999999999,
    "pct3ResTime" : 239.85000000000005,
    "throughput" : 99.1501416430595,
    "receivedKBytesPerSec" : 3312.1334432542494,
    "sentKBytesPerSec" : 13.26520449716714
  },
  "StudentCourses" : {
    "transaction" : "StudentCourses",
    "sampleCount" : 140,
    "errorCount" : 0,
    "errorPct" : 0.0,
    "meanResTime" : 191.2928571428572,
    "medianResTime" : 111.0,
    "minResTime" : 37.0,
    "maxResTime" : 3413.0,
    "pct1ResTime" : 420.10000000000014,
    "pct2ResTime" : 619.0499999999988,
    "pct3ResTime" : 2376.5200000000086,
    "throughput" : 30.27681660899654,
    "receivedKBytesPerSec" : 37.461647112889274,
    "sentKBytesPerSec" : 7.391800929930796
  },
  "GetSubmissionId" : {
    "transaction" : "GetSubmissionId",
    "sampleCount" : 2793,
    "errorCount" : 12,
    "errorPct" : 0.42964554,
    "meanResTime" : 3771.7579663444294,
    "medianResTime" : 3175.0,
    "minResTime" : 7.0,
    "maxResTime" : 15176.0,
    "pct1ResTime" : 7927.799999999999,
    "pct2ResTime" : 9799.199999999999,
    "pct3ResTime" : 12676.439999999993,
    "throughput" : 9.898849564422266,
    "receivedKBytesPerSec" : 436.4750167461741,
    "sentKBytesPerSec" : 2.3004495937945237
  },
  "TestcasesResults" : {
    "transaction" : "TestcasesResults",
    "sampleCount" : 2759,
    "errorCount" : 6,
    "errorPct" : 0.2174701,
    "meanResTime" : 2014.602392171074,
    "medianResTime" : 1229.0,
    "minResTime" : 14.0,
    "maxResTime" : 14726.0,
    "pct1ResTime" : 4900.0,
    "pct2ResTime" : 6622.0,
    "pct3ResTime" : 11353.6,
    "throughput" : 9.805210728514007,
    "receivedKBytesPerSec" : 273.97539876426447,
    "sentKBytesPerSec" : 2.3790897895113745
  },
  "Total" : {
    "transaction" : "Total",
    "sampleCount" : 6252,
    "errorCount" : 18,
    "errorPct" : 0.28790787,
    "meanResTime" : 2649.2477607165665,
    "medianResTime" : 1705.0,
    "minResTime" : 7.0,
    "maxResTime" : 15176.0,
    "pct1ResTime" : 6489.199999999997,
    "pct2ResTime" : 8394.899999999992,
    "pct3ResTime" : 12002.520000000004,
    "throughput" : 20.689312838162053,
    "receivedKBytesPerSec" : 697.7905679416169,
    "sentKBytesPerSec" : 5.099576832073068
  },
  "Course Page" : {
    "transaction" : "Course Page",
    "sampleCount" : 140,
    "errorCount" : 0,
    "errorPct" : 0.0,
    "meanResTime" : 540.4285714285714,
    "medianResTime" : 417.5,
    "minResTime" : 70.0,
    "maxResTime" : 2175.0,
    "pct1ResTime" : 1010.1000000000001,
    "pct2ResTime" : 1556.799999999999,
    "pct3ResTime" : 2104.890000000001,
    "throughput" : 28.985507246376812,
    "receivedKBytesPerSec" : 1133.2864259834369,
    "sentKBytesPerSec" : 8.463541666666666
  },
  "Login" : {
    "transaction" : "Login",
    "sampleCount" : 140,
    "errorCount" : 0,
    "errorPct" : 0.0,
    "meanResTime" : 2436.3214285714294,
    "medianResTime" : 2334.5,
    "minResTime" : 515.0,
    "maxResTime" : 4631.0,
    "pct1ResTime" : 3672.0,
    "pct2ResTime" : 3740.8,
    "pct3ResTime" : 4623.21,
    "throughput" : 27.467137531881498,
    "receivedKBytesPerSec" : 47.03364111241907,
    "sentKBytesPerSec" : 16.320875024524227
  }
}