Device,kB_read/s,kB_wrtn/s
loop0,0.0,0.0
sda,5.578021978021978,442.0615384615385
