{"Disk Write(KB/s)": 393.05252222222225, "Disk Read(KB/s)": 4.655566666666669}