{"%iowait": 6.547955801104975, "user+system(%)": 57.03436464088394, "%idle": 29.260888888888868}