{"user+system(%)": 63.705555555555556, "Idle(%)": 29.75, "I/O wait(%)": 6.55, "Available Memory(Kb)": 9518192.777777778}