Device,kB_read/s,kB_wrtn/s
loop0,0.0,0.0
sda,25.82857142857143,385.59285714285716
