{"Disk Write(KB/s)": 398.40030000000013, "Disk Read(KB/s)": 27.59974444444444}