{"user+system(%)": 31.041491712707185, "%iowait": 2.065856353591159, "%idle": 64.21005555555553}