{"Available Memory(Kb)": 9270084.577777777, "I/O wait(%)": 2.0388888888888888, "user+system(%)": 33.56666666666667, "Idle(%)": 64.37777777777778}