Device,kB_read/s,kB_wrtn/s
loop0,0.0,0.0
sda,17.68421052631579,294.2315789473684
