{"Disk Read(KB/s)": 17.922366666666704, "Disk Write(KB/s)": 289.67679999999996}