{"%idle": 62.44263636363636, "user+system(%)": 34.09756756756757, "%iowait": 1.735675675675675}