{"I/O wait(%)": 1.7454545454545454, "Available Memory(Kb)": 4821168.036363636, "user+system(%)": 35.75454545454546, "Idle(%)": 62.472727272727276}