Device,kB_read/s,kB_wrtn/s
loop0,0.0,0.0
sda,7.923809523809524,831.2507936507936
