{"sys(%)": 4.609090909090909, "user+system(%)": 99.85454545454546, "I/O wait(%)": 0.02727272727272727, "Idle(%)": 0.09090909090909091, "Available Memory(Kb)": 5892784.363636363}