{"%iowait": 1.66707182320442, "%idle": 13.036777777777784, "user+system(%)": 76.62839779005529}