Device,kB_read/s,kB_wrtn/s
loop0,0.0,0.0
sda,2.098360655737705,68.59016393442623
