{"Disk Read(KB/s)": 2.0451666666666664, "Disk Write(KB/s)": 68.39483333333332}