{"%idle": 86.7457272727273, "%sys": 0.5342342342342346, "user+system(%)": 12.757387387387395, "%iowait": 0.02900900900900901, "%guest": 0.0}