{"I/O wait(%)": 0.0, "sys(%)": 0.7727272727272727, "Idle(%)": 86.55454545454545, "Available Memory(Kb)": 2265675.0545454547, "user+system(%)": 13.436363636363636}