Device,kB_read/s,kB_wrtn/s
loop0,0.0,0.0
sda,63.25333333333333,340.61333333333334
