{"Disk Read(KB/s)": 61.98766666666667, "Disk Write(KB/s)": 335.02383333333336}