{"%iowait": 0.8234234234234233, "user+system(%)": 22.900000000000002, "%idle": 75.6822727272727}