{"Idle(%)": 76.16363636363636, "I/O wait(%)": 0.8545454545454545, "Available Memory(Kb)": 6560771.018181819, "user+system(%)": 22.990909090909092}