Device,kB_read/s,kB_wrtn/s
loop0,0.0,0.0
sda,7.779005524861878,139.40331491712706
