{"Disk Write(KB/s)": 135.39203333333347, "Disk Read(KB/s)": 6.749366666666667}