{"%idle": 77.48194444444441, "%iowait": 1.0930386740331477, "user+system(%)": 17.173701657458555}