{
  "AssignmentsList" : {
    "transaction" : "AssignmentsList",
    "sampleCount" : 140,
    "errorCount" : 0,
    "errorPct" : 0.0,
    "meanResTime" : 107.46428571428575,
    "medianResTime" : 96.0,
    "minResTime" : 33.0,
    "maxResTime" : 338.0,
    "pct1ResTime" : 183.70000000000002,
    "pct2ResTime" : 238.69999999999993,
    "pct3ResTime" : 310.5300000000002,
    "throughput" : 21.88183807439825,
    "receivedKBytesPerSec" : 8.399536476242575,
    "sentKBytesPerSec" : 7.1158711706783375
  },
  "Get CSRF Token" : {
    "transaction" : "Get CSRF Token",
    "sampleCount" : 140,
    "errorCount" : 0,
    "errorPct" : 0.0,
    "meanResTime" : 4842.378571428572,
    "medianResTime" : 4954.0,
    "minResTime" : 67.0,
    "maxResTime" : 8679.0,
    "pct1ResTime" : 6633.5,
    "pct2ResTime" : 8091.949999999999,
    "pct3ResTime" : 8677.36,
    "throughput" : 16.130890655605484,
    "receivedKBytesPerSec" : 538.859963705496,
    "sentKBytesPerSec" : 2.158136738103468
  },
  "StudentCourses" : {
    "transaction" : "StudentCourses",
    "sampleCount" : 140,
    "errorCount" : 0,
    "errorPct" : 0.0,
    "meanResTime" : 208.44285714285715,
    "medianResTime" : 173.0,
    "minResTime" : 33.0,
    "maxResTime" : 863.0,
    "pct1ResTime" : 410.6,
    "pct2ResTime" : 489.84999999999974,
    "pct3ResTime" : 807.6500000000004,
    "throughput" : 18.008747105737076,
    "receivedKBytesPerSec" : 22.282307209930536,
    "sentKBytesPerSec" : 4.39666677386159
  },
  "Total" : {
    "transaction" : "Total",
    "sampleCount" : 2949,
    "errorCount" : 18,
    "errorPct" : 0.6103764,
    "meanResTime" : 4177.931163106139,
    "medianResTime" : 3010.0,
    "minResTime" : 26.0,
    "maxResTime" : 37180.0,
    "pct1ResTime" : 8171.0,
    "pct2ResTime" : 10510.5,
    "pct3ResTime" : 33849.0,
    "throughput" : 9.75688838304968,
    "receivedKBytesPerSec" : 363.53211756157197,
    "sentKBytesPerSec" : 10.91189886905786
  },
  "Upload" : {
    "transaction" : "Upload",
    "sampleCount" : 2249,
    "errorCount" : 18,
    "errorPct" : 0.80035573,
    "meanResTime" : 5078.762116496207,
    "medianResTime" : 3824.0,
    "minResTime" : 26.0,
    "maxResTime" : 37180.0,
    "pct1ResTime" : 8925.0,
    "pct2ResTime" : 11701.5,
    "pct3ResTime" : 35958.0,
    "throughput" : 8.15768378365634,
    "receivedKBytesPerSec" : 360.0400760044761,
    "sentKBytesPerSec" : 11.155952508877693
  },
  "Course Page" : {
    "transaction" : "Course Page",
    "sampleCount" : 140,
    "errorCount" : 0,
    "errorPct" : 0.0,
    "meanResTime" : 311.50714285714264,
    "medianResTime" : 205.5,
    "minResTime" : 72.0,
    "maxResTime" : 1799.0,
    "pct1ResTime" : 725.8,
    "pct2ResTime" : 905.3999999999999,
    "pct3ResTime" : 1710.4400000000007,
    "throughput" : 17.923441300729742,
    "receivedKBytesPerSec" : 700.7537947285879,
    "sentKBytesPerSec" : 5.233504832927922
  },
  "Login" : {
    "transaction" : "Login",
    "sampleCount" : 140,
    "errorCount" : 0,
    "errorPct" : 0.0,
    "meanResTime" : 948.6571428571431,
    "medianResTime" : 886.5,
    "minResTime" : 132.0,
    "maxResTime" : 2254.0,
    "pct1ResTime" : 1616.2000000000003,
    "pct2ResTime" : 1866.0999999999995,
    "pct3ResTime" : 2215.8700000000003,
    "throughput" : 16.245068461359946,
    "receivedKBytesPerSec" : 27.817413407983288,
    "sentKBytesPerSec" : 9.652761661638431
  }
}