Device,kB_read/s,kB_wrtn/s
loop0,0.0,0.0
sda,0.0044444444444444444,44.49333333333333
