Device,kB_read/s,kB_wrtn/s
loop0,0.0,0.0
sda,42.928301886792454,366.0867924528302
