{"Disk Read(KB/s)": 43.09119999999999, "Disk Write(KB/s)": 369.58244444444415}