{"user+system(%)": 32.95044198895028, "%iowait": 1.77585635359116, "%idle": 62.13994444444439}