{"user+system(%)": 35.87777777777778, "I/O wait(%)": 1.738888888888889, "Idle(%)": 62.388888888888886, "Available Memory(Kb)": 10243508.466666667}