Device,kB_read/s,kB_wrtn/s
loop0,0.0,0.0
sda,532.7728813559322,35.76949152542373
