{"user+system(%)": 1.2818181818181817, "Available Memory(Kb)": 8267246.109090909, "I/O wait(%)": 0.05454545454545454, "sys(%)": 0.2, "Idle(%)": 98.23636363636363}