Device,kB_read/s,kB_wrtn/s
loop0,0.0,0.0
sda,24.59016393442623,305.82295081967214
