Device,kB_read/s,kB_wrtn/s
loop0,0.0,0.0
sda,664.5508196721312,885.2065573770492
