{"%iowait": 1.7363063063063053, "%sys": 7.235225225225228, "%guest": 0.0, "%idle": 15.730818181818186, "user+system(%)": 80.82477477477477}