{"sys(%)": 7.927272727272728, "Available Memory(Kb)": 854160.9090909091, "I/O wait(%)": 2.0545454545454547, "Idle(%)": 15.918181818181818, "user+system(%)": 81.94545454545455}