Device,kB_read/s,kB_wrtn/s
loop0,0.0,0.0
sda,430.72786885245904,64.48524590163935
