{"Disk Write(KB/s)": 63.809633333333316, "Disk Read(KB/s)": 400.3970999999999}