{"%idle": 94.65372727272725, "user+system(%)": 3.855045045045043, "%iowait": 0.3992792792792793}