{"I/O wait(%)": 0.5363636363636364, "Idle(%)": 94.39090909090909, "user+system(%)": 5.072727272727272, "Available Memory(Kb)": 10703708.763636364}