{"Disk Write(KB/s)": 521.2095666666668, "Disk Read(KB/s)": 0.05076666666666667}