{"%iowait": 1.9987387387387379, "%idle": 64.91727272727275, "user+system(%)": 31.95675675675676, "%guest": 0.0, "%sys": 3.5811711711711705}