{"I/O wait(%)": 2.0272727272727273, "Available Memory(Kb)": 8879236.61818182, "user+system(%)": 33.236363636363635, "Idle(%)": 64.74545454545455, "sys(%)": 4.172727272727273}