Device,kB_read/s,kB_wrtn/s
loop0,0.0,0.0
sda,17.86813186813187,375.6703296703297
