Device,kB_read/s,kB_wrtn/s
loop0,0.0,0.0
sda,137.10270270270271,454.4972972972973
