{"Disk Read(KB/s)": 117.23099999999997, "Disk Write(KB/s)": 447.0004888888884}