{"user+system(%)": 17.87685082872927, "%idle": 80.49077777777778, "%iowait": 0.922375690607735}