{"Available Memory(Kb)": 3173413.933333333, "user+system(%)": 18.455555555555556, "I/O wait(%)": 0.8611111111111112, "Idle(%)": 80.57222222222222}