Device,kB_read/s,kB_wrtn/s
loop0,0.0,0.0
sda,12.857142857142858,658.9626373626373
