{"Disk Write(KB/s)": 591.0170000000003, "Disk Read(KB/s)": 57.278933333333335}