{"%idle": 27.20277777777776, "user+system(%)": 66.3748066298343, "%iowait": 2.478950276243093}