{"I/O wait(%)": 2.45, "Idle(%)": 27.511111111111113, "user+system(%)": 69.9888888888889, "Available Memory(Kb)": 7719274.333333333}