{"user+system(%)": 3.7178884462151394, "%iowait": 18.835418326693226, "%idle": 76.00756}