{"%iowait": 0.2716574585635365, "user+system(%)": 2.8667403314917133, "%idle": 90.46261111111113}