{"Available Memory(Kb)": 7746975.088888889, "Idle(%)": 90.43333333333334, "user+system(%)": 9.338888888888889, "I/O wait(%)": 0.14444444444444443}