Device,kB_read/s,kB_wrtn/s
loop0,0.0,0.0
sda,25.467403314917128,247.15138121546963
