{"Disk Write(KB/s)": 238.44465555555587, "Disk Read(KB/s)": 22.33852222222222}