{"%idle": 69.99166666666669, "user+system(%)": 24.60121546961326, "%iowait": 1.959005524861879}