{"user+system(%)": 28.2, "I/O wait(%)": 1.9333333333333333, "Idle(%)": 69.97222222222223, "Available Memory(Kb)": 8790785.51111111}