Device,kB_read/s,kB_wrtn/s
loop0,0.0,0.0
sda,1005.0983050847458,7871.403389830509
