{"Disk Read(KB/s)": 928.5145000000003, "Disk Write(KB/s)": 6060.259000000001}