{"user+system(%)": 20.399009009009003, "%idle": 19.841454545454543, "%sys": 6.2956756756756755, "%iowait": 5.558288288288289, "%guest": 53.110180180180215}