{"Idle(%)": 19.87272727272727, "sys(%)": 6.2727272727272725, "Available Memory(Kb)": 289165.3090909091, "I/O wait(%)": 5.681818181818182, "user+system(%)": 74.31818181818181}