Device,kB_read/s,kB_wrtn/s
loop0,0.0,0.0
sda,1273.883870967742,233.45806451612904
