{"Disk Read(KB/s)": 1247.5120000000002, "Disk Write(KB/s)": 227.98616666666672}