{"%iowait": 49.512432432432426, "user+system(%)": 2.235045045045045, "%idle": 40.59818181818179}