{"user+system(%)": 9.327272727272728, "Available Memory(Kb)": 5614720.945454545, "Idle(%)": 40.663636363636364, "I/O wait(%)": 49.99090909090909}