Device,kB_read/s,kB_wrtn/s
loop0,0.0,0.0
sda,14.360220994475139,177.04309392265193
