{"Disk Read(KB/s)": 10.118799999999998, "Disk Write(KB/s)": 140.27992222222232}