{"%iowait": 0.9947513812154697, "user+system(%)": 77.53795580110499, "%idle": 9.648722222222226}