{"Disk Read(KB/s)": 14.642877777777779, "Disk Write(KB/s)": 70.8144666666666}