Device,kB_read/s,kB_wrtn/s
loop0,0.0,0.0
sda,13.417241379310346,311.1862068965517
