{"Disk Read(KB/s)": 14.271022222222216, "Disk Write(KB/s)": 326.34209999999973}