{"%iowait": 1.5068508287292814, "%idle": 67.83272222222222, "user+system(%)": 27.65497237569061}