{"user+system(%)": 30.594444444444445, "I/O wait(%)": 1.461111111111111, "Idle(%)": 67.85555555555555, "Available Memory(Kb)": 10165928.2}