{"user+system(%)": 6.965585585585587, "%idle": 54.0610909090909, "%iowait": 9.566846846846847}