{"I/O wait(%)": 9.645454545454545, "user+system(%)": 36.29090909090909, "Available Memory(Kb)": 3230711.7818181817, "Idle(%)": 54.17272727272727}