{"Available Memory(Kb)": 6980142.222222222, "I/O wait(%)": 1.25, "user+system(%)": 68.01666666666667, "Idle(%)": 30.7}