{"%idle": 2.8108181818181817, "user+system(%)": 95.00450450450454, "%guest": 0.0, "%sys": 8.575405405405405, "%iowait": 0.4405405405405406}