{"Idle(%)": 3.0454545454545454, "Available Memory(Kb)": 6653109.890909091, "sys(%)": 9.309090909090909, "I/O wait(%)": 0.42727272727272725, "user+system(%)": 96.42727272727272}