{"Disk Read(KB/s)": 14.056244444444445, "Disk Write(KB/s)": 78.87003333333334}