{"I/O wait(%)": 0.40555555555555556, "user+system(%)": 17.83888888888889, "Idle(%)": 81.53333333333333, "Available Memory(Kb)": 2882875.3333333335}