Device,kB_read/s,kB_wrtn/s
loop0,0.0,0.0
sda,192.96695652173912,394.41391304347826
