{"Disk Write(KB/s)": 399.672522222222, "Disk Read(KB/s)": 204.93750000000017}