{"%iowait": 4.406022099447516, "%idle": 66.05977777777774, "user+system(%)": 26.896132596685096}