{"Available Memory(Kb)": 10570812.311111111, "Idle(%)": 66.22222222222223, "user+system(%)": 29.405555555555555, "I/O wait(%)": 4.4222222222222225}