{"%iowait": 3.0563535911602213, "user+system(%)": 31.773370165745895, "%idle": 58.58772222222224}