Device,kB_read/s,kB_wrtn/s
loop0,0.0,0.0
sda,11.251612903225807,681.6645161290322
