{"Disk Read(KB/s)": 11.40216666666666, "Disk Write(KB/s)": 669.6319999999998}