{"%iowait": 0.049459459459459475, "user+system(%)": 97.6997297297297, "%idle": 0.6586363636363638, "%sys": 4.07189189189189, "%guest": 0.0}