{"user+system(%)": 99.27272727272727, "sys(%)": 4.709090909090909, "Available Memory(Kb)": 7118233.6, "Idle(%)": 0.6636363636363637, "I/O wait(%)": 0.06363636363636363}