Device,kB_read/s,kB_wrtn/s
loop0,0.0,0.0
sda,8.863436123348018,412.2466960352423
