{"Disk Read(KB/s)": 8.979011111111129, "Disk Write(KB/s)": 433.1790777777777}