{"user+system(%)": 15.138232044198887, "%idle": 83.08655555555556, "%iowait": 1.1113259668508289}