{"Idle(%)": 83.15, "Available Memory(Kb)": 9918557.08888889, "I/O wait(%)": 1.0555555555555556, "user+system(%)": 15.8}