Device,kB_read/s,kB_wrtn/s
loop0,0.0,0.0
sda,17.419607843137253,331.30980392156863
