{"Disk Write(KB/s)": 284.6148333333333, "Disk Read(KB/s)": 8.083966666666663}