{"%idle": 52.90581818181817, "user+system(%)": 43.24567567567573, "%iowait": 1.8226126126126112}