{"Idle(%)": 52.96363636363636, "Available Memory(Kb)": 9195530.036363637, "user+system(%)": 45.19090909090909, "I/O wait(%)": 1.8454545454545455}