Device,kB_read/s,kB_wrtn/s
loop0,0.0,0.0
sda,37.12786885245902,514.0196721311476
