{"Disk Read(KB/s)": 35.96743333333331, "Disk Write(KB/s)": 510.2277666666664}