{"user+system(%)": 52.5, "I/O wait(%)": 3.1272727272727274, "Available Memory(Kb)": 9888633.345454546, "Idle(%)": 44.336363636363636}