Device,kB_read/s,kB_wrtn/s
loop0,0.0,0.0
sda,40.61639344262295,28.052459016393442
