{"%idle": 83.34818181818177, "%guest": 0.0, "user+system(%)": 13.975585585585568, "%sys": 2.8772072072072072, "%iowait": 0.9726126126126126}