Device,kB_read/s,kB_wrtn/s
loop0,0.0,0.0
sda,64.3099099099099,415.8774774774775
