{"Disk Write(KB/s)": 420.2100333333335, "Disk Read(KB/s)": 42.3705222222222}