{"%iowait": 2.02889502762431, "user+system(%)": 31.435469613259674, "%idle": 63.831444444444394}