{"Idle(%)": 63.916666666666664, "I/O wait(%)": 2.0444444444444443, "user+system(%)": 34.00555555555555, "Available Memory(Kb)": 10084298.955555556}