Device,kB_read/s,kB_wrtn/s
loop0,0.0,0.0
sda,65.30869565217391,497.38260869565215
