{"Disk Write(KB/s)": 463.8373777777776, "Disk Read(KB/s)": 58.20837777777777}