{"%idle": 78.27883333333331, "%iowait": 1.6391160220994478, "user+system(%)": 18.09364640883978}