{"Available Memory(Kb)": 8138819.155555556, "I/O wait(%)": 1.6111111111111112, "Idle(%)": 78.34444444444445, "user+system(%)": 19.92222222222222}