Device,kB_read/s,kB_wrtn/s
loop0,0.0,0.0
sda,0.02622950819672131,58.09836065573771
