{"Disk Write(KB/s)": 57.72199999999997, "Disk Read(KB/s)": 0.026166666666666668}