{"%iowait": 0.018018018018018025, "%idle": 42.665818181818175, "user+system(%)": 56.17927927927928}