{"I/O wait(%)": 0.0, "user+system(%)": 57.35454545454545, "Idle(%)": 42.68181818181818, "Available Memory(Kb)": 3385737.8545454545}