Device,kB_read/s,kB_wrtn/s
loop0,0.0,0.0
sda,129.59298245614036,350.9122807017544
