{"Disk Write(KB/s)": 361.9475000000003, "Disk Read(KB/s)": 140.2154222222222}