{"%iowait": 2.1807182320441996, "%idle": 60.80205555555556, "user+system(%)": 33.84999999999999}