{"I/O wait(%)": 2.1777777777777776, "user+system(%)": 36.61666666666667, "Idle(%)": 61.16111111111111, "Available Memory(Kb)": 11402283.622222222}