Device,kB_read/s,kB_wrtn/s
loop0,0.0,0.0
sda,2.825806451612903,806.9548387096775
