{"user+system(%)": 63.07272727272727, "Idle(%)": 34.25454545454546, "Available Memory(Kb)": 5577892.509090909, "I/O wait(%)": 2.7363636363636363}