Device,kB_read/s,kB_wrtn/s
loop0,0.0,0.0
sda,230.89032258064515,1007.1225806451613
