Device,kB_read/s,kB_wrtn/s
loop0,0.0,0.0
sda,7.121311475409836,760.0262295081967
