{"Disk Write(KB/s)": 746.1233333333337, "Disk Read(KB/s)": 5.788333333333335}