{"user+system(%)": 97.06099099099097, "%iowait": 0.17549549549549548, "%idle": 0.9684545454545459}