{"I/O wait(%)": 0.18181818181818182, "Available Memory(Kb)": 2654299.381818182, "Idle(%)": 1.0272727272727273, "user+system(%)": 98.75454545454545}