{"%guest": 62.634324324324325, "%iowait": 0.047207207207207176, "%sys": 5.12711711711712, "%idle": 24.766363636363632, "user+system(%)": 11.58009009009009}