{"Available Memory(Kb)": 688949.490909091, "I/O wait(%)": 0.00909090909090909, "sys(%)": 5.154545454545454, "Idle(%)": 25.21818181818182, "user+system(%)": 74.64545454545454}