Device,kB_read/s,kB_wrtn/s
loop0,0.0,0.0
sda,5.812244897959184,701.1265306122449
