{"Disk Read(KB/s)": 4.826133333333333, "Disk Write(KB/s)": 692.1436999999996}