{"%idle": 32.45754545454545, "user+system(%)": 62.997567567567586, "%iowait": 2.015765765765765}