{"user+system(%)": 66.17272727272727, "Available Memory(Kb)": 4219710.036363636, "I/O wait(%)": 2.0, "Idle(%)": 31.79090909090909}