Device,kB_read/s,kB_wrtn/s
loop0,0.0,0.0
sda,15.987096774193548,1063.832258064516
