{"Disk Read(KB/s)": 16.067666666666657, "Disk Write(KB/s)": 1041.8766666666668}