{"%idle": 0.5113636363636366, "%iowait": 0.06792792792792794, "user+system(%)": 97.62738738738743}