{"I/O wait(%)": 0.06363636363636363, "Idle(%)": 0.4909090909090909, "user+system(%)": 99.4090909090909, "Available Memory(Kb)": 5834394.69090909}