Device,kB_read/s,kB_wrtn/s
loop0,0.0,0.0
sda,230.727868852459,975.8032786885246
