{"Disk Read(KB/s)": 216.92883333333336, "Disk Write(KB/s)": 958.9051666666667}