{"%sys": 4.417927927927926, "user+system(%)": 13.091171171171172, "%guest": 73.43081081081081, "%idle": 9.91636363636364, "%iowait": 2.349369369369369}