{"sys(%)": 4.509090909090909, "I/O wait(%)": 2.3454545454545452, "user+system(%)": 87.74545454545455, "Available Memory(Kb)": 314557.89090909093, "Idle(%)": 9.809090909090909}