{
  "AssignmentsList" : {
    "transaction" : "AssignmentsList",
    "sampleCount" : 80,
    "errorCount" : 0,
    "errorPct" : 0.0,
    "meanResTime" : 50.77499999999999,
    "medianResTime" : 46.0,
    "minResTime" : 25.0,
    "maxResTime" : 133.0,
    "pct1ResTime" : 74.9,
    "pct2ResTime" : 88.60000000000002,
    "pct3ResTime" : 133.0,
    "throughput" : 44.56824512534819,
    "receivedKBytesPerSec" : 17.09936455431755,
    "sentKBytesPerSec" : 14.40633704735376
  },
  "Get CSRF Token" : {
    "transaction" : "Get CSRF Token",
    "sampleCount" : 80,
    "errorCount" : 0,
    "errorPct" : 0.0,
    "meanResTime" : 38.74999999999999,
    "medianResTime" : 29.0,
    "minResTime" : 23.0,
    "maxResTime" : 142.0,
    "pct1ResTime" : 51.900000000000006,
    "pct2ResTime" : 141.0,
    "pct3ResTime" : 142.0,
    "throughput" : 52.390307793058284,
    "receivedKBytesPerSec" : 1400.101557383759,
    "sentKBytesPerSec" : 6.906925343811396
  },
  "StudentCourses" : {
    "transaction" : "StudentCourses",
    "sampleCount" : 80,
    "errorCount" : 0,
    "errorPct" : 0.0,
    "meanResTime" : 116.52499999999999,
    "medianResTime" : 84.5,
    "minResTime" : 28.0,
    "maxResTime" : 352.0,
    "pct1ResTime" : 247.50000000000003,
    "pct2ResTime" : 316.8,
    "pct3ResTime" : 352.0,
    "throughput" : 48.98958971218616,
    "receivedKBytesPerSec" : 61.12934399877526,
    "sentKBytesPerSec" : 11.864666258420085
  },
  "GetSubmissionId" : {
    "transaction" : "GetSubmissionId",
    "sampleCount" : 479,
    "errorCount" : 0,
    "errorPct" : 0.0,
    "meanResTime" : 1518.8121085594992,
    "medianResTime" : 876.0,
    "minResTime" : 251.0,
    "maxResTime" : 17073.0,
    "pct1ResTime" : 2652.0,
    "pct2ResTime" : 5382.0,
    "pct3ResTime" : 13689.799999999988,
    "throughput" : 1.7650006632570343,
    "receivedKBytesPerSec" : 78.61894153274095,
    "sentKBytesPerSec" : 0.4085011300702316
  },
  "TestcasesResults" : {
    "transaction" : "TestcasesResults",
    "sampleCount" : 426,
    "errorCount" : 1,
    "errorPct" : 0.23474178,
    "meanResTime" : 25792.706572769966,
    "medianResTime" : 27498.5,
    "minResTime" : 5575.0,
    "maxResTime" : 35675.0,
    "pct1ResTime" : 29939.7,
    "pct2ResTime" : 31982.299999999996,
    "pct3ResTime" : 34537.97,
    "throughput" : 1.4427082275008636,
    "receivedKBytesPerSec" : 41.72816525337986,
    "sentKBytesPerSec" : 0.3485856972073774
  },
  "Total" : {
    "transaction" : "Total",
    "sampleCount" : 2266,
    "errorCount" : 3,
    "errorPct" : 0.13239188,
    "meanResTime" : 6814.61297440423,
    "medianResTime" : 2001.0,
    "minResTime" : 23.0,
    "maxResTime" : 35675.0,
    "pct1ResTime" : 27497.1,
    "pct2ResTime" : 28426.95,
    "pct3ResTime" : 32731.94,
    "throughput" : 6.791324128381801,
    "receivedKBytesPerSec" : 221.0484242427194,
    "sentKBytesPerSec" : 3.345517020831023
  },
  "Upload" : {
    "transaction" : "Upload",
    "sampleCount" : 482,
    "errorCount" : 0,
    "errorPct" : 0.0,
    "meanResTime" : 4490.742738589211,
    "medianResTime" : 1593.5,
    "minResTime" : 588.0,
    "maxResTime" : 34944.0,
    "pct1ResTime" : 17228.299999999992,
    "pct2ResTime" : 23305.899999999998,
    "pct3ResTime" : 33450.14000000001,
    "throughput" : 1.7577256051754444,
    "receivedKBytesPerSec" : 78.70429645619544,
    "sentKBytesPerSec" : 2.4227131789306315
  },
  "Course Page" : {
    "transaction" : "Course Page",
    "sampleCount" : 80,
    "errorCount" : 0,
    "errorPct" : 0.0,
    "meanResTime" : 165.7125,
    "medianResTime" : 127.0,
    "minResTime" : 51.0,
    "maxResTime" : 479.0,
    "pct1ResTime" : 370.70000000000005,
    "pct2ResTime" : 420.8,
    "pct3ResTime" : 479.0,
    "throughput" : 43.40748779164406,
    "receivedKBytesPerSec" : 1405.5526824470971,
    "sentKBytesPerSec" : 12.589867064568638
  },
  "Login" : {
    "transaction" : "Login",
    "sampleCount" : 80,
    "errorCount" : 0,
    "errorPct" : 0.0,
    "meanResTime" : 342.7374999999999,
    "medianResTime" : 283.0,
    "minResTime" : 112.0,
    "maxResTime" : 876.0,
    "pct1ResTime" : 618.1000000000001,
    "pct2ResTime" : 715.3500000000003,
    "pct3ResTime" : 876.0,
    "throughput" : 46.592894583576005,
    "receivedKBytesPerSec" : 79.85403319743739,
    "sentKBytesPerSec" : 27.573529411764703
  },
  "RunPractice" : {
    "transaction" : "RunPractice",
    "sampleCount" : 479,
    "errorCount" : 2,
    "errorPct" : 0.41753653,
    "meanResTime" : 3141.985386221293,
    "medianResTime" : 2485.0,
    "minResTime" : 327.0,
    "maxResTime" : 17431.0,
    "pct1ResTime" : 5066.0,
    "pct2ResTime" : 6595.0,
    "pct3ResTime" : 9285.399999999996,
    "throughput" : 1.7582498256432846,
    "receivedKBytesPerSec" : 49.625376816980506,
    "sentKBytesPerSec" : 0.41036917740336964
  }
}