{
  "AssignmentsList" : {
    "transaction" : "AssignmentsList",
    "sampleCount" : 40,
    "errorCount" : 0,
    "errorPct" : 0.0,
    "meanResTime" : 45.175,
    "medianResTime" : 44.0,
    "minResTime" : 25.0,
    "maxResTime" : 83.0,
    "pct1ResTime" : 60.8,
    "pct2ResTime" : 76.39999999999995,
    "pct3ResTime" : 83.0,
    "throughput" : 42.23864836325237,
    "receivedKBytesPerSec" : 16.375725976768745,
    "sentKBytesPerSec" : 13.653313093980993
  },
  "Get CSRF Token" : {
    "transaction" : "Get CSRF Token",
    "sampleCount" : 40,
    "errorCount" : 0,
    "errorPct" : 0.0,
    "meanResTime" : 43.27500000000002,
    "medianResTime" : 29.0,
    "minResTime" : 23.0,
    "maxResTime" : 134.0,
    "pct1ResTime" : 131.79999999999995,
    "pct2ResTime" : 134.0,
    "pct3ResTime" : 134.0,
    "throughput" : 50.441361916771754,
    "receivedKBytesPerSec" : 1348.0170732187894,
    "sentKBytesPerSec" : 6.649984237074401
  },
  "StudentCourses" : {
    "transaction" : "StudentCourses",
    "sampleCount" : 40,
    "errorCount" : 0,
    "errorPct" : 0.0,
    "meanResTime" : 70.75000000000001,
    "medianResTime" : 60.0,
    "minResTime" : 27.0,
    "maxResTime" : 202.0,
    "pct1ResTime" : 130.7,
    "pct2ResTime" : 162.7499999999999,
    "pct3ResTime" : 202.0,
    "throughput" : 51.61290322580645,
    "receivedKBytesPerSec" : 64.3649193548387,
    "sentKBytesPerSec" : 12.5
  },
  "GetSubmissionId" : {
    "transaction" : "GetSubmissionId",
    "sampleCount" : 348,
    "errorCount" : 0,
    "errorPct" : 0.0,
    "meanResTime" : 1271.3965517241375,
    "medianResTime" : 824.0,
    "minResTime" : 245.0,
    "maxResTime" : 36247.0,
    "pct1ResTime" : 2452.2,
    "pct2ResTime" : 3194.650000000003,
    "pct3ResTime" : 6423.999999999996,
    "throughput" : 1.278542168010728,
    "receivedKBytesPerSec" : 54.43317432881128,
    "sentKBytesPerSec" : 0.29591259161967043
  },
  "TestcasesResults" : {
    "transaction" : "TestcasesResults",
    "sampleCount" : 323,
    "errorCount" : 3,
    "errorPct" : 0.9287926,
    "meanResTime" : 12247.160990712076,
    "medianResTime" : 9638.0,
    "minResTime" : 5264.0,
    "maxResTime" : 42206.0,
    "pct1ResTime" : 20890.600000000002,
    "pct2ResTime" : 22202.8,
    "pct3ResTime" : 37249.559999999954,
    "throughput" : 1.1253296728182367,
    "receivedKBytesPerSec" : 32.34141518045341,
    "sentKBytesPerSec" : 0.27000944162047474
  },
  "Total" : {
    "transaction" : "Total",
    "sampleCount" : 1564,
    "errorCount" : 5,
    "errorPct" : 0.3196931,
    "meanResTime" : 4155.4833759590765,
    "medianResTime" : 2128.5,
    "minResTime" : 23.0,
    "maxResTime" : 42206.0,
    "pct1ResTime" : 11443.5,
    "pct2ResTime" : 17679.25,
    "pct3ResTime" : 23836.14999999998,
    "throughput" : 4.795221947645007,
    "receivedKBytesPerSec" : 157.1644550675976,
    "sentKBytesPerSec" : 2.2955976522498296
  },
  "Upload" : {
    "transaction" : "Upload",
    "sampleCount" : 353,
    "errorCount" : 2,
    "errorPct" : 0.56657225,
    "meanResTime" : 2884.9660056657262,
    "medianResTime" : 1531.0,
    "minResTime" : 462.0,
    "maxResTime" : 31175.0,
    "pct1ResTime" : 6138.6000000000095,
    "pct2ResTime" : 13385.9,
    "pct3ResTime" : 17416.62,
    "throughput" : 1.2866166356250661,
    "receivedKBytesPerSec" : 54.76485247190765,
    "sentKBytesPerSec" : 1.6322645830979396
  },
  "Course Page" : {
    "transaction" : "Course Page",
    "sampleCount" : 40,
    "errorCount" : 0,
    "errorPct" : 0.0,
    "meanResTime" : 126.07500000000002,
    "medianResTime" : 110.5,
    "minResTime" : 55.0,
    "maxResTime" : 309.0,
    "pct1ResTime" : 257.29999999999995,
    "pct2ResTime" : 271.75,
    "pct3ResTime" : 309.0,
    "throughput" : 40.774719673802245,
    "receivedKBytesPerSec" : 1320.1960292431193,
    "sentKBytesPerSec" : 11.826261467889909
  },
  "Login" : {
    "transaction" : "Login",
    "sampleCount" : 40,
    "errorCount" : 0,
    "errorPct" : 0.0,
    "meanResTime" : 267.92499999999995,
    "medianResTime" : 250.5,
    "minResTime" : 112.0,
    "maxResTime" : 512.0,
    "pct1ResTime" : 411.5,
    "pct2ResTime" : 502.0999999999999,
    "pct3ResTime" : 512.0,
    "throughput" : 47.00352526439483,
    "receivedKBytesPerSec" : 80.55779964747356,
    "sentKBytesPerSec" : 27.81653936545241
  },
  "RunPractice" : {
    "transaction" : "RunPractice",
    "sampleCount" : 340,
    "errorCount" : 0,
    "errorPct" : 0.0,
    "meanResTime" : 3118.752941176473,
    "medianResTime" : 2367.0,
    "minResTime" : 127.0,
    "maxResTime" : 35345.0,
    "pct1ResTime" : 4449.600000000002,
    "pct2ResTime" : 5890.7,
    "pct3ResTime" : 17786.78999999986,
    "throughput" : 1.2400929340234086,
    "receivedKBytesPerSec" : 35.15374245914076,
    "sentKBytesPerSec" : 0.2906467814117364
  }
}