{
  "AssignmentsList" : {
    "transaction" : "AssignmentsList",
    "sampleCount" : 20,
    "errorCount" : 0,
    "errorPct" : 0.0,
    "meanResTime" : 44.25000000000001,
    "medianResTime" : 41.5,
    "minResTime" : 29.0,
    "maxResTime" : 86.0,
    "pct1ResTime" : 61.900000000000006,
    "pct2ResTime" : 84.79999999999998,
    "pct3ResTime" : 86.0,
    "throughput" : 49.62779156327544,
    "receivedKBytesPerSec" : 19.24046215880893,
    "sentKBytesPerSec" : 16.041795905707193
  },
  "Get CSRF Token" : {
    "transaction" : "Get CSRF Token",
    "sampleCount" : 20,
    "errorCount" : 0,
    "errorPct" : 0.0,
    "meanResTime" : 58.55,
    "medianResTime" : 32.5,
    "minResTime" : 24.0,
    "maxResTime" : 141.0,
    "pct1ResTime" : 141.0,
    "pct2ResTime" : 141.0,
    "pct3ResTime" : 141.0,
    "throughput" : 45.662100456621005,
    "receivedKBytesPerSec" : 1220.3017979452054,
    "sentKBytesPerSec" : 6.019905821917808
  },
  "StudentCourses" : {
    "transaction" : "StudentCourses",
    "sampleCount" : 20,
    "errorCount" : 0,
    "errorPct" : 0.0,
    "meanResTime" : 51.35,
    "medianResTime" : 46.0,
    "minResTime" : 22.0,
    "maxResTime" : 92.0,
    "pct1ResTime" : 86.9,
    "pct2ResTime" : 91.75,
    "pct3ResTime" : 92.0,
    "throughput" : 43.38394793926247,
    "receivedKBytesPerSec" : 54.10283351409978,
    "sentKBytesPerSec" : 10.50704989154013
  },
  "GetSubmissionId" : {
    "transaction" : "GetSubmissionId",
    "sampleCount" : 212,
    "errorCount" : 0,
    "errorPct" : 0.0,
    "meanResTime" : 743.6132075471697,
    "medianResTime" : 624.5,
    "minResTime" : 242.0,
    "maxResTime" : 2769.0,
    "pct1ResTime" : 1324.7,
    "pct2ResTime" : 1673.75,
    "pct3ResTime" : 2536.4000000000005,
    "throughput" : 0.7820483025494036,
    "receivedKBytesPerSec" : 33.294576753245316,
    "sentKBytesPerSec" : 0.18100141377364126
  },
  "TestcasesResults" : {
    "transaction" : "TestcasesResults",
    "sampleCount" : 205,
    "errorCount" : 0,
    "errorPct" : 0.0,
    "meanResTime" : 8422.50243902439,
    "medianResTime" : 8597.0,
    "minResTime" : 5202.0,
    "maxResTime" : 13422.0,
    "pct1ResTime" : 11765.6,
    "pct2ResTime" : 12156.899999999998,
    "pct3ResTime" : 13271.539999999999,
    "throughput" : 0.776156473144986,
    "receivedKBytesPerSec" : 22.5010578977234,
    "sentKBytesPerSec" : 0.1879753958398013
  },
  "Total" : {
    "transaction" : "Total",
    "sampleCount" : 945,
    "errorCount" : 0,
    "errorPct" : 0.0,
    "meanResTime" : 2945.977777777779,
    "medianResTime" : 1955.0,
    "minResTime" : 22.0,
    "maxResTime" : 13422.0,
    "pct1ResTime" : 8688.0,
    "pct2ResTime" : 11063.8,
    "pct3ResTime" : 12233.579999999998,
    "throughput" : 3.1199651356276905,
    "receivedKBytesPerSec" : 103.90062317795687,
    "sentKBytesPerSec" : 1.5037369165747736
  },
  "Upload" : {
    "transaction" : "Upload",
    "sampleCount" : 216,
    "errorCount" : 0,
    "errorPct" : 0.0,
    "meanResTime" : 1512.731481481482,
    "medianResTime" : 1181.0,
    "minResTime" : 455.0,
    "maxResTime" : 6957.0,
    "pct1ResTime" : 2698.0,
    "pct2ResTime" : 3734.1499999999983,
    "pct3ResTime" : 6133.279999999995,
    "throughput" : 0.7879674452709186,
    "receivedKBytesPerSec" : 33.72192794726273,
    "sentKBytesPerSec" : 1.00494848001627
  },
  "Course Page" : {
    "transaction" : "Course Page",
    "sampleCount" : 20,
    "errorCount" : 0,
    "errorPct" : 0.0,
    "meanResTime" : 97.55,
    "medianResTime" : 101.5,
    "minResTime" : 59.0,
    "maxResTime" : 145.0,
    "pct1ResTime" : 133.4,
    "pct2ResTime" : 144.45,
    "pct3ResTime" : 145.0,
    "throughput" : 42.19409282700422,
    "receivedKBytesPerSec" : 1366.2026964662448,
    "sentKBytesPerSec" : 12.237935126582279
  },
  "Login" : {
    "transaction" : "Login",
    "sampleCount" : 20,
    "errorCount" : 0,
    "errorPct" : 0.0,
    "meanResTime" : 214.25000000000003,
    "medianResTime" : 150.5,
    "minResTime" : 120.0,
    "maxResTime" : 552.0,
    "pct1ResTime" : 456.20000000000005,
    "pct2ResTime" : 547.2499999999999,
    "pct3ResTime" : 552.0,
    "throughput" : 36.166365280289334,
    "receivedKBytesPerSec" : 61.98434674502712,
    "sentKBytesPerSec" : 21.403141952983724
  },
  "RunPractice" : {
    "transaction" : "RunPractice",
    "sampleCount" : 212,
    "errorCount" : 0,
    "errorPct" : 0.0,
    "meanResTime" : 2658.5896226415102,
    "medianResTime" : 2241.5,
    "minResTime" : 2069.0,
    "maxResTime" : 6431.0,
    "pct1ResTime" : 3868.1,
    "pct2ResTime" : 4734.849999999999,
    "pct3ResTime" : 6025.710000000002,
    "throughput" : 0.7792828392361558,
    "receivedKBytesPerSec" : 22.08690772666287,
    "sentKBytesPerSec" : 0.182644415445974
  }
}