{
  "AssignmentsList" : {
    "transaction" : "AssignmentsList",
    "sampleCount" : 60,
    "errorCount" : 0,
    "errorPct" : 0.0,
    "meanResTime" : 51.583333333333336,
    "medianResTime" : 44.5,
    "minResTime" : 26.0,
    "maxResTime" : 127.0,
    "pct1ResTime" : 86.8,
    "pct2ResTime" : 108.09999999999992,
    "pct3ResTime" : 127.0,
    "throughput" : 41.293874741913285,
    "receivedKBytesPerSec" : 15.935510581555402,
    "sentKBytesPerSec" : 13.347922401927047
  },
  "Get CSRF Token" : {
    "transaction" : "Get CSRF Token",
    "sampleCount" : 60,
    "errorCount" : 0,
    "errorPct" : 0.0,
    "meanResTime" : 39.15,
    "medianResTime" : 30.0,
    "minResTime" : 24.0,
    "maxResTime" : 125.0,
    "pct1ResTime" : 65.89999999999998,
    "pct2ResTime" : 124.0,
    "pct3ResTime" : 125.0,
    "throughput" : 49.87531172069826,
    "receivedKBytesPerSec" : 1332.89822319202,
    "sentKBytesPerSec" : 6.575358478802992
  },
  "StudentCourses" : {
    "transaction" : "StudentCourses",
    "sampleCount" : 60,
    "errorCount" : 0,
    "errorPct" : 0.0,
    "meanResTime" : 93.5,
    "medianResTime" : 77.0,
    "minResTime" : 26.0,
    "maxResTime" : 271.0,
    "pct1ResTime" : 176.39999999999998,
    "pct2ResTime" : 217.34999999999985,
    "pct3ResTime" : 271.0,
    "throughput" : 46.43962848297214,
    "receivedKBytesPerSec" : 57.92859907120743,
    "sentKBytesPerSec" : 11.247097523219814
  },
  "GetSubmissionId" : {
    "transaction" : "GetSubmissionId",
    "sampleCount" : 427,
    "errorCount" : 0,
    "errorPct" : 0.0,
    "meanResTime" : 1727.5925058548016,
    "medianResTime" : 838.0,
    "minResTime" : 267.0,
    "maxResTime" : 40608.0,
    "pct1ResTime" : 3788.9999999999986,
    "pct2ResTime" : 6198.4,
    "pct3ResTime" : 15438.07999999993,
    "throughput" : 1.571846643720896,
    "receivedKBytesPerSec" : 68.24790548903941,
    "sentKBytesPerSec" : 0.36379653765805897
  },
  "TestcasesResults" : {
    "transaction" : "TestcasesResults",
    "sampleCount" : 383,
    "errorCount" : 3,
    "errorPct" : 0.7832898,
    "meanResTime" : 17923.712793733677,
    "medianResTime" : 17787.0,
    "minResTime" : 5427.0,
    "maxResTime" : 52923.0,
    "pct1ResTime" : 22614.4,
    "pct2ResTime" : 29572.999999999993,
    "pct3ResTime" : 43227.43999999999,
    "throughput" : 1.2323394178081089,
    "receivedKBytesPerSec" : 35.46369699110495,
    "sentKBytesPerSec" : 0.29611941787246093
  },
  "Total" : {
    "transaction" : "Total",
    "sampleCount" : 1969,
    "errorCount" : 4,
    "errorPct" : 0.20314881,
    "meanResTime" : 5711.82173692228,
    "medianResTime" : 2122.0,
    "minResTime" : 12.0,
    "maxResTime" : 52923.0,
    "pct1ResTime" : 18237.0,
    "pct2ResTime" : 21512.5,
    "pct3ResTime" : 33438.39999999997,
    "throughput" : 5.622581704478933,
    "receivedKBytesPerSec" : 183.42119546788217,
    "sentKBytesPerSec" : 2.7281201143291596
  },
  "Upload" : {
    "transaction" : "Upload",
    "sampleCount" : 433,
    "errorCount" : 1,
    "errorPct" : 0.23094688,
    "meanResTime" : 4818.418013856814,
    "medianResTime" : 1578.0,
    "minResTime" : 12.0,
    "maxResTime" : 33843.0,
    "pct1ResTime" : 18012.00000000002,
    "pct2ResTime" : 25193.1,
    "pct3ResTime" : 31457.739999999965,
    "throughput" : 1.5762076371446252,
    "receivedKBytesPerSec" : 68.622073902934,
    "sentKBytesPerSec" : 2.074645194022788
  },
  "Course Page" : {
    "transaction" : "Course Page",
    "sampleCount" : 60,
    "errorCount" : 0,
    "errorPct" : 0.0,
    "meanResTime" : 146.28333333333333,
    "medianResTime" : 99.0,
    "minResTime" : 58.0,
    "maxResTime" : 521.0,
    "pct1ResTime" : 309.9,
    "pct2ResTime" : 349.4499999999999,
    "pct3ResTime" : 521.0,
    "throughput" : 39.735099337748345,
    "receivedKBytesPerSec" : 1286.540899213576,
    "sentKBytesPerSec" : 11.5247309602649
  },
  "Login" : {
    "transaction" : "Login",
    "sampleCount" : 60,
    "errorCount" : 0,
    "errorPct" : 0.0,
    "meanResTime" : 371.60000000000025,
    "medianResTime" : 280.0,
    "minResTime" : 99.0,
    "maxResTime" : 1319.0,
    "pct1ResTime" : 631.8,
    "pct2ResTime" : 1083.0499999999997,
    "pct3ResTime" : 1319.0,
    "throughput" : 43.54136429608128,
    "receivedKBytesPerSec" : 74.62411556603774,
    "sentKBytesPerSec" : 25.767643323657477
  },
  "RunPractice" : {
    "transaction" : "RunPractice",
    "sampleCount" : 426,
    "errorCount" : 0,
    "errorPct" : 0.0,
    "meanResTime" : 3557.772300469484,
    "medianResTime" : 2564.0,
    "minResTime" : 166.0,
    "maxResTime" : 36324.0,
    "pct1ResTime" : 5014.6,
    "pct2ResTime" : 8818.749999999984,
    "pct3ResTime" : 25006.32000000027,
    "throughput" : 1.5620760210330236,
    "receivedKBytesPerSec" : 44.27110309472561,
    "sentKBytesPerSec" : 0.3661115674296149
  }
}