{
  "AssignmentsList" : {
    "transaction" : "AssignmentsList",
    "sampleCount" : 30,
    "errorCount" : 0,
    "errorPct" : 0.0,
    "meanResTime" : 48.36666666666667,
    "medianResTime" : 41.0,
    "minResTime" : 24.0,
    "maxResTime" : 100.0,
    "pct1ResTime" : 69.9,
    "pct2ResTime" : 95.6,
    "pct3ResTime" : 100.0,
    "throughput" : 40.26845637583892,
    "receivedKBytesPerSec" : 15.61189177852349,
    "sentKBytesPerSec" : 13.016463926174497
  },
  "Get CSRF Token" : {
    "transaction" : "Get CSRF Token",
    "sampleCount" : 30,
    "errorCount" : 0,
    "errorPct" : 0.0,
    "meanResTime" : 49.000000000000014,
    "medianResTime" : 30.0,
    "minResTime" : 23.0,
    "maxResTime" : 137.0,
    "pct1ResTime" : 137.0,
    "pct2ResTime" : 137.0,
    "pct3ResTime" : 137.0,
    "throughput" : 48.543689320388346,
    "receivedKBytesPerSec" : 1297.3000733211975,
    "sentKBytesPerSec" : 6.399802791262136
  },
  "StudentCourses" : {
    "transaction" : "StudentCourses",
    "sampleCount" : 30,
    "errorCount" : 0,
    "errorPct" : 0.0,
    "meanResTime" : 89.29999999999998,
    "medianResTime" : 68.0,
    "minResTime" : 27.0,
    "maxResTime" : 220.0,
    "pct1ResTime" : 187.4,
    "pct2ResTime" : 208.45,
    "pct3ResTime" : 220.0,
    "throughput" : 50.67567567567568,
    "receivedKBytesPerSec" : 63.196130701013516,
    "sentKBytesPerSec" : 12.273015202702704
  },
  "GetSubmissionId" : {
    "transaction" : "GetSubmissionId",
    "sampleCount" : 278,
    "errorCount" : 1,
    "errorPct" : 0.35971224,
    "meanResTime" : 1036.6330935251797,
    "medianResTime" : 812.0,
    "minResTime" : 243.0,
    "maxResTime" : 6527.0,
    "pct1ResTime" : 2014.0999999999995,
    "pct2ResTime" : 2589.1500000000037,
    "pct3ResTime" : 4474.3799999999865,
    "throughput" : 1.0257772661190934,
    "receivedKBytesPerSec" : 43.520803612774614,
    "sentKBytesPerSec" : 0.23655734228674533
  },
  "TestcasesResults" : {
    "transaction" : "TestcasesResults",
    "sampleCount" : 253,
    "errorCount" : 0,
    "errorPct" : 0.0,
    "meanResTime" : 11073.893280632406,
    "medianResTime" : 9430.0,
    "minResTime" : 5227.0,
    "maxResTime" : 21743.0,
    "pct1ResTime" : 17775.0,
    "pct2ResTime" : 18344.699999999997,
    "pct3ResTime" : 21143.820000000003,
    "throughput" : 0.9074833299257873,
    "receivedKBytesPerSec" : 26.308178945714204,
    "sentKBytesPerSec" : 0.2197811189664016
  },
  "Total" : {
    "transaction" : "Total",
    "sampleCount" : 1238,
    "errorCount" : 1,
    "errorPct" : 0.08077545,
    "meanResTime" : 3782.6704361874035,
    "medianResTime" : 2097.5,
    "minResTime" : 23.0,
    "maxResTime" : 21743.0,
    "pct1ResTime" : 10547.1,
    "pct2ResTime" : 15139.3,
    "pct3ResTime" : 18437.179999999997,
    "throughput" : 3.924440260065492,
    "receivedKBytesPerSec" : 129.40894941478132,
    "sentKBytesPerSec" : 1.8832615232882879
  },
  "Upload" : {
    "transaction" : "Upload",
    "sampleCount" : 279,
    "errorCount" : 0,
    "errorPct" : 0.0,
    "meanResTime" : 2494.7347670250892,
    "medianResTime" : 1573.0,
    "minResTime" : 447.0,
    "maxResTime" : 17467.0,
    "pct1ResTime" : 5390.0,
    "pct2ResTime" : 9166.0,
    "pct3ResTime" : 15257.799999999968,
    "throughput" : 1.0217908807910638,
    "receivedKBytesPerSec" : 43.72869123100165,
    "sentKBytesPerSec" : 1.3044450135048526
  },
  "Course Page" : {
    "transaction" : "Course Page",
    "sampleCount" : 30,
    "errorCount" : 0,
    "errorPct" : 0.0,
    "meanResTime" : 157.06666666666666,
    "medianResTime" : 124.5,
    "minResTime" : 50.0,
    "maxResTime" : 432.0,
    "pct1ResTime" : 318.40000000000003,
    "pct2ResTime" : 394.59999999999997,
    "pct3ResTime" : 432.0,
    "throughput" : 38.36317135549872,
    "receivedKBytesPerSec" : 1242.1213135390026,
    "sentKBytesPerSec" : 11.126818254475703
  },
  "Login" : {
    "transaction" : "Login",
    "sampleCount" : 30,
    "errorCount" : 0,
    "errorPct" : 0.0,
    "meanResTime" : 220.83333333333334,
    "medianResTime" : 192.0,
    "minResTime" : 120.0,
    "maxResTime" : 660.0,
    "pct1ResTime" : 375.20000000000016,
    "pct2ResTime" : 596.7499999999999,
    "pct3ResTime" : 660.0,
    "throughput" : 43.98826979472141,
    "receivedKBytesPerSec" : 75.39005223607037,
    "sentKBytesPerSec" : 26.03212060117302
  },
  "RunPractice" : {
    "transaction" : "RunPractice",
    "sampleCount" : 278,
    "errorCount" : 0,
    "errorPct" : 0.0,
    "meanResTime" : 3165.8237410071947,
    "medianResTime" : 2386.0,
    "minResTime" : 314.0,
    "maxResTime" : 18456.0,
    "pct1ResTime" : 4865.299999999999,
    "pct2ResTime" : 6855.500000000002,
    "pct3ResTime" : 14942.639999999916,
    "throughput" : 1.0232174668374483,
    "receivedKBytesPerSec" : 29.004483506369343,
    "sentKBytesPerSec" : 0.23981659379002693
  }
}