{
  "AssignmentsList" : {
    "transaction" : "AssignmentsList",
    "sampleCount" : 50,
    "errorCount" : 0,
    "errorPct" : 0.0,
    "meanResTime" : 47.22,
    "medianResTime" : 42.5,
    "minResTime" : 27.0,
    "maxResTime" : 113.0,
    "pct1ResTime" : 69.9,
    "pct2ResTime" : 74.89999999999999,
    "pct3ResTime" : 113.0,
    "throughput" : 43.290043290043286,
    "receivedKBytesPerSec" : 16.783346861471863,
    "sentKBytesPerSec" : 13.99316829004329
  },
  "Get CSRF Token" : {
    "transaction" : "Get CSRF Token",
    "sampleCount" : 50,
    "errorCount" : 0,
    "errorPct" : 0.0,
    "meanResTime" : 42.3,
    "medianResTime" : 30.0,
    "minResTime" : 24.0,
    "maxResTime" : 140.0,
    "pct1ResTime" : 127.39999999999992,
    "pct2ResTime" : 140.0,
    "pct3ResTime" : 140.0,
    "throughput" : 53.87931034482758,
    "receivedKBytesPerSec" : 1439.8887897359914,
    "sentKBytesPerSec" : 7.103229391163793
  },
  "StudentCourses" : {
    "transaction" : "StudentCourses",
    "sampleCount" : 50,
    "errorCount" : 0,
    "errorPct" : 0.0,
    "meanResTime" : 86.75999999999999,
    "medianResTime" : 72.5,
    "minResTime" : 25.0,
    "maxResTime" : 227.0,
    "pct1ResTime" : 180.99999999999997,
    "pct2ResTime" : 193.49999999999994,
    "pct3ResTime" : 227.0,
    "throughput" : 49.65243296921549,
    "receivedKBytesPerSec" : 61.920075099304874,
    "sentKBytesPerSec" : 12.025198609731879
  },
  "GetSubmissionId" : {
    "transaction" : "GetSubmissionId",
    "sampleCount" : 385,
    "errorCount" : 0,
    "errorPct" : 0.0,
    "meanResTime" : 1997.5090909090902,
    "medianResTime" : 1039.0,
    "minResTime" : 247.0,
    "maxResTime" : 29990.0,
    "pct1ResTime" : 4248.40000000001,
    "pct2ResTime" : 6099.099999999997,
    "pct3ResTime" : 15521.539999999779,
    "throughput" : 1.4168111077990853,
    "receivedKBytesPerSec" : 60.32054244430276,
    "sentKBytesPerSec" : 0.32791428959803043
  },
  "TestcasesResults" : {
    "transaction" : "TestcasesResults",
    "sampleCount" : 363,
    "errorCount" : 5,
    "errorPct" : 1.3774104,
    "meanResTime" : 14874.765840220376,
    "medianResTime" : 14433.0,
    "minResTime" : 5210.0,
    "maxResTime" : 36684.0,
    "pct1ResTime" : 24828.600000000002,
    "pct2ResTime" : 28646.0,
    "pct3ResTime" : 34547.12,
    "throughput" : 1.3360422233509264,
    "receivedKBytesPerSec" : 38.23594536143991,
    "sentKBytesPerSec" : 0.319115801367695
  },
  "Total" : {
    "transaction" : "Total",
    "sampleCount" : 1773,
    "errorCount" : 6,
    "errorPct" : 0.33840948,
    "meanResTime" : 5307.125775521708,
    "medianResTime" : 2364.0,
    "minResTime" : 24.0,
    "maxResTime" : 36684.0,
    "pct1ResTime" : 14965.800000000001,
    "pct2ResTime" : 17887.7,
    "pct3ResTime" : 30065.139999999996,
    "throughput" : 5.6944645179939295,
    "receivedKBytesPerSec" : 184.7063076612709,
    "sentKBytesPerSec" : 2.713520463980023
  },
  "Upload" : {
    "transaction" : "Upload",
    "sampleCount" : 392,
    "errorCount" : 0,
    "errorPct" : 0.0,
    "meanResTime" : 4286.984693877549,
    "medianResTime" : 2098.5,
    "minResTime" : 457.0,
    "maxResTime" : 28998.0,
    "pct1ResTime" : 11615.099999999999,
    "pct2ResTime" : 16166.649999999996,
    "pct3ResTime" : 20845.79999999999,
    "throughput" : 1.4207685923155267,
    "receivedKBytesPerSec" : 60.804020495357136,
    "sentKBytesPerSec" : 1.813429491187248
  },
  "Course Page" : {
    "transaction" : "Course Page",
    "sampleCount" : 50,
    "errorCount" : 0,
    "errorPct" : 0.0,
    "meanResTime" : 139.26,
    "medianResTime" : 93.0,
    "minResTime" : 52.0,
    "maxResTime" : 430.0,
    "pct1ResTime" : 314.9,
    "pct2ResTime" : 352.9499999999999,
    "pct3ResTime" : 430.0,
    "throughput" : 40.816326530612244,
    "receivedKBytesPerSec" : 1321.5991709183672,
    "sentKBytesPerSec" : 11.838329081632653
  },
  "Login" : {
    "transaction" : "Login",
    "sampleCount" : 50,
    "errorCount" : 0,
    "errorPct" : 0.0,
    "meanResTime" : 346.2799999999999,
    "medianResTime" : 346.0,
    "minResTime" : 109.0,
    "maxResTime" : 983.0,
    "pct1ResTime" : 560.0999999999999,
    "pct2ResTime" : 667.4999999999998,
    "pct3ResTime" : 983.0,
    "throughput" : 45.12635379061372,
    "receivedKBytesPerSec" : 77.34057705324909,
    "sentKBytesPerSec" : 26.7056351534296
  },
  "RunPractice" : {
    "transaction" : "RunPractice",
    "sampleCount" : 383,
    "errorCount" : 1,
    "errorPct" : 0.2610966,
    "meanResTime" : 3987.8955613577014,
    "medianResTime" : 2767.0,
    "minResTime" : 2074.0,
    "maxResTime" : 33410.0,
    "pct1ResTime" : 6873.600000000006,
    "pct2ResTime" : 9176.79999999999,
    "pct3ResTime" : 20950.199999999957,
    "throughput" : 1.4056232269145652,
    "receivedKBytesPerSec" : 39.74800439004944,
    "sentKBytesPerSec" : 0.32944294380810124
  }
}