{
  "AssignmentsList" : {
    "transaction" : "AssignmentsList",
    "sampleCount" : 70,
    "errorCount" : 0,
    "errorPct" : 0.0,
    "meanResTime" : 56.17142857142854,
    "medianResTime" : 47.0,
    "minResTime" : 28.0,
    "maxResTime" : 234.0,
    "pct1ResTime" : 85.9,
    "pct2ResTime" : 133.60000000000008,
    "pct3ResTime" : 234.0,
    "throughput" : 44.16403785488959,
    "receivedKBytesPerSec" : 16.98664235015773,
    "sentKBytesPerSec" : 14.275680205047319
  },
  "Get CSRF Token" : {
    "transaction" : "Get CSRF Token",
    "sampleCount" : 70,
    "errorCount" : 0,
    "errorPct" : 0.0,
    "meanResTime" : 42.31428571428572,
    "medianResTime" : 31.0,
    "minResTime" : 23.0,
    "maxResTime" : 143.0,
    "pct1ResTime" : 78.19999999999996,
    "pct2ResTime" : 143.0,
    "pct3ResTime" : 143.0,
    "throughput" : 48.37595024187976,
    "receivedKBytesPerSec" : 1292.8283733586732,
    "sentKBytesPerSec" : 6.377688752591569
  },
  "StudentCourses" : {
    "transaction" : "StudentCourses",
    "sampleCount" : 70,
    "errorCount" : 0,
    "errorPct" : 0.0,
    "meanResTime" : 86.31428571428569,
    "medianResTime" : 72.0,
    "minResTime" : 29.0,
    "maxResTime" : 220.0,
    "pct1ResTime" : 151.0,
    "pct2ResTime" : 198.45,
    "pct3ResTime" : 220.0,
    "throughput" : 47.233468286099864,
    "receivedKBytesPerSec" : 58.92981401821862,
    "sentKBytesPerSec" : 11.43935560053981
  },
  "GetSubmissionId" : {
    "transaction" : "GetSubmissionId",
    "sampleCount" : 457,
    "errorCount" : 0,
    "errorPct" : 0.0,
    "meanResTime" : 1629.9890590809614,
    "medianResTime" : 1004.0,
    "minResTime" : 267.0,
    "maxResTime" : 36695.0,
    "pct1ResTime" : 3046.6,
    "pct2ResTime" : 5421.5999999999985,
    "pct3ResTime" : 10642.940000000015,
    "throughput" : 1.513004555567327,
    "receivedKBytesPerSec" : 66.63464201571439,
    "sentKBytesPerSec" : 0.3501778121772036
  },
  "TestcasesResults" : {
    "transaction" : "TestcasesResults",
    "sampleCount" : 423,
    "errorCount" : 1,
    "errorPct" : 0.23640662,
    "meanResTime" : 21455.411347517696,
    "medianResTime" : 21880.0,
    "minResTime" : 5540.0,
    "maxResTime" : 53532.0,
    "pct1ResTime" : 27969.600000000002,
    "pct2ResTime" : 29072.599999999995,
    "pct3ResTime" : 39432.87999999999,
    "throughput" : 1.3599187263702064,
    "receivedKBytesPerSec" : 39.33457039789679,
    "sentKBytesPerSec" : 0.3285766987731797
  },
  "Total" : {
    "transaction" : "Total",
    "sampleCount" : 2153,
    "errorCount" : 1,
    "errorPct" : 0.04644682,
    "meanResTime" : 6546.602879702742,
    "medianResTime" : 2174.0,
    "minResTime" : 23.0,
    "maxResTime" : 53532.0,
    "pct1ResTime" : 22481.0,
    "pct2ResTime" : 26505.7,
    "pct3ResTime" : 35651.92,
    "throughput" : 6.175017136891497,
    "receivedKBytesPerSec" : 201.7712152610472,
    "sentKBytesPerSec" : 3.0356195040053002
  },
  "Upload" : {
    "transaction" : "Upload",
    "sampleCount" : 469,
    "errorCount" : 0,
    "errorPct" : 0.0,
    "meanResTime" : 5483.176972281455,
    "medianResTime" : 1843.0,
    "minResTime" : 597.0,
    "maxResTime" : 37153.0,
    "pct1ResTime" : 13248.0,
    "pct2ResTime" : 34542.0,
    "pct3ResTime" : 36803.200000000004,
    "throughput" : 1.537624255776746,
    "receivedKBytesPerSec" : 68.03668765019704,
    "sentKBytesPerSec" : 2.0769114109997506
  },
  "Course Page" : {
    "transaction" : "Course Page",
    "sampleCount" : 70,
    "errorCount" : 0,
    "errorPct" : 0.0,
    "meanResTime" : 121.15714285714283,
    "medianResTime" : 108.0,
    "minResTime" : 60.0,
    "maxResTime" : 330.0,
    "pct1ResTime" : 234.2,
    "pct2ResTime" : 271.0,
    "pct3ResTime" : 330.0,
    "throughput" : 42.918454935622314,
    "receivedKBytesPerSec" : 1389.6735850321888,
    "sentKBytesPerSec" : 12.448028433476395
  },
  "Login" : {
    "transaction" : "Login",
    "sampleCount" : 70,
    "errorCount" : 0,
    "errorPct" : 0.0,
    "meanResTime" : 319.35714285714283,
    "medianResTime" : 289.5,
    "minResTime" : 125.0,
    "maxResTime" : 826.0,
    "pct1ResTime" : 574.5999999999999,
    "pct2ResTime" : 645.95,
    "pct3ResTime" : 826.0,
    "throughput" : 44.275774826059454,
    "receivedKBytesPerSec" : 75.88279767552183,
    "sentKBytesPerSec" : 26.202265180265655
  },
  "RunPractice" : {
    "transaction" : "RunPractice",
    "sampleCount" : 454,
    "errorCount" : 0,
    "errorPct" : 0.0,
    "meanResTime" : 3653.9867841409696,
    "medianResTime" : 2687.5,
    "minResTime" : 1292.0,
    "maxResTime" : 25906.0,
    "pct1ResTime" : 6512.0,
    "pct2ResTime" : 9548.25,
    "pct3ResTime" : 15461.9,
    "throughput" : 1.5666138710890727,
    "receivedKBytesPerSec" : 44.391661447496,
    "sentKBytesPerSec" : 0.3671751260365014
  }
}