Device,kB_read/s,kB_wrtn/s
loop0,0.0,0.0
sda,15.855737704918033,795.0950819672131
