{"%idle": 11.653636363636368, "%iowait": 0.8561261261261257, "user+system(%)": 86.00477477477475}