{"Available Memory(Kb)": 2769378.2181818183, "user+system(%)": 87.02727272727273, "Idle(%)": 12.1, "I/O wait(%)": 0.8363636363636363}