Device,kB_read/s,kB_wrtn/s
loop0,0.0,0.0
sda,29.142857142857142,303.0857142857143
