{"Disk Read(KB/s)": 30.572499999999994, "Disk Write(KB/s)": 297.5628666666666}