{"user+system(%)": 21.273693693693694, "%iowait": 0.8706306306306303, "%idle": 77.00254545454543}