{"I/O wait(%)": 0.7636363636363637, "Available Memory(Kb)": 4462418.4, "user+system(%)": 22.036363636363635, "Idle(%)": 76.99090909090908}