{"Available Memory(Kb)": 4072239.2, "I/O wait(%)": 2.1636363636363636, "user+system(%)": 72.7090909090909, "Idle(%)": 25.12727272727273}