Device,kB_read/s,kB_wrtn/s
loop0,0.0,0.0
sda,92.83977900552486,88.95469613259668
