{"Disk Write(KB/s)": 98.27506666666656, "Disk Read(KB/s)": 80.36083333333332}