{"%idle": 97.57611111111113, "%iowait": 0.17370165745856392, "user+system(%)": 1.4485635359116025}