{"user+system(%)": 2.138888888888889, "I/O wait(%)": 0.16111111111111112, "Idle(%)": 97.67222222222222, "Available Memory(Kb)": 9040633.155555556}