Device,kB_read/s,kB_wrtn/s
loop0,0.0,0.0
sda,751.1586206896552,103.3103448275862
