{"Disk Read(KB/s)": 701.6711666666666, "Disk Write(KB/s)": 102.8161666666667}