{"user+system(%)": 2.68063063063063, "%idle": 96.9082727272727, "%sys": 0.6317117117117115, "%guest": 0.0, "%iowait": 0.2206306306306306}