{"sys(%)": 0.7090909090909091, "user+system(%)": 2.8727272727272726, "Available Memory(Kb)": 202246.8, "I/O wait(%)": 0.16363636363636364, "Idle(%)": 96.88181818181818}