Device,kB_read/s,kB_wrtn/s
loop0,0.0,0.0
sda,1.2774193548387096,911.1354838709677
