{"user+system(%)": 68.18549549549547, "%iowait": 2.396666666666664, "%idle": 27.32309090909091}