{"user+system(%)": 70.37272727272727, "I/O wait(%)": 2.418181818181818, "Available Memory(Kb)": 5039514.218181818, "Idle(%)": 27.21818181818182}