{"%iowait": 0.45153153153153147, "user+system(%)": 95.11297297297297, "%idle": 1.8253636363636365}