{"Available Memory(Kb)": 435759.2363636364, "Idle(%)": 1.8181818181818181, "user+system(%)": 97.7090909090909, "I/O wait(%)": 0.42727272727272725}