Device,kB_read/s,kB_wrtn/s
loop0,0.0,0.0
sda,19.686187845303866,276.20773480662984
