{"I/O wait(%)": 1.3909090909090909, "Idle(%)": 4.818181818181818, "Available Memory(Kb)": 3815159.418181818, "user+system(%)": 93.81818181818181}