Device,kB_read/s,kB_wrtn/s
loop0,0.0,0.0
sda,479.47118644067797,20.935593220338983
