{"Disk Write(KB/s)": 20.347666666666672, "Disk Read(KB/s)": 440.8313333333334}