{"%sys": 0.21090090090090097, "%idle": 98.89481818181824, "%guest": 0.0, "%iowait": 0.04828828828828827, "user+system(%)": 0.9521621621621628}