{"Available Memory(Kb)": 8732684.145454545, "sys(%)": 0.14545454545454545, "I/O wait(%)": 0.0, "user+system(%)": 0.8818181818181818, "Idle(%)": 99.0909090909091}