Device,kB_read/s,kB_wrtn/s
loop0,0.0,0.0
sda,10.927472527472528,522.6549450549451
