{"Disk Read(KB/s)": 24.806733333333316, "Disk Write(KB/s)": 502.83343333333363}