{"%iowait": 2.6217679558011047, "%idle": 22.804666666666673, "user+system(%)": 69.55204419889502}