{"I/O wait(%)": 2.638888888888889, "Available Memory(Kb)": 7044374.888888889, "Idle(%)": 23.16111111111111, "user+system(%)": 74.22777777777777}