Device,kB_read/s,kB_wrtn/s
loop0,0.0,0.0
sda,39.239344262295084,301.8098360655738
