{"Disk Read(KB/s)": 37.88883333333332, "Disk Write(KB/s)": 295.4883000000001}