Device,kB_read/s,kB_wrtn/s
loop0,0.0,0.0
sda,7.630769230769231,167.52967032967032
