{"Disk Write(KB/s)": 175.44805555555558, "Disk Read(KB/s)": 6.695211111111108}