{"user+system(%)": 11.882651933701661, "%idle": 84.4789444444444, "%iowait": 0.89889502762431}