{"I/O wait(%)": 0.8555555555555555, "Available Memory(Kb)": 9816135.866666667, "user+system(%)": 14.45, "Idle(%)": 84.86666666666666}