Device,kB_read/s,kB_wrtn/s
loop0,0.0,0.0
sda,30.20327868852459,190.0327868852459
