{"Disk Write(KB/s)": 187.3593333333333, "Disk Read(KB/s)": 30.107166666666664}