{"%iowait": 0.6154954954954956, "%idle": 90.72463636363638, "user+system(%)": 8.384864864864864}