{"user+system(%)": 8.863636363636363, "Available Memory(Kb)": 8063323.745454545, "Idle(%)": 90.38181818181818, "I/O wait(%)": 0.6090909090909091}