Device,kB_read/s,kB_wrtn/s
loop0,0.0,0.0
sda,3.6129032258064515,634.2322580645161
Device,kB_read/s,kB_wrtn/s
loop0,0.0,0.0
sda,3.6129032258064515,634.2322580645161
