{"%guest": 0.0, "%iowait": 0.0024324324324324327, "%idle": 0.013727272727272732, "user+system(%)": 98.11783783783785, "%sys": 6.84126126126126}