{"sys(%)": 7.7, "user+system(%)": 100.0, "Available Memory(Kb)": 4753590.327272727, "Idle(%)": 0.00909090909090909, "I/O wait(%)": 0.0}