{"user+system(%)": 96.74954954954954, "%idle": 0.7247272727272737, "%iowait": 0.11531531531531522}