Device,kB_read/s,kB_wrtn/s
loop0,0.0,0.0
sda,2.554696132596685,173.4364640883978
