Device,kB_read/s,kB_wrtn/s
loop0,0.0,0.0
sda,36.42978723404255,431.5787234042553
