{"%iowait": 0.8165193370165748, "user+system(%)": 20.699779005524857, "%idle": 76.26227777777778}