Device,kB_read/s,kB_wrtn/s
loop0,0.0,0.0
sda,44.21657458563536,386.6872928176796
