{"Disk Read(KB/s)": 39.06707777777776, "Disk Write(KB/s)": 358.4383777777781}