{"%idle": 35.64422222222222, "%iowait": 3.518287292817678, "user+system(%)": 55.8491160220994}