{"Idle(%)": 35.96666666666667, "user+system(%)": 60.48888888888889, "Available Memory(Kb)": 6983172.933333334, "I/O wait(%)": 3.533333333333333}