Device,kB_read/s,kB_wrtn/s
loop0,0.0,0.0
sda,0.4405797101449275,70.5159420289855
