{"Disk Read(KB/s)": 0.4921666666666667, "Disk Write(KB/s)": 66.58483333333332}