{"user+system(%)": 96.73423423423425, "%iowait": 0.0, "%sys": 4.6856756756756734, "%guest": 0.0, "%idle": 0.0}