{"I/O wait(%)": 0.0, "sys(%)": 5.9363636363636365, "user+system(%)": 100.24545454545455, "Available Memory(Kb)": 7415203.2, "Idle(%)": 0.0}