{"Disk Write(KB/s)": 176.1384444444446, "Disk Read(KB/s)": 3.6493777777777763}