{"%iowait": 2.1533701657458577, "user+system(%)": 57.20469613259667, "%idle": 28.886777777777784}