{"I/O wait(%)": 2.1, "Available Memory(Kb)": 7025556.688888889, "Idle(%)": 29.322222222222223, "user+system(%)": 68.51666666666667}