{"Disk Write(KB/s)": 231.07223333333323, "Disk Read(KB/s)": 0.023799999999999998}