{"user+system(%)": 87.78612612612616, "%iowait": 0.05432432432432432, "%idle": 5.809272727272728}