{"user+system(%)": 93.53636363636363, "Idle(%)": 6.609090909090909, "I/O wait(%)": 0.05454545454545454, "Available Memory(Kb)": 3133041.272727273}