Device,kB_read/s,kB_wrtn/s
loop0,0.0,0.0
sda,10.888135593220339,217.5322033898305
