{"Disk Read(KB/s)": 8.864877777777782, "Disk Write(KB/s)": 199.52149999999997}