{"%iowait": 2.510994475138122, "%idle": 50.355000000000025, "user+system(%)": 40.79662983425415}