{"Disk Write(KB/s)": 288.07946666666663, "Disk Read(KB/s)": 0.2532333333333333}