{"%idle": 80.32936363636361, "%iowait": 0.8076576576576581, "user+system(%)": 18.179909909909913}