{"Disk Write(KB/s)": 720.2655333333333, "Disk Read(KB/s)": 81.09399999999994}