{"%idle": 38.81599999999999, "user+system(%)": 56.86423423423422, "%iowait": 2.0067567567567575}