{"user+system(%)": 58.53636363636364, "I/O wait(%)": 2.090909090909091, "Idle(%)": 39.345454545454544, "Available Memory(Kb)": 4036094.109090909}