Device,kB_read/s,kB_wrtn/s
loop0,0.0,0.0
sda,30.80655737704918,636.1573770491804
