{"Disk Read(KB/s)": 29.969833333333327, "Disk Write(KB/s)": 642.4856666666668}