{"%guest": 0.0, "%sys": 4.67918918918919, "%idle": 47.91818181818181, "%iowait": 1.9089189189189182, "user+system(%)": 49.085585585585605}