{"I/O wait(%)": 1.9, "user+system(%)": 49.336363636363636, "sys(%)": 5.136363636363637, "Available Memory(Kb)": 7022551.454545454, "Idle(%)": 48.71818181818182}