{
  "AssignmentsList" : {
    "transaction" : "AssignmentsList",
    "sampleCount" : 180,
    "errorCount" : 0,
    "errorPct" : 0.0,
    "meanResTime" : 67.87222222222225,
    "medianResTime" : 35.0,
    "minResTime" : 24.0,
    "maxResTime" : 431.0,
    "pct1ResTime" : 96.3000000000001,
    "pct2ResTime" : 422.95,
    "pct3ResTime" : 429.38,
    "throughput" : 28.2974375098255,
    "receivedKBytesPerSec" : 10.835683265209873,
    "sentKBytesPerSec" : 9.146925601320547
  },
  "Get CSRF Token" : {
    "transaction" : "Get CSRF Token",
    "sampleCount" : 180,
    "errorCount" : 0,
    "errorPct" : 0.0,
    "meanResTime" : 4477.966666666667,
    "medianResTime" : 5006.0,
    "minResTime" : 55.0,
    "maxResTime" : 7560.0,
    "pct1ResTime" : 6803.7,
    "pct2ResTime" : 7110.299999999999,
    "pct3ResTime" : 7471.71,
    "throughput" : 22.839741149600304,
    "receivedKBytesPerSec" : 610.3928257042253,
    "sentKBytesPerSec" : 3.0110986867148837
  },
  "StudentCourses" : {
    "transaction" : "StudentCourses",
    "sampleCount" : 180,
    "errorCount" : 0,
    "errorPct" : 0.0,
    "meanResTime" : 59.33888888888889,
    "medianResTime" : 42.0,
    "minResTime" : 23.0,
    "maxResTime" : 530.0,
    "pct1ResTime" : 94.9,
    "pct2ResTime" : 129.74999999999994,
    "pct3ResTime" : 423.8899999999997,
    "throughput" : 24.868748273003593,
    "receivedKBytesPerSec" : 31.034665135396516,
    "sentKBytesPerSec" : 6.022899972368057
  },
  "GetSubmissionId" : {
    "transaction" : "GetSubmissionId",
    "sampleCount" : 1018,
    "errorCount" : 6,
    "errorPct" : 0.58939093,
    "meanResTime" : 2841.5628683693526,
    "medianResTime" : 1833.5,
    "minResTime" : 349.0,
    "maxResTime" : 50003.0,
    "pct1ResTime" : 4792.000000000001,
    "pct2ResTime" : 6351.799999999999,
    "pct3ResTime" : 18593.789999999986,
    "throughput" : 3.8643161906497214,
    "receivedKBytesPerSec" : 173.19469538497967,
    "sentKBytesPerSec" : 0.8943778683437345
  },
  "TestcasesResults" : {
    "transaction" : "TestcasesResults",
    "sampleCount" : 914,
    "errorCount" : 3,
    "errorPct" : 0.32822758,
    "meanResTime" : 16417.591903719906,
    "medianResTime" : 16801.0,
    "minResTime" : 3926.0,
    "maxResTime" : 63174.0,
    "pct1ResTime" : 21649.5,
    "pct2ResTime" : 23081.25,
    "pct3ResTime" : 34600.30000000006,
    "throughput" : 3.323032175968006,
    "receivedKBytesPerSec" : 96.02885767928558,
    "sentKBytesPerSec" : 0.8021552899472822
  },
  "Total" : {
    "transaction" : "Total",
    "sampleCount" : 4878,
    "errorCount" : 79,
    "errorPct" : 1.6195163,
    "meanResTime" : 6852.030135301368,
    "medianResTime" : 3305.0,
    "minResTime" : 0.0,
    "maxResTime" : 78786.0,
    "pct1ResTime" : 18185.1,
    "pct2ResTime" : 21236.0,
    "pct3ResTime" : 50005.0,
    "throughput" : 15.023884835362493,
    "receivedKBytesPerSec" : 479.8426405043535,
    "sentKBytesPerSec" : 7.441687594130275
  },
  "Upload" : {
    "transaction" : "Upload",
    "sampleCount" : 1031,
    "errorCount" : 63,
    "errorPct" : 6.1105723,
    "meanResTime" : 9663.753637245407,
    "medianResTime" : 3933.0,
    "minResTime" : 87.0,
    "maxResTime" : 78786.0,
    "pct1ResTime" : 26563.600000000028,
    "pct2ResTime" : 50005.0,
    "pct3ResTime" : 74944.51999999997,
    "throughput" : 3.7648072681594438,
    "receivedKBytesPerSec" : 160.43889654014762,
    "sentKBytesPerSec" : 5.256535264714152
  },
  "Course Page" : {
    "transaction" : "Course Page",
    "sampleCount" : 180,
    "errorCount" : 1,
    "errorPct" : 0.5555556,
    "meanResTime" : 144.27777777777783,
    "medianResTime" : 83.0,
    "minResTime" : 6.0,
    "maxResTime" : 1056.0,
    "pct1ResTime" : 315.20000000000005,
    "pct2ResTime" : 454.7499999999997,
    "pct3ResTime" : 1037.37,
    "throughput" : 26.06051831475315,
    "receivedKBytesPerSec" : 839.5259112132619,
    "sentKBytesPerSec" : 7.516576254162444
  },
  "Login" : {
    "transaction" : "Login",
    "sampleCount" : 180,
    "errorCount" : 0,
    "errorPct" : 0.0,
    "meanResTime" : 392.67222222222193,
    "medianResTime" : 246.0,
    "minResTime" : 80.0,
    "maxResTime" : 2431.0,
    "pct1ResTime" : 952.1,
    "pct2ResTime" : 1117.1499999999996,
    "pct3ResTime" : 2352.43,
    "throughput" : 21.284143313231645,
    "receivedKBytesPerSec" : 36.47819483859524,
    "sentKBytesPerSec" : 12.595889499822631
  },
  "RunPractice" : {
    "transaction" : "RunPractice",
    "sampleCount" : 1015,
    "errorCount" : 6,
    "errorPct" : 0.591133,
    "meanResTime" : 4568.374384236456,
    "medianResTime" : 3447.0,
    "minResTime" : 0.0,
    "maxResTime" : 43461.0,
    "pct1ResTime" : 8269.199999999999,
    "pct2ResTime" : 10670.4,
    "pct3ResTime" : 17653.80000000004,
    "throughput" : 3.8692609139842333,
    "receivedKBytesPerSec" : 109.06595722870381,
    "sentKBytesPerSec" : 0.9014972896113204
  }
}