Device,kB_read/s,kB_wrtn/s
loop0,0.0,0.0
sda,1368.132596685083,569.9314917127072
