{"%idle": 72.57155555555555, "%iowait": 3.193812154696132, "user+system(%)": 22.90801104972375}