{"Available Memory(Kb)": 7024972.533333333, "Idle(%)": 72.61111111111111, "I/O wait(%)": 3.1777777777777776, "user+system(%)": 24.122222222222224}