Device,kB_read/s,kB_wrtn/s
loop0,0.0,0.0
sda,440.4327868852459,968.1967213114754
