{"user+system(%)": 1.3475675675675671, "%idle": 8.167272727272731, "%iowait": 1.8104504504504495}