{"user+system(%)": 81.25099099099099, "%iowait": 1.0897297297297295, "%idle": 15.559454545454537}