{"Available Memory(Kb)": 2127806.2181818183, "I/O wait(%)": 1.1454545454545455, "Idle(%)": 15.836363636363636, "user+system(%)": 83.04545454545455}