Device,kB_read/s,kB_wrtn/s
loop0,0.0,0.0
sda,1233.8533333333332,38.653333333333336
