{"Disk Write(KB/s)": 37.969333333333346, "Disk Read(KB/s)": 1210.4668333333332}