{"user+system(%)": 4.135225225225225, "%idle": 69.90200000000002, "%iowait": 11.113243243243234}