{"Idle(%)": 69.52727272727273, "user+system(%)": 18.818181818181817, "Available Memory(Kb)": 6553707.454545454, "I/O wait(%)": 11.545454545454545}