Device,kB_read/s,kB_wrtn/s
loop0,0.0,0.0
sda,2.2508474576271187,225.93898305084747
