{"Disk Write(KB/s)": 220.26033333333336, "Disk Read(KB/s)": 2.1835000000000004}