{"%iowait": 0.8123423423423426, "%idle": 82.27454545454547, "user+system(%)": 16.501891891891887}