{"Available Memory(Kb)": 9148429.6, "I/O wait(%)": 0.8272727272727273, "user+system(%)": 17.6, "Idle(%)": 81.53636363636363}