Device,kB_read/s,kB_wrtn/s
loop0,0.0,0.0
sda,0.760655737704918,484.97049180327866
