{"Disk Write(KB/s)": 490.51613333333324, "Disk Read(KB/s)": 0.7257999999999999}