{"%iowait": 1.7716216216216207, "user+system(%)": 83.35243243243242, "%idle": 11.937909090909091}