{"Idle(%)": 0.5454545454545454, "I/O wait(%)": 0.08181818181818182, "Available Memory(Kb)": 2111704.036363636, "user+system(%)": 99.25454545454545}