{"user+system(%)": 11.642541436464091, "%idle": 85.43311111111117, "%iowait": 1.1946408839779006}