{"Idle(%)": 80.65555555555555, "Available Memory(Kb)": 4191236.8444444444, "I/O wait(%)": 0.4, "user+system(%)": 18.788888888888888}