Device,kB_read/s,kB_wrtn/s
loop0,0.0,0.0
sda,1.022950819672131,160.53770491803277
