{"Disk Read(KB/s)": 0.927333333333333, "Disk Write(KB/s)": 157.41500000000002}