{"%iowait": 0.4502702702702702, "%sys": 10.267297297297295, "%guest": 0.0, "user+system(%)": 96.23945945945948, "%idle": 0.19109090909090912}