{"user+system(%)": 99.51818181818182, "I/O wait(%)": 0.4636363636363636, "Available Memory(Kb)": 9774073.745454546, "sys(%)": 11.3, "Idle(%)": 0.19090909090909092}