{"Disk Read(KB/s)": 3.561955555555555, "Disk Write(KB/s)": 108.54714444444447}