{"%idle": 30.826722222222223, "user+system(%)": 55.27861878453036, "%iowait": 2.1746408839779012}