{"user+system(%)": 66.5111111111111, "Available Memory(Kb)": 9292590.733333332, "I/O wait(%)": 2.1333333333333333, "Idle(%)": 31.266666666666666}