Device,kB_read/s,kB_wrtn/s
loop0,0.0,0.0
sda,23.176923076923078,342.8346153846154
