{"Disk Read(KB/s)": 23.091755555555554, "Disk Write(KB/s)": 343.72631111111156}