{"user+system(%)": 25.330331491712712, "%idle": 70.1012222222222, "%iowait": 2.050441988950275}