{"Available Memory(Kb)": 9588285.288888888, "user+system(%)": 27.716666666666665, "Idle(%)": 70.2, "I/O wait(%)": 2.0444444444444443}