{"%iowait": 0.7582320441988956, "user+system(%)": 20.547127071823212, "%idle": 76.43250000000005}