{"Idle(%)": 76.58333333333333, "user+system(%)": 22.694444444444443, "I/O wait(%)": 0.7111111111111111, "Available Memory(Kb)": 7234078.488888889}