Device,kB_read/s,kB_wrtn/s
loop0,0.0,0.0
sda,0.2711864406779661,295.44406779661017
Device,kB_read/s,kB_wrtn/s
loop0,0.0,0.0
sda,0.2711864406779661,295.44406779661017
