{"%idle": 80.32936363636361, "user+system(%)": 18.179909909909913, "%guest": 0.0, "%sys": 1.99018018018018, "%iowait": 0.8076576576576581}