{"sys(%)": 2.2363636363636363, "Idle(%)": 79.85454545454546, "I/O wait(%)": 0.7727272727272727, "user+system(%)": 19.2, "Available Memory(Kb)": 9020263.454545455}