Device,kB_read/s,kB_wrtn/s
loop0,0.0,0.0
sda,12.34331983805668,407.714979757085
