{"Disk Read(KB/s)": 14.600611111111105, "Disk Write(KB/s)": 424.15281111111113}