{"%iowait": 1.9505524861878463, "%idle": 62.19283333333337, "user+system(%)": 33.12254143646406}