{"Available Memory(Kb)": 10120675.466666667, "I/O wait(%)": 1.9444444444444444, "Idle(%)": 62.355555555555554, "user+system(%)": 35.69444444444444}