Device,kB_read/s,kB_wrtn/s
loop0,0.0,0.0
sda,13.380645161290323,819.4193548387096
