{"Disk Write(KB/s)": 805.9123333333331, "Disk Read(KB/s)": 13.411333333333328}