{"user+system(%)": 96.97927927927928, "%idle": 1.1870000000000003, "%sys": 4.030990990990991, "%iowait": 0.1581081081081082, "%guest": 0.0}