{"Disk Write(KB/s)": 448.88063333333326, "Disk Read(KB/s)": 34.07557777777778}