{"Idle(%)": 76.41111111111111, "Available Memory(Kb)": 7230803.133333334, "I/O wait(%)": 0.8055555555555556, "user+system(%)": 22.81111111111111}