Device,kB_read/s,kB_wrtn/s
loop0,0.0,0.0
sda,550.9288135593221,351.2316384180791
