{"Disk Write(KB/s)": 307.22497777777755, "Disk Read(KB/s)": 469.2224777777781}