{"user+system(%)": 36.770386740331496, "%iowait": 4.915635359116021, "%idle": 51.6267222222222}