{"I/O wait(%)": 4.883333333333334, "user+system(%)": 43.41111111111111, "Available Memory(Kb)": 10514355.755555555, "Idle(%)": 51.66111111111111}