{"user+system(%)": 31.25165745856353, "%idle": 60.78399999999994, "%iowait": 1.536077348066298}