{"user+system(%)": 37.705555555555556, "I/O wait(%)": 1.4833333333333334, "Available Memory(Kb)": 7625829.177777777, "Idle(%)": 60.75555555555555}