{"Disk Read(KB/s)": 0.4670333333333333, "Disk Write(KB/s)": 265.5476666666667}