{"%iowait": 0.4889403973509932, "user+system(%)": 11.590927152317892, "%idle": 87.33726666666668}