{"I/O wait(%)": 0.41333333333333333, "Idle(%)": 87.32666666666667, "user+system(%)": 12.133333333333333, "Available Memory(Kb)": 1503609.3866666667}