{"Disk Read(KB/s)": 1.3335333333333332, "Disk Write(KB/s)": 211.64826666666679}