{"user+system(%)": 11.386216216216214, "%iowait": 0.7611711711711708, "%idle": 87.18154545454543}