Device,kB_read/s,kB_wrtn/s
loop0,0.0,0.0
sda,18.439560439560438,438.9010989010989
