{"Disk Write(KB/s)": 402.8917444444439, "Disk Read(KB/s)": 16.319755555555556}