{"%iowait": 5.106685082872931, "%idle": 59.21144444444446, "user+system(%)": 31.801988950276268}