Device,kB_read/s,kB_wrtn/s
loop0,0.0,0.0
sda,0.009195402298850575,103.9632183908046
