{"Disk Read(KB/s)": 0.0064333333333333334, "Disk Write(KB/s)": 88.34831111111117}