{"%idle": 8.13445454545455, "user+system(%)": 88.5557657657658, "%iowait": 0.9994594594594598, "%sys": 8.279459459459456, "%guest": 0.0}