Device,kB_read/s,kB_wrtn/s
loop0,0.0,0.0
sda,28.340983606557376,883.7901639344262
