{"%idle": 30.177636363636367, "user+system(%)": 65.33441441441438, "%iowait": 2.601441441441439}