{
  "AssignmentsList" : {
    "transaction" : "AssignmentsList",
    "sampleCount" : 100,
    "errorCount" : 0,
    "errorPct" : 0.0,
    "meanResTime" : 46.24000000000001,
    "medianResTime" : 41.5,
    "minResTime" : 30.0,
    "maxResTime" : 90.0,
    "pct1ResTime" : 65.0,
    "pct2ResTime" : 68.0,
    "pct3ResTime" : 89.82999999999991,
    "throughput" : 70.37297677691765,
    "receivedKBytesPerSec" : 26.90529336734694,
    "sentKBytesPerSec" : 22.884962174524983
  },
  "Get CSRF Token" : {
    "transaction" : "Get CSRF Token",
    "sampleCount" : 100,
    "errorCount" : 0,
    "errorPct" : 0.0,
    "meanResTime" : 39.18999999999999,
    "medianResTime" : 28.5,
    "minResTime" : 20.0,
    "maxResTime" : 159.0,
    "pct1ResTime" : 103.70000000000019,
    "pct2ResTime" : 140.0,
    "pct3ResTime" : 158.8199999999999,
    "throughput" : 99.10802775024777,
    "receivedKBytesPerSec" : 3225.1165293607537,
    "sentKBytesPerSec" : 13.259570118929634
  },
  "StudentCourses" : {
    "transaction" : "StudentCourses",
    "sampleCount" : 100,
    "errorCount" : 0,
    "errorPct" : 0.0,
    "meanResTime" : 57.350000000000016,
    "medianResTime" : 45.0,
    "minResTime" : 25.0,
    "maxResTime" : 412.0,
    "pct1ResTime" : 83.60000000000002,
    "pct2ResTime" : 153.1999999999996,
    "pct3ResTime" : 410.6799999999993,
    "throughput" : 68.1663258350375,
    "receivedKBytesPerSec" : 85.0747699386503,
    "sentKBytesPerSec" : 16.642169393319698
  },
  "Total" : {
    "transaction" : "Total",
    "sampleCount" : 2295,
    "errorCount" : 21,
    "errorPct" : 0.9150327,
    "meanResTime" : 2638.4875816993517,
    "medianResTime" : 1290.0,
    "minResTime" : 20.0,
    "maxResTime" : 50073.0,
    "pct1ResTime" : 3163.4,
    "pct2ResTime" : 6110.19999999997,
    "pct3ResTime" : 44299.79999999999,
    "throughput" : 7.594559714087163,
    "receivedKBytesPerSec" : 298.1389857943264,
    "sentKBytesPerSec" : 8.872935901254177
  },
  "Upload" : {
    "transaction" : "Upload",
    "sampleCount" : 1795,
    "errorCount" : 21,
    "errorPct" : 1.1699164,
    "meanResTime" : 3338.261838440106,
    "medianResTime" : 1583.0,
    "minResTime" : 104.0,
    "maxResTime" : 50073.0,
    "pct1ResTime" : 3788.0000000000036,
    "pct2ResTime" : 12513.799999999957,
    "pct3ResTime" : 45705.0,
    "throughput" : 6.4667673008541895,
    "receivedKBytesPerSec" : 297.92978657303667,
    "sentKBytesPerSec" : 9.087488358918195
  },
  "Course Page" : {
    "transaction" : "Course Page",
    "sampleCount" : 100,
    "errorCount" : 0,
    "errorPct" : 0.0,
    "meanResTime" : 69.07000000000001,
    "medianResTime" : 67.0,
    "minResTime" : 45.0,
    "maxResTime" : 115.0,
    "pct1ResTime" : 85.9,
    "pct2ResTime" : 98.5499999999999,
    "pct3ResTime" : 114.99,
    "throughput" : 68.39945280437756,
    "receivedKBytesPerSec" : 2607.0718621751025,
    "sentKBytesPerSec" : 19.972105848153216
  },
  "Login" : {
    "transaction" : "Login",
    "sampleCount" : 100,
    "errorCount" : 0,
    "errorPct" : 0.0,
    "meanResTime" : 419.6399999999999,
    "medianResTime" : 435.0,
    "minResTime" : 138.0,
    "maxResTime" : 963.0,
    "pct1ResTime" : 740.8,
    "pct2ResTime" : 906.0499999999993,
    "pct3ResTime" : 962.7899999999998,
    "throughput" : 61.69031462060456,
    "receivedKBytesPerSec" : 104.03252236273904,
    "sentKBytesPerSec" : 36.618985194324495
  }
}