{
  "AssignmentsList" : {
    "transaction" : "AssignmentsList",
    "sampleCount" : 50,
    "errorCount" : 0,
    "errorPct" : 0.0,
    "meanResTime" : 36.32,
    "medianResTime" : 35.0,
    "minResTime" : 26.0,
    "maxResTime" : 53.0,
    "pct1ResTime" : 44.8,
    "pct2ResTime" : 50.0,
    "pct3ResTime" : 53.0,
    "throughput" : 13.000520020800831,
    "receivedKBytesPerSec" : 5.040240672126885,
    "sentKBytesPerSec" : 4.227708170826833
  },
  "Get CSRF Token" : {
    "transaction" : "Get CSRF Token",
    "sampleCount" : 50,
    "errorCount" : 0,
    "errorPct" : 0.0,
    "meanResTime" : 482.19999999999993,
    "medianResTime" : 34.0,
    "minResTime" : 22.0,
    "maxResTime" : 2592.0,
    "pct1ResTime" : 2464.3,
    "pct2ResTime" : 2477.45,
    "pct3ResTime" : 2592.0,
    "throughput" : 17.385257301808068,
    "receivedKBytesPerSec" : 565.7271383866481,
    "sentKBytesPerSec" : 2.3259572757301807
  },
  "StudentCourses" : {
    "transaction" : "StudentCourses",
    "sampleCount" : 50,
    "errorCount" : 0,
    "errorPct" : 0.0,
    "meanResTime" : 80.89999999999998,
    "medianResTime" : 73.0,
    "minResTime" : 23.0,
    "maxResTime" : 231.0,
    "pct1ResTime" : 147.6,
    "pct2ResTime" : 204.59999999999997,
    "pct3ResTime" : 231.0,
    "throughput" : 12.790995139421847,
    "receivedKBytesPerSec" : 15.951270305704785,
    "sentKBytesPerSec" : 3.122801547710412
  },
  "Total" : {
    "transaction" : "Total",
    "sampleCount" : 1273,
    "errorCount" : 3,
    "errorPct" : 0.23566379,
    "meanResTime" : 1105.850746268657,
    "medianResTime" : 883.0,
    "minResTime" : 22.0,
    "maxResTime" : 9385.0,
    "pct1ResTime" : 1699.2000000000003,
    "pct2ResTime" : 3125.699999999978,
    "pct3ResTime" : 6283.5599999999995,
    "throughput" : 4.229896362554951,
    "receivedKBytesPerSec" : 161.28773053329758,
    "sentKBytesPerSec" : 4.610292787619662
  },
  "Upload" : {
    "transaction" : "Upload",
    "sampleCount" : 1023,
    "errorCount" : 3,
    "errorPct" : 0.29325512,
    "meanResTime" : 1254.798631476049,
    "medianResTime" : 945.0,
    "minResTime" : 644.0,
    "maxResTime" : 9385.0,
    "pct1ResTime" : 1696.8000000000002,
    "pct2ResTime" : 2590.0,
    "pct3ResTime" : 6402.32,
    "throughput" : 3.7026312932064136,
    "receivedKBytesPerSec" : 162.29721898299792,
    "sentKBytesPerSec" : 4.734357609984074
  },
  "Course Page" : {
    "transaction" : "Course Page",
    "sampleCount" : 50,
    "errorCount" : 0,
    "errorPct" : 0.0,
    "meanResTime" : 55.84,
    "medianResTime" : 57.0,
    "minResTime" : 39.0,
    "maxResTime" : 71.0,
    "pct1ResTime" : 66.0,
    "pct2ResTime" : 70.0,
    "pct3ResTime" : 71.0,
    "throughput" : 12.893243940175347,
    "receivedKBytesPerSec" : 491.4516785391954,
    "sentKBytesPerSec" : 3.764726502062919
  },
  "Login" : {
    "transaction" : "Login",
    "sampleCount" : 50,
    "errorCount" : 0,
    "errorPct" : 0.0,
    "meanResTime" : 1826.5199999999998,
    "medianResTime" : 864.5,
    "minResTime" : 164.0,
    "maxResTime" : 4202.0,
    "pct1ResTime" : 4106.9,
    "pct2ResTime" : 4178.0,
    "pct3ResTime" : 4202.0,
    "throughput" : 11.155734047300312,
    "receivedKBytesPerSec" : 18.810484995537706,
    "sentKBytesPerSec" : 6.619795152833556
  }
}