{
  "AssignmentsList" : {
    "transaction" : "AssignmentsList",
    "sampleCount" : 350,
    "errorCount" : 0,
    "errorPct" : 0.0,
    "meanResTime" : 50.42857142857145,
    "medianResTime" : 40.0,
    "minResTime" : 29.0,
    "maxResTime" : 186.0,
    "pct1ResTime" : 85.0,
    "pct2ResTime" : 94.0,
    "pct3ResTime" : 143.41000000000008,
    "throughput" : 104.79041916167664,
    "receivedKBytesPerSec" : 40.144320733532936,
    "sentKBytesPerSec" : 34.077353106287426
  },
  "Get CSRF Token" : {
    "transaction" : "Get CSRF Token",
    "sampleCount" : 350,
    "errorCount" : 0,
    "errorPct" : 0.0,
    "meanResTime" : 30.93999999999999,
    "medianResTime" : 26.0,
    "minResTime" : 20.0,
    "maxResTime" : 137.0,
    "pct1ResTime" : 35.0,
    "pct2ResTime" : 52.44999999999999,
    "pct3ResTime" : 137.0,
    "throughput" : 109.92462311557789,
    "receivedKBytesPerSec" : 3576.9748400204144,
    "sentKBytesPerSec" : 14.706712272298994
  },
  "StudentCourses" : {
    "transaction" : "StudentCourses",
    "sampleCount" : 350,
    "errorCount" : 0,
    "errorPct" : 0.0,
    "meanResTime" : 70.96000000000008,
    "medianResTime" : 60.0,
    "minResTime" : 24.0,
    "maxResTime" : 418.0,
    "pct1ResTime" : 123.0,
    "pct2ResTime" : 149.0,
    "pct3ResTime" : 225.5600000000004,
    "throughput" : 106.09275538041831,
    "receivedKBytesPerSec" : 132.3939309260382,
    "sentKBytesPerSec" : 25.90155160654744
  },
  "Total" : {
    "transaction" : "Total",
    "sampleCount" : 4471,
    "errorCount" : 323,
    "errorPct" : 7.2243347,
    "meanResTime" : 15512.82822634757,
    "medianResTime" : 12027.0,
    "minResTime" : 14.0,
    "maxResTime" : 87104.0,
    "pct1ResTime" : 40602.4,
    "pct2ResTime" : 50004.0,
    "pct3ResTime" : 57152.19999999993,
    "throughput" : 13.902579331146317,
    "receivedKBytesPerSec" : 426.00855331433945,
    "sentKBytesPerSec" : 13.003134887241716
  },
  "Upload" : {
    "transaction" : "Upload",
    "sampleCount" : 2721,
    "errorCount" : 323,
    "errorPct" : 11.870636,
    "meanResTime" : 25425.300624770312,
    "medianResTime" : 23212.0,
    "minResTime" : 14.0,
    "maxResTime" : 87104.0,
    "pct1ResTime" : 50003.0,
    "pct2ResTime" : 50005.0,
    "pct3ResTime" : 61613.48000000001,
    "throughput" : 9.166430852569025,
    "receivedKBytesPerSec" : 374.30495702814443,
    "sentKBytesPerSec" : 12.212364043698036
  },
  "Course Page" : {
    "transaction" : "Course Page",
    "sampleCount" : 350,
    "errorCount" : 0,
    "errorPct" : 0.0,
    "meanResTime" : 79.48285714285721,
    "medianResTime" : 66.0,
    "minResTime" : 46.0,
    "maxResTime" : 232.0,
    "pct1ResTime" : 120.90000000000003,
    "pct2ResTime" : 142.45,
    "pct3ResTime" : 205.96000000000004,
    "throughput" : 104.04280618311535,
    "receivedKBytesPerSec" : 3965.9175623327883,
    "sentKBytesPerSec" : 30.379686571046374
  },
  "Login" : {
    "transaction" : "Login",
    "sampleCount" : 350,
    "errorCount" : 0,
    "errorPct" : 0.0,
    "meanResTime" : 269.93714285714276,
    "medianResTime" : 215.5,
    "minResTime" : 128.0,
    "maxResTime" : 836.0,
    "pct1ResTime" : 453.90000000000003,
    "pct2ResTime" : 535.5999999999999,
    "pct3ResTime" : 718.8600000000001,
    "throughput" : 102.94117647058823,
    "receivedKBytesPerSec" : 173.75172334558823,
    "sentKBytesPerSec" : 61.26034007352941
  }
}