{
  "AssignmentsList" : {
    "transaction" : "AssignmentsList",
    "sampleCount" : 1,
    "errorCount" : 0,
    "errorPct" : 0.0,
    "meanResTime" : 440.0,
    "medianResTime" : 440.0,
    "minResTime" : 440.0,
    "maxResTime" : 440.0,
    "pct1ResTime" : 440.0,
    "pct2ResTime" : 440.0,
    "pct3ResTime" : 440.0,
    "throughput" : 2.2727272727272725,
    "receivedKBytesPerSec" : 0.8811257102272727,
    "sentKBytesPerSec" : 0.7390802556818182
  },
  "Get CSRF Token" : {
    "transaction" : "Get CSRF Token",
    "sampleCount" : 1,
    "errorCount" : 0,
    "errorPct" : 0.0,
    "meanResTime" : 2907.0,
    "medianResTime" : 2907.0,
    "minResTime" : 2907.0,
    "maxResTime" : 2907.0,
    "pct1ResTime" : 2907.0,
    "pct2ResTime" : 2907.0,
    "pct3ResTime" : 2907.0,
    "throughput" : 0.3439972480220158,
    "receivedKBytesPerSec" : 11.19234014877881,
    "sentKBytesPerSec" : 0.046023069315445475
  },
  "StudentCourses" : {
    "transaction" : "StudentCourses",
    "sampleCount" : 1,
    "errorCount" : 0,
    "errorPct" : 0.0,
    "meanResTime" : 158.0,
    "medianResTime" : 158.0,
    "minResTime" : 158.0,
    "maxResTime" : 158.0,
    "pct1ResTime" : 158.0,
    "pct2ResTime" : 158.0,
    "pct3ResTime" : 158.0,
    "throughput" : 6.329113924050633,
    "receivedKBytesPerSec" : 7.892850079113924,
    "sentKBytesPerSec" : 1.545193829113924
  },
  "Total" : {
    "transaction" : "Total",
    "sampleCount" : 24,
    "errorCount" : 0,
    "errorPct" : 0.0,
    "meanResTime" : 2053.375,
    "medianResTime" : 904.0,
    "minResTime" : 158.0,
    "maxResTime" : 10149.0,
    "pct1ResTime" : 3284.5,
    "pct2ResTime" : 8437.5,
    "pct3ResTime" : 10149.0,
    "throughput" : 0.08127933676061204,
    "receivedKBytesPerSec" : 3.0784879524549744,
    "sentKBytesPerSec" : 0.08740108368215714
  },
  "Upload" : {
    "transaction" : "Upload",
    "sampleCount" : 19,
    "errorCount" : 0,
    "errorPct" : 0.0,
    "meanResTime" : 2182.947368421052,
    "medianResTime" : 890.0,
    "minResTime" : 805.0,
    "maxResTime" : 10149.0,
    "pct1ResTime" : 3303.0,
    "pct2ResTime" : 10149.0,
    "pct3ResTime" : 10149.0,
    "throughput" : 0.0720723454617182,
    "receivedKBytesPerSec" : 3.167578842167253,
    "sentKBytesPerSec" : 0.09187594120793251
  },
  "Course Page" : {
    "transaction" : "Course Page",
    "sampleCount" : 1,
    "errorCount" : 0,
    "errorPct" : 0.0,
    "meanResTime" : 2686.0,
    "medianResTime" : 2686.0,
    "minResTime" : 2686.0,
    "maxResTime" : 2686.0,
    "pct1ResTime" : 2686.0,
    "pct2ResTime" : 2686.0,
    "pct3ResTime" : 2686.0,
    "throughput" : 0.37230081906180196,
    "receivedKBytesPerSec" : 14.186333651340282,
    "sentKBytesPerSec" : 0.10870893056589724
  },
  "Login" : {
    "transaction" : "Login",
    "sampleCount" : 1,
    "errorCount" : 0,
    "errorPct" : 0.0,
    "meanResTime" : 1614.0,
    "medianResTime" : 1614.0,
    "minResTime" : 1614.0,
    "maxResTime" : 1614.0,
    "pct1ResTime" : 1614.0,
    "pct2ResTime" : 1614.0,
    "pct3ResTime" : 1614.0,
    "throughput" : 0.6195786864931846,
    "receivedKBytesPerSec" : 1.0437238615241635,
    "sentKBytesPerSec" : 0.36666473048327136
  }
}