{
  "AssignmentsList" : {
    "transaction" : "AssignmentsList",
    "sampleCount" : 150,
    "errorCount" : 0,
    "errorPct" : 0.0,
    "meanResTime" : 44.17333333333334,
    "medianResTime" : 40.0,
    "minResTime" : 27.0,
    "maxResTime" : 92.0,
    "pct1ResTime" : 62.900000000000006,
    "pct2ResTime" : 69.0,
    "pct3ResTime" : 86.3900000000001,
    "throughput" : 84.08071748878925,
    "receivedKBytesPerSec" : 32.29662976457399,
    "sentKBytesPerSec" : 27.342655198991032
  },
  "Get CSRF Token" : {
    "transaction" : "Get CSRF Token",
    "sampleCount" : 150,
    "errorCount" : 0,
    "errorPct" : 0.0,
    "meanResTime" : 37.30666666666668,
    "medianResTime" : 27.0,
    "minResTime" : 20.0,
    "maxResTime" : 154.0,
    "pct1ResTime" : 52.900000000000006,
    "pct2ResTime" : 153.0,
    "pct3ResTime" : 154.0,
    "throughput" : 104.60251046025104,
    "receivedKBytesPerSec" : 3403.8637552301257,
    "sentKBytesPerSec" : 13.994671809623432
  },
  "StudentCourses" : {
    "transaction" : "StudentCourses",
    "sampleCount" : 150,
    "errorCount" : 0,
    "errorPct" : 0.0,
    "meanResTime" : 64.36000000000001,
    "medianResTime" : 53.0,
    "minResTime" : 23.0,
    "maxResTime" : 342.0,
    "pct1ResTime" : 99.9,
    "pct2ResTime" : 147.45,
    "pct3ResTime" : 333.84000000000015,
    "throughput" : 81.78844056706652,
    "receivedKBytesPerSec" : 102.04918381952017,
    "sentKBytesPerSec" : 19.967880997818973
  },
  "Total" : {
    "transaction" : "Total",
    "sampleCount" : 3034,
    "errorCount" : 47,
    "errorPct" : 1.54911,
    "meanResTime" : 4725.955504284784,
    "medianResTime" : 3524.5,
    "minResTime" : 20.0,
    "maxResTime" : 50029.0,
    "pct1ResTime" : 7593.5,
    "pct2ResTime" : 11172.25,
    "pct3ResTime" : 45037.4,
    "throughput" : 9.995618268853798,
    "receivedKBytesPerSec" : 373.62504653530254,
    "sentKBytesPerSec" : 10.981983939966987
  },
  "Upload" : {
    "transaction" : "Upload",
    "sampleCount" : 2284,
    "errorCount" : 47,
    "errorPct" : 2.0577934,
    "meanResTime" : 6243.746059544657,
    "medianResTime" : 4199.0,
    "minResTime" : 25.0,
    "maxResTime" : 50029.0,
    "pct1ResTime" : 8543.0,
    "pct2ResTime" : 15615.0,
    "pct3ResTime" : 48109.95000000001,
    "throughput" : 8.187553771149986,
    "receivedKBytesPerSec" : 366.76087353473616,
    "sentKBytesPerSec" : 11.094717600641669
  },
  "Course Page" : {
    "transaction" : "Course Page",
    "sampleCount" : 150,
    "errorCount" : 0,
    "errorPct" : 0.0,
    "meanResTime" : 68.49333333333333,
    "medianResTime" : 62.5,
    "minResTime" : 41.0,
    "maxResTime" : 171.0,
    "pct1ResTime" : 89.0,
    "pct2ResTime" : 109.34999999999997,
    "pct3ResTime" : 166.92000000000007,
    "throughput" : 82.10180623973727,
    "receivedKBytesPerSec" : 3129.141437465791,
    "sentKBytesPerSec" : 23.973086001642038
  },
  "Login" : {
    "transaction" : "Login",
    "sampleCount" : 150,
    "errorCount" : 0,
    "errorPct" : 0.0,
    "meanResTime" : 304.5533333333334,
    "medianResTime" : 220.0,
    "minResTime" : 150.0,
    "maxResTime" : 767.0,
    "pct1ResTime" : 556.9,
    "pct2ResTime" : 642.6499999999996,
    "pct3ResTime" : 758.8400000000001,
    "throughput" : 74.8502994011976,
    "receivedKBytesPerSec" : 126.277718001497,
    "sentKBytesPerSec" : 44.483299026946106
  }
}