{"Disk Read(KB/s)": 0.27353333333333335, "Disk Write(KB/s)": 131.6547333333335}