{"user+system(%)": 85.27777777777777, "Idle(%)": 13.311111111111112, "I/O wait(%)": 1.3333333333333333, "Available Memory(Kb)": 7118506.555555556}