Device,kB_read/s,kB_wrtn/s
loop0,0.0,0.0
sda,11.874439461883409,404.9470852017937
