{"Disk Read(KB/s)": 12.096044444444415, "Disk Write(KB/s)": 391.7515333333334}