{"%idle": 85.89094444444447, "%iowait": 1.0686740331491715, "user+system(%)": 12.39331491712707}