{"I/O wait(%)": 1.0166666666666666, "user+system(%)": 12.988888888888889, "Idle(%)": 85.93888888888888, "Available Memory(Kb)": 9189358.577777777}