Device,kB_read/s,kB_wrtn/s
loop0,0.0,0.0
sda,235.23418803418804,402.31452991452994
