{"Disk Read(KB/s)": 255.34038888888915, "Disk Write(KB/s)": 405.10246666666734}