{"%idle": 52.812111111111136, "%iowait": 4.434861878453035, "user+system(%)": 39.45088397790054}