{"user+system(%)": 42.4, "Idle(%)": 53.1, "I/O wait(%)": 4.444444444444445, "Available Memory(Kb)": 10454286.444444444}