Device,kB_read/s,kB_wrtn/s
loop0,0.0,0.0
sda,1.664516129032258,713.858064516129
