{"Disk Write(KB/s)": 712.1451666666666, "Disk Read(KB/s)": 1.6866666666666668}