{"%idle": 25.904272727272733, "%iowait": 1.7754954954954936, "user+system(%)": 70.47684684684685}