{"user+system(%)": 72.38181818181818, "Idle(%)": 25.818181818181817, "Available Memory(Kb)": 2892016.690909091, "I/O wait(%)": 1.8272727272727274}