{"Disk Read(KB/s)": 38.04633333333334, "Disk Write(KB/s)": 83.76366666666667}