{"%sys": 5.633423423423422, "%idle": 7.0411818181818155, "%guest": 0.0, "%iowait": 0.6358558558558558, "user+system(%)": 89.86099099099097}