Device,kB_read/s,kB_wrtn/s
loop0,0.0,0.0
sda,0.08275862068965517,10.510344827586207
