{"Disk Write(KB/s)": 10.576999999999998, "Disk Read(KB/s)": 0.07716666666666666}