{"%iowait": 0.46729729729729746, "%sys": 5.548828828828827, "%idle": 87.58418181818182, "user+system(%)": 10.427477477477478, "%guest": 0.0}