{"user+system(%)": 12.263636363636364, "Available Memory(Kb)": 10367967.090909092, "Idle(%)": 87.61818181818182, "I/O wait(%)": 0.5636363636363636, "sys(%)": 5.8}