Device,kB_read/s,kB_wrtn/s
loop0,0.0,0.0
sda,1230.6754098360657,38.41311475409836
