{"Disk Write(KB/s)": 37.987333333333346, "Disk Read(KB/s)": 1211.3830000000005}