{"%iowait": 11.37, "user+system(%)": 4.131441441441441, "%idle": 69.66118181818183}