{"Idle(%)": 69.26363636363637, "user+system(%)": 18.854545454545455, "Available Memory(Kb)": 6554807.818181818, "I/O wait(%)": 11.863636363636363}