{"Disk Write(KB/s)": 114.54054444444441, "Disk Read(KB/s)": 5.993777777777779}