{"%idle": 73.15927777777776, "%iowait": 1.40342541436464, "user+system(%)": 19.13381215469613}