{"I/O wait(%)": 1.3277777777777777, "Idle(%)": 73.11666666666666, "user+system(%)": 25.416666666666668, "Available Memory(Kb)": 9406976.022222223}