{
  "AssignmentsList" : {
    "transaction" : "AssignmentsList",
    "sampleCount" : 150,
    "errorCount" : 0,
    "errorPct" : 0.0,
    "meanResTime" : 83.60000000000001,
    "medianResTime" : 74.0,
    "minResTime" : 33.0,
    "maxResTime" : 384.0,
    "pct1ResTime" : 137.0,
    "pct2ResTime" : 173.6499999999998,
    "pct3ResTime" : 319.74000000000115,
    "throughput" : 49.65243296921549,
    "receivedKBytesPerSec" : 19.07222360145647,
    "sentKBytesPerSec" : 16.146738455809334
  },
  "Get CSRF Token" : {
    "transaction" : "Get CSRF Token",
    "sampleCount" : 150,
    "errorCount" : 0,
    "errorPct" : 0.0,
    "meanResTime" : 55.82666666666665,
    "medianResTime" : 39.0,
    "minResTime" : 30.0,
    "maxResTime" : 293.0,
    "pct1ResTime" : 74.80000000000001,
    "pct2ResTime" : 178.79999999999995,
    "pct3ResTime" : 290.96000000000004,
    "throughput" : 97.3393900064893,
    "receivedKBytesPerSec" : 3251.679991685594,
    "sentKBytesPerSec" : 13.022945733290072
  },
  "StudentCourses" : {
    "transaction" : "StudentCourses",
    "sampleCount" : 150,
    "errorCount" : 0,
    "errorPct" : 0.0,
    "meanResTime" : 188.99999999999997,
    "medianResTime" : 162.5,
    "minResTime" : 40.0,
    "maxResTime" : 575.0,
    "pct1ResTime" : 340.5,
    "pct2ResTime" : 406.4999999999999,
    "pct3ResTime" : 549.5000000000005,
    "throughput" : 61.75380815150268,
    "receivedKBytesPerSec" : 76.40827629682998,
    "sentKBytesPerSec" : 15.076613318237959
  },
  "Total" : {
    "transaction" : "Total",
    "sampleCount" : 3502,
    "errorCount" : 14,
    "errorPct" : 0.39977157,
    "meanResTime" : 2434.2561393489377,
    "medianResTime" : 1520.5,
    "minResTime" : 16.0,
    "maxResTime" : 38799.0,
    "pct1ResTime" : 4400.800000000001,
    "pct2ResTime" : 6423.799999999996,
    "pct3ResTime" : 34372.67999999989,
    "throughput" : 11.582909420457627,
    "receivedKBytesPerSec" : 439.1175384322638,
    "sentKBytesPerSec" : 13.207224377732834
  },
  "Upload" : {
    "transaction" : "Upload",
    "sampleCount" : 2752,
    "errorCount" : 14,
    "errorPct" : 0.50872093,
    "meanResTime" : 3006.527616279065,
    "medianResTime" : 1923.0,
    "minResTime" : 16.0,
    "maxResTime" : 38799.0,
    "pct1ResTime" : 5067.500000000013,
    "pct2ResTime" : 7287.899999999999,
    "pct3ResTime" : 36563.96999999983,
    "throughput" : 9.908262165704164,
    "receivedKBytesPerSec" : 437.04466017194545,
    "sentKBytesPerSec" : 13.518320648348503
  },
  "Course Page" : {
    "transaction" : "Course Page",
    "sampleCount" : 150,
    "errorCount" : 0,
    "errorPct" : 0.0,
    "meanResTime" : 336.4466666666667,
    "medianResTime" : 204.0,
    "minResTime" : 70.0,
    "maxResTime" : 1375.0,
    "pct1ResTime" : 851.8000000000001,
    "pct2ResTime" : 954.8,
    "pct3ResTime" : 1252.6000000000022,
    "throughput" : 49.21259842519685,
    "receivedKBytesPerSec" : 1924.0399057783793,
    "sentKBytesPerSec" : 14.369694266732283
  },
  "Login" : {
    "transaction" : "Login",
    "sampleCount" : 150,
    "errorCount" : 0,
    "errorPct" : 0.0,
    "meanResTime" : 1007.1333333333339,
    "medianResTime" : 1028.0,
    "minResTime" : 170.0,
    "maxResTime" : 1922.0,
    "pct1ResTime" : 1537.4,
    "pct2ResTime" : 1646.9499999999998,
    "pct3ResTime" : 1879.1600000000008,
    "throughput" : 56.053811659192824,
    "receivedKBytesPerSec" : 95.98996286434976,
    "sentKBytesPerSec" : 33.31260510089686
  }
}