{"Disk Write(KB/s)": 3439.9056666666665, "Disk Read(KB/s)": 286.6058333333333}