{"%sys": 4.887747747747747, "%guest": 69.39927927927927, "%iowait": 3.381171171171171, "user+system(%)": 13.328198198198201, "%idle": 12.780909090909086}