{"I/O wait(%)": 3.4909090909090907, "sys(%)": 5.045454545454546, "Idle(%)": 12.936363636363636, "Available Memory(Kb)": 192796.03636363638, "user+system(%)": 83.5909090909091}