Device,kB_read/s,kB_wrtn/s
loop0,0.0,0.0
sda,460.6863387978142,610.0065573770491
