{"Disk Write(KB/s)": 549.7722555555558, "Disk Read(KB/s)": 398.23717777777756}