{"%idle": 21.543222222222234, "%iowait": 1.3860773480662982, "user+system(%)": 72.43690607734811}