{"Idle(%)": 21.93888888888889, "I/O wait(%)": 1.4111111111111112, "user+system(%)": 76.68333333333334, "Available Memory(Kb)": 6903716.111111111}