Device,kB_read/s,kB_wrtn/s
loop0,0.0,0.0
sda,24.17286432160804,305.07738693467337
