{"Disk Read(KB/s)": 25.391122222222222, "Disk Write(KB/s)": 314.87330000000003}