{"user+system(%)": 8.848176795580114, "%idle": 89.94772222222224, "%iowait": 0.6979005524861881}