{"Idle(%)": 90.03333333333333, "Available Memory(Kb)": 3343397.9777777777, "user+system(%)": 9.133333333333333, "I/O wait(%)": 0.6388888888888888}