{"user+system(%)": 98.64545454545454, "Available Memory(Kb)": 6224995.927272728, "sys(%)": 4.618181818181818, "Idle(%)": 1.1636363636363636, "I/O wait(%)": 0.14545454545454545}