{"%idle": 73.00077777777777, "%iowait": 0.9646961325966842, "user+system(%)": 21.665027624309385}