{"Available Memory(Kb)": 7228723.111111111, "I/O wait(%)": 0.8888888888888888, "user+system(%)": 26.022222222222222, "Idle(%)": 72.88333333333334}