Device,kB_read/s,kB_wrtn/s
loop0,0.0,0.0
sda,5.595428571428571,98.74285714285715
