{"Disk Write(KB/s)": 108.81662222222239, "Disk Read(KB/s)": 4.697122222222221}