{"%iowait": 0.46033149171270704, "%idle": 93.21477777777778, "user+system(%)": 3.718397790055248}