{"I/O wait(%)": 0.4111111111111111, "Idle(%)": 93.23333333333333, "user+system(%)": 6.555555555555555, "Available Memory(Kb)": 10051113.533333333}