Device,kB_read/s,kB_wrtn/s
loop0,0.0,0.0
sda,1.0754098360655737,24.64262295081967
