{"Disk Write(KB/s)": 23.49983333333334, "Disk Read(KB/s)": 1.0661666666666665}