{"user+system(%)": 53.81180180180177, "%iowait": 0.28378378378378377, "%guest": 0.0, "%idle": 43.57318181818184, "%sys": 4.4741441441441445}