{"user+system(%)": 56.95454545454545, "Available Memory(Kb)": 7833612.763636364, "sys(%)": 5.2, "Idle(%)": 43.027272727272724, "I/O wait(%)": 0.3090909090909091}