Device,kB_read/s,kB_wrtn/s
loop0,0.0,0.0
sda,1153.7967213114755,370.72786885245904
