{"Disk Write(KB/s)": 366.9483333333333, "Disk Read(KB/s)": 1111.7598333333337}