Device,kB_read/s,kB_wrtn/s
loop0,0.0,0.0
sda,11.823204419889503,203.61546961325968
