{"Disk Read(KB/s)": 9.861800000000002, "Disk Write(KB/s)": 189.42469999999992}