{"%iowait": 0.4338674033149177, "user+system(%)": 7.006740331491711, "%idle": 91.66788888888891}