{"Available Memory(Kb)": 8419429.2, "Idle(%)": 91.68888888888888, "I/O wait(%)": 0.40555555555555556, "user+system(%)": 7.866666666666666}