Device,kB_read/s,kB_wrtn/s
loop0,0.0,0.0
sda,65.93062730627307,404.46346863468636
