{"Disk Write(KB/s)": 413.81201111111073, "Disk Read(KB/s)": 84.7220333333333}