{"%idle": 54.483499999999985, "%iowait": 2.135856353591161, "user+system(%)": 40.12436464088399}