{"Available Memory(Kb)": 11071044.822222222, "Idle(%)": 54.63333333333333, "user+system(%)": 43.25555555555555, "I/O wait(%)": 2.188888888888889}