{"%idle": 54.51794444444444, "%iowait": 1.6242541436464086, "user+system(%)": 31.4814364640884}