{"Idle(%)": 54.583333333333336, "user+system(%)": 43.73888888888889, "I/O wait(%)": 1.5444444444444445, "Available Memory(Kb)": 7258184.555555556}