{"Disk Read(KB/s)": 25.264400000000006, "Disk Write(KB/s)": 827.3281666666669}