Device,kB_read/s,kB_wrtn/s
loop0,0.0,0.0
sda,2.4655737704918033,139.54098360655738
Device,kB_read/s,kB_wrtn/s
loop0,0.0,0.0
sda,2.4655737704918033,139.54098360655738
