{"Disk Read(KB/s)": 2.4501666666666666, "Disk Write(KB/s)": 137.39333333333335}