{"%sys": 5.888198198198199, "%iowait": 0.03153153153153153, "user+system(%)": 97.4490990990991, "%guest": 0.0, "%idle": 0.0}