{"Idle(%)": 0.0, "I/O wait(%)": 0.03636363636363636, "Available Memory(Kb)": 3918709.4545454546, "sys(%)": 6.7272727272727275, "user+system(%)": 100.26363636363637}