Device,kB_read/s,kB_wrtn/s
loop0,0.0,0.0
sda,4.9591160220994475,395.9867403314917
