{"%idle": 35.43205555555554, "user+system(%)": 57.09447513812155, "%iowait": 2.45756906077348}