{"user+system(%)": 61.91111111111111, "Idle(%)": 35.62222222222222, "Available Memory(Kb)": 7171807.711111112, "I/O wait(%)": 2.4277777777777776}