{"Disk Read(KB/s)": 6.048000000000002, "Disk Write(KB/s)": 756.5606666666667}