{"user+system(%)": 96.33855855855856, "%iowait": 0.2652252252252252, "%idle": 1.6269090909090904}