{"I/O wait(%)": 0.2636363636363636, "Idle(%)": 1.6363636363636365, "Available Memory(Kb)": 2245180.1454545455, "user+system(%)": 98.10909090909091}