Device,kB_read/s,kB_wrtn/s
loop0,0.0,0.0
sda,9.379005524861878,108.73370165745857
