{"Disk Read(KB/s)": 8.299155555555556, "Disk Write(KB/s)": 113.93709999999992}