{"%iowait": 0.23823204419889513, "user+system(%)": 2.393591160220993, "%idle": 96.54644444444443}