{"Available Memory(Kb)": 8918982.8, "I/O wait(%)": 0.2222222222222222, "Idle(%)": 96.64444444444445, "user+system(%)": 3.0722222222222224}