{"Disk Write(KB/s)": 366.77433333333335, "Disk Read(KB/s)": 1111.9115000000006}