{"%guest": 22.330810810810814, "user+system(%)": 9.324324324324325, "%sys": 3.4254954954954946, "%idle": 50.63163636363637, "%iowait": 17.20909909909909}