{"sys(%)": 3.3181818181818183, "user+system(%)": 31.78181818181818, "Available Memory(Kb)": 5163781.745454545, "Idle(%)": 50.36363636363637, "I/O wait(%)": 17.836363636363636}