Device,kB_read/s,kB_wrtn/s
loop0,0.0,0.0
sda,18.12783505154639,322.0701030927835
