{"Disk Write(KB/s)": 287.30063333333345, "Disk Read(KB/s)": 14.276166666666686}