{"%idle": 62.34100000000001, "%iowait": 1.4649549549549539, "user+system(%)": 34.50153153153153}