{"Available Memory(Kb)": 4724675.490909091, "I/O wait(%)": 1.4181818181818182, "user+system(%)": 36.14545454545455, "Idle(%)": 62.43636363636364}