Device,kB_read/s,kB_wrtn/s
loop0,0.0,0.0
sda,4.3822222222222225,157.66666666666666
