{"Disk Write(KB/s)": 122.1830666666668, "Disk Read(KB/s)": 2.762677777777778}