{"I/O wait(%)": 2.1777777777777776, "Idle(%)": 24.02777777777778, "user+system(%)": 73.72777777777777, "Available Memory(Kb)": 6938434.266666667}