{
  "AssignmentsList" : {
    "transaction" : "AssignmentsList",
    "sampleCount" : 20,
    "errorCount" : 0,
    "errorPct" : 0.0,
    "meanResTime" : 37.14999999999999,
    "medianResTime" : 34.0,
    "minResTime" : 26.0,
    "maxResTime" : 71.0,
    "pct1ResTime" : 55.900000000000006,
    "pct2ResTime" : 70.24999999999999,
    "pct3ResTime" : 71.0,
    "throughput" : 70.92198581560284,
    "receivedKBytesPerSec" : 27.496121453900713,
    "sentKBytesPerSec" : 22.924977836879435
  },
  "Get CSRF Token" : {
    "transaction" : "Get CSRF Token",
    "sampleCount" : 20,
    "errorCount" : 0,
    "errorPct" : 0.0,
    "meanResTime" : 57.95000000000002,
    "medianResTime" : 34.5,
    "minResTime" : 26.0,
    "maxResTime" : 133.0,
    "pct1ResTime" : 133.0,
    "pct2ResTime" : 133.0,
    "pct3ResTime" : 133.0,
    "throughput" : 49.26108374384237,
    "receivedKBytesPerSec" : 1316.6948891625616,
    "sentKBytesPerSec" : 6.494381157635468
  },
  "StudentCourses" : {
    "transaction" : "StudentCourses",
    "sampleCount" : 20,
    "errorCount" : 0,
    "errorPct" : 0.0,
    "meanResTime" : 36.9,
    "medianResTime" : 33.5,
    "minResTime" : 25.0,
    "maxResTime" : 67.0,
    "pct1ResTime" : 58.7,
    "pct2ResTime" : 66.6,
    "pct3ResTime" : 67.0,
    "throughput" : 63.897763578274756,
    "receivedKBytesPerSec" : 79.68500399361022,
    "sentKBytesPerSec" : 15.475239616613418
  },
  "GetSubmissionId" : {
    "transaction" : "GetSubmissionId",
    "sampleCount" : 240,
    "errorCount" : 0,
    "errorPct" : 0.0,
    "meanResTime" : 529.2041666666668,
    "medianResTime" : 402.0,
    "minResTime" : 271.0,
    "maxResTime" : 2596.0,
    "pct1ResTime" : 931.6000000000001,
    "pct2ResTime" : 1216.85,
    "pct3ResTime" : 2147.540000000002,
    "throughput" : 0.9329301002122417,
    "receivedKBytesPerSec" : 39.721378087172596,
    "sentKBytesPerSec" : 0.21592229858427855
  },
  "TestcasesResults" : {
    "transaction" : "TestcasesResults",
    "sampleCount" : 240,
    "errorCount" : 0,
    "errorPct" : 0.0,
    "meanResTime" : 5488.583333333331,
    "medianResTime" : 5361.5,
    "minResTime" : 5225.0,
    "maxResTime" : 7367.0,
    "pct1ResTime" : 5854.3,
    "pct2ResTime" : 6208.299999999999,
    "pct3ResTime" : 7265.75,
    "throughput" : 0.9189311299406907,
    "receivedKBytesPerSec" : 26.643053795999204,
    "sentKBytesPerSec" : 0.22255363303251102
  },
  "Total" : {
    "transaction" : "Total",
    "sampleCount" : 1060,
    "errorCount" : 0,
    "errorPct" : 0.0,
    "meanResTime" : 2080.2556603773583,
    "medianResTime" : 1147.5,
    "minResTime" : 25.0,
    "maxResTime" : 7367.0,
    "pct1ResTime" : 5389.9,
    "pct2ResTime" : 5609.0,
    "pct3ResTime" : 6219.240000000002,
    "throughput" : 3.5814440652768864,
    "receivedKBytesPerSec" : 119.94413694272222,
    "sentKBytesPerSec" : 1.7150901590532823
  },
  "Upload" : {
    "transaction" : "Upload",
    "sampleCount" : 240,
    "errorCount" : 0,
    "errorPct" : 0.0,
    "meanResTime" : 889.8666666666667,
    "medianResTime" : 770.0,
    "minResTime" : 529.0,
    "maxResTime" : 2996.0,
    "pct1ResTime" : 1329.8000000000002,
    "pct2ResTime" : 1843.5499999999993,
    "pct3ResTime" : 2814.180000000001,
    "throughput" : 0.9301027763567874,
    "receivedKBytesPerSec" : 39.805007828365035,
    "sentKBytesPerSec" : 1.1863124840138586
  },
  "Course Page" : {
    "transaction" : "Course Page",
    "sampleCount" : 20,
    "errorCount" : 0,
    "errorPct" : 0.0,
    "meanResTime" : 83.34999999999998,
    "medianResTime" : 72.0,
    "minResTime" : 55.0,
    "maxResTime" : 130.0,
    "pct1ResTime" : 128.9,
    "pct2ResTime" : 129.95,
    "pct3ResTime" : 130.0,
    "throughput" : 59.701492537313435,
    "receivedKBytesPerSec" : 1933.0457089552237,
    "sentKBytesPerSec" : 17.315764925373134
  },
  "Login" : {
    "transaction" : "Login",
    "sampleCount" : 20,
    "errorCount" : 0,
    "errorPct" : 0.0,
    "meanResTime" : 128.25,
    "medianResTime" : 127.5,
    "minResTime" : 86.0,
    "maxResTime" : 206.0,
    "pct1ResTime" : 171.8,
    "pct2ResTime" : 204.34999999999997,
    "pct3ResTime" : 206.0,
    "throughput" : 53.333333333333336,
    "receivedKBytesPerSec" : 91.40625,
    "sentKBytesPerSec" : 31.5625
  },
  "RunPractice" : {
    "transaction" : "RunPractice",
    "sampleCount" : 240,
    "errorCount" : 0,
    "errorPct" : 0.0,
    "meanResTime" : 2251.5083333333328,
    "medianResTime" : 2135.0,
    "minResTime" : 1132.0,
    "maxResTime" : 4043.0,
    "pct1ResTime" : 2626.4,
    "pct2ResTime" : 2870.85,
    "pct3ResTime" : 3819.980000000001,
    "throughput" : 0.9288680581626215,
    "receivedKBytesPerSec" : 26.328341040438655,
    "sentKBytesPerSec" : 0.21770345113186443
  }
}