{
  "AssignmentsList" : {
    "transaction" : "AssignmentsList",
    "sampleCount" : 100,
    "errorCount" : 0,
    "errorPct" : 0.0,
    "meanResTime" : 37.22999999999999,
    "medianResTime" : 32.5,
    "minResTime" : 23.0,
    "maxResTime" : 103.0,
    "pct1ResTime" : 54.900000000000006,
    "pct2ResTime" : 61.0,
    "pct3ResTime" : 102.81999999999991,
    "throughput" : 39.77724741447892,
    "receivedKBytesPerSec" : 15.207805041766111,
    "sentKBytesPerSec" : 12.93537440334129
  },
  "Get CSRF Token" : {
    "transaction" : "Get CSRF Token",
    "sampleCount" : 100,
    "errorCount" : 0,
    "errorPct" : 0.0,
    "meanResTime" : 46.980000000000004,
    "medianResTime" : 34.5,
    "minResTime" : 25.0,
    "maxResTime" : 315.0,
    "pct1ResTime" : 63.70000000000002,
    "pct2ResTime" : 134.04999999999956,
    "pct3ResTime" : 313.8099999999994,
    "throughput" : 40.30632809351068,
    "receivedKBytesPerSec" : 1077.1657566253527,
    "sentKBytesPerSec" : 5.392545848448207
  },
  "StudentCourses" : {
    "transaction" : "StudentCourses",
    "sampleCount" : 100,
    "errorCount" : 0,
    "errorPct" : 0.0,
    "meanResTime" : 41.08999999999999,
    "medianResTime" : 35.0,
    "minResTime" : 21.0,
    "maxResTime" : 176.0,
    "pct1ResTime" : 65.9,
    "pct2ResTime" : 82.79999999999995,
    "pct3ResTime" : 175.3899999999997,
    "throughput" : 41.22011541632317,
    "receivedKBytesPerSec" : 51.00184202390766,
    "sentKBytesPerSec" : 10.063504740313272
  },
  "GetSubmissionId" : {
    "transaction" : "GetSubmissionId",
    "sampleCount" : 620,
    "errorCount" : 0,
    "errorPct" : 0.0,
    "meanResTime" : 1875.5209677419352,
    "medianResTime" : 984.5,
    "minResTime" : 280.0,
    "maxResTime" : 11362.0,
    "pct1ResTime" : 5526.499999999999,
    "pct2ResTime" : 7980.149999999999,
    "pct3ResTime" : 10181.299999999997,
    "throughput" : 2.2578131259058565,
    "receivedKBytesPerSec" : 101.33797405540565,
    "sentKBytesPerSec" : 0.5269700557534177
  },
  "TestcasesResults" : {
    "transaction" : "TestcasesResults",
    "sampleCount" : 564,
    "errorCount" : 0,
    "errorPct" : 0.0,
    "meanResTime" : 26555.3563829787,
    "medianResTime" : 26619.0,
    "minResTime" : 10666.0,
    "maxResTime" : 40292.0,
    "pct1ResTime" : 30910.0,
    "pct2ResTime" : 33214.5,
    "pct3ResTime" : 37858.000000000015,
    "throughput" : 1.991237144339979,
    "receivedKBytesPerSec" : 57.64997277053816,
    "sentKBytesPerSec" : 0.4822527458948387
  },
  "Total" : {
    "transaction" : "Total",
    "sampleCount" : 2925,
    "errorCount" : 0,
    "errorPct" : 0.0,
    "meanResTime" : 6868.5753846153875,
    "medianResTime" : 2203.0,
    "minResTime" : 21.0,
    "maxResTime" : 40292.0,
    "pct1ResTime" : 26462.0,
    "pct2ResTime" : 28576.6,
    "pct3ResTime" : 33079.519999999946,
    "throughput" : 8.95964026661439,
    "receivedKBytesPerSec" : 294.03574049320906,
    "sentKBytesPerSec" : 4.486143811032763
  },
  "Upload" : {
    "transaction" : "Upload",
    "sampleCount" : 623,
    "errorCount" : 0,
    "errorPct" : 0.0,
    "meanResTime" : 2912.8924558587473,
    "medianResTime" : 1794.0,
    "minResTime" : 420.0,
    "maxResTime" : 21443.0,
    "pct1ResTime" : 6753.600000000001,
    "pct2ResTime" : 9069.8,
    "pct3ResTime" : 17066.839999999997,
    "throughput" : 2.266072565245067,
    "receivedKBytesPerSec" : 102.19141797194689,
    "sentKBytesPerSec" : 3.1992318927889425
  },
  "Course Page" : {
    "transaction" : "Course Page",
    "sampleCount" : 100,
    "errorCount" : 0,
    "errorPct" : 0.0,
    "meanResTime" : 89.84999999999998,
    "medianResTime" : 77.0,
    "minResTime" : 52.0,
    "maxResTime" : 265.0,
    "pct1ResTime" : 149.9,
    "pct2ResTime" : 179.0999999999998,
    "pct3ResTime" : 264.3399999999997,
    "throughput" : 39.856516540454365,
    "receivedKBytesPerSec" : 1290.1332546582305,
    "sentKBytesPerSec" : 11.637791450777202
  },
  "Login" : {
    "transaction" : "Login",
    "sampleCount" : 100,
    "errorCount" : 0,
    "errorPct" : 0.0,
    "meanResTime" : 159.81,
    "medianResTime" : 130.0,
    "minResTime" : 71.0,
    "maxResTime" : 589.0,
    "pct1ResTime" : 303.40000000000003,
    "pct2ResTime" : 334.69999999999993,
    "pct3ResTime" : 587.4799999999992,
    "throughput" : 39.04724716907458,
    "receivedKBytesPerSec" : 66.83943039828192,
    "sentKBytesPerSec" : 23.178201874267863
  },
  "RunPractice" : {
    "transaction" : "RunPractice",
    "sampleCount" : 618,
    "errorCount" : 0,
    "errorPct" : 0.0,
    "meanResTime" : 3395.325242718446,
    "medianResTime" : 2960.5,
    "minResTime" : 2100.0,
    "maxResTime" : 13325.0,
    "pct1ResTime" : 5030.900000000001,
    "pct2ResTime" : 5898.949999999999,
    "pct3ResTime" : 9293.599999999986,
    "throughput" : 2.2733543011642663,
    "receivedKBytesPerSec" : 64.36804377264617,
    "sentKBytesPerSec" : 0.5328174143353749
  }
}