Device,kB_read/s,kB_wrtn/s
loop0,0.0,0.0
sda,54.93333333333333,853.2363636363636
