Device,kB_read/s,kB_wrtn/s
loop0,0.0,0.0
sda,116.29341692789968,460.47398119122255
