{"Disk Write(KB/s)": 479.441711111111, "Disk Read(KB/s)": 132.70135555555555}