{"%iowait": 2.383259668508287, "%idle": 80.87227777777777, "user+system(%)": 15.488508287292808}