{"I/O wait(%)": 2.3555555555555556, "user+system(%)": 16.744444444444444, "Idle(%)": 80.88888888888889, "Available Memory(Kb)": 11232278.555555556}