{"Disk Write(KB/s)": 553.8419666666664, "Disk Read(KB/s)": 37.90433333333335}