{"%idle": 1.9526363636363633, "%iowait": 1.1528828828828825, "user+system(%)": 93.94693693693696}