{"user+system(%)": 96.95454545454545, "I/O wait(%)": 1.1090909090909091, "Available Memory(Kb)": 9689020.181818182, "Idle(%)": 1.9272727272727272}