{
  "AssignmentsList" : {
    "transaction" : "AssignmentsList",
    "sampleCount" : 150,
    "errorCount" : 1,
    "errorPct" : 0.6666667,
    "meanResTime" : 249.5333333333332,
    "medianResTime" : 68.5,
    "minResTime" : 33.0,
    "maxResTime" : 2630.0,
    "pct1ResTime" : 635.7000000000002,
    "pct2ResTime" : 1548.4499999999973,
    "pct3ResTime" : 2414.780000000004,
    "throughput" : 3.196794680533652,
    "receivedKBytesPerSec" : 1.2625465866224799,
    "sentKBytesPerSec" : 1.0326520941669153
  },
  "Get CSRF Token" : {
    "transaction" : "Get CSRF Token",
    "sampleCount" : 150,
    "errorCount" : 0,
    "errorPct" : 0.0,
    "meanResTime" : 21896.993333333336,
    "medianResTime" : 28409.5,
    "minResTime" : 10605.0,
    "maxResTime" : 29484.0,
    "pct1ResTime" : 28921.5,
    "pct2ResTime" : 28971.45,
    "pct3ResTime" : 29257.560000000005,
    "throughput" : 5.02815768302494,
    "receivedKBytesPerSec" : 167.96665493429873,
    "sentKBytesPerSec" : 0.6727125025140788
  },
  "StudentCourses" : {
    "transaction" : "StudentCourses",
    "sampleCount" : 150,
    "errorCount" : 0,
    "errorPct" : 0.0,
    "meanResTime" : 783.4199999999996,
    "medianResTime" : 280.0,
    "minResTime" : 30.0,
    "maxResTime" : 9954.0,
    "pct1ResTime" : 2515.6000000000004,
    "pct2ResTime" : 4057.1499999999987,
    "pct3ResTime" : 8426.040000000026,
    "throughput" : 3.331556503198294,
    "receivedKBytesPerSec" : 4.122150478078358,
    "sentKBytesPerSec" : 0.813368286913646
  },
  "GetSubmissionId" : {
    "transaction" : "GetSubmissionId",
    "sampleCount" : 3015,
    "errorCount" : 37,
    "errorPct" : 1.2271973,
    "meanResTime" : 2760.184411276948,
    "medianResTime" : 2098.0,
    "minResTime" : 0.0,
    "maxResTime" : 29954.0,
    "pct1ResTime" : 5576.0,
    "pct2ResTime" : 6549.399999999999,
    "pct3ResTime" : 15120.960000000061,
    "throughput" : 11.233778089102676,
    "receivedKBytesPerSec" : 489.72670164142636,
    "sentKBytesPerSec" : 2.5897697983695185
  },
  "TestcasesResults" : {
    "transaction" : "TestcasesResults",
    "sampleCount" : 2953,
    "errorCount" : 34,
    "errorPct" : 1.1513715,
    "meanResTime" : 1258.9756180155782,
    "medianResTime" : 724.0,
    "minResTime" : 0.0,
    "maxResTime" : 13402.0,
    "pct1ResTime" : 3004.9999999999995,
    "pct2ResTime" : 4200.399999999984,
    "pct3ResTime" : 7425.06,
    "throughput" : 11.077183927017375,
    "receivedKBytesPerSec" : 305.97178240488927,
    "sentKBytesPerSec" : 2.6625600127445757
  },
  "Total" : {
    "transaction" : "Total",
    "sampleCount" : 6718,
    "errorCount" : 74,
    "errorPct" : 1.1015183,
    "meanResTime" : 2694.4662101816125,
    "medianResTime" : 1213.5,
    "minResTime" : 0.0,
    "maxResTime" : 29954.0,
    "pct1ResTime" : 5567.300000000001,
    "pct2ResTime" : 8959.299999999967,
    "pct3ResTime" : 28560.62,
    "throughput" : 22.216637013618353,
    "receivedKBytesPerSec" : 741.7879272839599,
    "sentKBytesPerSec" : 5.431334039935711
  },
  "Course Page" : {
    "transaction" : "Course Page",
    "sampleCount" : 150,
    "errorCount" : 2,
    "errorPct" : 1.3333334,
    "meanResTime" : 2775.753333333334,
    "medianResTime" : 365.5,
    "minResTime" : 18.0,
    "maxResTime" : 24813.0,
    "pct1ResTime" : 10714.400000000001,
    "pct2ResTime" : 19260.149999999943,
    "pct3ResTime" : 24805.35,
    "throughput" : 3.179650238473768,
    "receivedKBytesPerSec" : 122.74159959591945,
    "sentKBytesPerSec" : 0.9160539215686275
  },
  "Login" : {
    "transaction" : "Login",
    "sampleCount" : 150,
    "errorCount" : 0,
    "errorPct" : 0.0,
    "meanResTime" : 14705.719999999994,
    "medianResTime" : 11993.0,
    "minResTime" : 1530.0,
    "maxResTime" : 29567.0,
    "pct1ResTime" : 28529.600000000002,
    "pct2ResTime" : 29213.05,
    "pct3ResTime" : 29565.47,
    "throughput" : 3.0878175305693936,
    "receivedKBytesPerSec" : 5.287766903227798,
    "sentKBytesPerSec" : 1.8350803089876075
  }
}