Device,kB_read/s,kB_wrtn/s
loop0,0.0,0.0
sda,0.4967032967032967,410.47032967032965
