{"Idle(%)": 82.6, "I/O wait(%)": 1.5555555555555556, "user+system(%)": 15.805555555555555, "Available Memory(Kb)": 8361914.622222222}