{"Disk Write(KB/s)": 520.0355666666671, "Disk Read(KB/s)": 2.283966666666667}