{"user+system(%)": 83.35855855855856, "%idle": 10.599272727272723, "%iowait": 2.024324324324324}