{"Available Memory(Kb)": 3846518.8363636364, "user+system(%)": 88.01818181818182, "Idle(%)": 9.972727272727273, "I/O wait(%)": 2.0}