{"user+system(%)": 93.06180180180183, "%iowait": 0.9301801801801796, "%idle": 2.2850909090909077}