{"Idle(%)": 2.3181818181818183, "Available Memory(Kb)": 3354935.8181818184, "user+system(%)": 96.81818181818181, "I/O wait(%)": 0.9363636363636364}