Device,kB_read/s,kB_wrtn/s
loop0,0.0,0.0
sda,6.075555555555556,118.66222222222223
