{"Disk Write(KB/s)": 97.85868888888886, "Disk Read(KB/s)": 3.748155555555554}