{"user+system(%)": 43.78845303867403, "%iowait": 2.1983425414364635, "%idle": 42.05661111111112}