{"Idle(%)": 42.52777777777778, "I/O wait(%)": 2.1444444444444444, "Available Memory(Kb)": 9332829.666666666, "user+system(%)": 55.266666666666666}