Device,kB_read/s,kB_wrtn/s
loop0,0.0,0.0
sda,117.41935483870968,720.9290322580645
