{"Disk Read(KB/s)": 118.30033333333333, "Disk Write(KB/s)": 715.8806666666667}