{"user+system(%)": 72.46144144144144, "%idle": 23.948909090909098, "%iowait": 1.6958558558558534}