{"Available Memory(Kb)": 2994895.5636363635, "Idle(%)": 24.027272727272727, "I/O wait(%)": 1.7181818181818183, "user+system(%)": 74.23636363636363}