Device,kB_read/s,kB_wrtn/s
loop0,0.0,0.0
sda,5.826666666666667,176.69333333333333
