{"user+system(%)": 74.64011049723754, "%iowait": 1.4172928176795578, "%idle": 12.452777777777765}