{"Disk Read(KB/s)": 0.49353333333333327, "Disk Write(KB/s)": 539.8484333333337}