{"%iowait": 0.9699099099099099, "user+system(%)": 93.48801801801804, "%idle": 1.580818181818182}