{"Available Memory(Kb)": 3426205.381818182, "I/O wait(%)": 0.8454545454545455, "user+system(%)": 97.76363636363637, "Idle(%)": 1.3909090909090909}