{
  "AssignmentsList" : {
    "transaction" : "AssignmentsList",
    "sampleCount" : 180,
    "errorCount" : 1,
    "errorPct" : 0.5555556,
    "meanResTime" : 48.83888888888886,
    "medianResTime" : 39.0,
    "minResTime" : 7.0,
    "maxResTime" : 178.0,
    "pct1ResTime" : 86.9,
    "pct2ResTime" : 98.89999999999998,
    "pct3ResTime" : 156.12999999999994,
    "throughput" : 35.77817531305903,
    "receivedKBytesPerSec" : 14.02709451401312,
    "sentKBytesPerSec" : 11.500765565990857
  },
  "Get CSRF Token" : {
    "transaction" : "Get CSRF Token",
    "sampleCount" : 180,
    "errorCount" : 0,
    "errorPct" : 0.0,
    "meanResTime" : 6453.405555555557,
    "medianResTime" : 7067.0,
    "minResTime" : 2874.0,
    "maxResTime" : 8790.0,
    "pct1ResTime" : 7945.0,
    "pct2ResTime" : 8088.0,
    "pct3ResTime" : 8292.659999999998,
    "throughput" : 19.87413050679033,
    "receivedKBytesPerSec" : 531.1349517293254,
    "sentKBytesPerSec" : 2.620124627360053
  },
  "StudentCourses" : {
    "transaction" : "StudentCourses",
    "sampleCount" : 180,
    "errorCount" : 0,
    "errorPct" : 0.0,
    "meanResTime" : 69.8555555555555,
    "medianResTime" : 45.5,
    "minResTime" : 22.0,
    "maxResTime" : 685.0,
    "pct1ResTime" : 120.70000000000002,
    "pct2ResTime" : 190.0,
    "pct3ResTime" : 613.7199999999998,
    "throughput" : 35.79952267303103,
    "receivedKBytesPerSec" : 44.6755979017502,
    "sentKBytesPerSec" : 8.670196897374703
  },
  "GetSubmissionId" : {
    "transaction" : "GetSubmissionId",
    "sampleCount" : 1047,
    "errorCount" : 3,
    "errorPct" : 0.28653294,
    "meanResTime" : 2192.507163323784,
    "medianResTime" : 1558.0,
    "minResTime" : 0.0,
    "maxResTime" : 35018.0,
    "pct1ResTime" : 3889.2,
    "pct2ResTime" : 5126.6,
    "pct3ResTime" : 10741.43999999999,
    "throughput" : 3.8815874840120856,
    "receivedKBytesPerSec" : 173.6643357716833,
    "sentKBytesPerSec" : 0.8958010871781563
  },
  "TestcasesResults" : {
    "transaction" : "TestcasesResults",
    "sampleCount" : 951,
    "errorCount" : 4,
    "errorPct" : 0.4206099,
    "meanResTime" : 23493.18506834912,
    "medianResTime" : 24654.0,
    "minResTime" : 7639.0,
    "maxResTime" : 59123.0,
    "pct1ResTime" : 28053.8,
    "pct2ResTime" : 29225.6,
    "pct3ResTime" : 40233.40000000007,
    "throughput" : 3.384148945255786,
    "receivedKBytesPerSec" : 97.7152748030806,
    "sentKBytesPerSec" : 0.8161512600706009
  },
  "Total" : {
    "transaction" : "Total",
    "sampleCount" : 4994,
    "errorCount" : 13,
    "errorPct" : 0.26031238,
    "meanResTime" : 7384.325190228278,
    "medianResTime" : 2897.5,
    "minResTime" : 0.0,
    "maxResTime" : 59123.0,
    "pct1ResTime" : 24928.0,
    "pct2ResTime" : 26665.0,
    "pct3ResTime" : 33501.05000000001,
    "throughput" : 15.231646689236587,
    "receivedKBytesPerSec" : 495.6127750232562,
    "sentKBytesPerSec" : 7.5381081869338455
  },
  "Upload" : {
    "transaction" : "Upload",
    "sampleCount" : 1059,
    "errorCount" : 2,
    "errorPct" : 0.1888574,
    "meanResTime" : 6319.907459867795,
    "medianResTime" : 2993.0,
    "minResTime" : 0.0,
    "maxResTime" : 56020.0,
    "pct1ResTime" : 18811.0,
    "pct2ResTime" : 26398.0,
    "pct3ResTime" : 54014.80000000018,
    "throughput" : 3.9009404250146424,
    "receivedKBytesPerSec" : 175.5176490272513,
    "sentKBytesPerSec" : 5.429806641682598
  },
  "Course Page" : {
    "transaction" : "Course Page",
    "sampleCount" : 180,
    "errorCount" : 0,
    "errorPct" : 0.0,
    "meanResTime" : 145.58333333333331,
    "medianResTime" : 87.0,
    "minResTime" : 53.0,
    "maxResTime" : 556.0,
    "pct1ResTime" : 291.5,
    "pct2ResTime" : 353.4999999999999,
    "pct3ResTime" : 556.0,
    "throughput" : 35.39127015336217,
    "receivedKBytesPerSec" : 1146.0646412947306,
    "sentKBytesPerSec" : 10.264850815965394
  },
  "Login" : {
    "transaction" : "Login",
    "sampleCount" : 180,
    "errorCount" : 0,
    "errorPct" : 0.0,
    "meanResTime" : 434.57777777777807,
    "medianResTime" : 345.0,
    "minResTime" : 76.0,
    "maxResTime" : 1314.0,
    "pct1ResTime" : 1069.8,
    "pct2ResTime" : 1134.4499999999998,
    "pct3ResTime" : 1279.98,
    "throughput" : 35.294117647058826,
    "receivedKBytesPerSec" : 60.489430147058826,
    "sentKBytesPerSec" : 20.886948529411764
  },
  "RunPractice" : {
    "transaction" : "RunPractice",
    "sampleCount" : 1037,
    "errorCount" : 3,
    "errorPct" : 0.28929606,
    "meanResTime" : 4107.576663452271,
    "medianResTime" : 3225.0,
    "minResTime" : 0.0,
    "maxResTime" : 50002.0,
    "pct1ResTime" : 6388.400000000001,
    "pct2ResTime" : 8040.199999999993,
    "pct3ResTime" : 13507.179999999844,
    "throughput" : 3.822041051006004,
    "receivedKBytesPerSec" : 107.9985817652338,
    "sentKBytesPerSec" : 0.8940632129470257
  }
}