{"Disk Read(KB/s)": 55.88953333333338, "Disk Write(KB/s)": 305.09399999999994}