{"user+system(%)": 28.004864864864864, "%iowait": 1.4791891891891897, "%idle": 69.30081818181819}