{"user+system(%)": 28.472727272727273, "I/O wait(%)": 1.4545454545454546, "Available Memory(Kb)": 5212638.363636363, "Idle(%)": 70.06363636363636}