Device,kB_read/s,kB_wrtn/s
loop0,0.0,0.0
sda,183.66451612903225,965.7935483870967
