{"%iowait": 0.0016216216216216215, "%idle": 0.010000000000000004, "user+system(%)": 97.61018018018018}