Device,kB_read/s,kB_wrtn/s
loop0,0.0,0.0
sda,46.843523316062175,581.0777202072538
