{"Disk Read(KB/s)": 28.857999999999993, "Disk Write(KB/s)": 42.108500000000014}