Device,kB_read/s,kB_wrtn/s
loop0,0.0,0.0
sda,39.353191489361706,441.0042553191489
