{"Available Memory(Kb)": 7483252.111111111, "user+system(%)": 84.91666666666667, "Idle(%)": 13.083333333333334, "I/O wait(%)": 2.0}