{"%iowait": 2.1806306306306285, "%idle": 25.77281818181819, "user+system(%)": 69.86243243243246}