{"I/O wait(%)": 2.209090909090909, "Idle(%)": 25.70909090909091, "user+system(%)": 72.06363636363636, "Available Memory(Kb)": 4640224.290909091}