{"Disk Read(KB/s)": 0.28267777777777775, "Disk Write(KB/s)": 196.305866666667}