{"Idle(%)": 90.77222222222223, "Available Memory(Kb)": 7750777.244444445, "I/O wait(%)": 0.6666666666666666, "user+system(%)": 8.533333333333333}