{"Disk Read(KB/s)": 24.581588888888895, "Disk Write(KB/s)": 129.94937777777793}