{"%idle": 6.396055555555557, "user+system(%)": 80.54834254143651, "%iowait": 0.4058563535911603}