Device,kB_read/s,kB_wrtn/s
loop0,0.0,0.0
sda,48.79626168224299,404.88971962616824
