{"Disk Read(KB/s)": 50.10545555555557, "Disk Write(KB/s)": 407.8893999999999}