{"user+system(%)": 31.864088397790052, "%iowait": 2.2282320441988968, "%idle": 63.19888888888889}