{"Available Memory(Kb)": 8993611.377777778, "user+system(%)": 34.37222222222222, "Idle(%)": 63.34444444444444, "I/O wait(%)": 2.2444444444444445}