Device,kB_read/s,kB_wrtn/s
loop0,0.0,0.0
sda,34.032786885245905,567.0950819672131
