{"Disk Write(KB/s)": 543.8596666666666, "Disk Read(KB/s)": 33.734999999999985}