{"%idle": 51.85299999999998, "%iowait": 1.2909909909909907, "user+system(%)": 45.85576576576579}