{"user+system(%)": 46.70909090909091, "Idle(%)": 51.981818181818184, "I/O wait(%)": 1.2636363636363637, "Available Memory(Kb)": 6484293.163636364}