Device,kB_read/s,kB_wrtn/s
loop0,0.0,0.0
sda,13.917948717948718,287.6307692307692
