{"Disk Write(KB/s)": 290.08073333333346, "Disk Read(KB/s)": 15.141700000000016}