{"user+system(%)": 41.46027027027026, "%iowait": 1.8029729729729738, "%idle": 54.72827272727274}