{"user+system(%)": 43.32727272727273, "Available Memory(Kb)": 547378.2909090909, "I/O wait(%)": 1.8636363636363635, "Idle(%)": 54.836363636363636}