Device,kB_read/s,kB_wrtn/s
loop0,0.0,0.0
sda,2.9955555555555557,177.39111111111112
