{"Disk Write(KB/s)": 129.34412222222213, "Disk Read(KB/s)": 1.890022222222221}