{"%iowait": 0.561657458563536, "%idle": 14.923333333333337, "user+system(%)": 73.43198895027625}