{"Idle(%)": 15.438888888888888, "I/O wait(%)": 0.5333333333333333, "user+system(%)": 83.97777777777777, "Available Memory(Kb)": 6882514.822222223}