{"Disk Write(KB/s)": 133.86259999999984, "Disk Read(KB/s)": 21.485899999999997}