{"%iowait": 0.129171270718232, "user+system(%)": 81.4262983425414, "%idle": 6.574111111111112}