{"user+system(%)": 20.366353591160227, "%idle": 76.5586111111111, "%iowait": 0.8853591160221003}