Device,kB_read/s,kB_wrtn/s
loop0,0.0,0.0
sda,4.745762711864407,19.552542372881355
