{"Disk Write(KB/s)": 19.090999999999998, "Disk Read(KB/s)": 4.589666666666668}