{"%sys": 1.958918918918919, "user+system(%)": 10.42738738738738, "%idle": 87.32454545454544, "%guest": 0.0, "%iowait": 0.7433333333333335}