{"user+system(%)": 12.227272727272727, "sys(%)": 2.2363636363636363, "I/O wait(%)": 0.8181818181818182, "Idle(%)": 87.3, "Available Memory(Kb)": 7501189.527272727}