{"%idle": 50.52336363636363, "%iowait": 17.41495495495495, "user+system(%)": 9.29468468468468, "%guest": 22.262702702702697, "%sys": 3.4172972972972966}