{"Idle(%)": 50.39090909090909, "user+system(%)": 31.636363636363637, "I/O wait(%)": 18.0, "sys(%)": 3.2545454545454544, "Available Memory(Kb)": 5163648.4}