Device,kB_read/s,kB_wrtn/s
loop0,0.0,0.0
sda,7.142222222222222,118.42666666666666
