Device,kB_read/s,kB_wrtn/s
loop0,0.0,0.0
sda,0.49122807017543857,48.54736842105263
