{"Disk Write(KB/s)": 46.426166666666674, "Disk Read(KB/s)": 0.5218333333333334}