{"user+system(%)": 19.164864864864853, "%idle": 77.58418181818182, "%iowait": 1.484504504504504, "%sys": 3.653513513513512, "%guest": 0.0}