{"I/O wait(%)": 1.5909090909090908, "Idle(%)": 77.53636363636363, "sys(%)": 3.9909090909090907, "Available Memory(Kb)": 9998503.781818181, "user+system(%)": 21.2}