Device,kB_read/s,kB_wrtn/s
loop0,0.0,0.0
sda,3134.032786885246,3129.1803278688526
