{"Disk Write(KB/s)": 3024.001533333332, "Disk Read(KB/s)": 3000.1352666666658}