{"%idle": 80.23727272727277, "user+system(%)": 5.082432432432431, "%iowait": 14.298558558558547}