{"Available Memory(Kb)": 9530538.036363637, "Idle(%)": 79.92727272727272, "user+system(%)": 5.318181818181818, "I/O wait(%)": 14.636363636363637}