Device,kB_read/s,kB_wrtn/s
loop0,0.0,0.0
sda,8.893877551020408,252.25306122448978
