{"Disk Read(KB/s)": 8.383611111111103, "Disk Write(KB/s)": 240.12952222222216}