{"%idle": 77.17483333333331, "%iowait": 1.328066298342542, "user+system(%)": 18.64580110497237}