{"user+system(%)": 21.516666666666666, "Available Memory(Kb)": 9338329.333333334, "I/O wait(%)": 1.3166666666666667, "Idle(%)": 77.25}