Device,kB_read/s,kB_wrtn/s
loop0,0.0,0.0
sda,322.7672131147541,942.3213114754099
