{"Disk Write(KB/s)": 923.7061666666666, "Disk Read(KB/s)": 317.8391666666666}