{"user+system(%)": 1.5247747747747733, "%idle": 5.846454545454549, "%iowait": 1.2909009009009}