{"Idle(%)": 6.0181818181818185, "Available Memory(Kb)": 170767.52727272728, "I/O wait(%)": 1.2636363636363637, "user+system(%)": 92.51818181818182}