Device,kB_read/s,kB_wrtn/s
loop0,0.0,0.0
sda,0.22857142857142856,51.111111111111114
