{"%idle": 98.03872727272731, "%iowait": 0.07648648648648647, "%guest": 0.0, "user+system(%)": 1.4329729729729725, "%sys": 0.6831531531531533}