{"sys(%)": 0.6454545454545455, "Idle(%)": 98.01818181818182, "Available Memory(Kb)": 6693214.981818181, "I/O wait(%)": 0.00909090909090909, "user+system(%)": 1.7454545454545454}