Device,kB_read/s,kB_wrtn/s
loop0,0.0,0.0
sda,12.915606936416186,132.75375722543353
