{"Disk Read(KB/s)": 10.859699999999988, "Disk Write(KB/s)": 140.9534444444443}