{"user+system(%)": 5.385635359116025, "%iowait": 0.6087845303867394, "%idle": 91.81227777777778}