{"Idle(%)": 91.64444444444445, "I/O wait(%)": 0.6111111111111112, "user+system(%)": 7.655555555555556, "Available Memory(Kb)": 9178255.755555555}