Device,kB_read/s,kB_wrtn/s
loop0,0.0,0.0
sda,49.58181818181818,429.6909090909091
