{"Disk Read(KB/s)": 51.63825555555555, "Disk Write(KB/s)": 436.19931111111157}