{"%iowait": 1.7478453038674024, "%idle": 53.87877777777779, "user+system(%)": 41.11933701657456}