{"user+system(%)": 44.11666666666667, "I/O wait(%)": 1.7, "Idle(%)": 54.11666666666667, "Available Memory(Kb)": 9973179.422222223}