{
  "AssignmentsList" : {
    "transaction" : "AssignmentsList",
    "sampleCount" : 180,
    "errorCount" : 0,
    "errorPct" : 0.0,
    "meanResTime" : 34.149999999999984,
    "medianResTime" : 31.0,
    "minResTime" : 25.0,
    "maxResTime" : 92.0,
    "pct1ResTime" : 50.0,
    "pct2ResTime" : 59.849999999999966,
    "pct3ResTime" : 69.31999999999994,
    "throughput" : 58.67014341590613,
    "receivedKBytesPerSec" : 22.46603039439374,
    "sentKBytesPerSec" : 18.96466549869622
  },
  "Get CSRF Token" : {
    "transaction" : "Get CSRF Token",
    "sampleCount" : 180,
    "errorCount" : 0,
    "errorPct" : 0.0,
    "meanResTime" : 34.883333333333326,
    "medianResTime" : 31.0,
    "minResTime" : 24.0,
    "maxResTime" : 136.0,
    "pct1ResTime" : 43.0,
    "pct2ResTime" : 56.69999999999993,
    "pct3ResTime" : 136.0,
    "throughput" : 57.14285714285714,
    "receivedKBytesPerSec" : 1527.254154265873,
    "sentKBytesPerSec" : 7.533482142857143
  },
  "StudentCourses" : {
    "transaction" : "StudentCourses",
    "sampleCount" : 180,
    "errorCount" : 0,
    "errorPct" : 0.0,
    "meanResTime" : 35.61111111111112,
    "medianResTime" : 30.0,
    "minResTime" : 22.0,
    "maxResTime" : 135.0,
    "pct1ResTime" : 54.0,
    "pct2ResTime" : 65.94999999999999,
    "pct3ResTime" : 96.9299999999999,
    "throughput" : 58.34683954619125,
    "receivedKBytesPerSec" : 72.81325972447326,
    "sentKBytesPerSec" : 14.130875202593193
  },
  "GetSubmissionId" : {
    "transaction" : "GetSubmissionId",
    "sampleCount" : 1007,
    "errorCount" : 9,
    "errorPct" : 0.8937438,
    "meanResTime" : 4905.103277060569,
    "medianResTime" : 4079.0,
    "minResTime" : 5.0,
    "maxResTime" : 38492.0,
    "pct1ResTime" : 10169.400000000001,
    "pct2ResTime" : 12489.999999999993,
    "pct3ResTime" : 18358.159999999996,
    "throughput" : 3.711457235314497,
    "receivedKBytesPerSec" : 165.134292118774,
    "sentKBytesPerSec" : 0.8513221260163201
  },
  "TestcasesResults" : {
    "transaction" : "TestcasesResults",
    "sampleCount" : 965,
    "errorCount" : 16,
    "errorPct" : 1.6580311,
    "meanResTime" : 14972.84766839379,
    "medianResTime" : 13414.0,
    "minResTime" : 5370.0,
    "maxResTime" : 42438.0,
    "pct1ResTime" : 24178.399999999994,
    "pct2ResTime" : 28775.399999999998,
    "pct3ResTime" : 34073.60000000001,
    "throughput" : 3.4557219952228673,
    "receivedKBytesPerSec" : 98.62748287694227,
    "sentKBytesPerSec" : 0.8230560668512106
  },
  "Total" : {
    "transaction" : "Total",
    "sampleCount" : 4926,
    "errorCount" : 48,
    "errorPct" : 0.97442144,
    "meanResTime" : 7777.8930166463715,
    "medianResTime" : 5665.0,
    "minResTime" : 1.0,
    "maxResTime" : 63256.0,
    "pct1ResTime" : 16810.4,
    "pct2ResTime" : 22410.699999999993,
    "pct3ResTime" : 39827.78999999995,
    "throughput" : 15.329605183311083,
    "receivedKBytesPerSec" : 493.75385228878224,
    "sentKBytesPerSec" : 7.611576821907705
  },
  "Upload" : {
    "transaction" : "Upload",
    "sampleCount" : 1057,
    "errorCount" : 15,
    "errorPct" : 1.4191107,
    "meanResTime" : 11040.889309366135,
    "medianResTime" : 8215.0,
    "minResTime" : 6.0,
    "maxResTime" : 63256.0,
    "pct1ResTime" : 21557.20000000001,
    "pct2ResTime" : 30888.699999999997,
    "pct3ResTime" : 58181.2600000002,
    "throughput" : 3.8009004214432633,
    "receivedKBytesPerSec" : 169.10526827677532,
    "sentKBytesPerSec" : 5.2825790340966305
  },
  "Course Page" : {
    "transaction" : "Course Page",
    "sampleCount" : 180,
    "errorCount" : 0,
    "errorPct" : 0.0,
    "meanResTime" : 80.2722222222222,
    "medianResTime" : 71.0,
    "minResTime" : 54.0,
    "maxResTime" : 150.0,
    "pct1ResTime" : 119.0,
    "pct2ResTime" : 136.0,
    "pct3ResTime" : 149.19,
    "throughput" : 57.45292052345994,
    "receivedKBytesPerSec" : 1860.468450766039,
    "sentKBytesPerSec" : 16.66359120651133
  },
  "Login" : {
    "transaction" : "Login",
    "sampleCount" : 180,
    "errorCount" : 0,
    "errorPct" : 0.0,
    "meanResTime" : 129.82777777777778,
    "medianResTime" : 111.0,
    "minResTime" : 78.0,
    "maxResTime" : 317.0,
    "pct1ResTime" : 196.9,
    "pct2ResTime" : 218.5499999999999,
    "pct3ResTime" : 282.9799999999999,
    "throughput" : 56.63939584644431,
    "receivedKBytesPerSec" : 97.07240206104468,
    "sentKBytesPerSec" : 33.51901746381372
  },
  "RunPractice" : {
    "transaction" : "RunPractice",
    "sampleCount" : 997,
    "errorCount" : 8,
    "errorPct" : 0.8024072,
    "meanResTime" : 7220.451354062181,
    "medianResTime" : 5566.0,
    "minResTime" : 1.0,
    "maxResTime" : 30597.0,
    "pct1ResTime" : 14589.400000000001,
    "pct2ResTime" : 18424.5,
    "pct3ResTime" : 25736.959999999992,
    "throughput" : 3.695234000600429,
    "receivedKBytesPerSec" : 103.95505948465014,
    "sentKBytesPerSec" : 0.8591210569036385
  }
}