{"Disk Write(KB/s)": 46.1824444444445, "Disk Read(KB/s)": 81.74036666666666}