{"%idle": 94.10405555555563, "user+system(%)": 1.811988950276242, "%iowait": 0.46999999999999814}