{"Available Memory(Kb)": 9701121.666666666, "Idle(%)": 93.9888888888889, "user+system(%)": 5.566666666666666, "I/O wait(%)": 0.4777777777777778}