{
  "AssignmentsList" : {
    "transaction" : "AssignmentsList",
    "sampleCount" : 90,
    "errorCount" : 0,
    "errorPct" : 0.0,
    "meanResTime" : 643.3000000000001,
    "medianResTime" : 48.5,
    "minResTime" : 33.0,
    "maxResTime" : 47890.0,
    "pct1ResTime" : 297.4000000000001,
    "pct2ResTime" : 651.9500000000003,
    "pct3ResTime" : 47890.0,
    "throughput" : 1.0941983173661431,
    "receivedKBytesPerSec" : 0.4189915214827603,
    "sentKBytesPerSec" : 0.3558281637528571
  },
  "Get CSRF Token" : {
    "transaction" : "Get CSRF Token",
    "sampleCount" : 90,
    "errorCount" : 0,
    "errorPct" : 0.0,
    "meanResTime" : 13420.988888888889,
    "medianResTime" : 18222.5,
    "minResTime" : 6052.0,
    "maxResTime" : 19194.0,
    "pct1ResTime" : 19077.5,
    "pct2ResTime" : 19137.85,
    "pct3ResTime" : 19194.0,
    "throughput" : 4.41934691873312,
    "receivedKBytesPerSec" : 147.6291565645716,
    "sentKBytesPerSec" : 0.591260281119568
  },
  "StudentCourses" : {
    "transaction" : "StudentCourses",
    "sampleCount" : 90,
    "errorCount" : 0,
    "errorPct" : 0.0,
    "meanResTime" : 372.3777777777777,
    "medianResTime" : 76.0,
    "minResTime" : 31.0,
    "maxResTime" : 4909.0,
    "pct1ResTime" : 895.1000000000001,
    "pct2ResTime" : 2599.9500000000003,
    "pct3ResTime" : 4909.0,
    "throughput" : 2.7597203483380355,
    "receivedKBytesPerSec" : 3.4146149231877834,
    "sentKBytesPerSec" : 0.6737598506684656
  },
  "GetSubmissionId" : {
    "transaction" : "GetSubmissionId",
    "sampleCount" : 314,
    "errorCount" : 14,
    "errorPct" : 4.4585986,
    "meanResTime" : 5348.805732484078,
    "medianResTime" : 1646.5,
    "minResTime" : 238.0,
    "maxResTime" : 50168.0,
    "pct1ResTime" : 12148.5,
    "pct2ResTime" : 34074.25,
    "pct3ResTime" : 50045.65,
    "throughput" : 1.224902183368637,
    "receivedKBytesPerSec" : 52.752218855204084,
    "sentKBytesPerSec" : 0.2849797771672772
  },
  "TestcasesResults" : {
    "transaction" : "TestcasesResults",
    "sampleCount" : 262,
    "errorCount" : 0,
    "errorPct" : 0.0,
    "meanResTime" : 22304.332061068708,
    "medianResTime" : 16547.5,
    "minResTime" : 4392.0,
    "maxResTime" : 90447.0,
    "pct1ResTime" : 44987.000000000015,
    "pct2ResTime" : 52672.9,
    "pct3ResTime" : 68419.59000000011,
    "throughput" : 1.1715937699830523,
    "receivedKBytesPerSec" : 34.245090946643295,
    "sentKBytesPerSec" : 0.2837453661677704
  },
  "Total" : {
    "transaction" : "Total",
    "sampleCount" : 1668,
    "errorCount" : 97,
    "errorPct" : 5.8153477,
    "meanResTime" : 10094.567745803366,
    "medianResTime" : 4169.0,
    "minResTime" : 0.0,
    "maxResTime" : 90447.0,
    "pct1ResTime" : 30731.900000000023,
    "pct2ResTime" : 50004.55,
    "pct3ResTime" : 64477.16999999998,
    "throughput" : 5.203101897198185,
    "receivedKBytesPerSec" : 151.43784235037964,
    "sentKBytesPerSec" : 2.5378446070457112
  },
  "Upload" : {
    "transaction" : "Upload",
    "sampleCount" : 335,
    "errorCount" : 62,
    "errorPct" : 18.507463,
    "meanResTime" : 16600.158208955236,
    "medianResTime" : 5154.0,
    "minResTime" : 497.0,
    "maxResTime" : 82168.0,
    "pct1ResTime" : 55184.80000000001,
    "pct2ResTime" : 62282.99999999999,
    "pct3ResTime" : 75339.48,
    "throughput" : 1.2363539736785776,
    "receivedKBytesPerSec" : 45.717521978729174,
    "sentKBytesPerSec" : 1.7176756868223118
  },
  "Course Page" : {
    "transaction" : "Course Page",
    "sampleCount" : 90,
    "errorCount" : 5,
    "errorPct" : 5.5555553,
    "meanResTime" : 3135.188888888889,
    "medianResTime" : 105.5,
    "minResTime" : 70.0,
    "maxResTime" : 50093.0,
    "pct1ResTime" : 266.80000000000007,
    "pct2ResTime" : 50004.45,
    "pct3ResTime" : 50093.0,
    "throughput" : 1.1394424328361987,
    "receivedKBytesPerSec" : 42.084655923992855,
    "sentKBytesPerSec" : 0.3327082884941635
  },
  "Login" : {
    "transaction" : "Login",
    "sampleCount" : 90,
    "errorCount" : 0,
    "errorPct" : 0.0,
    "meanResTime" : 4067.600000000001,
    "medianResTime" : 2241.5,
    "minResTime" : 154.0,
    "maxResTime" : 20508.0,
    "pct1ResTime" : 7323.500000000002,
    "pct2ResTime" : 20267.55,
    "pct3ResTime" : 20508.0,
    "throughput" : 2.61399941911124,
    "receivedKBytesPerSec" : 4.474431818181818,
    "sentKBytesPerSec" : 1.5515516083357537
  },
  "RunPractice" : {
    "transaction" : "RunPractice",
    "sampleCount" : 307,
    "errorCount" : 16,
    "errorPct" : 5.211726,
    "meanResTime" : 5882.328990228016,
    "medianResTime" : 4003.0,
    "minResTime" : 0.0,
    "maxResTime" : 50004.0,
    "pct1ResTime" : 10811.199999999997,
    "pct2ResTime" : 19639.399999999987,
    "pct3ResTime" : 41694.92000000014,
    "throughput" : 1.3414841971413713,
    "receivedKBytesPerSec" : 36.48081458432561,
    "sentKBytesPerSec" : 0.30007242703767956
  }
}