{
  "AssignmentsList" : {
    "transaction" : "AssignmentsList",
    "sampleCount" : 30,
    "errorCount" : 0,
    "errorPct" : 0.0,
    "meanResTime" : 53.166666666666664,
    "medianResTime" : 44.0,
    "minResTime" : 23.0,
    "maxResTime" : 163.0,
    "pct1ResTime" : 113.40000000000003,
    "pct2ResTime" : 137.14999999999998,
    "pct3ResTime" : 163.0,
    "throughput" : 27.64976958525346,
    "receivedKBytesPerSec" : 10.719686059907835,
    "sentKBytesPerSec" : 8.937572004608295
  },
  "Get CSRF Token" : {
    "transaction" : "Get CSRF Token",
    "sampleCount" : 30,
    "errorCount" : 0,
    "errorPct" : 0.0,
    "meanResTime" : 48.06666666666668,
    "medianResTime" : 29.0,
    "minResTime" : 24.0,
    "maxResTime" : 148.0,
    "pct1ResTime" : 140.70000000000005,
    "pct2ResTime" : 146.35,
    "pct3ResTime" : 148.0,
    "throughput" : 52.910052910052904,
    "receivedKBytesPerSec" : 1413.9884397045857,
    "sentKBytesPerSec" : 6.975446428571429
  },
  "StudentCourses" : {
    "transaction" : "StudentCourses",
    "sampleCount" : 30,
    "errorCount" : 0,
    "errorPct" : 0.0,
    "meanResTime" : 77.4,
    "medianResTime" : 56.5,
    "minResTime" : 26.0,
    "maxResTime" : 344.0,
    "pct1ResTime" : 169.40000000000003,
    "pct2ResTime" : 299.44999999999993,
    "pct3ResTime" : 344.0,
    "throughput" : 37.267080745341616,
    "receivedKBytesPerSec" : 46.4746700310559,
    "sentKBytesPerSec" : 9.025621118012422
  },
  "GetSubmissionId" : {
    "transaction" : "GetSubmissionId",
    "sampleCount" : 183,
    "errorCount" : 0,
    "errorPct" : 0.0,
    "meanResTime" : 638.3005464480879,
    "medianResTime" : 315.0,
    "minResTime" : 200.0,
    "maxResTime" : 6790.0,
    "pct1ResTime" : 1406.8,
    "pct2ResTime" : 2363.999999999999,
    "pct3ResTime" : 6282.639999999998,
    "throughput" : 0.23887782247853362,
    "receivedKBytesPerSec" : 10.167626117781777,
    "sentKBytesPerSec" : 0.05528715227286374
  },
  "TestcasesResults" : {
    "transaction" : "TestcasesResults",
    "sampleCount" : 180,
    "errorCount" : 0,
    "errorPct" : 0.0,
    "meanResTime" : 6926.866666666666,
    "medianResTime" : 5799.0,
    "minResTime" : 5204.0,
    "maxResTime" : 13103.0,
    "pct1ResTime" : 9456.5,
    "pct2ResTime" : 11586.8,
    "pct3ResTime" : 12717.439999999999,
    "throughput" : 0.26958457017735665,
    "receivedKBytesPerSec" : 7.813554527317155,
    "sentKBytesPerSec" : 0.06529001308982858
  },
  "Total" : {
    "transaction" : "Total",
    "sampleCount" : 880,
    "errorCount" : 1,
    "errorPct" : 0.11363637,
    "meanResTime" : 2431.647727272727,
    "medianResTime" : 1197.0,
    "minResTime" : 23.0,
    "maxResTime" : 13103.0,
    "pct1ResTime" : 6734.0999999999985,
    "pct2ResTime" : 8535.5,
    "pct3ResTime" : 11597.509999999998,
    "throughput" : 0.9759917129430918,
    "receivedKBytesPerSec" : 30.957328124254833,
    "sentKBytesPerSec" : 0.455646202172247
  },
  "Upload" : {
    "transaction" : "Upload",
    "sampleCount" : 184,
    "errorCount" : 0,
    "errorPct" : 0.0,
    "meanResTime" : 1654.0923913043491,
    "medianResTime" : 654.5,
    "minResTime" : 386.0,
    "maxResTime" : 10841.0,
    "pct1ResTime" : 6100.5,
    "pct2ResTime" : 8088.0,
    "pct3ResTime" : 10770.45,
    "throughput" : 0.2393430553441792,
    "receivedKBytesPerSec" : 10.240368128968186,
    "sentKBytesPerSec" : 0.3052876462073882
  },
  "Course Page" : {
    "transaction" : "Course Page",
    "sampleCount" : 30,
    "errorCount" : 0,
    "errorPct" : 0.0,
    "meanResTime" : 170.73333333333335,
    "medianResTime" : 130.0,
    "minResTime" : 54.0,
    "maxResTime" : 449.0,
    "pct1ResTime" : 376.00000000000017,
    "pct2ResTime" : 436.9,
    "pct3ResTime" : 449.0,
    "throughput" : 26.246719160104988,
    "receivedKBytesPerSec" : 849.7383871937883,
    "sentKBytesPerSec" : 7.612573818897638
  },
  "Login" : {
    "transaction" : "Login",
    "sampleCount" : 30,
    "errorCount" : 0,
    "errorPct" : 0.0,
    "meanResTime" : 465.0000000000001,
    "medianResTime" : 489.0,
    "minResTime" : 196.0,
    "maxResTime" : 788.0,
    "pct1ResTime" : 710.0,
    "pct2ResTime" : 762.6999999999999,
    "pct3ResTime" : 788.0,
    "throughput" : 29.970029970029973,
    "receivedKBytesPerSec" : 51.2885551948052,
    "sentKBytesPerSec" : 17.660074300699304
  },
  "RunPractice" : {
    "transaction" : "RunPractice",
    "sampleCount" : 183,
    "errorCount" : 1,
    "errorPct" : 0.5464481,
    "meanResTime" : 2444.9234972677596,
    "medianResTime" : 2169.0,
    "minResTime" : 2067.0,
    "maxResTime" : 7383.0,
    "pct1ResTime" : 3151.6,
    "pct2ResTime" : 3614.0,
    "pct3ResTime" : 5749.199999999993,
    "throughput" : 0.23857418679446246,
    "receivedKBytesPerSec" : 6.727557302618971,
    "sentKBytesPerSec" : 0.05591582502995214
  }
}