{
  "AssignmentsList" : {
    "transaction" : "AssignmentsList",
    "sampleCount" : 100,
    "errorCount" : 0,
    "errorPct" : 0.0,
    "meanResTime" : 66.65,
    "medianResTime" : 53.5,
    "minResTime" : 23.0,
    "maxResTime" : 210.0,
    "pct1ResTime" : 137.00000000000006,
    "pct2ResTime" : 165.29999999999984,
    "pct3ResTime" : 209.92999999999995,
    "throughput" : 29.069767441860463,
    "receivedKBytesPerSec" : 11.114076126453488,
    "sentKBytesPerSec" : 9.396575218023257
  },
  "Get CSRF Token" : {
    "transaction" : "Get CSRF Token",
    "sampleCount" : 100,
    "errorCount" : 0,
    "errorPct" : 0.0,
    "meanResTime" : 36.03,
    "medianResTime" : 29.0,
    "minResTime" : 23.0,
    "maxResTime" : 131.0,
    "pct1ResTime" : 50.0,
    "pct2ResTime" : 98.99999999999977,
    "pct3ResTime" : 131.0,
    "throughput" : 51.975051975051976,
    "receivedKBytesPerSec" : 1389.0104234342516,
    "sentKBytesPerSec" : 6.852179703742204
  },
  "StudentCourses" : {
    "transaction" : "StudentCourses",
    "sampleCount" : 100,
    "errorCount" : 0,
    "errorPct" : 0.0,
    "meanResTime" : 201.98,
    "medianResTime" : 153.0,
    "minResTime" : 24.0,
    "maxResTime" : 724.0,
    "pct1ResTime" : 459.9000000000001,
    "pct2ResTime" : 566.0999999999996,
    "pct3ResTime" : 723.8699999999999,
    "throughput" : 36.87315634218289,
    "receivedKBytesPerSec" : 46.01942754424778,
    "sentKBytesPerSec" : 8.930217551622418
  },
  "GetSubmissionId" : {
    "transaction" : "GetSubmissionId",
    "sampleCount" : 590,
    "errorCount" : 2,
    "errorPct" : 0.33898306,
    "meanResTime" : 1191.2966101694906,
    "medianResTime" : 439.5,
    "minResTime" : 196.0,
    "maxResTime" : 26426.0,
    "pct1ResTime" : 2666.499999999999,
    "pct2ResTime" : 4225.399999999998,
    "pct3ResTime" : 15096.210000000034,
    "throughput" : 0.7889208765846946,
    "receivedKBytesPerSec" : 35.50138460210308,
    "sentKBytesPerSec" : 0.18197308275512566
  },
  "TestcasesResults" : {
    "transaction" : "TestcasesResults",
    "sampleCount" : 588,
    "errorCount" : 2,
    "errorPct" : 0.34013605,
    "meanResTime" : 12568.079931972787,
    "medianResTime" : 7715.5,
    "minResTime" : 5196.0,
    "maxResTime" : 37757.0,
    "pct1ResTime" : 26770.3,
    "pct2ResTime" : 29751.249999999996,
    "pct3ResTime" : 36109.54,
    "throughput" : 0.7831030859322456,
    "receivedKBytesPerSec" : 22.622432222211494,
    "sentKBytesPerSec" : 0.18901268413909933
  },
  "Total" : {
    "transaction" : "Total",
    "sampleCount" : 2858,
    "errorCount" : 7,
    "errorPct" : 0.24492653,
    "meanResTime" : 4333.695241427573,
    "medianResTime" : 1884.5,
    "minResTime" : 0.0,
    "maxResTime" : 37757.0,
    "pct1ResTime" : 13007.399999999994,
    "pct2ResTime" : 24520.549999999996,
    "pct3ResTime" : 31737.74999999999,
    "throughput" : 3.180425139825199,
    "receivedKBytesPerSec" : 103.69075968712373,
    "sentKBytesPerSec" : 1.5631670369326591
  },
  "Upload" : {
    "transaction" : "Upload",
    "sampleCount" : 590,
    "errorCount" : 0,
    "errorPct" : 0.0,
    "meanResTime" : 4152.7983050847515,
    "medianResTime" : 822.0,
    "minResTime" : 402.0,
    "maxResTime" : 32910.0,
    "pct1ResTime" : 17313.7,
    "pct2ResTime" : 26482.449999999928,
    "pct3ResTime" : 30103.180000000015,
    "throughput" : 0.7881957664535866,
    "receivedKBytesPerSec" : 35.757296238035124,
    "sentKBytesPerSec" : 1.1103846149029117
  },
  "Course Page" : {
    "transaction" : "Course Page",
    "sampleCount" : 100,
    "errorCount" : 0,
    "errorPct" : 0.0,
    "meanResTime" : 380.06999999999994,
    "medianResTime" : 183.5,
    "minResTime" : 55.0,
    "maxResTime" : 1266.0,
    "pct1ResTime" : 948.1000000000001,
    "pct2ResTime" : 1064.6,
    "pct3ResTime" : 1265.79,
    "throughput" : 28.968713789107767,
    "receivedKBytesPerSec" : 937.9311359356894,
    "sentKBytesPerSec" : 8.402058589223639
  },
  "Login" : {
    "transaction" : "Login",
    "sampleCount" : 100,
    "errorCount" : 0,
    "errorPct" : 0.0,
    "meanResTime" : 913.0999999999999,
    "medianResTime" : 934.0,
    "minResTime" : 174.0,
    "maxResTime" : 2127.0,
    "pct1ResTime" : 1425.8000000000002,
    "pct2ResTime" : 1689.199999999999,
    "pct3ResTime" : 2125.119999999999,
    "throughput" : 35.00175008750438,
    "receivedKBytesPerSec" : 59.914519163458166,
    "sentKBytesPerSec" : 20.640094504725234
  },
  "RunPractice" : {
    "transaction" : "RunPractice",
    "sampleCount" : 590,
    "errorCount" : 3,
    "errorPct" : 0.5084746,
    "meanResTime" : 2852.3237288135624,
    "medianResTime" : 2225.0,
    "minResTime" : 0.0,
    "maxResTime" : 17046.0,
    "pct1ResTime" : 4741.799999999999,
    "pct2ResTime" : 5558.649999999998,
    "pct3ResTime" : 7248.640000000016,
    "throughput" : 0.7912548900222759,
    "receivedKBytesPerSec" : 22.305649012993346,
    "sentKBytesPerSec" : 0.18482171954439813
  }
}