{
  "AssignmentsList" : {
    "transaction" : "AssignmentsList",
    "sampleCount" : 300,
    "errorCount" : 10,
    "errorPct" : 3.3333333,
    "meanResTime" : 305.1599999999999,
    "medianResTime" : 155.5,
    "minResTime" : 0.0,
    "maxResTime" : 1994.0,
    "pct1ResTime" : 824.9000000000001,
    "pct2ResTime" : 952.75,
    "pct3ResTime" : 1969.650000000003,
    "throughput" : 28.508980328803574,
    "receivedKBytesPerSec" : 12.3825675009503,
    "sentKBytesPerSec" : 8.908128326047706
  },
  "Get CSRF Token" : {
    "transaction" : "Get CSRF Token",
    "sampleCount" : 300,
    "errorCount" : 0,
    "errorPct" : 0.0,
    "meanResTime" : 32.36333333333334,
    "medianResTime" : 28.0,
    "minResTime" : 22.0,
    "maxResTime" : 135.0,
    "pct1ResTime" : 41.900000000000034,
    "pct2ResTime" : 61.94999999999999,
    "pct3ResTime" : 123.99000000000001,
    "throughput" : 59.09001378766988,
    "receivedKBytesPerSec" : 1579.1509965284617,
    "sentKBytesPerSec" : 7.790187364585385
  },
  "StudentCourses" : {
    "transaction" : "StudentCourses",
    "sampleCount" : 300,
    "errorCount" : 1,
    "errorPct" : 0.33333334,
    "meanResTime" : 683.0066666666675,
    "medianResTime" : 538.5,
    "minResTime" : 40.0,
    "maxResTime" : 4116.0,
    "pct1ResTime" : 1329.9,
    "pct2ResTime" : 1728.75,
    "pct3ResTime" : 4105.690000000004,
    "throughput" : 25.80423189403062,
    "receivedKBytesPerSec" : 32.27133351432135,
    "sentKBytesPerSec" : 6.228630870462756
  },
  "GetSubmissionId" : {
    "transaction" : "GetSubmissionId",
    "sampleCount" : 1114,
    "errorCount" : 29,
    "errorPct" : 2.6032317,
    "meanResTime" : 5377.495511669659,
    "medianResTime" : 960.0,
    "minResTime" : 0.0,
    "maxResTime" : 50009.0,
    "pct1ResTime" : 18092.5,
    "pct2ResTime" : 31585.25,
    "pct3ResTime" : 50002.0,
    "throughput" : 1.452514257848662,
    "receivedKBytesPerSec" : 63.82245549637784,
    "sentKBytesPerSec" : 0.3331598639278385
  },
  "TestcasesResults" : {
    "transaction" : "TestcasesResults",
    "sampleCount" : 992,
    "errorCount" : 1,
    "errorPct" : 0.10080645,
    "meanResTime" : 64514.709677419334,
    "medianResTime" : 72077.5,
    "minResTime" : 5221.0,
    "maxResTime" : 136395.0,
    "pct1ResTime" : 92447.9,
    "pct2ResTime" : 97354.89999999997,
    "pct3ResTime" : 105937.18999999996,
    "throughput" : 1.227048503050304,
    "receivedKBytesPerSec" : 35.53059227432574,
    "sentKBytesPerSec" : 0.2968762369440555
  },
  "Total" : {
    "transaction" : "Total",
    "sampleCount" : 5834,
    "errorCount" : 233,
    "errorPct" : 3.9938293,
    "meanResTime" : 15821.807679122376,
    "medianResTime" : 2172.0,
    "minResTime" : 0.0,
    "maxResTime" : 136395.0,
    "pct1ResTime" : 68245.0,
    "pct2ResTime" : 81877.25,
    "pct3ResTime" : 96436.29999999997,
    "throughput" : 5.962357635169938,
    "receivedKBytesPerSec" : 174.47163871960566,
    "sentKBytesPerSec" : 2.82606611379784
  },
  "Upload" : {
    "transaction" : "Upload",
    "sampleCount" : 1114,
    "errorCount" : 143,
    "errorPct" : 12.836625,
    "meanResTime" : 12858.975763016144,
    "medianResTime" : 1530.5,
    "minResTime" : 0.0,
    "maxResTime" : 87595.0,
    "pct1ResTime" : 54377.0,
    "pct2ResTime" : 63347.75,
    "pct3ResTime" : 77217.24999999999,
    "throughput" : 1.4517589871570156,
    "receivedKBytesPerSec" : 57.44773399880432,
    "sentKBytesPerSec" : 2.0191412333272516
  },
  "Course Page" : {
    "transaction" : "Course Page",
    "sampleCount" : 300,
    "errorCount" : 9,
    "errorPct" : 3.0,
    "meanResTime" : 1763.0566666666668,
    "medianResTime" : 1342.0,
    "minResTime" : 0.0,
    "maxResTime" : 8815.0,
    "pct1ResTime" : 4193.1,
    "pct2ResTime" : 4895.45,
    "pct3ResTime" : 6375.000000000002,
    "throughput" : 25.78427159432746,
    "receivedKBytesPerSec" : 811.3308947948002,
    "sentKBytesPerSec" : 7.254092581650194
  },
  "Login" : {
    "transaction" : "Login",
    "sampleCount" : 300,
    "errorCount" : 0,
    "errorPct" : 0.0,
    "meanResTime" : 2940.196666666668,
    "medianResTime" : 2593.0,
    "minResTime" : 138.0,
    "maxResTime" : 7447.0,
    "pct1ResTime" : 5519.200000000001,
    "pct2ResTime" : 6262.499999999999,
    "pct3ResTime" : 7285.090000000004,
    "throughput" : 26.295030239284777,
    "receivedKBytesPerSec" : 45.04770082829345,
    "sentKBytesPerSec" : 15.542828030502234
  },
  "RunPractice" : {
    "transaction" : "RunPractice",
    "sampleCount" : 1114,
    "errorCount" : 40,
    "errorPct" : 3.5906644,
    "meanResTime" : 5631.301615798929,
    "medianResTime" : 2858.5,
    "minResTime" : 0.0,
    "maxResTime" : 50020.0,
    "pct1ResTime" : 13151.0,
    "pct2ResTime" : 20703.25,
    "pct3ResTime" : 38259.649999999965,
    "throughput" : 1.4528173440829646,
    "receivedKBytesPerSec" : 39.75540590448313,
    "sentKBytesPerSec" : 0.329806001935351
  }
}