{
  "AssignmentsList" : {
    "transaction" : "AssignmentsList",
    "sampleCount" : 70,
    "errorCount" : 0,
    "errorPct" : 0.0,
    "meanResTime" : 67.6142857142857,
    "medianResTime" : 51.0,
    "minResTime" : 23.0,
    "maxResTime" : 277.0,
    "pct1ResTime" : 139.79999999999995,
    "pct2ResTime" : 183.0000000000001,
    "pct3ResTime" : 277.0,
    "throughput" : 28.90173410404624,
    "receivedKBytesPerSec" : 11.116361736168455,
    "sentKBytesPerSec" : 9.34225975433526
  },
  "Get CSRF Token" : {
    "transaction" : "Get CSRF Token",
    "sampleCount" : 70,
    "errorCount" : 0,
    "errorPct" : 0.0,
    "meanResTime" : 37.68571428571429,
    "medianResTime" : 28.0,
    "minResTime" : 23.0,
    "maxResTime" : 145.0,
    "pct1ResTime" : 80.69999999999996,
    "pct2ResTime" : 120.60000000000002,
    "pct3ResTime" : 145.0,
    "throughput" : 52.6711813393529,
    "receivedKBytesPerSec" : 1407.6071940838976,
    "sentKBytesPerSec" : 6.943954571106095
  },
  "StudentCourses" : {
    "transaction" : "StudentCourses",
    "sampleCount" : 70,
    "errorCount" : 0,
    "errorPct" : 0.0,
    "meanResTime" : 163.84285714285716,
    "medianResTime" : 123.0,
    "minResTime" : 27.0,
    "maxResTime" : 526.0,
    "pct1ResTime" : 344.0,
    "pct2ResTime" : 424.85,
    "pct3ResTime" : 526.0,
    "throughput" : 36.86150605581885,
    "receivedKBytesPerSec" : 45.989459913112164,
    "sentKBytesPerSec" : 8.927395997893628
  },
  "GetSubmissionId" : {
    "transaction" : "GetSubmissionId",
    "sampleCount" : 411,
    "errorCount" : 2,
    "errorPct" : 0.486618,
    "meanResTime" : 856.3260340632592,
    "medianResTime" : 370.0,
    "minResTime" : 175.0,
    "maxResTime" : 15381.0,
    "pct1ResTime" : 1913.2000000000005,
    "pct2ResTime" : 2991.3999999999987,
    "pct3ResTime" : 6255.399999999995,
    "throughput" : 0.5813616309810584,
    "receivedKBytesPerSec" : 25.46368198263412,
    "sentKBytesPerSec" : 0.1338986631688311
  },
  "TestcasesResults" : {
    "transaction" : "TestcasesResults",
    "sampleCount" : 409,
    "errorCount" : 1,
    "errorPct" : 0.24449877,
    "meanResTime" : 9099.254278728602,
    "medianResTime" : 5697.0,
    "minResTime" : 5196.0,
    "maxResTime" : 25038.0,
    "pct1ResTime" : 17833.0,
    "pct2ResTime" : 19853.0,
    "pct3ResTime" : 21991.8,
    "throughput" : 0.5785056167379072,
    "receivedKBytesPerSec" : 16.72761195860573,
    "sentKBytesPerSec" : 0.139764269569473
  },
  "Total" : {
    "transaction" : "Total",
    "sampleCount" : 1995,
    "errorCount" : 6,
    "errorPct" : 0.30075186,
    "meanResTime" : 3315.9829573934844,
    "medianResTime" : 1427.0,
    "minResTime" : 0.0,
    "maxResTime" : 27796.0,
    "pct1ResTime" : 8666.00000000001,
    "pct2ResTime" : 16378.2,
    "pct3ResTime" : 21960.16,
    "throughput" : 2.2146685434918716,
    "receivedKBytesPerSec" : 71.12795785219335,
    "sentKBytesPerSec" : 1.064221042723121
  },
  "Upload" : {
    "transaction" : "Upload",
    "sampleCount" : 414,
    "errorCount" : 0,
    "errorPct" : 0.0,
    "meanResTime" : 3302.3188405797127,
    "medianResTime" : 673.0,
    "minResTime" : 386.0,
    "maxResTime" : 27796.0,
    "pct1ResTime" : 13407.0,
    "pct2ResTime" : 19242.25,
    "pct3ResTime" : 27042.4,
    "throughput" : 0.5382159311915633,
    "receivedKBytesPerSec" : 23.79969783043078,
    "sentKBytesPerSec" : 0.7263482577209286
  },
  "Course Page" : {
    "transaction" : "Course Page",
    "sampleCount" : 70,
    "errorCount" : 0,
    "errorPct" : 0.0,
    "meanResTime" : 264.9714285714286,
    "medianResTime" : 134.5,
    "minResTime" : 52.0,
    "maxResTime" : 747.0,
    "pct1ResTime" : 622.0,
    "pct2ResTime" : 684.15,
    "pct3ResTime" : 747.0,
    "throughput" : 28.57142857142857,
    "receivedKBytesPerSec" : 925.0067761479592,
    "sentKBytesPerSec" : 8.286830357142856
  },
  "Login" : {
    "transaction" : "Login",
    "sampleCount" : 70,
    "errorCount" : 0,
    "errorPct" : 0.0,
    "meanResTime" : 735.4428571428574,
    "medianResTime" : 721.5,
    "minResTime" : 134.0,
    "maxResTime" : 1305.0,
    "pct1ResTime" : 1219.0,
    "pct2ResTime" : 1257.45,
    "pct3ResTime" : 1305.0,
    "throughput" : 34.229828850855746,
    "receivedKBytesPerSec" : 58.58992970660147,
    "sentKBytesPerSec" : 20.181654951100246
  },
  "RunPractice" : {
    "transaction" : "RunPractice",
    "sampleCount" : 411,
    "errorCount" : 3,
    "errorPct" : 0.729927,
    "meanResTime" : 2641.8783454987815,
    "medianResTime" : 2152.0,
    "minResTime" : 0.0,
    "maxResTime" : 16199.0,
    "pct1ResTime" : 3796.4000000000015,
    "pct2ResTime" : 5088.799999999999,
    "pct3ResTime" : 7870.719999999995,
    "throughput" : 0.5808514066214233,
    "receivedKBytesPerSec" : 16.346936258359456,
    "sentKBytesPerSec" : 0.13580581473242678
  }
}