{
  "AssignmentsList" : {
    "transaction" : "AssignmentsList",
    "sampleCount" : 90,
    "errorCount" : 0,
    "errorPct" : 0.0,
    "meanResTime" : 53.044444444444444,
    "medianResTime" : 50.0,
    "minResTime" : 25.0,
    "maxResTime" : 114.0,
    "pct1ResTime" : 74.70000000000002,
    "pct2ResTime" : 96.25000000000001,
    "pct3ResTime" : 114.0,
    "throughput" : 32.56150506512301,
    "receivedKBytesPerSec" : 12.468484307163532,
    "sentKBytesPerSec" : 10.525252125542693
  },
  "Get CSRF Token" : {
    "transaction" : "Get CSRF Token",
    "sampleCount" : 90,
    "errorCount" : 0,
    "errorPct" : 0.0,
    "meanResTime" : 664.8444444444447,
    "medianResTime" : 605.5,
    "minResTime" : 24.0,
    "maxResTime" : 1700.0,
    "pct1ResTime" : 1314.9,
    "pct2ResTime" : 1416.9,
    "pct3ResTime" : 1700.0,
    "throughput" : 52.84791544333529,
    "receivedKBytesPerSec" : 1412.3123715502054,
    "sentKBytesPerSec" : 6.967254477392836
  },
  "StudentCourses" : {
    "transaction" : "StudentCourses",
    "sampleCount" : 90,
    "errorCount" : 0,
    "errorPct" : 0.0,
    "meanResTime" : 77.1888888888889,
    "medianResTime" : 44.5,
    "minResTime" : 22.0,
    "maxResTime" : 940.0,
    "pct1ResTime" : 159.00000000000006,
    "pct2ResTime" : 175.50000000000003,
    "pct3ResTime" : 940.0,
    "throughput" : 29.537249753856255,
    "receivedKBytesPerSec" : 36.86066725467673,
    "sentKBytesPerSec" : 7.153552674762061
  },
  "GetSubmissionId" : {
    "transaction" : "GetSubmissionId",
    "sampleCount" : 540,
    "errorCount" : 0,
    "errorPct" : 0.0,
    "meanResTime" : 949.3407407407408,
    "medianResTime" : 368.0,
    "minResTime" : 198.0,
    "maxResTime" : 18728.0,
    "pct1ResTime" : 2171.9,
    "pct2ResTime" : 3856.8499999999713,
    "pct3ResTime" : 8155.140000000001,
    "throughput" : 0.7403812140606619,
    "receivedKBytesPerSec" : 33.21285910631188,
    "sentKBytesPerSec" : 0.17135776145739928
  },
  "TestcasesResults" : {
    "transaction" : "TestcasesResults",
    "sampleCount" : 540,
    "errorCount" : 0,
    "errorPct" : 0.0,
    "meanResTime" : 10520.62592592594,
    "medianResTime" : 5882.0,
    "minResTime" : 5196.0,
    "maxResTime" : 34446.0,
    "pct1ResTime" : 22049.300000000003,
    "pct2ResTime" : 24213.8,
    "pct3ResTime" : 32289.380000000023,
    "throughput" : 0.739566969843472,
    "receivedKBytesPerSec" : 21.432779450601036,
    "sentKBytesPerSec" : 0.17911387550896588
  },
  "Total" : {
    "transaction" : "Total",
    "sampleCount" : 2610,
    "errorCount" : 0,
    "errorPct" : 0.0,
    "meanResTime" : 3817.4605363984624,
    "medianResTime" : 1781.5,
    "minResTime" : 22.0,
    "maxResTime" : 34446.0,
    "pct1ResTime" : 10109.6,
    "pct2ResTime" : 19442.04999999998,
    "pct3ResTime" : 30943.92,
    "throughput" : 2.9591836734693877,
    "receivedKBytesPerSec" : 96.52177778663548,
    "sentKBytesPerSec" : 1.447469352324263
  },
  "Upload" : {
    "transaction" : "Upload",
    "sampleCount" : 540,
    "errorCount" : 0,
    "errorPct" : 0.0,
    "meanResTime" : 3860.168518518512,
    "medianResTime" : 702.5,
    "minResTime" : 389.0,
    "maxResTime" : 33007.0,
    "pct1ResTime" : 14262.800000000003,
    "pct2ResTime" : 28179.799999999992,
    "pct3ResTime" : 32166.370000000003,
    "throughput" : 0.7384282145216011,
    "receivedKBytesPerSec" : 33.28774324329637,
    "sentKBytesPerSec" : 1.0289012171074672
  },
  "Course Page" : {
    "transaction" : "Course Page",
    "sampleCount" : 90,
    "errorCount" : 0,
    "errorPct" : 0.0,
    "meanResTime" : 158.911111111111,
    "medianResTime" : 132.0,
    "minResTime" : 50.0,
    "maxResTime" : 494.0,
    "pct1ResTime" : 309.20000000000005,
    "pct2ResTime" : 375.5000000000001,
    "pct3ResTime" : 494.0,
    "throughput" : 29.23026956804157,
    "receivedKBytesPerSec" : 946.4194188454043,
    "sentKBytesPerSec" : 8.477919982137056
  },
  "Login" : {
    "transaction" : "Login",
    "sampleCount" : 90,
    "errorCount" : 0,
    "errorPct" : 0.0,
    "meanResTime" : 1759.366666666666,
    "medianResTime" : 1805.0,
    "minResTime" : 370.0,
    "maxResTime" : 3111.0,
    "pct1ResTime" : 2993.0,
    "pct2ResTime" : 3015.25,
    "pct3ResTime" : 3111.0,
    "throughput" : 26.548672566371682,
    "receivedKBytesPerSec" : 45.44386061946903,
    "sentKBytesPerSec" : 15.654383296460177
  },
  "RunPractice" : {
    "transaction" : "RunPractice",
    "sampleCount" : 540,
    "errorCount" : 0,
    "errorPct" : 0.0,
    "meanResTime" : 2668.6981481481466,
    "medianResTime" : 2208.0,
    "minResTime" : 2066.0,
    "maxResTime" : 11741.0,
    "pct1ResTime" : 3784.100000000001,
    "pct2ResTime" : 4719.449999999996,
    "pct3ResTime" : 8107.610000000006,
    "throughput" : 0.7394656949539683,
    "receivedKBytesPerSec" : 20.946319294525765,
    "sentKBytesPerSec" : 0.17331227225483634
  }
}