{
  "AssignmentsList" : {
    "transaction" : "AssignmentsList",
    "sampleCount" : 60,
    "errorCount" : 0,
    "errorPct" : 0.0,
    "meanResTime" : 76.74999999999999,
    "medianResTime" : 57.0,
    "minResTime" : 26.0,
    "maxResTime" : 505.0,
    "pct1ResTime" : 133.2,
    "pct2ResTime" : 162.95,
    "pct3ResTime" : 505.0,
    "throughput" : 28.315243039169417,
    "receivedKBytesPerSec" : 10.926992390278432,
    "sentKBytesPerSec" : 9.15268109957527
  },
  "Get CSRF Token" : {
    "transaction" : "Get CSRF Token",
    "sampleCount" : 60,
    "errorCount" : 0,
    "errorPct" : 0.0,
    "meanResTime" : 40.68333333333334,
    "medianResTime" : 29.5,
    "minResTime" : 24.0,
    "maxResTime" : 147.0,
    "pct1ResTime" : 81.59999999999997,
    "pct2ResTime" : 134.0,
    "pct3ResTime" : 147.0,
    "throughput" : 53.57142857142857,
    "receivedKBytesPerSec" : 1431.6693987165177,
    "sentKBytesPerSec" : 7.062639508928571
  },
  "StudentCourses" : {
    "transaction" : "StudentCourses",
    "sampleCount" : 60,
    "errorCount" : 0,
    "errorPct" : 0.0,
    "meanResTime" : 137.4666666666667,
    "medianResTime" : 99.5,
    "minResTime" : 24.0,
    "maxResTime" : 524.0,
    "pct1ResTime" : 293.19999999999993,
    "pct2ResTime" : 362.34999999999997,
    "pct3ResTime" : 524.0,
    "throughput" : 37.014188772362736,
    "receivedKBytesPerSec" : 46.17134484885873,
    "sentKBytesPerSec" : 8.964373843306602
  },
  "GetSubmissionId" : {
    "transaction" : "GetSubmissionId",
    "sampleCount" : 361,
    "errorCount" : 0,
    "errorPct" : 0.0,
    "meanResTime" : 805.6759002770083,
    "medianResTime" : 348.0,
    "minResTime" : 188.0,
    "maxResTime" : 8375.0,
    "pct1ResTime" : 2080.200000000001,
    "pct2ResTime" : 3636.3999999999983,
    "pct3ResTime" : 6467.24,
    "throughput" : 0.4715409985958267,
    "receivedKBytesPerSec" : 20.475907355174215,
    "sentKBytesPerSec" : 0.10913595377657316
  },
  "TestcasesResults" : {
    "transaction" : "TestcasesResults",
    "sampleCount" : 360,
    "errorCount" : 1,
    "errorPct" : 0.2777778,
    "meanResTime" : 8456.986111111113,
    "medianResTime" : 5674.5,
    "minResTime" : 5206.0,
    "maxResTime" : 24288.0,
    "pct1ResTime" : 16359.300000000003,
    "pct2ResTime" : 18085.5,
    "pct3ResTime" : 20889.739999999998,
    "throughput" : 0.516097215512162,
    "receivedKBytesPerSec" : 14.919503338414263,
    "sentKBytesPerSec" : 0.12464509356412436
  },
  "Total" : {
    "transaction" : "Total",
    "sampleCount" : 1745,
    "errorCount" : 1,
    "errorPct" : 0.05730659,
    "meanResTime" : 3073.5220630372464,
    "medianResTime" : 1232.0,
    "minResTime" : 24.0,
    "maxResTime" : 24288.0,
    "pct1ResTime" : 6926.000000000005,
    "pct2ResTime" : 15086.699999999997,
    "pct3ResTime" : 20361.639999999996,
    "throughput" : 1.9356048127233016,
    "receivedKBytesPerSec" : 62.00443347613271,
    "sentKBytesPerSec" : 0.919407953117322
  },
  "Upload" : {
    "transaction" : "Upload",
    "sampleCount" : 363,
    "errorCount" : 0,
    "errorPct" : 0.0,
    "meanResTime" : 2839.774104683199,
    "medianResTime" : 726.0,
    "minResTime" : 382.0,
    "maxResTime" : 20894.0,
    "pct1ResTime" : 13594.400000000001,
    "pct2ResTime" : 17416.60000000001,
    "pct3ResTime" : 20736.16,
    "throughput" : 0.47241573625927424,
    "receivedKBytesPerSec" : 20.615604199635992,
    "sentKBytesPerSec" : 0.6235800787782523
  },
  "Course Page" : {
    "transaction" : "Course Page",
    "sampleCount" : 60,
    "errorCount" : 0,
    "errorPct" : 0.0,
    "meanResTime" : 298.3666666666667,
    "medianResTime" : 210.5,
    "minResTime" : 54.0,
    "maxResTime" : 802.0,
    "pct1ResTime" : 656.9999999999999,
    "pct2ResTime" : 707.65,
    "pct3ResTime" : 802.0,
    "throughput" : 28.19548872180451,
    "receivedKBytesPerSec" : 912.8431736078477,
    "sentKBytesPerSec" : 8.177793115601503
  },
  "Login" : {
    "transaction" : "Login",
    "sampleCount" : 60,
    "errorCount" : 0,
    "errorPct" : 0.0,
    "meanResTime" : 701.8166666666664,
    "medianResTime" : 692.5,
    "minResTime" : 149.0,
    "maxResTime" : 1777.0,
    "pct1ResTime" : 1133.5,
    "pct2ResTime" : 1305.6499999999994,
    "pct3ResTime" : 1777.0,
    "throughput" : 33.72681281618887,
    "receivedKBytesPerSec" : 57.72752424114672,
    "sentKBytesPerSec" : 19.88366884485666
  },
  "RunPractice" : {
    "transaction" : "RunPractice",
    "sampleCount" : 361,
    "errorCount" : 0,
    "errorPct" : 0.0,
    "meanResTime" : 2553.432132963988,
    "medianResTime" : 2197.0,
    "minResTime" : 2065.0,
    "maxResTime" : 9520.0,
    "pct1ResTime" : 3311.6000000000004,
    "pct2ResTime" : 4231.499999999997,
    "pct3ResTime" : 7193.94,
    "throughput" : 0.47107642921456816,
    "receivedKBytesPerSec" : 13.347112821826105,
    "sentKBytesPerSec" : 0.1104085380971644
  }
}