{
  "AssignmentsList" : {
    "transaction" : "AssignmentsList",
    "sampleCount" : 200,
    "errorCount" : 0,
    "errorPct" : 0.0,
    "meanResTime" : 87.03,
    "medianResTime" : 57.5,
    "minResTime" : 23.0,
    "maxResTime" : 594.0,
    "pct1ResTime" : 193.60000000000002,
    "pct2ResTime" : 257.9,
    "pct3ResTime" : 443.4700000000005,
    "throughput" : 30.68896731624981,
    "receivedKBytesPerSec" : 11.733135453429492,
    "sentKBytesPerSec" : 9.91996892742059
  },
  "Get CSRF Token" : {
    "transaction" : "Get CSRF Token",
    "sampleCount" : 200,
    "errorCount" : 0,
    "errorPct" : 0.0,
    "meanResTime" : 34.00000000000001,
    "medianResTime" : 29.0,
    "minResTime" : 23.0,
    "maxResTime" : 144.0,
    "pct1ResTime" : 45.900000000000006,
    "pct2ResTime" : 62.59999999999991,
    "pct3ResTime" : 133.8800000000001,
    "throughput" : 54.48106782892945,
    "receivedKBytesPerSec" : 1455.9833939151458,
    "sentKBytesPerSec" : 7.182562653228004
  },
  "StudentCourses" : {
    "transaction" : "StudentCourses",
    "sampleCount" : 200,
    "errorCount" : 0,
    "errorPct" : 0.0,
    "meanResTime" : 377.24,
    "medianResTime" : 295.0,
    "minResTime" : 35.0,
    "maxResTime" : 1514.0,
    "pct1ResTime" : 822.2,
    "pct2ResTime" : 1063.85,
    "pct3ResTime" : 1399.2300000000007,
    "throughput" : 33.835222466587716,
    "receivedKBytesPerSec" : 42.2279436643546,
    "sentKBytesPerSec" : 8.194467941126714
  },
  "GetSubmissionId" : {
    "transaction" : "GetSubmissionId",
    "sampleCount" : 1044,
    "errorCount" : 1,
    "errorPct" : 0.09578544,
    "meanResTime" : 1468.2231800766292,
    "medianResTime" : 655.0,
    "minResTime" : 196.0,
    "maxResTime" : 50002.0,
    "pct1ResTime" : 2554.5,
    "pct2ResTime" : 6361.0,
    "pct3ResTime" : 12445.349999999999,
    "throughput" : 1.3576302330208443,
    "receivedKBytesPerSec" : 61.31988617817987,
    "sentKBytesPerSec" : 0.31421715354095714
  },
  "TestcasesResults" : {
    "transaction" : "TestcasesResults",
    "sampleCount" : 1031,
    "errorCount" : 1,
    "errorPct" : 0.09699321,
    "meanResTime" : 24640.305528612997,
    "medianResTime" : 23387.0,
    "minResTime" : 5192.0,
    "maxResTime" : 66025.0,
    "pct1ResTime" : 48352.0,
    "pct2ResTime" : 51290.799999999996,
    "pct3ResTime" : 58291.519999999975,
    "throughput" : 1.374389956155494,
    "receivedKBytesPerSec" : 39.79701878355158,
    "sentKBytesPerSec" : 0.33253721584054413
  },
  "Total" : {
    "transaction" : "Total",
    "sampleCount" : 5163,
    "errorCount" : 47,
    "errorPct" : 0.91032344,
    "meanResTime" : 7806.6234747239705,
    "medianResTime" : 1963.0,
    "minResTime" : 0.0,
    "maxResTime" : 82247.0,
    "pct1ResTime" : 30671.800000000007,
    "pct2ResTime" : 43419.8,
    "pct3ResTime" : 60968.47999999982,
    "throughput" : 5.6963617426917095,
    "receivedKBytesPerSec" : 181.5204736186764,
    "sentKBytesPerSec" : 2.7828380863236566
  },
  "Upload" : {
    "transaction" : "Upload",
    "sampleCount" : 1044,
    "errorCount" : 41,
    "errorPct" : 3.9272032,
    "meanResTime" : 9092.56896551722,
    "medianResTime" : 1253.5,
    "minResTime" : 200.0,
    "maxResTime" : 82247.0,
    "pct1ResTime" : 43532.0,
    "pct2ResTime" : 56174.25,
    "pct3ResTime" : 80979.95,
    "throughput" : 1.3562105088127703,
    "receivedKBytesPerSec" : 59.18498240636756,
    "sentKBytesPerSec" : 1.911757037534165
  },
  "Course Page" : {
    "transaction" : "Course Page",
    "sampleCount" : 200,
    "errorCount" : 1,
    "errorPct" : 0.5,
    "meanResTime" : 606.7999999999998,
    "medianResTime" : 277.5,
    "minResTime" : 19.0,
    "maxResTime" : 2364.0,
    "pct1ResTime" : 1560.9,
    "pct2ResTime" : 1832.3499999999995,
    "pct3ResTime" : 2115.4800000000005,
    "throughput" : 29.2654375182909,
    "receivedKBytesPerSec" : 943.1401700139012,
    "sentKBytesPerSec" : 8.445679461150132
  },
  "Login" : {
    "transaction" : "Login",
    "sampleCount" : 200,
    "errorCount" : 0,
    "errorPct" : 0.0,
    "meanResTime" : 1620.5000000000005,
    "medianResTime" : 1596.0,
    "minResTime" : 115.0,
    "maxResTime" : 3598.0,
    "pct1ResTime" : 2838.7000000000003,
    "pct2ResTime" : 3079.449999999999,
    "pct3ResTime" : 3376.2200000000007,
    "throughput" : 32.82994090610637,
    "receivedKBytesPerSec" : 56.23153315824032,
    "sentKBytesPerSec" : 19.39403110636901
  },
  "RunPractice" : {
    "transaction" : "RunPractice",
    "sampleCount" : 1044,
    "errorCount" : 3,
    "errorPct" : 0.28735632,
    "meanResTime" : 3190.4798850574766,
    "medianResTime" : 2421.0,
    "minResTime" : 0.0,
    "maxResTime" : 29868.0,
    "pct1ResTime" : 4658.5,
    "pct2ResTime" : 6934.25,
    "pct3ResTime" : 15388.299999999997,
    "throughput" : 1.3702369827486638,
    "receivedKBytesPerSec" : 38.71481513161953,
    "sentKBytesPerSec" : 0.32053406430138914
  }
}