{
  "AssignmentsList" : {
    "transaction" : "AssignmentsList",
    "sampleCount" : 1,
    "errorCount" : 0,
    "errorPct" : 0.0,
    "meanResTime" : 483.0,
    "medianResTime" : 483.0,
    "minResTime" : 483.0,
    "maxResTime" : 483.0,
    "pct1ResTime" : 483.0,
    "pct2ResTime" : 483.0,
    "pct3ResTime" : 483.0,
    "throughput" : 2.070393374741201,
    "receivedKBytesPerSec" : 0.8026818064182195,
    "sentKBytesPerSec" : 0.669238483436853
  },
  "Get CSRF Token" : {
    "transaction" : "Get CSRF Token",
    "sampleCount" : 1,
    "errorCount" : 0,
    "errorPct" : 0.0,
    "meanResTime" : 2222.0,
    "medianResTime" : 2222.0,
    "minResTime" : 2222.0,
    "maxResTime" : 2222.0,
    "pct1ResTime" : 2222.0,
    "pct2ResTime" : 2222.0,
    "pct3ResTime" : 2222.0,
    "throughput" : 0.45004500450045004,
    "receivedKBytesPerSec" : 12.027276946444644,
    "sentKBytesPerSec" : 0.059332105085508555
  },
  "StudentCourses" : {
    "transaction" : "StudentCourses",
    "sampleCount" : 1,
    "errorCount" : 0,
    "errorPct" : 0.0,
    "meanResTime" : 43.0,
    "medianResTime" : 43.0,
    "minResTime" : 43.0,
    "maxResTime" : 43.0,
    "pct1ResTime" : 43.0,
    "pct2ResTime" : 43.0,
    "pct3ResTime" : 43.0,
    "throughput" : 23.25581395348837,
    "receivedKBytesPerSec" : 29.001635174418606,
    "sentKBytesPerSec" : 5.632267441860465
  },
  "GetSubmissionId" : {
    "transaction" : "GetSubmissionId",
    "sampleCount" : 6,
    "errorCount" : 0,
    "errorPct" : 0.0,
    "meanResTime" : 247.33333333333334,
    "medianResTime" : 251.5,
    "minResTime" : 221.0,
    "maxResTime" : 257.0,
    "pct1ResTime" : 257.0,
    "pct2ResTime" : 257.0,
    "pct3ResTime" : 257.0,
    "throughput" : 0.009259259259259259,
    "receivedKBytesPerSec" : 0.3940459828317901,
    "sentKBytesPerSec" : 0.002143012152777778
  },
  "TestcasesResults" : {
    "transaction" : "TestcasesResults",
    "sampleCount" : 6,
    "errorCount" : 0,
    "errorPct" : 0.0,
    "meanResTime" : 7108.0,
    "medianResTime" : 6975.5,
    "minResTime" : 5382.0,
    "maxResTime" : 10517.0,
    "pct1ResTime" : 10517.0,
    "pct2ResTime" : 10517.0,
    "pct3ResTime" : 10517.0,
    "throughput" : 0.009259244970300973,
    "receivedKBytesPerSec" : 0.268337259510402,
    "sentKBytesPerSec" : 0.0022424733912447667
  },
  "Total" : {
    "transaction" : "Total",
    "sampleCount" : 29,
    "errorCount" : 0,
    "errorPct" : 0.0,
    "meanResTime" : 2636.6206896551726,
    "medianResTime" : 2129.0,
    "minResTime" : 43.0,
    "maxResTime" : 10517.0,
    "pct1ResTime" : 7002.0,
    "pct2ResTime" : 8772.5,
    "pct3ResTime" : 10517.0,
    "throughput" : 0.03609402867857272,
    "receivedKBytesPerSec" : 1.1430087713934909,
    "sentKBytesPerSec" : 0.016789022701277106
  },
  "Upload" : {
    "transaction" : "Upload",
    "sampleCount" : 6,
    "errorCount" : 0,
    "errorPct" : 0.0,
    "meanResTime" : 1937.8333333333333,
    "medianResTime" : 1440.5,
    "minResTime" : 526.0,
    "maxResTime" : 5300.0,
    "pct1ResTime" : 5300.0,
    "pct2ResTime" : 5300.0,
    "pct3ResTime" : 5300.0,
    "throughput" : 0.009187629775270576,
    "receivedKBytesPerSec" : 0.3930538001759431,
    "sentKBytesPerSec" : 0.011738752235656577
  },
  "Course Page" : {
    "transaction" : "Course Page",
    "sampleCount" : 1,
    "errorCount" : 0,
    "errorPct" : 0.0,
    "meanResTime" : 2374.0,
    "medianResTime" : 2374.0,
    "minResTime" : 2374.0,
    "maxResTime" : 2374.0,
    "pct1ResTime" : 2374.0,
    "pct2ResTime" : 2374.0,
    "pct3ResTime" : 2374.0,
    "throughput" : 0.42122999157540014,
    "receivedKBytesPerSec" : 13.636909619839932,
    "sentKBytesPerSec" : 0.12217315185341196
  },
  "Login" : {
    "transaction" : "Login",
    "sampleCount" : 1,
    "errorCount" : 0,
    "errorPct" : 0.0,
    "meanResTime" : 2448.0,
    "medianResTime" : 2448.0,
    "minResTime" : 2448.0,
    "maxResTime" : 2448.0,
    "pct1ResTime" : 2448.0,
    "pct2ResTime" : 2448.0,
    "pct3ResTime" : 2448.0,
    "throughput" : 0.4084967320261438,
    "receivedKBytesPerSec" : 0.6985134548611112,
    "sentKBytesPerSec" : 0.2401513991013072
  },
  "RunPractice" : {
    "transaction" : "RunPractice",
    "sampleCount" : 6,
    "errorCount" : 0,
    "errorPct" : 0.0,
    "meanResTime" : 2188.8333333333335,
    "medianResTime" : 2125.0,
    "minResTime" : 2101.0,
    "maxResTime" : 2533.0,
    "pct1ResTime" : 2533.0,
    "pct2ResTime" : 2533.0,
    "pct3ResTime" : 2533.0,
    "throughput" : 0.009238714525260955,
    "receivedKBytesPerSec" : 0.26177260039788064,
    "sentKBytesPerSec" : 0.0021653237168580363
  }
}