{
  "AssignmentsList" : {
    "transaction" : "AssignmentsList",
    "sampleCount" : 20,
    "errorCount" : 0,
    "errorPct" : 0.0,
    "meanResTime" : 48.10000000000001,
    "medianResTime" : 49.5,
    "minResTime" : 27.0,
    "maxResTime" : 76.0,
    "pct1ResTime" : 60.900000000000006,
    "pct2ResTime" : 75.24999999999999,
    "pct3ResTime" : 76.0,
    "throughput" : 40.65040650406504,
    "receivedKBytesPerSec" : 15.759972052845528,
    "sentKBytesPerSec" : 13.139926321138212
  },
  "Get CSRF Token" : {
    "transaction" : "Get CSRF Token",
    "sampleCount" : 20,
    "errorCount" : 0,
    "errorPct" : 0.0,
    "meanResTime" : 71.05000000000001,
    "medianResTime" : 29.0,
    "minResTime" : 24.0,
    "maxResTime" : 181.0,
    "pct1ResTime" : 180.9,
    "pct2ResTime" : 181.0,
    "pct3ResTime" : 181.0,
    "throughput" : 52.770448548812666,
    "receivedKBytesPerSec" : 1410.269624010554,
    "sentKBytesPerSec" : 6.957041556728232
  },
  "StudentCourses" : {
    "transaction" : "StudentCourses",
    "sampleCount" : 20,
    "errorCount" : 0,
    "errorPct" : 0.0,
    "meanResTime" : 51.39999999999999,
    "medianResTime" : 39.5,
    "minResTime" : 22.0,
    "maxResTime" : 124.0,
    "pct1ResTime" : 105.00000000000003,
    "pct2ResTime" : 123.1,
    "pct3ResTime" : 124.0,
    "throughput" : 35.714285714285715,
    "receivedKBytesPerSec" : 44.53822544642857,
    "sentKBytesPerSec" : 8.649553571428571
  },
  "GetSubmissionId" : {
    "transaction" : "GetSubmissionId",
    "sampleCount" : 124,
    "errorCount" : 0,
    "errorPct" : 0.0,
    "meanResTime" : 697.8306451612906,
    "medianResTime" : 277.0,
    "minResTime" : 198.0,
    "maxResTime" : 6347.0,
    "pct1ResTime" : 3087.5,
    "pct2ResTime" : 3101.0,
    "pct3ResTime" : 5569.0,
    "throughput" : 0.16232236173800124,
    "receivedKBytesPerSec" : 6.908699787246436,
    "sentKBytesPerSec" : 0.03756874973818974
  },
  "TestcasesResults" : {
    "transaction" : "TestcasesResults",
    "sampleCount" : 122,
    "errorCount" : 1,
    "errorPct" : 0.8196721,
    "meanResTime" : 6147.885245901641,
    "medianResTime" : 5365.5,
    "minResTime" : 5199.0,
    "maxResTime" : 12200.0,
    "pct1ResTime" : 8481.0,
    "pct2ResTime" : 10057.95,
    "pct3ResTime" : 12089.599999999999,
    "throughput" : 0.15914136710260968,
    "receivedKBytesPerSec" : 4.577393251362484,
    "sentKBytesPerSec" : 0.038226131403809475
  },
  "Total" : {
    "transaction" : "Total",
    "sampleCount" : 594,
    "errorCount" : 1,
    "errorPct" : 0.16835018,
    "meanResTime" : 2290.0639730639728,
    "medianResTime" : 797.5,
    "minResTime" : 22.0,
    "maxResTime" : 12200.0,
    "pct1ResTime" : 5715.0,
    "pct2ResTime" : 8417.25,
    "pct3ResTime" : 10208.149999999998,
    "throughput" : 0.6559629126961952,
    "receivedKBytesPerSec" : 20.821613650129922,
    "sentKBytesPerSec" : 0.30581535900165535
  },
  "Upload" : {
    "transaction" : "Upload",
    "sampleCount" : 124,
    "errorCount" : 0,
    "errorPct" : 0.0,
    "meanResTime" : 1821.500000000001,
    "medianResTime" : 582.5,
    "minResTime" : 395.0,
    "maxResTime" : 10249.0,
    "pct1ResTime" : 9945.5,
    "pct2ResTime" : 10154.5,
    "pct3ResTime" : 10238.25,
    "throughput" : 0.16224844948054326,
    "receivedKBytesPerSec" : 6.9417140947616,
    "sentKBytesPerSec" : 0.20717548674534844
  },
  "Course Page" : {
    "transaction" : "Course Page",
    "sampleCount" : 20,
    "errorCount" : 0,
    "errorPct" : 0.0,
    "meanResTime" : 101.69999999999999,
    "medianResTime" : 86.5,
    "minResTime" : 70.0,
    "maxResTime" : 163.0,
    "pct1ResTime" : 139.9,
    "pct2ResTime" : 161.85,
    "pct3ResTime" : 163.0,
    "throughput" : 36.56307129798903,
    "receivedKBytesPerSec" : 1183.6990830667276,
    "sentKBytesPerSec" : 10.604718921389395
  },
  "Login" : {
    "transaction" : "Login",
    "sampleCount" : 20,
    "errorCount" : 0,
    "errorPct" : 0.0,
    "meanResTime" : 418.34999999999997,
    "medianResTime" : 417.5,
    "minResTime" : 207.0,
    "maxResTime" : 711.0,
    "pct1ResTime" : 685.3000000000002,
    "pct2ResTime" : 710.05,
    "pct3ResTime" : 711.0,
    "throughput" : 26.80965147453083,
    "receivedKBytesPerSec" : 45.8722561997319,
    "sentKBytesPerSec" : 15.789942191689008
  },
  "RunPractice" : {
    "transaction" : "RunPractice",
    "sampleCount" : 124,
    "errorCount" : 0,
    "errorPct" : 0.0,
    "meanResTime" : 2290.701612903224,
    "medianResTime" : 2110.5,
    "minResTime" : 1875.0,
    "maxResTime" : 4298.0,
    "pct1ResTime" : 2760.5,
    "pct2ResTime" : 2980.0,
    "pct3ResTime" : 4230.0,
    "throughput" : 0.16202965665393076,
    "receivedKBytesPerSec" : 4.591560823352394,
    "sentKBytesPerSec" : 0.03797570077826503
  }
}