{
  "AssignmentsList" : {
    "transaction" : "AssignmentsList",
    "sampleCount" : 350,
    "errorCount" : 9,
    "errorPct" : 2.5714285,
    "meanResTime" : 441.44285714285695,
    "medianResTime" : 267.0,
    "minResTime" : 0.0,
    "maxResTime" : 2130.0,
    "pct1ResTime" : 1115.0000000000005,
    "pct2ResTime" : 1520.549999999999,
    "pct3ResTime" : 2065.6600000000003,
    "throughput" : 20.51702913418137,
    "receivedKBytesPerSec" : 8.634612319743244,
    "sentKBytesPerSec" : 6.461433022891142
  },
  "Get CSRF Token" : {
    "transaction" : "Get CSRF Token",
    "sampleCount" : 350,
    "errorCount" : 0,
    "errorPct" : 0.0,
    "meanResTime" : 479.4,
    "medianResTime" : 29.0,
    "minResTime" : 22.0,
    "maxResTime" : 12172.0,
    "pct1ResTime" : 782.900000000001,
    "pct2ResTime" : 3630.4499999999925,
    "pct3ResTime" : 8843.120000000006,
    "throughput" : 19.519268306285205,
    "receivedKBytesPerSec" : 521.6376317550611,
    "sentKBytesPerSec" : 2.573341036473147
  },
  "StudentCourses" : {
    "transaction" : "StudentCourses",
    "sampleCount" : 350,
    "errorCount" : 1,
    "errorPct" : 0.2857143,
    "meanResTime" : 891.8999999999996,
    "medianResTime" : 786.5,
    "minResTime" : 30.0,
    "maxResTime" : 3058.0,
    "pct1ResTime" : 1823.9,
    "pct2ResTime" : 2022.9499999999996,
    "pct3ResTime" : 2714.98,
    "throughput" : 18.40168243953733,
    "receivedKBytesPerSec" : 24.359175785357518,
    "sentKBytesPerSec" : 4.453268763144059
  },
  "GetSubmissionId" : {
    "transaction" : "GetSubmissionId",
    "sampleCount" : 1072,
    "errorCount" : 30,
    "errorPct" : 2.7985075,
    "meanResTime" : 7612.027052238812,
    "medianResTime" : 1212.0,
    "minResTime" : 0.0,
    "maxResTime" : 50011.0,
    "pct1ResTime" : 28677.800000000003,
    "pct2ResTime" : 41732.799999999974,
    "pct3ResTime" : 50003.0,
    "throughput" : 1.393806143928687,
    "receivedKBytesPerSec" : 60.78969099061001,
    "sentKBytesPerSec" : 0.31927974100494466
  },
  "TestcasesResults" : {
    "transaction" : "TestcasesResults",
    "sampleCount" : 887,
    "errorCount" : 8,
    "errorPct" : 0.90191656,
    "meanResTime" : 95078.48139797061,
    "medianResTime" : 101298.0,
    "minResTime" : 5853.0,
    "maxResTime" : 152496.0,
    "pct1ResTime" : 120035.8,
    "pct2ResTime" : 123708.8,
    "pct3ResTime" : 126967.12,
    "throughput" : 1.0572651518492606,
    "receivedKBytesPerSec" : 30.384377892356223,
    "sentKBytesPerSec" : 0.254035665713499
  },
  "Total" : {
    "transaction" : "Total",
    "sampleCount" : 5853,
    "errorCount" : 339,
    "errorPct" : 5.7919016,
    "meanResTime" : 20569.211686314742,
    "medianResTime" : 2283.0,
    "minResTime" : 0.0,
    "maxResTime" : 152496.0,
    "pct1ResTime" : 87315.80000000005,
    "pct2ResTime" : 111848.50000000001,
    "pct3ResTime" : 122426.12,
    "throughput" : 5.751915831182793,
    "receivedKBytesPerSec" : 158.21910587092438,
    "sentKBytesPerSec" : 2.663482006284064
  },
  "Upload" : {
    "transaction" : "Upload",
    "sampleCount" : 1072,
    "errorCount" : 226,
    "errorPct" : 21.08209,
    "meanResTime" : 15869.18003731343,
    "medianResTime" : 1809.5,
    "minResTime" : 0.0,
    "maxResTime" : 85840.0,
    "pct1ResTime" : 56687.1,
    "pct2ResTime" : 67533.84999999993,
    "pct3ResTime" : 78690.83999999998,
    "throughput" : 1.3928300435519245,
    "receivedKBytesPerSec" : 49.62801309529842,
    "sentKBytesPerSec" : 1.9022360415724688
  },
  "Course Page" : {
    "transaction" : "Course Page",
    "sampleCount" : 350,
    "errorCount" : 16,
    "errorPct" : 4.571429,
    "meanResTime" : 2420.7857142857138,
    "medianResTime" : 1767.5,
    "minResTime" : 0.0,
    "maxResTime" : 11890.0,
    "pct1ResTime" : 5244.400000000006,
    "pct2ResTime" : 7334.899999999999,
    "pct3ResTime" : 9808.570000000002,
    "throughput" : 18.4074892184706,
    "receivedKBytesPerSec" : 570.3973470206164,
    "sentKBytesPerSec" : 5.094827331177028
  },
  "Login" : {
    "transaction" : "Login",
    "sampleCount" : 350,
    "errorCount" : 3,
    "errorPct" : 0.85714287,
    "meanResTime" : 3788.042857142857,
    "medianResTime" : 3823.5,
    "minResTime" : 61.0,
    "maxResTime" : 8914.0,
    "pct1ResTime" : 6594.5,
    "pct2ResTime" : 7193.949999999999,
    "pct3ResTime" : 8551.95,
    "throughput" : 18.406521167499342,
    "receivedKBytesPerSec" : 31.6851519359716,
    "sentKBytesPerSec" : 10.825232546673679
  },
  "RunPractice" : {
    "transaction" : "RunPractice",
    "sampleCount" : 1072,
    "errorCount" : 46,
    "errorPct" : 4.2910447,
    "meanResTime" : 7535.055037313439,
    "medianResTime" : 3286.0,
    "minResTime" : 0.0,
    "maxResTime" : 50003.0,
    "pct1ResTime" : 19513.900000000005,
    "pct2ResTime" : 36041.7499999999,
    "pct3ResTime" : 50003.0,
    "throughput" : 1.3930635312341217,
    "receivedKBytesPerSec" : 37.8745086673372,
    "sentKBytesPerSec" : 0.3167530184126093
  }
}