{
  "AssignmentsList" : {
    "transaction" : "AssignmentsList",
    "sampleCount" : 80,
    "errorCount" : 0,
    "errorPct" : 0.0,
    "meanResTime" : 47.387500000000024,
    "medianResTime" : 38.0,
    "minResTime" : 23.0,
    "maxResTime" : 151.0,
    "pct1ResTime" : 81.9,
    "pct2ResTime" : 111.35000000000004,
    "pct3ResTime" : 151.0,
    "throughput" : 14.697776961234613,
    "receivedKBytesPerSec" : 5.639051878559618,
    "sentKBytesPerSec" : 4.750941576336579
  },
  "Get CSRF Token" : {
    "transaction" : "Get CSRF Token",
    "sampleCount" : 80,
    "errorCount" : 0,
    "errorPct" : 0.0,
    "meanResTime" : 36.975,
    "medianResTime" : 27.0,
    "minResTime" : 23.0,
    "maxResTime" : 141.0,
    "pct1ResTime" : 61.80000000000007,
    "pct2ResTime" : 140.30000000000004,
    "pct3ResTime" : 141.0,
    "throughput" : 55.517002081887576,
    "receivedKBytesPerSec" : 1483.6701943095072,
    "sentKBytesPerSec" : 7.319136016655101
  },
  "StudentCourses" : {
    "transaction" : "StudentCourses",
    "sampleCount" : 80,
    "errorCount" : 0,
    "errorPct" : 0.0,
    "meanResTime" : 249.5625000000001,
    "medianResTime" : 58.0,
    "minResTime" : 20.0,
    "maxResTime" : 2336.0,
    "pct1ResTime" : 856.6000000000001,
    "pct2ResTime" : 1133.9,
    "pct3ResTime" : 2336.0,
    "throughput" : 14.944890715486643,
    "receivedKBytesPerSec" : 18.648275499719784,
    "sentKBytesPerSec" : 3.6194657201569216
  },
  "GetSubmissionId" : {
    "transaction" : "GetSubmissionId",
    "sampleCount" : 480,
    "errorCount" : 0,
    "errorPct" : 0.0,
    "meanResTime" : 936.8833333333346,
    "medianResTime" : 323.5,
    "minResTime" : 189.0,
    "maxResTime" : 18172.0,
    "pct1ResTime" : 2306.4000000000033,
    "pct2ResTime" : 4275.099999999999,
    "pct3ResTime" : 8791.359999999988,
    "throughput" : 0.6381137357969842,
    "receivedKBytesPerSec" : 28.396500050018812,
    "sentKBytesPerSec" : 0.14768843299207543
  },
  "TestcasesResults" : {
    "transaction" : "TestcasesResults",
    "sampleCount" : 480,
    "errorCount" : 1,
    "errorPct" : 0.20833333,
    "meanResTime" : 14604.624999999995,
    "medianResTime" : 9498.0,
    "minResTime" : 5261.0,
    "maxResTime" : 57741.0,
    "pct1ResTime" : 30877.300000000003,
    "pct2ResTime" : 46079.799999999996,
    "pct3ResTime" : 57166.38,
    "throughput" : 0.6383437108515772,
    "receivedKBytesPerSec" : 18.463446375720462,
    "sentKBytesPerSec" : 0.1542767864979666
  },
  "Total" : {
    "transaction" : "Total",
    "sampleCount" : 2320,
    "errorCount" : 3,
    "errorPct" : 0.12931034,
    "meanResTime" : 4563.955172413805,
    "medianResTime" : 2039.5,
    "minResTime" : 20.0,
    "maxResTime" : 57741.0,
    "pct1ResTime" : 11544.0,
    "pct2ResTime" : 18294.899999999987,
    "pct3ResTime" : 46612.28999999998,
    "throughput" : 2.566067954346112,
    "receivedKBytesPerSec" : 83.19627647778415,
    "sentKBytesPerSec" : 1.2445723376768458
  },
  "Upload" : {
    "transaction" : "Upload",
    "sampleCount" : 480,
    "errorCount" : 2,
    "errorPct" : 0.41666666,
    "meanResTime" : 3334.685416666666,
    "medianResTime" : 1229.5,
    "minResTime" : 503.0,
    "maxResTime" : 26586.0,
    "pct1ResTime" : 12744.300000000005,
    "pct2ResTime" : 18888.799999999985,
    "pct3ResTime" : 22450.18,
    "throughput" : 0.6361415892142193,
    "receivedKBytesPerSec" : 28.335798002349748,
    "sentKBytesPerSec" : 0.873993210679492
  },
  "Course Page" : {
    "transaction" : "Course Page",
    "sampleCount" : 80,
    "errorCount" : 0,
    "errorPct" : 0.0,
    "meanResTime" : 177.4625,
    "medianResTime" : 119.5,
    "minResTime" : 48.0,
    "maxResTime" : 628.0,
    "pct1ResTime" : 444.00000000000017,
    "pct2ResTime" : 485.45000000000005,
    "pct3ResTime" : 628.0,
    "throughput" : 14.590552617180377,
    "receivedKBytesPerSec" : 472.4580165397593,
    "sentKBytesPerSec" : 4.231830202443918
  },
  "Login" : {
    "transaction" : "Login",
    "sampleCount" : 80,
    "errorCount" : 0,
    "errorPct" : 0.0,
    "meanResTime" : 2746.6875,
    "medianResTime" : 2700.0,
    "minResTime" : 274.0,
    "maxResTime" : 4803.0,
    "pct1ResTime" : 4434.8,
    "pct2ResTime" : 4578.35,
    "pct3ResTime" : 4803.0,
    "throughput" : 13.99825021872266,
    "receivedKBytesPerSec" : 23.96072561242345,
    "sentKBytesPerSec" : 8.25370461504812
  },
  "RunPractice" : {
    "transaction" : "RunPractice",
    "sampleCount" : 480,
    "errorCount" : 0,
    "errorPct" : 0.0,
    "meanResTime" : 2639.910416666668,
    "medianResTime" : 2196.0,
    "minResTime" : 2062.0,
    "maxResTime" : 11331.0,
    "pct1ResTime" : 3467.2000000000003,
    "pct2ResTime" : 4295.15,
    "pct3ResTime" : 7650.6,
    "throughput" : 0.6422624766176318,
    "receivedKBytesPerSec" : 18.194538607166848,
    "sentKBytesPerSec" : 0.15053026795725744
  }
}