{
  "AssignmentsList" : {
    "transaction" : "AssignmentsList",
    "sampleCount" : 40,
    "errorCount" : 0,
    "errorPct" : 0.0,
    "meanResTime" : 73.62500000000003,
    "medianResTime" : 54.0,
    "minResTime" : 27.0,
    "maxResTime" : 217.0,
    "pct1ResTime" : 179.99999999999994,
    "pct2ResTime" : 207.04999999999993,
    "pct3ResTime" : 217.0,
    "throughput" : 28.050490883590463,
    "receivedKBytesPerSec" : 10.875043828892005,
    "sentKBytesPerSec" : 9.06710203366059
  },
  "Get CSRF Token" : {
    "transaction" : "Get CSRF Token",
    "sampleCount" : 40,
    "errorCount" : 0,
    "errorPct" : 0.0,
    "meanResTime" : 47.349999999999994,
    "medianResTime" : 29.0,
    "minResTime" : 24.0,
    "maxResTime" : 170.0,
    "pct1ResTime" : 130.0,
    "pct2ResTime" : 144.49999999999994,
    "pct3ResTime" : 170.0,
    "throughput" : 52.700922266139656,
    "receivedKBytesPerSec" : 1408.4205677700922,
    "sentKBytesPerSec" : 6.9478754940711465
  },
  "StudentCourses" : {
    "transaction" : "StudentCourses",
    "sampleCount" : 40,
    "errorCount" : 0,
    "errorPct" : 0.0,
    "meanResTime" : 90.40000000000002,
    "medianResTime" : 69.5,
    "minResTime" : 22.0,
    "maxResTime" : 348.0,
    "pct1ResTime" : 206.2,
    "pct2ResTime" : 223.7,
    "pct3ResTime" : 348.0,
    "throughput" : 37.07136237256719,
    "receivedKBytesPerSec" : 46.23059545875811,
    "sentKBytesPerSec" : 8.978220574606118
  },
  "GetSubmissionId" : {
    "transaction" : "GetSubmissionId",
    "sampleCount" : 244,
    "errorCount" : 0,
    "errorPct" : 0.0,
    "meanResTime" : 623.8934426229505,
    "medianResTime" : 343.5,
    "minResTime" : 195.0,
    "maxResTime" : 10847.0,
    "pct1ResTime" : 1270.5,
    "pct2ResTime" : 1922.0,
    "pct3ResTime" : 7013.15000000008,
    "throughput" : 0.31809228065646944,
    "receivedKBytesPerSec" : 13.53969641334658,
    "sentKBytesPerSec" : 0.07362096730037428
  },
  "TestcasesResults" : {
    "transaction" : "TestcasesResults",
    "sampleCount" : 240,
    "errorCount" : 0,
    "errorPct" : 0.0,
    "meanResTime" : 7404.683333333333,
    "medianResTime" : 5787.0,
    "minResTime" : 5204.0,
    "maxResTime" : 19406.0,
    "pct1ResTime" : 11622.6,
    "pct2ResTime" : 12638.049999999994,
    "pct3ResTime" : 15319.23,
    "throughput" : 0.3562099263832819,
    "receivedKBytesPerSec" : 10.324645285877018,
    "sentKBytesPerSec" : 0.08626959154595108
  },
  "Total" : {
    "transaction" : "Total",
    "sampleCount" : 1172,
    "errorCount" : 0,
    "errorPct" : 0.0,
    "meanResTime" : 2654.2755972696286,
    "medianResTime" : 1031.5,
    "minResTime" : 22.0,
    "maxResTime" : 19406.0,
    "pct1ResTime" : 7247.800000000001,
    "pct2ResTime" : 10500.699999999986,
    "pct3ResTime" : 17212.64,
    "throughput" : 1.2988006041860831,
    "receivedKBytesPerSec" : 41.21834615072404,
    "sentKBytesPerSec" : 0.6053020667220024
  },
  "Upload" : {
    "transaction" : "Upload",
    "sampleCount" : 244,
    "errorCount" : 0,
    "errorPct" : 0.0,
    "meanResTime" : 2118.528688524589,
    "medianResTime" : 680.0,
    "minResTime" : 412.0,
    "maxResTime" : 17813.0,
    "pct1ResTime" : 6474.5,
    "pct2ResTime" : 15327.75,
    "pct3ResTime" : 17692.8,
    "throughput" : 0.31771495239484154,
    "receivedKBytesPerSec" : 13.59374964395417,
    "sentKBytesPerSec" : 0.4054166696506698
  },
  "Course Page" : {
    "transaction" : "Course Page",
    "sampleCount" : 40,
    "errorCount" : 0,
    "errorPct" : 0.0,
    "meanResTime" : 330.0,
    "medianResTime" : 341.0,
    "minResTime" : 54.0,
    "maxResTime" : 702.0,
    "pct1ResTime" : 579.7,
    "pct2ResTime" : 678.5499999999998,
    "pct3ResTime" : 702.0,
    "throughput" : 26.990553306342782,
    "receivedKBytesPerSec" : 873.8257527834008,
    "sentKBytesPerSec" : 7.828314777327935
  },
  "Login" : {
    "transaction" : "Login",
    "sampleCount" : 40,
    "errorCount" : 0,
    "errorPct" : 0.0,
    "meanResTime" : 533.2,
    "medianResTime" : 514.5,
    "minResTime" : 135.0,
    "maxResTime" : 1130.0,
    "pct1ResTime" : 803.4,
    "pct2ResTime" : 913.7999999999995,
    "pct3ResTime" : 1130.0,
    "throughput" : 33.72681281618887,
    "receivedKBytesPerSec" : 57.72258379005059,
    "sentKBytesPerSec" : 19.87872839376054
  },
  "RunPractice" : {
    "transaction" : "RunPractice",
    "sampleCount" : 244,
    "errorCount" : 0,
    "errorPct" : 0.0,
    "meanResTime" : 2547.3483606557384,
    "medianResTime" : 2148.0,
    "minResTime" : 2067.0,
    "maxResTime" : 16104.0,
    "pct1ResTime" : 3342.0,
    "pct2ResTime" : 4254.25,
    "pct3ResTime" : 11792.450000000006,
    "throughput" : 0.3177492932031603,
    "receivedKBytesPerSec" : 9.0042060984261,
    "sentKBytesPerSec" : 0.0744724905944907
  }
}