{
  "AssignmentsList" : {
    "transaction" : "AssignmentsList",
    "sampleCount" : 250,
    "errorCount" : 3,
    "errorPct" : 1.2,
    "meanResTime" : 119.00799999999998,
    "medianResTime" : 69.0,
    "minResTime" : 20.0,
    "maxResTime" : 820.0,
    "pct1ResTime" : 251.8,
    "pct2ResTime" : 445.45,
    "pct3ResTime" : 769.5700000000008,
    "throughput" : 30.921459492888065,
    "receivedKBytesPerSec" : 12.462797619047617,
    "sentKBytesPerSec" : 9.875178764687693
  },
  "Get CSRF Token" : {
    "transaction" : "Get CSRF Token",
    "sampleCount" : 250,
    "errorCount" : 0,
    "errorPct" : 0.0,
    "meanResTime" : 34.400000000000006,
    "medianResTime" : 28.0,
    "minResTime" : 23.0,
    "maxResTime" : 161.0,
    "pct1ResTime" : 47.0,
    "pct2ResTime" : 61.89999999999998,
    "pct3ResTime" : 158.98000000000002,
    "throughput" : 58.575445173383315,
    "receivedKBytesPerSec" : 1565.400628587746,
    "sentKBytesPerSec" : 7.7223487289128405
  },
  "StudentCourses" : {
    "transaction" : "StudentCourses",
    "sampleCount" : 250,
    "errorCount" : 0,
    "errorPct" : 0.0,
    "meanResTime" : 546.28,
    "medianResTime" : 488.0,
    "minResTime" : 25.0,
    "maxResTime" : 2830.0,
    "pct1ResTime" : 1082.6000000000004,
    "pct2ResTime" : 1361.85,
    "pct3ResTime" : 2059.170000000002,
    "throughput" : 28.69605142332415,
    "receivedKBytesPerSec" : 35.80841260617539,
    "sentKBytesPerSec" : 6.949824954086318
  },
  "GetSubmissionId" : {
    "transaction" : "GetSubmissionId",
    "sampleCount" : 1085,
    "errorCount" : 14,
    "errorPct" : 1.2903225,
    "meanResTime" : 2968.560368663598,
    "medianResTime" : 801.0,
    "minResTime" : 0.0,
    "maxResTime" : 50004.0,
    "pct1ResTime" : 6877.999999999999,
    "pct2ResTime" : 12750.900000000003,
    "pct3ResTime" : 49668.08000000002,
    "throughput" : 1.4114335221315377,
    "receivedKBytesPerSec" : 62.01218497633085,
    "sentKBytesPerSec" : 0.32516428240638356
  },
  "TestcasesResults" : {
    "transaction" : "TestcasesResults",
    "sampleCount" : 1011,
    "errorCount" : 2,
    "errorPct" : 0.19782394,
    "meanResTime" : 35988.732937685454,
    "medianResTime" : 29835.0,
    "minResTime" : 4201.0,
    "maxResTime" : 121503.0,
    "pct1ResTime" : 66703.2,
    "pct2ResTime" : 74605.8,
    "pct3ResTime" : 80021.64,
    "throughput" : 1.3241858418206967,
    "receivedKBytesPerSec" : 38.30921888261505,
    "sentKBytesPerSec" : 0.32006683471122005
  },
  "Total" : {
    "transaction" : "Total",
    "sampleCount" : 5520,
    "errorCount" : 134,
    "errorPct" : 2.4275362,
    "meanResTime" : 10202.332971014477,
    "medianResTime" : 2095.5,
    "minResTime" : 0.0,
    "maxResTime" : 121503.0,
    "pct1ResTime" : 40205.40000000003,
    "pct2ResTime" : 56721.549999999996,
    "pct3ResTime" : 76387.37,
    "throughput" : 5.969458433860671,
    "receivedKBytesPerSec" : 180.93612925330672,
    "sentKBytesPerSec" : 2.8374739579672266
  },
  "Upload" : {
    "transaction" : "Upload",
    "sampleCount" : 1090,
    "errorCount" : 92,
    "errorPct" : 8.440367,
    "meanResTime" : 10430.117431192664,
    "medianResTime" : 1345.5,
    "minResTime" : 0.0,
    "maxResTime" : 81550.0,
    "pct1ResTime" : 49970.59999999999,
    "pct2ResTime" : 54218.300000000025,
    "pct3ResTime" : 76532.67999999998,
    "throughput" : 1.4146602933408436,
    "receivedKBytesPerSec" : 57.99128742847205,
    "sentKBytesPerSec" : 1.9296647774246174
  },
  "Course Page" : {
    "transaction" : "Course Page",
    "sampleCount" : 250,
    "errorCount" : 5,
    "errorPct" : 2.0,
    "meanResTime" : 803.7600000000001,
    "medianResTime" : 348.0,
    "minResTime" : 8.0,
    "maxResTime" : 3160.0,
    "pct1ResTime" : 2223.6000000000004,
    "pct2ResTime" : 2571.0,
    "pct3ResTime" : 2915.96,
    "throughput" : 28.480291638186376,
    "receivedKBytesPerSec" : 904.8742684125085,
    "sentKBytesPerSec" : 8.095189144736842
  },
  "Login" : {
    "transaction" : "Login",
    "sampleCount" : 250,
    "errorCount" : 0,
    "errorPct" : 0.0,
    "meanResTime" : 2340.6560000000013,
    "medianResTime" : 2165.5,
    "minResTime" : 163.0,
    "maxResTime" : 5927.0,
    "pct1ResTime" : 4244.1,
    "pct2ResTime" : 4586.5,
    "pct3ResTime" : 5123.370000000001,
    "throughput" : 28.535555301906175,
    "receivedKBytesPerSec" : 48.88207503424267,
    "sentKBytesPerSec" : 16.863175579271775
  },
  "RunPractice" : {
    "transaction" : "RunPractice",
    "sampleCount" : 1084,
    "errorCount" : 18,
    "errorPct" : 1.6605166,
    "meanResTime" : 4041.999077490773,
    "medianResTime" : 2569.0,
    "minResTime" : 0.0,
    "maxResTime" : 50004.0,
    "pct1ResTime" : 6840.0,
    "pct2ResTime" : 12058.5,
    "pct3ResTime" : 25450.45000000016,
    "throughput" : 1.4074595355383532,
    "receivedKBytesPerSec" : 39.272000501991734,
    "sentKBytesPerSec" : 0.3253086608100423
  }
}