{
  "AssignmentsList" : {
    "transaction" : "AssignmentsList",
    "sampleCount" : 50,
    "errorCount" : 0,
    "errorPct" : 0.0,
    "meanResTime" : 70.96,
    "medianResTime" : 60.5,
    "minResTime" : 29.0,
    "maxResTime" : 217.0,
    "pct1ResTime" : 122.99999999999999,
    "pct2ResTime" : 138.59999999999997,
    "pct3ResTime" : 217.0,
    "throughput" : 30.048076923076923,
    "receivedKBytesPerSec" : 11.649498572716347,
    "sentKBytesPerSec" : 9.712806114783655
  },
  "Get CSRF Token" : {
    "transaction" : "Get CSRF Token",
    "sampleCount" : 50,
    "errorCount" : 0,
    "errorPct" : 0.0,
    "meanResTime" : 41.17999999999999,
    "medianResTime" : 29.0,
    "minResTime" : 23.0,
    "maxResTime" : 132.0,
    "pct1ResTime" : 100.99999999999997,
    "pct2ResTime" : 126.14999999999998,
    "pct3ResTime" : 132.0,
    "throughput" : 53.07855626326964,
    "receivedKBytesPerSec" : 1418.5047190153928,
    "sentKBytesPerSec" : 6.9976612261146505
  },
  "StudentCourses" : {
    "transaction" : "StudentCourses",
    "sampleCount" : 50,
    "errorCount" : 0,
    "errorPct" : 0.0,
    "meanResTime" : 170.87999999999997,
    "medianResTime" : 104.5,
    "minResTime" : 25.0,
    "maxResTime" : 656.0,
    "pct1ResTime" : 448.99999999999994,
    "pct2ResTime" : 555.4999999999998,
    "pct3ResTime" : 656.0,
    "throughput" : 34.57814661134164,
    "receivedKBytesPerSec" : 43.121380100276625,
    "sentKBytesPerSec" : 8.374394882434302
  },
  "GetSubmissionId" : {
    "transaction" : "GetSubmissionId",
    "sampleCount" : 299,
    "errorCount" : 1,
    "errorPct" : 0.33444816,
    "meanResTime" : 766.100334448161,
    "medianResTime" : 361.0,
    "minResTime" : 63.0,
    "maxResTime" : 15852.0,
    "pct1ResTime" : 1628.0,
    "pct2ResTime" : 2468.0,
    "pct3ResTime" : 6111.0,
    "throughput" : 0.39030324865449806,
    "receivedKBytesPerSec" : 16.560350537841792,
    "sentKBytesPerSec" : 0.09003173743034261
  },
  "TestcasesResults" : {
    "transaction" : "TestcasesResults",
    "sampleCount" : 296,
    "errorCount" : 1,
    "errorPct" : 0.33783785,
    "meanResTime" : 7181.6250000000055,
    "medianResTime" : 5874.0,
    "minResTime" : 5203.0,
    "maxResTime" : 18588.0,
    "pct1ResTime" : 10182.700000000003,
    "pct2ResTime" : 11889.3,
    "pct3ResTime" : 15534.429999999917,
    "throughput" : 0.4348988713198887,
    "receivedKBytesPerSec" : 12.565665275896317,
    "sentKBytesPerSec" : 0.10497123570049571
  },
  "Total" : {
    "transaction" : "Total",
    "sampleCount" : 1447,
    "errorCount" : 7,
    "errorPct" : 0.4837595,
    "meanResTime" : 2786.1147201105728,
    "medianResTime" : 1155.0,
    "minResTime" : 23.0,
    "maxResTime" : 23734.0,
    "pct1ResTime" : 8300.2,
    "pct2ResTime" : 9214.999999999996,
    "pct3ResTime" : 21145.76,
    "throughput" : 1.6041595068900147,
    "receivedKBytesPerSec" : 50.63292461690576,
    "sentKBytesPerSec" : 0.7491208631503387
  },
  "Upload" : {
    "transaction" : "Upload",
    "sampleCount" : 303,
    "errorCount" : 0,
    "errorPct" : 0.0,
    "meanResTime" : 2882.297029702969,
    "medianResTime" : 750.0,
    "minResTime" : 382.0,
    "maxResTime" : 23734.0,
    "pct1ResTime" : 8266.800000000001,
    "pct2ResTime" : 21100.600000000002,
    "pct3ResTime" : 23650.44,
    "throughput" : 0.3939649254197092,
    "receivedKBytesPerSec" : 16.856327043790564,
    "sentKBytesPerSec" : 0.5023969551744627
  },
  "Course Page" : {
    "transaction" : "Course Page",
    "sampleCount" : 50,
    "errorCount" : 0,
    "errorPct" : 0.0,
    "meanResTime" : 335.04,
    "medianResTime" : 305.0,
    "minResTime" : 59.0,
    "maxResTime" : 836.0,
    "pct1ResTime" : 687.1999999999999,
    "pct2ResTime" : 772.3499999999999,
    "pct3ResTime" : 836.0,
    "throughput" : 29.019152640742888,
    "receivedKBytesPerSec" : 939.4888321604759,
    "sentKBytesPerSec" : 8.416687826465466
  },
  "Login" : {
    "transaction" : "Login",
    "sampleCount" : 50,
    "errorCount" : 0,
    "errorPct" : 0.0,
    "meanResTime" : 584.9399999999998,
    "medianResTime" : 578.0,
    "minResTime" : 155.0,
    "maxResTime" : 1218.0,
    "pct1ResTime" : 873.9,
    "pct2ResTime" : 1031.85,
    "pct3ResTime" : 1218.0,
    "throughput" : 31.055900621118013,
    "receivedKBytesPerSec" : 53.1541149068323,
    "sentKBytesPerSec" : 18.307210791925463
  },
  "RunPractice" : {
    "transaction" : "RunPractice",
    "sampleCount" : 299,
    "errorCount" : 5,
    "errorPct" : 1.6722409,
    "meanResTime" : 2485.6086956521744,
    "medianResTime" : 2169.0,
    "minResTime" : 109.0,
    "maxResTime" : 10410.0,
    "pct1ResTime" : 3152.0,
    "pct2ResTime" : 4429.0,
    "pct3ResTime" : 5799.0,
    "throughput" : 0.3898162778933755,
    "receivedKBytesPerSec" : 10.88231337382729,
    "sentKBytesPerSec" : 0.09136319013125987
  }
}