{
  "AssignmentsList" : {
    "transaction" : "AssignmentsList",
    "sampleCount" : 150,
    "errorCount" : 0,
    "errorPct" : 0.0,
    "meanResTime" : 66.5466666666667,
    "medianResTime" : 44.0,
    "minResTime" : 23.0,
    "maxResTime" : 384.0,
    "pct1ResTime" : 131.9,
    "pct2ResTime" : 216.0499999999999,
    "pct3ResTime" : 373.8000000000002,
    "throughput" : 29.685335444290523,
    "receivedKBytesPerSec" : 11.402570255293885,
    "sentKBytesPerSec" : 9.595552765683752
  },
  "Get CSRF Token" : {
    "transaction" : "Get CSRF Token",
    "sampleCount" : 150,
    "errorCount" : 0,
    "errorPct" : 0.0,
    "meanResTime" : 33.353333333333325,
    "medianResTime" : 29.0,
    "minResTime" : 22.0,
    "maxResTime" : 133.0,
    "pct1ResTime" : 41.0,
    "pct2ResTime" : 57.24999999999994,
    "pct3ResTime" : 130.45000000000005,
    "throughput" : 57.559478127398314,
    "receivedKBytesPerSec" : 1538.238829863776,
    "sentKBytesPerSec" : 7.588407760936302
  },
  "StudentCourses" : {
    "transaction" : "StudentCourses",
    "sampleCount" : 150,
    "errorCount" : 0,
    "errorPct" : 0.0,
    "meanResTime" : 335.0866666666667,
    "medianResTime" : 261.5,
    "minResTime" : 27.0,
    "maxResTime" : 2074.0,
    "pct1ResTime" : 759.8000000000003,
    "pct2ResTime" : 973.5999999999997,
    "pct3ResTime" : 1673.6500000000071,
    "throughput" : 36.00576092174748,
    "receivedKBytesPerSec" : 44.92515677508401,
    "sentKBytesPerSec" : 8.720145223235717
  },
  "GetSubmissionId" : {
    "transaction" : "GetSubmissionId",
    "sampleCount" : 837,
    "errorCount" : 1,
    "errorPct" : 0.119474314,
    "meanResTime" : 942.1182795698925,
    "medianResTime" : 418.0,
    "minResTime" : 193.0,
    "maxResTime" : 50003.0,
    "pct1ResTime" : 1802.2,
    "pct2ResTime" : 2938.2999999999934,
    "pct3ResTime" : 9380.02,
    "throughput" : 1.0919936124244607,
    "receivedKBytesPerSec" : 48.179464577804865,
    "sentKBytesPerSec" : 0.25273680287558314
  },
  "TestcasesResults" : {
    "transaction" : "TestcasesResults",
    "sampleCount" : 824,
    "errorCount" : 1,
    "errorPct" : 0.12135922,
    "meanResTime" : 11697.314320388343,
    "medianResTime" : 6102.5,
    "minResTime" : 4242.0,
    "maxResTime" : 50596.0,
    "pct1ResTime" : 28714.0,
    "pct2ResTime" : 33759.75,
    "pct3ResTime" : 46531.5,
    "throughput" : 1.0900566723638883,
    "receivedKBytesPerSec" : 31.55777988676772,
    "sentKBytesPerSec" : 0.2636777142940296
  },
  "Total" : {
    "transaction" : "Total",
    "sampleCount" : 4088,
    "errorCount" : 33,
    "errorPct" : 0.8072407,
    "meanResTime" : 4614.200342465753,
    "medianResTime" : 1557.0,
    "minResTime" : 0.0,
    "maxResTime" : 67831.0,
    "pct1ResTime" : 9025.399999999998,
    "pct2ResTime" : 25756.499999999964,
    "pct3ResTime" : 55387.00000000005,
    "throughput" : 4.514558013947863,
    "receivedKBytesPerSec" : 143.36979185359988,
    "sentKBytesPerSec" : 2.167567239015919
  },
  "Upload" : {
    "transaction" : "Upload",
    "sampleCount" : 840,
    "errorCount" : 29,
    "errorPct" : 3.452381,
    "meanResTime" : 7044.272619047611,
    "medianResTime" : 782.0,
    "minResTime" : 392.0,
    "maxResTime" : 67831.0,
    "pct1ResTime" : 26404.3,
    "pct2ResTime" : 54941.19999999992,
    "pct3ResTime" : 67535.05,
    "throughput" : 1.0901573071038024,
    "receivedKBytesPerSec" : 46.72823508844875,
    "sentKBytesPerSec" : 1.4760823218014592
  },
  "Course Page" : {
    "transaction" : "Course Page",
    "sampleCount" : 150,
    "errorCount" : 0,
    "errorPct" : 0.0,
    "meanResTime" : 504.9199999999999,
    "medianResTime" : 169.0,
    "minResTime" : 50.0,
    "maxResTime" : 1974.0,
    "pct1ResTime" : 1348.4000000000003,
    "pct2ResTime" : 1455.9,
    "pct3ResTime" : 1929.1200000000008,
    "throughput" : 29.00232018561485,
    "receivedKBytesPerSec" : 939.0783228804138,
    "sentKBytesPerSec" : 8.411805756960558
  },
  "Login" : {
    "transaction" : "Login",
    "sampleCount" : 150,
    "errorCount" : 0,
    "errorPct" : 0.0,
    "meanResTime" : 1439.8666666666672,
    "medianResTime" : 1479.0,
    "minResTime" : 140.0,
    "maxResTime" : 3251.0,
    "pct1ResTime" : 2449.8,
    "pct2ResTime" : 2603.2999999999997,
    "pct3ResTime" : 3062.3000000000034,
    "throughput" : 33.99818676337262,
    "receivedKBytesPerSec" : 58.220566778105166,
    "sentKBytesPerSec" : 20.072210732094288
  },
  "RunPractice" : {
    "transaction" : "RunPractice",
    "sampleCount" : 837,
    "errorCount" : 2,
    "errorPct" : 0.23894863,
    "meanResTime" : 2582.5041816009543,
    "medianResTime" : 2200.0,
    "minResTime" : 0.0,
    "maxResTime" : 37883.0,
    "pct1ResTime" : 3522.2,
    "pct2ResTime" : 4429.599999999999,
    "pct3ResTime" : 6754.480000000003,
    "throughput" : 1.0932373409124156,
    "receivedKBytesPerSec" : 30.911672043328508,
    "sentKBytesPerSec" : 0.2556152496813024
  }
}