{
  "AssignmentsList" : {
    "transaction" : "AssignmentsList",
    "sampleCount" : 10,
    "errorCount" : 0,
    "errorPct" : 0.0,
    "meanResTime" : 40.5,
    "medianResTime" : 40.5,
    "minResTime" : 27.0,
    "maxResTime" : 61.0,
    "pct1ResTime" : 60.2,
    "pct2ResTime" : 61.0,
    "pct3ResTime" : 61.0,
    "throughput" : 34.84320557491289,
    "receivedKBytesPerSec" : 13.508547473867598,
    "sentKBytesPerSec" : 11.262793989547038
  },
  "Get CSRF Token" : {
    "transaction" : "Get CSRF Token",
    "sampleCount" : 10,
    "errorCount" : 0,
    "errorPct" : 0.0,
    "meanResTime" : 82.8,
    "medianResTime" : 86.0,
    "minResTime" : 23.0,
    "maxResTime" : 138.0,
    "pct1ResTime" : 137.5,
    "pct2ResTime" : 138.0,
    "pct3ResTime" : 138.0,
    "throughput" : 54.6448087431694,
    "receivedKBytesPerSec" : 1460.361168032787,
    "sentKBytesPerSec" : 7.204149590163935
  },
  "StudentCourses" : {
    "transaction" : "StudentCourses",
    "sampleCount" : 10,
    "errorCount" : 0,
    "errorPct" : 0.0,
    "meanResTime" : 30.1,
    "medianResTime" : 28.5,
    "minResTime" : 22.0,
    "maxResTime" : 48.0,
    "pct1ResTime" : 46.800000000000004,
    "pct2ResTime" : 48.0,
    "pct3ResTime" : 48.0,
    "throughput" : 40.16064257028113,
    "receivedKBytesPerSec" : 50.08314508032129,
    "sentKBytesPerSec" : 9.72640562248996
  },
  "GetSubmissionId" : {
    "transaction" : "GetSubmissionId",
    "sampleCount" : 67,
    "errorCount" : 0,
    "errorPct" : 0.0,
    "meanResTime" : 374.56716417910457,
    "medianResTime" : 285.0,
    "minResTime" : 198.0,
    "maxResTime" : 1383.0,
    "pct1ResTime" : 656.8,
    "pct2ResTime" : 956.3999999999972,
    "pct3ResTime" : 1383.0,
    "throughput" : 0.08734968032624454,
    "receivedKBytesPerSec" : 3.7177392859750307,
    "sentKBytesPerSec" : 0.02021667405988277
  },
  "TestcasesResults" : {
    "transaction" : "TestcasesResults",
    "sampleCount" : 60,
    "errorCount" : 0,
    "errorPct" : 0.0,
    "meanResTime" : 5574.7666666666655,
    "medianResTime" : 5327.5,
    "minResTime" : 5211.0,
    "maxResTime" : 8834.0,
    "pct1ResTime" : 6024.9,
    "pct2ResTime" : 6836.549999999999,
    "pct3ResTime" : 8834.0,
    "throughput" : 0.09288702151573042,
    "receivedKBytesPerSec" : 2.692235980252219,
    "sentKBytesPerSec" : 0.022496075523340958
  },
  "Total" : {
    "transaction" : "Total",
    "sampleCount" : 314,
    "errorCount" : 0,
    "errorPct" : 0.0,
    "meanResTime" : 1872.1401273885353,
    "medianResTime" : 762.0,
    "minResTime" : 22.0,
    "maxResTime" : 8834.0,
    "pct1ResTime" : 5321.0,
    "pct2ResTime" : 5617.5,
    "pct3ResTime" : 6809.650000000006,
    "throughput" : 0.3480859705834098,
    "receivedKBytesPerSec" : 11.205568504275139,
    "sentKBytesPerSec" : 0.16709178848289943
  },
  "Upload" : {
    "transaction" : "Upload",
    "sampleCount" : 70,
    "errorCount" : 0,
    "errorPct" : 0.0,
    "meanResTime" : 1043.357142857143,
    "medianResTime" : 693.5,
    "minResTime" : 451.0,
    "maxResTime" : 4265.0,
    "pct1ResTime" : 3614.299999999997,
    "pct2ResTime" : 4213.55,
    "pct3ResTime" : 4265.0,
    "throughput" : 0.09103429261802921,
    "receivedKBytesPerSec" : 3.894596391335616,
    "sentKBytesPerSec" : 0.116048402933385
  },
  "Course Page" : {
    "transaction" : "Course Page",
    "sampleCount" : 10,
    "errorCount" : 0,
    "errorPct" : 0.0,
    "meanResTime" : 108.9,
    "medianResTime" : 115.0,
    "minResTime" : 71.0,
    "maxResTime" : 131.0,
    "pct1ResTime" : 130.4,
    "pct2ResTime" : 131.0,
    "pct3ResTime" : 131.0,
    "throughput" : 29.154518950437318,
    "receivedKBytesPerSec" : 943.8376913265305,
    "sentKBytesPerSec" : 8.455949344023322
  },
  "Login" : {
    "transaction" : "Login",
    "sampleCount" : 10,
    "errorCount" : 0,
    "errorPct" : 0.0,
    "meanResTime" : 314.5,
    "medianResTime" : 317.5,
    "minResTime" : 176.0,
    "maxResTime" : 402.0,
    "pct1ResTime" : 401.2,
    "pct2ResTime" : 402.0,
    "pct3ResTime" : 402.0,
    "throughput" : 24.875621890547265,
    "receivedKBytesPerSec" : 42.54120024875622,
    "sentKBytesPerSec" : 14.629003420398009
  },
  "RunPractice" : {
    "transaction" : "RunPractice",
    "sampleCount" : 67,
    "errorCount" : 0,
    "errorPct" : 0.0,
    "meanResTime" : 2230.850746268657,
    "medianResTime" : 2137.0,
    "minResTime" : 2067.0,
    "maxResTime" : 3149.0,
    "pct1ResTime" : 2595.4,
    "pct2ResTime" : 2704.3999999999996,
    "pct3ResTime" : 3149.0,
    "throughput" : 0.08720472415323563,
    "receivedKBytesPerSec" : 2.4709704157159833,
    "sentKBytesPerSec" : 0.020438607223414597
  }
}