{"Disk Write(KB/s)": 523.9781666666667, "Disk Read(KB/s)": 0.2988333333333333}