{"%iowait": 0.6164864864864863, "user+system(%)": 94.51441441441439, "%idle": 1.1289090909090913}