Device,kB_read/s,kB_wrtn/s
loop0,0.0,0.0
sda,41.859740259740256,345.7974025974026
