{"Disk Write(KB/s)": 290.0851999999996, "Disk Read(KB/s)": 40.80343333333338}