{"user+system(%)": 32.6771171171171, "%iowait": 1.9136936936936932, "%idle": 63.795090909090916}