{"user+system(%)": 34.1, "I/O wait(%)": 1.9454545454545455, "Available Memory(Kb)": 5080009.381818182, "Idle(%)": 64.01818181818182}