Device,kB_read/s,kB_wrtn/s
loop0,0.0,0.0
sda,14.07578947368421,228.32842105263157
