{"Disk Write(KB/s)": 217.73682222222223, "Disk Read(KB/s)": 12.857944444444422}