{"%iowait": 1.4093922651933708, "user+system(%)": 17.311712707182316, "%idle": 78.44500000000001}