{"Idle(%)": 78.63888888888889, "I/O wait(%)": 1.4, "Available Memory(Kb)": 9436963.333333334, "user+system(%)": 20.08888888888889}