Device,kB_read/s,kB_wrtn/s
loop0,0.0,0.0
sda,13.958918918918918,416.8994594594595
