{"Disk Read(KB/s)": 13.811066666666617, "Disk Write(KB/s)": 434.9521555555558}