{"Disk Read(KB/s)": 6.363300000000003, "Disk Write(KB/s)": 91.6197222222223}