Device,kB_read/s,kB_wrtn/s
loop0,0.0,0.0
sda,7.884491978609626,393.5529411764706
