{"%iowait": 1.3887845303867403, "%idle": 13.166111111111107, "user+system(%)": 76.68309392265193}