Device,kB_read/s,kB_wrtn/s
loop0,0.0,0.0
sda,396.9142857142857,54.36190476190476
