{"Disk Write(KB/s)": 54.43166666666668, "Disk Read(KB/s)": 377.53659999999996}