{"user+system(%)": 3.0973873873873874, "%idle": 95.77918181818183, "%iowait": 0.2444144144144143}