{"Idle(%)": 95.73636363636363, "I/O wait(%)": 0.21818181818181817, "Available Memory(Kb)": 10397587.38181818, "user+system(%)": 4.045454545454546}