Device,kB_read/s,kB_wrtn/s
loop0,0.0,0.0
sda,10.643478260869566,175.10434782608695
