{"Disk Write(KB/s)": 187.07687777777778, "Disk Read(KB/s)": 9.497677777777772}