{"%idle": 87.72894444444442, "user+system(%)": 9.27629834254144, "%iowait": 0.7538121546961319}