{"Available Memory(Kb)": 8993748.111111112, "user+system(%)": 11.433333333333334, "I/O wait(%)": 0.7222222222222222, "Idle(%)": 87.76666666666667}