Device,kB_read/s,kB_wrtn/s
loop0,0.0,0.0
sda,33.75806451612903,414.7935483870968
