{"Disk Write(KB/s)": 431.16722222222205, "Disk Read(KB/s)": 37.99184444444442}