{"%iowait": 1.4082320441988947, "user+system(%)": 40.00839779005525, "%idle": 55.34811111111111}