{"user+system(%)": 42.98888888888889, "Available Memory(Kb)": 9949082.666666666, "I/O wait(%)": 1.3555555555555556, "Idle(%)": 55.61666666666667}