{"I/O wait(%)": 1.9166666666666667, "Available Memory(Kb)": 9861819.866666667, "user+system(%)": 30.355555555555554, "Idle(%)": 67.70555555555555}