Device,kB_read/s,kB_wrtn/s
loop0,0.0,0.0
sda,59.08732394366197,353.5774647887324
