{"Disk Write(KB/s)": 316.42653333333334, "Disk Read(KB/s)": 60.47266666666666}