{"%idle": 38.816000000000024, "user+system(%)": 56.59684684684684, "%iowait": 2.4081081081081073}