{"user+system(%)": 57.91818181818182, "Available Memory(Kb)": 10147139.963636363, "I/O wait(%)": 2.4545454545454546, "Idle(%)": 39.70909090909091}