Device,kB_read/s,kB_wrtn/s
loop0,0.0,0.0
sda,36.86187845303867,165.90497237569062
