{"Disk Write(KB/s)": 135.66592222222206, "Disk Read(KB/s)": 21.889722222222225}