{"user+system(%)": 79.64950276243096, "%idle": 7.363277777777781, "%iowait": 0.38016574585635354}