{"Available Memory(Kb)": 6529054.466666667, "user+system(%)": 91.78888888888889, "I/O wait(%)": 0.35, "Idle(%)": 7.883333333333334}