Device,kB_read/s,kB_wrtn/s
loop0,0.0,0.0
sda,9.888524590163934,168.01311475409835
