{"%idle": 86.40363636363637, "user+system(%)": 12.717567567567572, "%iowait": 0.47144144144144173}