{"Idle(%)": 86.08181818181818, "user+system(%)": 13.409090909090908, "I/O wait(%)": 0.44545454545454544, "Available Memory(Kb)": 7021131.781818182}