Device,kB_read/s,kB_wrtn/s
loop0,0.0,0.0
sda,22.930386740331492,76.62762430939226
