{"Disk Read(KB/s)": 25.314122222222224, "Disk Write(KB/s)": 109.52111111111115}