{"%iowait": 0.15651933701657406, "user+system(%)": 1.2841988950276237, "%idle": 95.92394444444442}