{"user+system(%)": 4.272222222222222, "I/O wait(%)": 0.09444444444444444, "Available Memory(Kb)": 5343958.644444444, "Idle(%)": 96.08333333333333}