{"Available Memory(Kb)": 6471227.511111111, "Idle(%)": 6.85, "I/O wait(%)": 0.5277777777777778, "user+system(%)": 92.58888888888889}