Device,kB_read/s,kB_wrtn/s
loop0,0.0,0.0
sda,67.12258064516129,57.096774193548384
