{"Disk Read(KB/s)": 30.489999999999995, "Disk Write(KB/s)": 54.593833333333365}