{"user+system(%)": 1.0544144144144145, "%iowait": 0.08018018018018017, "%guest": 0.0, "%sys": 0.4015315315315315, "%idle": 98.43972727272732}