{"sys(%)": 0.43636363636363634, "Available Memory(Kb)": 354513.38181818184, "user+system(%)": 1.518181818181818, "Idle(%)": 98.4, "I/O wait(%)": 0.01818181818181818}