{
  "Login_user1" : {
    "transaction" : "Login_user1",
    "sampleCount" : 1,
    "errorCount" : 0,
    "errorPct" : 0.0,
    "meanResTime" : 110.0,
    "medianResTime" : 110.0,
    "minResTime" : 110.0,
    "maxResTime" : 110.0,
    "pct1ResTime" : 110.0,
    "pct2ResTime" : 110.0,
    "pct3ResTime" : 110.0,
    "throughput" : 9.09090909090909,
    "receivedKBytesPerSec" : 15.545099431818182,
    "sentKBytesPerSec" : 5.3444602272727275
  },
  "Upload_2_user1-0" : {
    "transaction" : "Upload_2_user1-0",
    "sampleCount" : 2,
    "errorCount" : 0,
    "errorPct" : 0.0,
    "meanResTime" : 291.5,
    "medianResTime" : 291.5,
    "minResTime" : 289.0,
    "maxResTime" : 294.0,
    "pct1ResTime" : 294.0,
    "pct2ResTime" : 294.0,
    "pct3ResTime" : 294.0,
    "throughput" : 0.015580692405970521,
    "receivedKBytesPerSec" : 0.0035604316630831073,
    "sentKBytesPerSec" : 0.016158882163223334
  },
  "Upload_2_user1-1" : {
    "transaction" : "Upload_2_user1-1",
    "sampleCount" : 2,
    "errorCount" : 0,
    "errorPct" : 0.0,
    "meanResTime" : 290.0,
    "medianResTime" : 290.0,
    "minResTime" : 285.0,
    "maxResTime" : 295.0,
    "pct1ResTime" : 295.0,
    "pct2ResTime" : 295.0,
    "pct3ResTime" : 295.0,
    "throughput" : 0.015581784893459545,
    "receivedKBytesPerSec" : 0.6630019038993418,
    "sentKBytesPerSec" : 0.003606331073974524
  },
  "TestcasesResults_2_145115_user1" : {
    "transaction" : "TestcasesResults_2_145115_user1",
    "sampleCount" : 1,
    "errorCount" : 0,
    "errorPct" : 0.0,
    "meanResTime" : 5537.0,
    "medianResTime" : 5537.0,
    "minResTime" : 5537.0,
    "maxResTime" : 5537.0,
    "pct1ResTime" : 5537.0,
    "pct2ResTime" : 5537.0,
    "pct3ResTime" : 5537.0,
    "throughput" : 0.18060321473722232,
    "receivedKBytesPerSec" : 5.233965820841611,
    "sentKBytesPerSec" : 0.04373984106917103
  },
  "GetSubmissionId_2_user1" : {
    "transaction" : "GetSubmissionId_2_user1",
    "sampleCount" : 2,
    "errorCount" : 0,
    "errorPct" : 0.0,
    "meanResTime" : 290.5,
    "medianResTime" : 290.5,
    "minResTime" : 290.0,
    "maxResTime" : 291.0,
    "pct1ResTime" : 291.0,
    "pct2ResTime" : 291.0,
    "pct3ResTime" : 291.0,
    "throughput" : 0.015582270492633481,
    "receivedKBytesPerSec" : 0.6632432134342545,
    "sentKBytesPerSec" : 0.003606443463627085
  },
  "RunPractice_2_145115_user1 1629313299605" : {
    "transaction" : "RunPractice_2_145115_user1 1629313299605",
    "sampleCount" : 1,
    "errorCount" : 0,
    "errorPct" : 0.0,
    "meanResTime" : 2130.0,
    "medianResTime" : 2130.0,
    "minResTime" : 2130.0,
    "maxResTime" : 2130.0,
    "pct1ResTime" : 2130.0,
    "pct2ResTime" : 2130.0,
    "pct3ResTime" : 2130.0,
    "throughput" : 0.4694835680751174,
    "receivedKBytesPerSec" : 13.300047681924884,
    "sentKBytesPerSec" : 0.11003521126760564
  },
  "TestcasesResults_2_145116_user1" : {
    "transaction" : "TestcasesResults_2_145116_user1",
    "sampleCount" : 1,
    "errorCount" : 0,
    "errorPct" : 0.0,
    "meanResTime" : 5319.0,
    "medianResTime" : 5319.0,
    "minResTime" : 5319.0,
    "maxResTime" : 5319.0,
    "pct1ResTime" : 5319.0,
    "pct2ResTime" : 5319.0,
    "pct3ResTime" : 5319.0,
    "throughput" : 0.18800526414739613,
    "receivedKBytesPerSec" : 5.448480682459109,
    "sentKBytesPerSec" : 0.0455325249106975
  },
  "AssignmentsList_6_user1" : {
    "transaction" : "AssignmentsList_6_user1",
    "sampleCount" : 1,
    "errorCount" : 0,
    "errorPct" : 0.0,
    "meanResTime" : 37.0,
    "medianResTime" : 37.0,
    "minResTime" : 37.0,
    "maxResTime" : 37.0,
    "pct1ResTime" : 37.0,
    "pct2ResTime" : 37.0,
    "pct3ResTime" : 37.0,
    "throughput" : 27.027027027027028,
    "receivedKBytesPerSec" : 10.47825168918919,
    "sentKBytesPerSec" : 8.736275337837839
  },
  "Course Page_6_user1" : {
    "transaction" : "Course Page_6_user1",
    "sampleCount" : 1,
    "errorCount" : 0,
    "errorPct" : 0.0,
    "meanResTime" : 101.0,
    "medianResTime" : 101.0,
    "minResTime" : 101.0,
    "maxResTime" : 101.0,
    "pct1ResTime" : 101.0,
    "pct2ResTime" : 101.0,
    "pct3ResTime" : 101.0,
    "throughput" : 9.900990099009901,
    "receivedKBytesPerSec" : 320.53488551980195,
    "sentKBytesPerSec" : 2.8716738861386135
  },
  "Upload_2_user1" : {
    "transaction" : "Upload_2_user1",
    "sampleCount" : 2,
    "errorCount" : 0,
    "errorPct" : 0.0,
    "meanResTime" : 582.5,
    "medianResTime" : 582.5,
    "minResTime" : 575.0,
    "maxResTime" : 590.0,
    "pct1ResTime" : 590.0,
    "pct2ResTime" : 590.0,
    "pct3ResTime" : 590.0,
    "throughput" : 0.01554605518849592,
    "receivedKBytesPerSec" : 0.665034128449281,
    "sentKBytesPerSec" : 0.019721021181500195
  },
  "Get CSRF Token" : {
    "transaction" : "Get CSRF Token",
    "sampleCount" : 1,
    "errorCount" : 0,
    "errorPct" : 0.0,
    "meanResTime" : 100.0,
    "medianResTime" : 100.0,
    "minResTime" : 100.0,
    "maxResTime" : 100.0,
    "pct1ResTime" : 100.0,
    "pct2ResTime" : 100.0,
    "pct3ResTime" : 100.0,
    "throughput" : 10.0,
    "receivedKBytesPerSec" : 267.24609375,
    "sentKBytesPerSec" : 1.318359375
  },
  "Login_user1-0" : {
    "transaction" : "Login_user1-0",
    "sampleCount" : 1,
    "errorCount" : 0,
    "errorPct" : 0.0,
    "meanResTime" : 87.0,
    "medianResTime" : 87.0,
    "minResTime" : 87.0,
    "maxResTime" : 87.0,
    "pct1ResTime" : 87.0,
    "pct2ResTime" : 87.0,
    "pct3ResTime" : 87.0,
    "throughput" : 11.494252873563218,
    "receivedKBytesPerSec" : 5.567528735632184,
    "sentKBytesPerSec" : 3.9735991379310347
  },
  "StudentCourses_user1" : {
    "transaction" : "StudentCourses_user1",
    "sampleCount" : 1,
    "errorCount" : 0,
    "errorPct" : 0.0,
    "meanResTime" : 28.0,
    "medianResTime" : 28.0,
    "minResTime" : 28.0,
    "maxResTime" : 28.0,
    "pct1ResTime" : 28.0,
    "pct2ResTime" : 28.0,
    "pct3ResTime" : 28.0,
    "throughput" : 35.714285714285715,
    "receivedKBytesPerSec" : 44.53822544642857,
    "sentKBytesPerSec" : 8.649553571428571
  },
  "Login_user1-1" : {
    "transaction" : "Login_user1-1",
    "sampleCount" : 1,
    "errorCount" : 0,
    "errorPct" : 0.0,
    "meanResTime" : 20.0,
    "medianResTime" : 20.0,
    "minResTime" : 20.0,
    "maxResTime" : 20.0,
    "pct1ResTime" : 20.0,
    "pct2ResTime" : 20.0,
    "pct3ResTime" : 20.0,
    "throughput" : 50.0,
    "receivedKBytesPerSec" : 61.279296875,
    "sentKBytesPerSec" : 12.109375
  },
  "Total" : {
    "transaction" : "Total",
    "sampleCount" : 19,
    "errorCount" : 0,
    "errorPct" : 0.0,
    "meanResTime" : 972.9473684210526,
    "medianResTime" : 290.0,
    "minResTime" : 20.0,
    "maxResTime" : 5537.0,
    "pct1ResTime" : 5319.0,
    "pct2ResTime" : 5537.0,
    "pct3ResTime" : 5537.0,
    "throughput" : 0.07000659535819427,
    "receivedKBytesPerSec" : 1.6028329527492327,
    "sentKBytesPerSec" : 0.03188365755905424
  },
  "RunPractice_2_145116_user1 1629313427663" : {
    "transaction" : "RunPractice_2_145116_user1 1629313427663",
    "sampleCount" : 1,
    "errorCount" : 0,
    "errorPct" : 0.0,
    "meanResTime" : 2108.0,
    "medianResTime" : 2108.0,
    "minResTime" : 2108.0,
    "maxResTime" : 2108.0,
    "pct1ResTime" : 2108.0,
    "pct2ResTime" : 2108.0,
    "pct3ResTime" : 2108.0,
    "throughput" : 0.47438330170777987,
    "receivedKBytesPerSec" : 13.438852733633775,
    "sentKBytesPerSec" : 0.1111835863377609
  }
}