{"Disk Write(KB/s)": 125.22824444444444, "Disk Read(KB/s)": 34.12504444444443}