Device,kB_read/s,kB_wrtn/s
loop0,0.0,0.0
sda,1.1756906077348066,186.14806629834254
