{"Disk Write(KB/s)": 171.9953333333333, "Disk Read(KB/s)": 1.019877777777778}