{"%idle": 81.22983333333336, "user+system(%)": 13.395359116022096, "%iowait": 1.8941988950276252}