{"Idle(%)": 81.2388888888889, "I/O wait(%)": 1.85, "Available Memory(Kb)": 7142380.088888889, "user+system(%)": 16.86111111111111}