{
  "AssignmentsList" : {
    "transaction" : "AssignmentsList",
    "sampleCount" : 90,
    "errorCount" : 1,
    "errorPct" : 1.1111112,
    "meanResTime" : 91.98888888888887,
    "medianResTime" : 68.0,
    "minResTime" : 10.0,
    "maxResTime" : 619.0,
    "pct1ResTime" : 178.50000000000003,
    "pct2ResTime" : 220.55000000000007,
    "pct3ResTime" : 619.0,
    "throughput" : 18.07955002008839,
    "receivedKBytesPerSec" : 7.2492796429288875,
    "sentKBytesPerSec" : 5.8140584195460026
  },
  "Get CSRF Token" : {
    "transaction" : "Get CSRF Token",
    "sampleCount" : 90,
    "errorCount" : 0,
    "errorPct" : 0.0,
    "meanResTime" : 1903.5222222222224,
    "medianResTime" : 1762.0,
    "minResTime" : 364.0,
    "maxResTime" : 3422.0,
    "pct1ResTime" : 2866.8,
    "pct2ResTime" : 3186.4,
    "pct3ResTime" : 3422.0,
    "throughput" : 24.52316076294278,
    "receivedKBytesPerSec" : 819.2028908378746,
    "sentKBytesPerSec" : 3.280930688010899
  },
  "StudentCourses" : {
    "transaction" : "StudentCourses",
    "sampleCount" : 90,
    "errorCount" : 0,
    "errorPct" : 0.0,
    "meanResTime" : 237.15555555555562,
    "medianResTime" : 60.5,
    "minResTime" : 33.0,
    "maxResTime" : 1098.0,
    "pct1ResTime" : 755.7,
    "pct2ResTime" : 868.5500000000002,
    "pct3ResTime" : 1098.0,
    "throughput" : 18.711018711018713,
    "receivedKBytesPerSec" : 23.15123115904366,
    "sentKBytesPerSec" : 4.568119802494802
  },
  "GetSubmissionId" : {
    "transaction" : "GetSubmissionId",
    "sampleCount" : 262,
    "errorCount" : 29,
    "errorPct" : 11.068703,
    "meanResTime" : 7744.694656488551,
    "medianResTime" : 1754.0,
    "minResTime" : 0.0,
    "maxResTime" : 50097.0,
    "pct1ResTime" : 50003.0,
    "pct2ResTime" : 50004.0,
    "pct3ResTime" : 50049.87,
    "throughput" : 0.9711472882009311,
    "receivedKBytesPerSec" : 38.6935742170125,
    "sentKBytesPerSec" : 0.2257991288864425
  },
  "TestcasesResults" : {
    "transaction" : "TestcasesResults",
    "sampleCount" : 188,
    "errorCount" : 4,
    "errorPct" : 2.1276596,
    "meanResTime" : 28900.234042553184,
    "medianResTime" : 28325.5,
    "minResTime" : 4920.0,
    "maxResTime" : 84731.0,
    "pct1ResTime" : 41339.599999999984,
    "pct2ResTime" : 47033.849999999984,
    "pct3ResTime" : 78903.2799999999,
    "throughput" : 0.6986691838577688,
    "receivedKBytesPerSec" : 18.25103395142019,
    "sentKBytesPerSec" : 0.16989123709041445
  },
  "Total" : {
    "transaction" : "Total",
    "sampleCount" : 1425,
    "errorCount" : 128,
    "errorPct" : 8.982456,
    "meanResTime" : 10194.34245614036,
    "medianResTime" : 2666.0,
    "minResTime" : 0.0,
    "maxResTime" : 84731.0,
    "pct1ResTime" : 36029.800000000054,
    "pct2ResTime" : 50005.0,
    "pct3ResTime" : 60820.80000000003,
    "throughput" : 4.24124814724423,
    "receivedKBytesPerSec" : 112.6454929483669,
    "sentKBytesPerSec" : 1.9687622772972684
  },
  "Upload" : {
    "transaction" : "Upload",
    "sampleCount" : 266,
    "errorCount" : 63,
    "errorPct" : 23.68421,
    "meanResTime" : 21087.522556390955,
    "medianResTime" : 9859.5,
    "minResTime" : 0.0,
    "maxResTime" : 75592.0,
    "pct1ResTime" : 50006.0,
    "pct2ResTime" : 50029.8,
    "pct3ResTime" : 73389.79999999997,
    "throughput" : 0.9675612364414116,
    "receivedKBytesPerSec" : 33.28889986627831,
    "sentKBytesPerSec" : 1.30348171432027
  },
  "Course Page" : {
    "transaction" : "Course Page",
    "sampleCount" : 90,
    "errorCount" : 1,
    "errorPct" : 1.1111112,
    "meanResTime" : 446.28888888888895,
    "medianResTime" : 344.5,
    "minResTime" : 70.0,
    "maxResTime" : 1295.0,
    "pct1ResTime" : 924.4000000000001,
    "pct2ResTime" : 1106.9,
    "pct3ResTime" : 1295.0,
    "throughput" : 17.647058823529413,
    "receivedKBytesPerSec" : 682.6637178308824,
    "sentKBytesPerSec" : 5.09554993872549
  },
  "Login" : {
    "transaction" : "Login",
    "sampleCount" : 90,
    "errorCount" : 0,
    "errorPct" : 0.0,
    "meanResTime" : 3870.988888888889,
    "medianResTime" : 4137.0,
    "minResTime" : 1228.0,
    "maxResTime" : 6018.0,
    "pct1ResTime" : 5441.300000000001,
    "pct2ResTime" : 5775.85,
    "pct3ResTime" : 6018.0,
    "throughput" : 13.657056145675266,
    "receivedKBytesPerSec" : 23.377039074355086,
    "sentKBytesPerSec" : 8.106209692716236
  },
  "RunPractice" : {
    "transaction" : "RunPractice",
    "sampleCount" : 259,
    "errorCount" : 30,
    "errorPct" : 11.583012,
    "meanResTime" : 3342.888030888032,
    "medianResTime" : 2170.0,
    "minResTime" : 0.0,
    "maxResTime" : 50003.0,
    "pct1ResTime" : 8219.0,
    "pct2ResTime" : 10134.0,
    "pct3ResTime" : 15284.199999999997,
    "throughput" : 0.9622851113315574,
    "receivedKBytesPerSec" : 24.358378870039495,
    "sentKBytesPerSec" : 0.20111706579206468
  }
}