{
  "AssignmentsList" : {
    "transaction" : "AssignmentsList",
    "sampleCount" : 10,
    "errorCount" : 0,
    "errorPct" : 0.0,
    "meanResTime" : 131.8,
    "medianResTime" : 146.5,
    "minResTime" : 82.0,
    "maxResTime" : 166.0,
    "pct1ResTime" : 165.7,
    "pct2ResTime" : 166.0,
    "pct3ResTime" : 166.0,
    "throughput" : 11.534025374855824,
    "receivedKBytesPerSec" : 4.471687572087658,
    "sentKBytesPerSec" : 3.7282835928489044
  },
  "Get CSRF Token" : {
    "transaction" : "Get CSRF Token",
    "sampleCount" : 10,
    "errorCount" : 0,
    "errorPct" : 0.0,
    "meanResTime" : 265.2,
    "medianResTime" : 234.5,
    "minResTime" : 130.0,
    "maxResTime" : 440.0,
    "pct1ResTime" : 439.0,
    "pct2ResTime" : 440.0,
    "pct3ResTime" : 440.0,
    "throughput" : 22.727272727272727,
    "receivedKBytesPerSec" : 607.3774857954545,
    "sentKBytesPerSec" : 2.9962713068181817
  },
  "StudentCourses" : {
    "transaction" : "StudentCourses",
    "sampleCount" : 10,
    "errorCount" : 0,
    "errorPct" : 0.0,
    "meanResTime" : 188.60000000000002,
    "medianResTime" : 140.5,
    "minResTime" : 24.0,
    "maxResTime" : 536.0,
    "pct1ResTime" : 514.8000000000001,
    "pct2ResTime" : 536.0,
    "pct3ResTime" : 536.0,
    "throughput" : 14.492753623188406,
    "receivedKBytesPerSec" : 18.073482789855074,
    "sentKBytesPerSec" : 3.5099637681159424
  },
  "GetSubmissionId" : {
    "transaction" : "GetSubmissionId",
    "sampleCount" : 115,
    "errorCount" : 0,
    "errorPct" : 0.0,
    "meanResTime" : 1248.9913043478266,
    "medianResTime" : 975.0,
    "minResTime" : 337.0,
    "maxResTime" : 10760.0,
    "pct1ResTime" : 1610.2000000000007,
    "pct2ResTime" : 2358.599999999994,
    "pct3ResTime" : 10433.600000000008,
    "throughput" : 0.4077927419983972,
    "receivedKBytesPerSec" : 17.359300007136376,
    "sentKBytesPerSec" : 0.09438171860705093
  },
  "TestcasesResults" : {
    "transaction" : "TestcasesResults",
    "sampleCount" : 107,
    "errorCount" : 0,
    "errorPct" : 0.0,
    "meanResTime" : 19936.289719626166,
    "medianResTime" : 20919.0,
    "minResTime" : 7963.0,
    "maxResTime" : 25049.0,
    "pct1ResTime" : 22493.8,
    "pct2ResTime" : 24156.4,
    "pct3ResTime" : 25015.72,
    "throughput" : 0.36177492865933647,
    "receivedKBytesPerSec" : 10.485110304372743,
    "sentKBytesPerSec" : 0.08761736553468305
  },
  "Total" : {
    "transaction" : "Total",
    "sampleCount" : 502,
    "errorCount" : 0,
    "errorPct" : 0.0,
    "meanResTime" : 5651.103585657369,
    "medianResTime" : 2061.5,
    "minResTime" : 24.0,
    "maxResTime" : 25049.0,
    "pct1ResTime" : 21079.7,
    "pct2ResTime" : 21574.899999999998,
    "pct3ResTime" : 24165.28,
    "throughput" : 1.5549112895232433,
    "receivedKBytesPerSec" : 52.033166415581015,
    "sentKBytesPerSec" : 0.7499024066666047
  },
  "Upload" : {
    "transaction" : "Upload",
    "sampleCount" : 115,
    "errorCount" : 0,
    "errorPct" : 0.0,
    "meanResTime" : 2031.0608695652168,
    "medianResTime" : 1659.0,
    "minResTime" : 993.0,
    "maxResTime" : 13965.0,
    "pct1ResTime" : 2490.2000000000007,
    "pct2ResTime" : 4823.999999999985,
    "pct3ResTime" : 13229.640000000016,
    "throughput" : 0.40602039987713473,
    "receivedKBytesPerSec" : 17.369808538211814,
    "sentKBytesPerSec" : 0.5185310799789575
  },
  "Course Page" : {
    "transaction" : "Course Page",
    "sampleCount" : 10,
    "errorCount" : 0,
    "errorPct" : 0.0,
    "meanResTime" : 309.09999999999997,
    "medianResTime" : 319.5,
    "minResTime" : 206.0,
    "maxResTime" : 420.0,
    "pct1ResTime" : 418.9,
    "pct2ResTime" : 420.0,
    "pct3ResTime" : 420.0,
    "throughput" : 10.438413361169102,
    "receivedKBytesPerSec" : 337.97115572807934,
    "sentKBytesPerSec" : 3.0275476252609606
  },
  "Login" : {
    "transaction" : "Login",
    "sampleCount" : 10,
    "errorCount" : 0,
    "errorPct" : 0.0,
    "meanResTime" : 723.5,
    "medianResTime" : 770.0,
    "minResTime" : 345.0,
    "maxResTime" : 1115.0,
    "pct1ResTime" : 1113.2,
    "pct2ResTime" : 1115.0,
    "pct3ResTime" : 1115.0,
    "throughput" : 8.968609865470851,
    "receivedKBytesPerSec" : 15.337724215246636,
    "sentKBytesPerSec" : 5.274313340807175
  },
  "RunPractice" : {
    "transaction" : "RunPractice",
    "sampleCount" : 115,
    "errorCount" : 0,
    "errorPct" : 0.0,
    "meanResTime" : 2698.113043478262,
    "medianResTime" : 2300.0,
    "minResTime" : 1480.0,
    "maxResTime" : 7407.0,
    "pct1ResTime" : 4193.2,
    "pct2ResTime" : 4661.599999999999,
    "pct3ResTime" : 7162.200000000005,
    "throughput" : 0.4064121230969311,
    "receivedKBytesPerSec" : 11.513883916107703,
    "sentKBytesPerSec" : 0.09525284135084322
  }
}