{"I/O wait(%)": 41.86363636363637, "Available Memory(Kb)": 2808928.1818181816, "user+system(%)": 18.01818181818182, "Idle(%)": 40.127272727272725}