{"Disk Write(KB/s)": 123.81273333333321, "Disk Read(KB/s)": 3.780722222222223}