{"%idle": 15.084277777777771, "user+system(%)": 71.7210497237569, "%iowait": 1.7782872928176798}