Device,kB_read/s,kB_wrtn/s
loop0,0.0,0.0
sda,95.57560975609756,64.77073170731707
