{"%iowait": 1.5284530386740336, "%idle": 64.7784444444444, "user+system(%)": 18.792872928176795}