{
  "AssignmentsList" : {
    "transaction" : "AssignmentsList",
    "sampleCount" : 180,
    "errorCount" : 0,
    "errorPct" : 0.0,
    "meanResTime" : 49.51111111111112,
    "medianResTime" : 39.0,
    "minResTime" : 26.0,
    "maxResTime" : 235.0,
    "pct1ResTime" : 84.80000000000001,
    "pct2ResTime" : 97.89999999999998,
    "pct3ResTime" : 145.89999999999975,
    "throughput" : 22.816580048168337,
    "receivedKBytesPerSec" : 8.73694780707314,
    "sentKBytesPerSec" : 7.375281246038788
  },
  "Get CSRF Token" : {
    "transaction" : "Get CSRF Token",
    "sampleCount" : 180,
    "errorCount" : 0,
    "errorPct" : 0.0,
    "meanResTime" : 4993.888888888888,
    "medianResTime" : 5187.0,
    "minResTime" : 40.0,
    "maxResTime" : 7501.0,
    "pct1ResTime" : 6934.3,
    "pct2ResTime" : 7194.349999999999,
    "pct3ResTime" : 7394.08,
    "throughput" : 22.753128555176335,
    "receivedKBytesPerSec" : 608.094148969789,
    "sentKBytesPerSec" : 2.999680034129693
  },
  "StudentCourses" : {
    "transaction" : "StudentCourses",
    "sampleCount" : 180,
    "errorCount" : 0,
    "errorPct" : 0.0,
    "meanResTime" : 69.61666666666667,
    "medianResTime" : 55.5,
    "minResTime" : 22.0,
    "maxResTime" : 399.0,
    "pct1ResTime" : 122.50000000000003,
    "pct2ResTime" : 157.84999999999997,
    "pct3ResTime" : 367.4099999999999,
    "throughput" : 23.00907580212195,
    "receivedKBytesPerSec" : 28.713908506966636,
    "sentKBytesPerSec" : 5.572510545826409
  },
  "GetSubmissionId" : {
    "transaction" : "GetSubmissionId",
    "sampleCount" : 1065,
    "errorCount" : 2,
    "errorPct" : 0.18779343,
    "meanResTime" : 2140.868544600938,
    "medianResTime" : 1548.0,
    "minResTime" : 40.0,
    "maxResTime" : 27084.0,
    "pct1ResTime" : 3708.3999999999996,
    "pct2ResTime" : 4596.4,
    "pct3ResTime" : 13478.23999999991,
    "throughput" : 3.875968992248062,
    "receivedKBytesPerSec" : 173.64441666552938,
    "sentKBytesPerSec" : 0.8953902070367945
  },
  "TestcasesResults" : {
    "transaction" : "TestcasesResults",
    "sampleCount" : 962,
    "errorCount" : 2,
    "errorPct" : 0.20790021,
    "meanResTime" : 23864.516632016643,
    "medianResTime" : 24794.0,
    "minResTime" : 5929.0,
    "maxResTime" : 50348.0,
    "pct1ResTime" : 28547.4,
    "pct2ResTime" : 29763.099999999995,
    "pct3ResTime" : 37876.79,
    "throughput" : 3.2775491291667804,
    "receivedKBytesPerSec" : 94.82372233716168,
    "sentKBytesPerSec" : 0.7921311564774183
  },
  "Total" : {
    "transaction" : "Total",
    "sampleCount" : 5064,
    "errorCount" : 8,
    "errorPct" : 0.15797788,
    "meanResTime" : 7358.48183254344,
    "medianResTime" : 2873.0,
    "minResTime" : 0.0,
    "maxResTime" : 51640.0,
    "pct1ResTime" : 25036.0,
    "pct2ResTime" : 26971.5,
    "pct3ResTime" : 31577.40000000006,
    "throughput" : 15.415149707160861,
    "receivedKBytesPerSec" : 503.37452243838055,
    "sentKBytesPerSec" : 7.663165380485407
  },
  "Upload" : {
    "transaction" : "Upload",
    "sampleCount" : 1082,
    "errorCount" : 1,
    "errorPct" : 0.09242144,
    "meanResTime" : 5846.578558225507,
    "medianResTime" : 2990.0,
    "minResTime" : 640.0,
    "maxResTime" : 51640.0,
    "pct1ResTime" : 14223.600000000002,
    "pct2ResTime" : 25488.19999999999,
    "pct3ResTime" : 48000.80000000002,
    "throughput" : 3.911305190251379,
    "receivedKBytesPerSec" : 176.27239421040073,
    "sentKBytesPerSec" : 5.45070240597685
  },
  "Course Page" : {
    "transaction" : "Course Page",
    "sampleCount" : 180,
    "errorCount" : 0,
    "errorPct" : 0.0,
    "meanResTime" : 141.43333333333328,
    "medianResTime" : 81.0,
    "minResTime" : 53.0,
    "maxResTime" : 725.0,
    "pct1ResTime" : 298.6,
    "pct2ResTime" : 353.9,
    "pct3ResTime" : 711.23,
    "throughput" : 22.664316293125157,
    "receivedKBytesPerSec" : 733.8757751510955,
    "sentKBytesPerSec" : 6.573537049861495
  },
  "Login" : {
    "transaction" : "Login",
    "sampleCount" : 180,
    "errorCount" : 0,
    "errorPct" : 0.0,
    "meanResTime" : 310.20000000000005,
    "medianResTime" : 201.5,
    "minResTime" : 77.0,
    "maxResTime" : 2458.0,
    "pct1ResTime" : 565.2,
    "pct2ResTime" : 655.2499999999998,
    "pct3ResTime" : 2429.65,
    "throughput" : 22.10759027266028,
    "receivedKBytesPerSec" : 37.88947356300663,
    "sentKBytesPerSec" : 13.083202837140753
  },
  "RunPractice" : {
    "transaction" : "RunPractice",
    "sampleCount" : 1055,
    "errorCount" : 3,
    "errorPct" : 0.2843602,
    "meanResTime" : 4453.106161137429,
    "medianResTime" : 3341.0,
    "minResTime" : 0.0,
    "maxResTime" : 44710.0,
    "pct1ResTime" : 7695.399999999999,
    "pct2ResTime" : 9484.999999999998,
    "pct3ResTime" : 25023.960000000083,
    "throughput" : 3.834104999963658,
    "receivedKBytesPerSec" : 108.35187402103125,
    "sentKBytesPerSec" : 0.8969148174529914
  }
}