Device,kB_read/s,kB_wrtn/s
loop0,0.0,0.0
sda,24.484444444444446,187.50666666666666
