{"Disk Write(KB/s)": 177.25924444444442, "Disk Read(KB/s)": 21.039600000000007}