Device,kB_read/s,kB_wrtn/s
loop0,0.0,0.0
sda,6.737777777777778,168.58666666666667
