{"Disk Read(KB/s)": 5.606022222222221, "Disk Write(KB/s)": 156.13092222222213}