{"Idle(%)": 61.30555555555556, "Available Memory(Kb)": 9234428.933333334, "user+system(%)": 36.97222222222222, "I/O wait(%)": 1.7333333333333334}