Device,kB_read/s,kB_wrtn/s
loop0,0.0,0.0
sda,95.65524861878453,412.8486187845304
