{"Disk Read(KB/s)": 82.32506666666664, "Disk Write(KB/s)": 379.812855555555}