{"%idle": 46.71766666666668, "user+system(%)": 46.63535911602209, "%iowait": 2.7295027624309394}