{"Idle(%)": 46.84444444444444, "Available Memory(Kb)": 7157760.066666666, "I/O wait(%)": 2.727777777777778, "user+system(%)": 50.483333333333334}