Device,kB_read/s,kB_wrtn/s
loop0,0.0,0.0
sda,10.864516129032259,733.1096774193549
Device,kB_read/s,kB_wrtn/s
loop0,0.0,0.0
sda,10.864516129032259,733.1096774193549
