{"Disk Read(KB/s)": 10.997166666666669, "Disk Write(KB/s)": 716.4750000000001}