{"%idle": 21.403454545454554, "user+system(%)": 76.17981981981983, "%iowait": 1.0842342342342342, "%sys": 4.794504504504504, "%guest": 0.0}