{"Available Memory(Kb)": 7080756.509090909, "user+system(%)": 77.06363636363636, "I/O wait(%)": 1.0909090909090908, "Idle(%)": 21.836363636363636, "sys(%)": 5.363636363636363}