{"%idle": 85.49766666666666, "%iowait": 0.5461325966850824, "user+system(%)": 9.633038674033152}