Device,kB_read/s,kB_wrtn/s
loop0,0.0,0.0
sda,55.8021978021978,695.3934065934066
