{"%idle": 17.873611111111117, "user+system(%)": 76.36999999999992, "%iowait": 1.4986740331491712}