{"Available Memory(Kb)": 6895322.422222222, "I/O wait(%)": 1.4944444444444445, "Idle(%)": 18.272222222222222, "user+system(%)": 80.21111111111111}