Device,kB_read/s,kB_wrtn/s
loop0,0.0,0.0
sda,262.47868852459015,641.6524590163934
