{"Disk Read(KB/s)": 230.13183333333336, "Disk Write(KB/s)": 633.1218333333334}