{"user+system(%)": 17.71675675675675, "%idle": 17.645454545454545, "%sys": 6.294324324324324, "%guest": 61.41711711711711, "%iowait": 2.1078378378378377}