{"I/O wait(%)": 2.1636363636363636, "sys(%)": 6.390909090909091, "Available Memory(Kb)": 1665945.6, "Idle(%)": 17.9, "user+system(%)": 79.85454545454546}