Device,kB_read/s,kB_wrtn/s
loop0,0.0,0.0
sda,5.348066298342541,155.43867403314917
