{"Disk Read(KB/s)": 3.268688888888888, "Disk Write(KB/s)": 116.366588888889}