{"user+system(%)": 63.67524861878453, "%iowait": 2.056629834254144, "%idle": 22.812388888888886}