{"Idle(%)": 23.36111111111111, "I/O wait(%)": 2.061111111111111, "Available Memory(Kb)": 9239094.711111112, "user+system(%)": 74.58333333333333}