Device,kB_read/s,kB_wrtn/s
loop0,0.0,0.0
sda,29.613114754098362,1058.3081967213116
