{"Disk Write(KB/s)": 1037.5223333333333, "Disk Read(KB/s)": 29.042833333333327}