{"%iowait": 2.0120720720720717, "%guest": 75.1698198198198, "%sys": 4.72126126126126, "%idle": 8.004454545454548, "user+system(%)": 13.575225225225225}