{"I/O wait(%)": 2.018181818181818, "sys(%)": 4.8, "user+system(%)": 89.93636363636364, "Idle(%)": 8.018181818181818, "Available Memory(Kb)": 362934.2545454545}