{"%iowait": 2.0046846846846833, "%idle": 46.45309090909091, "%guest": 0.0, "%sys": 5.190720720720721, "user+system(%)": 50.07810810810811}