{"user+system(%)": 50.86363636363637, "I/O wait(%)": 2.0272727272727273, "Available Memory(Kb)": 8704868.836363636, "Idle(%)": 47.14545454545455, "sys(%)": 5.790909090909091}