{"Disk Read(KB/s)": 2.4703777777777773, "Disk Write(KB/s)": 150.33522222222197}