Device,kB_read/s,kB_wrtn/s
loop0,0.0,0.0
sda,4.177777777777778,174.46666666666667
