{"Disk Write(KB/s)": 131.6550777777778, "Disk Read(KB/s)": 2.583877777777777}