{"user+system(%)": 76.32767955801107, "%idle": 10.89794444444445, "%iowait": 1.1761878453038668}