{"user+system(%)": 87.45, "Idle(%)": 11.377777777777778, "Available Memory(Kb)": 6763761.8, "I/O wait(%)": 1.1055555555555556}