Device,kB_read/s,kB_wrtn/s
loop0,0.0,0.0
sda,29.174193548387098,963.2258064516129
