{"user+system(%)": 97.79774774774772, "%idle": 0.2042727272727273, "%iowait": 0.04801801801801802}