{"Idle(%)": 0.16363636363636364, "Available Memory(Kb)": 656939.8545454545, "user+system(%)": 99.76363636363637, "I/O wait(%)": 0.02727272727272727}