Device,kB_read/s,kB_wrtn/s
loop0,0.0,0.0
sda,225.48813559322033,375.82372881355934
