{"%idle": 58.23100000000005, "%iowait": 3.377016574585635, "user+system(%)": 35.22093922651935}