{"I/O wait(%)": 3.4277777777777776, "Idle(%)": 58.48888888888889, "Available Memory(Kb)": 10075725.888888888, "user+system(%)": 38.12777777777778}