{"%idle": 0.004909090909090911, "%guest": 0.0, "user+system(%)": 98.37612612612614, "%sys": 3.8107207207207185, "%iowait": 0.001081081081081081}