{"Available Memory(Kb)": 6789111.963636364, "I/O wait(%)": 0.0, "Idle(%)": 0.0, "sys(%)": 4.363636363636363, "user+system(%)": 100.0}