{"Disk Write(KB/s)": 106.28044444444443, "Disk Read(KB/s)": 5.070955555555555}