Device,kB_read/s,kB_wrtn/s
loop0,0.0,0.0
sda,3.0620689655172413,40.96551724137931
