Device,kB_read/s,kB_wrtn/s
loop0,0.0,0.0
sda,0.05925925925925926,18.622222222222224
