Device,kB_read/s,kB_wrtn/s
loop0,0.0,0.0
sda,45.731147540983606,578.6098360655737
