{"user+system(%)": 84.8724324324324, "%iowait": 1.1843243243243242, "%idle": 11.390272727272729, "%sys": 11.334144144144146, "%guest": 0.0}