{"user+system(%)": 87.42727272727272, "I/O wait(%)": 1.1181818181818182, "Idle(%)": 11.345454545454546, "sys(%)": 13.163636363636364, "Available Memory(Kb)": 112723566.54545455}