Device,kB_read/s,kB_wrtn/s
loop0,0.0,0.0
sda,24.54193548387097,226.352688172043
