{"Disk Read(KB/s)": 22.084711111111123, "Disk Write(KB/s)": 212.76461111111095}