{"%idle": 84.64533333333335, "%iowait": 1.3596685082872921, "user+system(%)": 11.736574585635363}