{"I/O wait(%)": 1.3222222222222222, "Idle(%)": 84.61666666666666, "Available Memory(Kb)": 10001542.48888889, "user+system(%)": 14.083333333333334}