{"Disk Read(KB/s)": 534.0694777777758, "Disk Write(KB/s)": 493.61142222222156}