Device,kB_read/s,kB_wrtn/s
loop0,0.0,0.0
sda,0.4258064516129032,740.5677419354839
