{"user+system(%)": 79.67990990990992, "%idle": 17.72290909090909, "%iowait": 1.0727927927927927}