{"Available Memory(Kb)": 9055914.218181819, "Idle(%)": 17.927272727272726, "user+system(%)": 80.94545454545455, "I/O wait(%)": 1.0363636363636364}