{"Disk Write(KB/s)": 331.9847000000001, "Disk Read(KB/s)": 8.032466666666664}