{"Available Memory(Kb)": 9842488.133333333, "Idle(%)": 40.12222222222222, "I/O wait(%)": 5.677777777777778, "user+system(%)": 54.17777777777778}