{"Disk Write(KB/s)": 662.1308333333334, "Disk Read(KB/s)": 90.34666666666666}