{"%iowait": 2.8743243243243244, "%sys": 5.562252252252253, "user+system(%)": 14.067747747747744, "%guest": 49.27639639639639, "%idle": 32.87409090909091}