Device,kB_read/s,kB_wrtn/s
loop0,0.0,0.0
sda,11.76774193548387,927.7677419354839
