{"Disk Write(KB/s)": 193.63198888888863, "Disk Read(KB/s)": 11.664088888888886}