{"%idle": 75.77227777777777, "%iowait": 0.8383425414364637, "user+system(%)": 20.05756906077348}