{"user+system(%)": 23.533333333333335, "I/O wait(%)": 0.8111111111111111, "Idle(%)": 75.67777777777778, "Available Memory(Kb)": 7217583.244444445}