{"Disk Write(KB/s)": 646.8938999999993, "Disk Read(KB/s)": 3.343933333333334}