Device,kB_read/s,kB_wrtn/s
loop0,0.0,0.0
sda,2.1658536585365855,109.93170731707318
