{"%idle": 93.76700000000002, "%iowait": 0.33276243093922564, "user+system(%)": 4.075027624309391}