{"Idle(%)": 94.01666666666667, "user+system(%)": 5.9, "I/O wait(%)": 0.24444444444444444, "Available Memory(Kb)": 10093166.688888889}