Device,kB_read/s,kB_wrtn/s
loop0,0.0,0.0
sda,50.8327868852459,269.48196721311473
