{"%idle": 82.05199999999998, "user+system(%)": 16.49378378378379, "%iowait": 0.9973873873873879}