{"I/O wait(%)": 0.9727272727272728, "Idle(%)": 81.65454545454546, "user+system(%)": 17.227272727272727, "Available Memory(Kb)": 2577594.8}