{"%iowait": 0.43657458563535856, "%idle": 94.24266666666661, "user+system(%)": 3.6627071823204416}