Device,kB_read/s,kB_wrtn/s
loop0,0.0,0.0
sda,18.81967213114754,863.527868852459
