{"Disk Write(KB/s)": 846.2596666666666, "Disk Read(KB/s)": 18.627333333333333}