{"%iowait": 0.8048648648648649, "user+system(%)": 92.54531531531529, "%idle": 4.911090909090908}