{"I/O wait(%)": 0.8272727272727273, "user+system(%)": 94.26363636363637, "Available Memory(Kb)": 2234007.2363636363, "Idle(%)": 4.881818181818182}