Device,kB_read/s,kB_wrtn/s
loop0,0.0,0.0
sda,94.1639344262295,32.32786885245902
