{"Disk Read(KB/s)": 92.21266666666665, "Disk Write(KB/s)": 31.819333333333336}