{"%iowait": 0.027477477477477485, "%idle": 74.38872727272724, "user+system(%)": 24.955315315315303}