{"Idle(%)": 74.13636363636364, "Available Memory(Kb)": 2838970.0, "I/O wait(%)": 0.00909090909090909, "user+system(%)": 25.854545454545455}