Device,kB_read/s,kB_wrtn/s
loop0,0.0,0.0
sda,0.06557377049180328,105.12786885245902
