{"%guest": 0.0, "%sys": 1.048648648648649, "%idle": 70.87081818181821, "%iowait": 0.029999999999999995, "user+system(%)": 28.263693693693707}