{"Idle(%)": 70.72727272727273, "sys(%)": 1.6090909090909091, "user+system(%)": 29.29090909090909, "I/O wait(%)": 0.00909090909090909, "Available Memory(Kb)": 2401609.6}