Device,kB_read/s,kB_wrtn/s
loop0,0.0,0.0
sda,8.663736263736263,474.821978021978
