{"Disk Write(KB/s)": 442.46825555555574, "Disk Read(KB/s)": 7.495455555555555}