{"Idle(%)": 18.738888888888887, "user+system(%)": 79.15555555555555, "Available Memory(Kb)": 7031913.066666666, "I/O wait(%)": 1.95}