Device,kB_read/s,kB_wrtn/s
loop0,0.0,0.0
sda,0.22295081967213115,51.31803278688525
