{"Disk Read(KB/s)": 0.19666666666666668, "Disk Write(KB/s)": 50.573666666666654}