{"%sys": 0.4096396396396395, "%idle": 98.37727272727278, "%guest": 0.0, "user+system(%)": 1.0999999999999999, "%iowait": 0.07288288288288285}