{"sys(%)": 0.44545454545454544, "user+system(%)": 1.4363636363636363, "Available Memory(Kb)": 4007937.418181818, "Idle(%)": 98.36363636363636, "I/O wait(%)": 0.0}