Device,kB_read/s,kB_wrtn/s
loop0,0.0,0.0
sda,11.102762430939226,112.46850828729282
