{"Disk Write(KB/s)": 120.32053333333326, "Disk Read(KB/s)": 9.65833333333333}