{"%idle": 90.54566666666668, "user+system(%)": 6.267624309392263, "%iowait": 0.6081767955801105}