{"Available Memory(Kb)": 9578273.311111111, "Idle(%)": 90.7388888888889, "user+system(%)": 8.88888888888889, "I/O wait(%)": 0.5944444444444444}