Device,kB_read/s,kB_wrtn/s
loop0,0.0,0.0
sda,64.78688524590164,135.16065573770493
