{"Disk Write(KB/s)": 134.2216666666667, "Disk Read(KB/s)": 64.63616666666665}