{"user+system(%)": 57.62594594594592, "%iowait": 0.04045045045045046, "%guest": 0.0, "%idle": 41.07209090909093, "%sys": 4.385675675675676}