{"I/O wait(%)": 0.02727272727272727, "sys(%)": 5.009090909090909, "Available Memory(Kb)": 3043037.345454545, "user+system(%)": 58.627272727272725, "Idle(%)": 41.31818181818182}