Device,kB_read/s,kB_wrtn/s
loop0,0.0,0.0
sda,2.219607843137255,318.8705882352941
