{"Disk Read(KB/s)": 39.43502222222223, "Disk Write(KB/s)": 202.10225555555556}