{"%iowait": 0.333756906077348, "%idle": 91.37544444444447, "user+system(%)": 7.823149171270737}