{"Available Memory(Kb)": 1403782.5111111111, "Idle(%)": 91.42777777777778, "user+system(%)": 8.122222222222222, "I/O wait(%)": 0.2777777777777778}