Device,kB_read/s,kB_wrtn/s
loop0,0.0,0.0
sda,67.75824175824175,511.1956043956044
