{"Disk Write(KB/s)": 507.804744444444, "Disk Read(KB/s)": 64.64233333333335}