{"user+system(%)": 72.8389502762431, "%iowait": 1.9402762430939229, "%idle": 19.889055555555547}