{"Available Memory(Kb)": 6976298.844444444, "user+system(%)": 77.81666666666666, "I/O wait(%)": 1.9388888888888889, "Idle(%)": 20.255555555555556}