Device,kB_read/s,kB_wrtn/s
loop0,0.0,0.0
sda,72.11868131868133,580.1934065934066
