{"Disk Read(KB/s)": 63.0615111111111, "Disk Write(KB/s)": 520.3298777777785}