{"%idle": 24.633277777777792, "user+system(%)": 69.1418232044199, "%iowait": 1.7751933701657467}