{"user+system(%)": 73.28333333333333, "I/O wait(%)": 1.7444444444444445, "Idle(%)": 24.905555555555555, "Available Memory(Kb)": 7113974.777777778}