{"%idle": 34.221909090909094, "user+system(%)": 61.288558558558556, "%iowait": 2.6889189189189167}