Device,kB_read/s,kB_wrtn/s
loop0,0.0,0.0
sda,128.0791208791209,632.1978021978022
