{"Disk Write(KB/s)": 544.5995666666668, "Disk Read(KB/s)": 106.60634444444445}