{"%iowait": 2.27524861878453, "%idle": 63.84999999999999, "user+system(%)": 32.25348066298344}