{"user+system(%)": 33.77777777777778, "I/O wait(%)": 2.283333333333333, "Idle(%)": 63.85, "Available Memory(Kb)": 7003058.377777778}