Device,kB_read/s,kB_wrtn/s
loop0,0.0,0.0
sda,6.767441860465116,93.47441860465116
