{"%iowait": 1.449171270718232, "%idle": 55.721111111111135, "user+system(%)": 30.72519337016576}