Device,kB_read/s,kB_wrtn/s
loop0,0.0,0.0
sda,134.6961325966851,182.69171270718232
