{"Disk Read(KB/s)": 119.68638888888887, "Disk Write(KB/s)": 183.51635555555575}