{"%idle": 82.11094444444441, "user+system(%)": 14.101325966850824, "%iowait": 1.1254696132596695}