{"I/O wait(%)": 1.0888888888888888, "Available Memory(Kb)": 9297873.844444444, "Idle(%)": 82.12777777777778, "user+system(%)": 16.805555555555557}