Device,kB_read/s,kB_wrtn/s
loop0,0.0,0.0
sda,9.532984293193717,222.07329842931938
