{"Disk Read(KB/s)": 8.760877777777774, "Disk Write(KB/s)": 216.5425888888889}