{"%iowait": 1.1241988950276245, "user+system(%)": 15.569613259668518, "%idle": 80.53305555555559}