{"user+system(%)": 18.322222222222223, "Idle(%)": 80.71666666666667, "I/O wait(%)": 1.1, "Available Memory(Kb)": 9585581.555555556}