Device,kB_read/s,kB_wrtn/s
loop0,0.0,0.0
sda,117.73831775700934,376.3588785046729
