{"Disk Write(KB/s)": 377.4354555555552, "Disk Read(KB/s)": 115.57872222222217}