{"%iowait": 1.8222651933701663, "user+system(%)": 14.639613259668502, "%idle": 82.37644444444445}