{"Idle(%)": 82.45555555555555, "Available Memory(Kb)": 9224995.933333334, "user+system(%)": 15.777777777777779, "I/O wait(%)": 1.8}