Device,kB_read/s,kB_wrtn/s
loop0,0.0,0.0
sda,22.85524861878453,99.00994475138121
