{"Disk Read(KB/s)": 20.050166666666666, "Disk Write(KB/s)": 103.72336666666673}