{"user+system(%)": 7.585801104972376, "%iowait": 0.555801104972375, "%idle": 88.58777777777783}