{"Idle(%)": 88.67777777777778, "user+system(%)": 10.905555555555555, "Available Memory(Kb)": 7259210.8, "I/O wait(%)": 0.48333333333333334}