Device,kB_read/s,kB_wrtn/s
loop0,0.0,0.0
sda,6.23646408839779,170.44419889502763
