{"Idle(%)": 15.616666666666667, "user+system(%)": 82.52222222222223, "I/O wait(%)": 1.761111111111111, "Available Memory(Kb)": 9144048.466666667}