Device,kB_read/s,kB_wrtn/s
loop0,0.0,0.0
sda,69.78823529411764,379.5882352941176
