{"Disk Write(KB/s)": 355.0993999999999, "Disk Read(KB/s)": 72.78620000000002}