{"%idle": 62.014636363636384, "%iowait": 2.31, "user+system(%)": 34.220630630630644}