{"Available Memory(Kb)": 5532162.872727273, "Idle(%)": 62.03636363636364, "user+system(%)": 35.57272727272727, "I/O wait(%)": 2.3363636363636364}