{"Disk Read(KB/s)": 16.77865555555556, "Disk Write(KB/s)": 266.85355555555526}