{"%iowait": 3.0367955801104975, "%idle": 44.29572222222221, "user+system(%)": 46.292872928176756}