{"user+system(%)": 52.09444444444444, "Available Memory(Kb)": 8934349.955555556, "I/O wait(%)": 3.0166666666666666, "Idle(%)": 44.75}