{"Available Memory(Kb)": 8546793.311111111, "I/O wait(%)": 1.0444444444444445, "user+system(%)": 11.527777777777779, "Idle(%)": 87.40555555555555}