{"%iowait": 29.576036036036037, "user+system(%)": 4.738288288288286, "%idle": 34.45327272727274}