{"Available Memory(Kb)": 2254701.418181818, "I/O wait(%)": 30.263636363636362, "user+system(%)": 35.46363636363636, "Idle(%)": 34.30909090909091}