{"Disk Write(KB/s)": 118.63557777777768, "Disk Read(KB/s)": 0.7903111111111114}