{"user+system(%)": 68.1785082872928, "%iowait": 0.9282872928176794, "%idle": 19.715611111111112}