Device,kB_read/s,kB_wrtn/s
loop0,0.0,0.0
sda,43.458064516129035,996.825806451613
