{"%idle": 1.5756363636363637, "user+system(%)": 96.08360360360362, "%iowait": 0.3122522522522523}