{"Available Memory(Kb)": 2421517.7454545456, "I/O wait(%)": 0.2909090909090909, "user+system(%)": 98.17272727272727, "Idle(%)": 1.5}