Device,kB_read/s,kB_wrtn/s
loop0,0.0,0.0
sda,14.23646408839779,62.196685082872925
