{"%idle": 84.76127777777783, "%iowait": 0.7861325966850821, "user+system(%)": 8.09226519337016}