{"Disk Read(KB/s)": 2.2049333333333343, "Disk Write(KB/s)": 478.9214999999999}