{"user+system(%)": 82.05882882882881, "%idle": 12.03990909090909, "%iowait": 1.7247747747747741}