{"Available Memory(Kb)": 3849665.1272727274, "Idle(%)": 12.763636363636364, "I/O wait(%)": 1.7363636363636363, "user+system(%)": 85.47272727272727}