{
  "AssignmentsList" : {
    "transaction" : "AssignmentsList",
    "sampleCount" : 180,
    "errorCount" : 3,
    "errorPct" : 1.6666666,
    "meanResTime" : 70.88888888888883,
    "medianResTime" : 57.5,
    "minResTime" : 0.0,
    "maxResTime" : 387.0,
    "pct1ResTime" : 122.10000000000005,
    "pct2ResTime" : 211.74999999999972,
    "pct3ResTime" : 377.28,
    "throughput" : 18.34862385321101,
    "receivedKBytesPerSec" : 7.291567119011213,
    "sentKBytesPerSec" : 5.832198490061161
  },
  "Get CSRF Token" : {
    "transaction" : "Get CSRF Token",
    "sampleCount" : 180,
    "errorCount" : 0,
    "errorPct" : 0.0,
    "meanResTime" : 6075.699999999999,
    "medianResTime" : 7414.5,
    "minResTime" : 103.0,
    "maxResTime" : 9168.0,
    "pct1ResTime" : 8460.8,
    "pct2ResTime" : 9047.3,
    "pct3ResTime" : 9137.22,
    "throughput" : 17.10051301539046,
    "receivedKBytesPerSec" : 457.00805594480335,
    "sentKBytesPerSec" : 2.2544621651149535
  },
  "StudentCourses" : {
    "transaction" : "StudentCourses",
    "sampleCount" : 180,
    "errorCount" : 1,
    "errorPct" : 0.5555556,
    "meanResTime" : 136.15555555555562,
    "medianResTime" : 44.5,
    "minResTime" : 3.0,
    "maxResTime" : 3699.0,
    "pct1ResTime" : 330.30000000000007,
    "pct2ResTime" : 423.8499999999995,
    "pct3ResTime" : 2112.2099999999955,
    "throughput" : 15.72189710891781,
    "receivedKBytesPerSec" : 24.190414419381607,
    "sentKBytesPerSec" : 3.817541379159752
  },
  "GetSubmissionId" : {
    "transaction" : "GetSubmissionId",
    "sampleCount" : 1015,
    "errorCount" : 5,
    "errorPct" : 0.49261084,
    "meanResTime" : 2409.292610837437,
    "medianResTime" : 1562.0,
    "minResTime" : 0.0,
    "maxResTime" : 50002.0,
    "pct1ResTime" : 4191.399999999999,
    "pct2ResTime" : 6191.2,
    "pct3ResTime" : 15402.28,
    "throughput" : 3.707803190537248,
    "receivedKBytesPerSec" : 166.0110765768666,
    "sentKBytesPerSec" : 0.8556172533397626
  },
  "TestcasesResults" : {
    "transaction" : "TestcasesResults",
    "sampleCount" : 917,
    "errorCount" : 1,
    "errorPct" : 0.10905126,
    "meanResTime" : 18728.093784078523,
    "medianResTime" : 20001.0,
    "minResTime" : 3404.0,
    "maxResTime" : 79897.0,
    "pct1ResTime" : 24055.6,
    "pct2ResTime" : 25040.3,
    "pct3ResTime" : 39260.07999999999,
    "throughput" : 3.3517674450905925,
    "receivedKBytesPerSec" : 97.0575416252417,
    "sentKBytesPerSec" : 0.810870947815503
  },
  "Total" : {
    "transaction" : "Total",
    "sampleCount" : 4863,
    "errorCount" : 100,
    "errorPct" : 2.0563438,
    "meanResTime" : 7002.903351840428,
    "medianResTime" : 3015.0,
    "minResTime" : 0.0,
    "maxResTime" : 79897.0,
    "pct1ResTime" : 21035.6,
    "pct2ResTime" : 23151.0,
    "pct3ResTime" : 50006.0,
    "throughput" : 15.07224636288688,
    "receivedKBytesPerSec" : 479.17437171369704,
    "sentKBytesPerSec" : 7.421924638380764
  },
  "Upload" : {
    "transaction" : "Upload",
    "sampleCount" : 1028,
    "errorCount" : 69,
    "errorPct" : 6.7120624,
    "meanResTime" : 8462.25583657587,
    "medianResTime" : 3370.5,
    "minResTime" : 0.0,
    "maxResTime" : 74328.0,
    "pct1ResTime" : 20410.4,
    "pct2ResTime" : 50005.0,
    "pct3ResTime" : 69020.81000000001,
    "throughput" : 3.7432317781443327,
    "receivedKBytesPerSec" : 158.00163513207818,
    "sentKBytesPerSec" : 5.189188186608114
  },
  "Course Page" : {
    "transaction" : "Course Page",
    "sampleCount" : 180,
    "errorCount" : 9,
    "errorPct" : 5.0,
    "meanResTime" : 823.555555555556,
    "medianResTime" : 183.5,
    "minResTime" : 0.0,
    "maxResTime" : 5103.0,
    "pct1ResTime" : 4267.500000000002,
    "pct2ResTime" : 4949.849999999998,
    "pct3ResTime" : 5102.19,
    "throughput" : 18.4218606079214,
    "receivedKBytesPerSec" : 568.2970093260669,
    "sentKBytesPerSec" : 5.075906221215843
  },
  "Login" : {
    "transaction" : "Login",
    "sampleCount" : 180,
    "errorCount" : 3,
    "errorPct" : 1.6666666,
    "meanResTime" : 1231.3444444444438,
    "medianResTime" : 567.5,
    "minResTime" : 48.0,
    "maxResTime" : 4604.0,
    "pct1ResTime" : 3839.9,
    "pct2ResTime" : 4047.1,
    "pct3ResTime" : 4586.99,
    "throughput" : 15.56420233463035,
    "receivedKBytesPerSec" : 26.83811608300908,
    "sentKBytesPerSec" : 9.0875621487246
  },
  "RunPractice" : {
    "transaction" : "RunPractice",
    "sampleCount" : 1003,
    "errorCount" : 9,
    "errorPct" : 0.89730805,
    "meanResTime" : 4223.379860418754,
    "medianResTime" : 3170.0,
    "minResTime" : 0.0,
    "maxResTime" : 50003.0,
    "pct1ResTime" : 7170.000000000001,
    "pct2ResTime" : 8936.199999999997,
    "pct3ResTime" : 16108.08000000002,
    "throughput" : 3.6524259682752396,
    "receivedKBytesPerSec" : 102.65750020142055,
    "sentKBytesPerSec" : 0.8526234286921183
  }
}