Device,kB_read/s,kB_wrtn/s
loop0,0.0,0.0
sda,0.10810810810810811,635.1135135135136
