{"Disk Write(KB/s)": 559.7148333333338, "Disk Read(KB/s)": 1.1309999999999998}