{"%iowait": 1.8646846846846843, "user+system(%)": 81.71774774774772, "%idle": 12.611545454545457}