{"user+system(%)": 85.6, "Available Memory(Kb)": 3755382.909090909, "I/O wait(%)": 1.8727272727272728, "Idle(%)": 12.581818181818182}