{"Disk Read(KB/s)": 19.55906666666667, "Disk Write(KB/s)": 704.8166000000006}