{"Available Memory(Kb)": 5678038.0, "user+system(%)": 48.763636363636365, "I/O wait(%)": 2.8363636363636364, "Idle(%)": 48.45454545454545}