Device,kB_read/s,kB_wrtn/s
loop0,0.0,0.0
sda,39.09508196721311,68.01311475409837
Device,kB_read/s,kB_wrtn/s
loop0,0.0,0.0
sda,39.09508196721311,68.01311475409837
Device,kB_read/s,kB_wrtn/s
loop0,0.0,0.0
sda,39.09508196721311,68.01311475409837
