{"Disk Write(KB/s)": 67.54516666666667, "Disk Read(KB/s)": 15.177166666666665}