{"user+system(%)": 11.540000000000006, "%iowait": 0.04720720720720718, "%idle": 25.15827272727272, "%guest": 62.28531531531531, "%sys": 5.114774774774774}