{"user+system(%)": 74.74545454545455, "Available Memory(Kb)": 689652.3636363636, "sys(%)": 5.172727272727273, "Idle(%)": 25.136363636363637, "I/O wait(%)": 0.00909090909090909}