Device,kB_read/s,kB_wrtn/s
loop0,0.0,0.0
sda,410.4129032258065,936.2064516129033
