{"Disk Write(KB/s)": 919.3836666666666, "Disk Read(KB/s)": 408.5300000000003}