{"I/O wait(%)": 0.1, "Idle(%)": 0.6909090909090909, "user+system(%)": 99.16363636363636, "Available Memory(Kb)": 1010821.2363636363}