Device,kB_read/s,kB_wrtn/s
loop0,0.0,0.0
sda,703.5959595959596,496.83232323232323
