{"%iowait": 1.7405405405405392, "%idle": 52.47854545454544, "user+system(%)": 43.72063063063064}