{"Idle(%)": 52.80909090909091, "Available Memory(Kb)": 9638238.727272727, "user+system(%)": 45.5, "I/O wait(%)": 1.8363636363636364}