Device,kB_read/s,kB_wrtn/s
loop0,0.0,0.0
sda,13.070967741935483,852.8645161290323
