{"Disk Write(KB/s)": 841.9544999999999, "Disk Read(KB/s)": 13.242833333333333}