{"%idle": 4.611818181818176, "%iowait": 0.4896396396396397, "user+system(%)": 93.38810810810809}