{"user+system(%)": 94.26363636363637, "I/O wait(%)": 0.5363636363636364, "Idle(%)": 5.1454545454545455, "Available Memory(Kb)": 6473876.472727273}