{"Disk Read(KB/s)": 7.523011111111114, "Disk Write(KB/s)": 326.84312222222235}