{"user+system(%)": 79.59674033149173, "%iowait": 0.7224861878453035, "%idle": 11.984833333333324}