{"Disk Read(KB/s)": 16.949377777777777, "Disk Write(KB/s)": 131.82489999999993}