{"%iowait": 0.6687845303867404, "%idle": 8.20705555555556, "user+system(%)": 78.7272928176796}