{"Disk Read(KB/s)": 3.686666666666666, "Disk Write(KB/s)": 268.49776666666656}