{"%iowait": 2.1767955801104963, "%idle": 53.36261111111109, "user+system(%)": 39.80381215469612}