{"%iowait": 0.5390090090090096, "%idle": 92.88300000000001, "user+system(%)": 5.109189189189185}