{"Idle(%)": 92.82727272727273, "I/O wait(%)": 0.4818181818181818, "user+system(%)": 6.6, "Available Memory(Kb)": 221199.41818181818}