Device,kB_read/s,kB_wrtn/s
loop0,0.0,0.0
sda,210.12032520325204,375.6617886178862
