{"Disk Read(KB/s)": 240.23794444444488, "Disk Write(KB/s)": 400.7359777777784}