{"user+system(%)": 35.79143646408839, "%idle": 55.8127222222222, "%iowait": 5.085856353591162}