{"Idle(%)": 56.12777777777778, "user+system(%)": 38.76111111111111, "I/O wait(%)": 5.088888888888889, "Available Memory(Kb)": 10570506.48888889}