{"Disk Read(KB/s)": 120.32905555555564, "Disk Write(KB/s)": 260.3076999999999}