{"user+system(%)": 40.15, "Idle(%)": 57.47222222222222, "Available Memory(Kb)": 5569272.288888888, "I/O wait(%)": 2.2555555555555555}