Device,kB_read/s,kB_wrtn/s
loop0,0.0,0.0
sda,1236.9944954128441,741.9009174311926
