{"Disk Read(KB/s)": 1273.4837444444427, "Disk Write(KB/s)": 762.7555111111119}