{"user+system(%)": 1.0965745856353588, "%iowait": 6.0532044198894885, "%idle": 92.10705555555556}