{"I/O wait(%)": 6.044444444444444, "Idle(%)": 92.12777777777778, "user+system(%)": 1.8055555555555556, "Available Memory(Kb)": 12767446.311111111}