Device,kB_read/s,kB_wrtn/s
loop0,0.0,0.0
sda,46.308196721311475,808.3147540983607
