{"Disk Read(KB/s)": 45.379400000000025, "Disk Write(KB/s)": 788.4344666666664}