{"%iowait": 1.518288288288288, "user+system(%)": 85.867027027027, "%idle": 10.286090909090909}