{"user+system(%)": 88.04545454545455, "Idle(%)": 10.39090909090909, "I/O wait(%)": 1.5363636363636364, "Available Memory(Kb)": 9152048.145454545}