{
  "AssignmentsList" : {
    "transaction" : "AssignmentsList",
    "sampleCount" : 70,
    "errorCount" : 0,
    "errorPct" : 0.0,
    "meanResTime" : 45.185714285714276,
    "medianResTime" : 42.5,
    "minResTime" : 32.0,
    "maxResTime" : 102.0,
    "pct1ResTime" : 55.9,
    "pct2ResTime" : 65.0,
    "pct3ResTime" : 102.0,
    "throughput" : 38.33515881708652,
    "receivedKBytesPerSec" : 14.744703244797371,
    "sentKBytesPerSec" : 12.466413951259584
  },
  "Get CSRF Token" : {
    "transaction" : "Get CSRF Token",
    "sampleCount" : 70,
    "errorCount" : 0,
    "errorPct" : 0.0,
    "meanResTime" : 46.614285714285714,
    "medianResTime" : 38.0,
    "minResTime" : 28.0,
    "maxResTime" : 170.0,
    "pct1ResTime" : 57.699999999999996,
    "pct2ResTime" : 153.1500000000001,
    "pct3ResTime" : 170.0,
    "throughput" : 34.89531405782652,
    "receivedKBytesPerSec" : 932.5504930520938,
    "sentKBytesPerSec" : 4.668611353439681
  },
  "StudentCourses" : {
    "transaction" : "StudentCourses",
    "sampleCount" : 70,
    "errorCount" : 0,
    "errorPct" : 0.0,
    "meanResTime" : 46.714285714285715,
    "medianResTime" : 42.0,
    "minResTime" : 31.0,
    "maxResTime" : 106.0,
    "pct1ResTime" : 67.9,
    "pct2ResTime" : 80.0,
    "pct3ResTime" : 106.0,
    "throughput" : 37.89929615592853,
    "receivedKBytesPerSec" : 46.8929767866811,
    "sentKBytesPerSec" : 9.25275785056849
  },
  "GetSubmissionId" : {
    "transaction" : "GetSubmissionId",
    "sampleCount" : 511,
    "errorCount" : 0,
    "errorPct" : 0.0,
    "meanResTime" : 1388.3268101761257,
    "medianResTime" : 1156.0,
    "minResTime" : 310.0,
    "maxResTime" : 7988.0,
    "pct1ResTime" : 2598.8,
    "pct2ResTime" : 3155.399999999999,
    "pct3ResTime" : 4707.04,
    "throughput" : 1.8766135755180886,
    "receivedKBytesPerSec" : 81.5019425739261,
    "sentKBytesPerSec" : 0.4379986763172102
  },
  "TestcasesResults" : {
    "transaction" : "TestcasesResults",
    "sampleCount" : 474,
    "errorCount" : 1,
    "errorPct" : 0.21097046,
    "meanResTime" : 18552.930379746842,
    "medianResTime" : 18716.5,
    "minResTime" : 9739.0,
    "maxResTime" : 26461.0,
    "pct1ResTime" : 21833.5,
    "pct2ResTime" : 22635.5,
    "pct3ResTime" : 24957.5,
    "throughput" : 1.7033754864861952,
    "receivedKBytesPerSec" : 49.22097355186131,
    "sentKBytesPerSec" : 0.41332586422049006
  },
  "Total" : {
    "transaction" : "Total",
    "sampleCount" : 2358,
    "errorCount" : 3,
    "errorPct" : 0.12722646,
    "meanResTime" : 5515.10390161153,
    "medianResTime" : 2300.5,
    "minResTime" : 28.0,
    "maxResTime" : 26461.0,
    "pct1ResTime" : 18757.4,
    "pct2ResTime" : 20169.999999999985,
    "pct3ResTime" : 22849.549999999992,
    "throughput" : 7.355969003855801,
    "receivedKBytesPerSec" : 240.47638919272296,
    "sentKBytesPerSec" : 3.631958515048853
  },
  "Upload" : {
    "transaction" : "Upload",
    "sampleCount" : 516,
    "errorCount" : 1,
    "errorPct" : 0.19379845,
    "meanResTime" : 3693.0813953488364,
    "medianResTime" : 2253.5,
    "minResTime" : 651.0,
    "maxResTime" : 23095.0,
    "pct1ResTime" : 7447.900000000009,
    "pct2ResTime" : 15097.449999999999,
    "pct3ResTime" : 22535.77,
    "throughput" : 1.8677786465120318,
    "receivedKBytesPerSec" : 81.41551833685351,
    "sentKBytesPerSec" : 2.5317686105953
  },
  "Course Page" : {
    "transaction" : "Course Page",
    "sampleCount" : 70,
    "errorCount" : 0,
    "errorPct" : 0.0,
    "meanResTime" : 86.78571428571429,
    "medianResTime" : 79.5,
    "minResTime" : 66.0,
    "maxResTime" : 162.0,
    "pct1ResTime" : 118.69999999999999,
    "pct2ResTime" : 145.0,
    "pct3ResTime" : 162.0,
    "throughput" : 37.373198077949816,
    "receivedKBytesPerSec" : 1209.727876401495,
    "sentKBytesPerSec" : 10.912681860651361
  },
  "Login" : {
    "transaction" : "Login",
    "sampleCount" : 70,
    "errorCount" : 0,
    "errorPct" : 0.0,
    "meanResTime" : 136.37142857142857,
    "medianResTime" : 121.5,
    "minResTime" : 96.0,
    "maxResTime" : 293.0,
    "pct1ResTime" : 198.2,
    "pct2ResTime" : 249.50000000000003,
    "pct3ResTime" : 293.0,
    "throughput" : 36.17571059431524,
    "receivedKBytesPerSec" : 61.92062338501292,
    "sentKBytesPerSec" : 21.470243863049095
  },
  "RunPractice" : {
    "transaction" : "RunPractice",
    "sampleCount" : 507,
    "errorCount" : 1,
    "errorPct" : 0.19723865,
    "meanResTime" : 3096.9309664694247,
    "medianResTime" : 2582.0,
    "minResTime" : 2141.0,
    "maxResTime" : 11331.0,
    "pct1ResTime" : 4645.8,
    "pct2ResTime" : 5603.799999999997,
    "pct3ResTime" : 7507.600000000007,
    "throughput" : 1.8583477199502976,
    "receivedKBytesPerSec" : 52.5411622187279,
    "sentKBytesPerSec" : 0.43736503955861494
  }
}