Device,kB_read/s,kB_wrtn/s
loop0,0.0,0.0
sda,23.463736263736262,482.9054945054945
