{"Disk Read(KB/s)": 20.103311111111108, "Disk Write(KB/s)": 443.4753111111109}