{"user+system(%)": 78.65038674033153, "%idle": 14.398444444444445, "%iowait": 0.9929281767955797}