Device,kB_read/s,kB_wrtn/s
loop0,0.0,0.0
sda,556.2266666666667,69.74666666666667
