{"Disk Write(KB/s)": 68.5633333333333, "Disk Read(KB/s)": 547.6723333333334}