{"%idle": 98.27436363636366, "%iowait": 0.08846846846846847, "user+system(%)": 1.4843243243243243}