{"Available Memory(Kb)": 8560796.690909091, "I/O wait(%)": 0.02727272727272727, "user+system(%)": 1.4545454545454546, "Idle(%)": 98.34545454545454}