Device,kB_read/s,kB_wrtn/s
loop0,0.0,0.0
sda,114.08539325842696,313.07865168539325
