{"Disk Read(KB/s)": 264.30023333333355, "Disk Write(KB/s)": 274.34533333333343}