{"%iowait": 1.2232432432432425, "%idle": 72.1423636363636, "user+system(%)": 25.464324324324327}