{"Idle(%)": 72.0909090909091, "Available Memory(Kb)": 4664986.8, "I/O wait(%)": 1.1181818181818182, "user+system(%)": 26.645454545454545}