Device,kB_read/s,kB_wrtn/s
loop0,0.0,0.0
sda,0.07868852459016394,52.3672131147541
