{"user+system(%)": 25.305585585585593, "%iowait": 0.02027027027027027, "%idle": 74.03700000000003}