{"I/O wait(%)": 0.0, "Available Memory(Kb)": 3405321.890909091, "Idle(%)": 73.87272727272727, "user+system(%)": 26.072727272727274}