{
  "Login_user1" : {
    "transaction" : "Login_user1",
    "sampleCount" : 1,
    "errorCount" : 0,
    "errorPct" : 0.0,
    "meanResTime" : 106.0,
    "medianResTime" : 106.0,
    "minResTime" : 106.0,
    "maxResTime" : 106.0,
    "pct1ResTime" : 106.0,
    "pct2ResTime" : 106.0,
    "pct3ResTime" : 106.0,
    "throughput" : 9.433962264150942,
    "receivedKBytesPerSec" : 16.13170695754717,
    "sentKBytesPerSec" : 5.546137971698113
  },
  "Upload_2_user1-0" : {
    "transaction" : "Upload_2_user1-0",
    "sampleCount" : 7,
    "errorCount" : 0,
    "errorPct" : 0.0,
    "meanResTime" : 315.7142857142857,
    "medianResTime" : 293.0,
    "minResTime" : 284.0,
    "maxResTime" : 374.0,
    "pct1ResTime" : 374.0,
    "pct2ResTime" : 374.0,
    "pct3ResTime" : 374.0,
    "throughput" : 0.009181676521666134,
    "receivedKBytesPerSec" : 0.0020981565488963623,
    "sentKBytesPerSec" : 0.009556987796896068
  },
  "Upload_2_user1-1" : {
    "transaction" : "Upload_2_user1-1",
    "sampleCount" : 7,
    "errorCount" : 0,
    "errorPct" : 0.0,
    "meanResTime" : 328.85714285714283,
    "medianResTime" : 327.0,
    "minResTime" : 289.0,
    "maxResTime" : 397.0,
    "pct1ResTime" : 397.0,
    "pct2ResTime" : 397.0,
    "pct3ResTime" : 397.0,
    "throughput" : 0.009180990104204237,
    "receivedKBytesPerSec" : 0.3906493357717606,
    "sentKBytesPerSec" : 0.0021248971237269572
  },
  "TestcasesResults_2_145113_user1" : {
    "transaction" : "TestcasesResults_2_145113_user1",
    "sampleCount" : 1,
    "errorCount" : 0,
    "errorPct" : 0.0,
    "meanResTime" : 5310.0,
    "medianResTime" : 5310.0,
    "minResTime" : 5310.0,
    "maxResTime" : 5310.0,
    "pct1ResTime" : 5310.0,
    "pct2ResTime" : 5310.0,
    "pct3ResTime" : 5310.0,
    "throughput" : 0.18832391713747645,
    "receivedKBytesPerSec" : 5.457715395480227,
    "sentKBytesPerSec" : 0.045609698681732584
  },
  "GetSubmissionId_2_user1" : {
    "transaction" : "GetSubmissionId_2_user1",
    "sampleCount" : 7,
    "errorCount" : 0,
    "errorPct" : 0.0,
    "meanResTime" : 308.8571428571429,
    "medianResTime" : 289.0,
    "minResTime" : 288.0,
    "maxResTime" : 370.0,
    "pct1ResTime" : 370.0,
    "pct2ResTime" : 370.0,
    "pct3ResTime" : 370.0,
    "throughput" : 0.00918108643730564,
    "receivedKBytesPerSec" : 0.3908429995691447,
    "sentKBytesPerSec" : 0.0021249194195717153
  },
  "TestcasesResults_2_145112_user1" : {
    "transaction" : "TestcasesResults_2_145112_user1",
    "sampleCount" : 1,
    "errorCount" : 0,
    "errorPct" : 0.0,
    "meanResTime" : 5323.0,
    "medianResTime" : 5323.0,
    "minResTime" : 5323.0,
    "maxResTime" : 5323.0,
    "pct1ResTime" : 5323.0,
    "pct2ResTime" : 5323.0,
    "pct3ResTime" : 5323.0,
    "throughput" : 0.187863986473793,
    "receivedKBytesPerSec" : 5.44438638925418,
    "sentKBytesPerSec" : 0.045498309224121736
  },
  "RunPractice_2_145114_user1 1629311754768" : {
    "transaction" : "RunPractice_2_145114_user1 1629311754768",
    "sampleCount" : 1,
    "errorCount" : 0,
    "errorPct" : 0.0,
    "meanResTime" : 2117.0,
    "medianResTime" : 2117.0,
    "minResTime" : 2117.0,
    "maxResTime" : 2117.0,
    "pct1ResTime" : 2117.0,
    "pct2ResTime" : 2117.0,
    "pct3ResTime" : 2117.0,
    "throughput" : 0.4723665564478035,
    "receivedKBytesPerSec" : 13.381720152338215,
    "sentKBytesPerSec" : 0.11071091166745395
  },
  "AssignmentsList_6_user1" : {
    "transaction" : "AssignmentsList_6_user1",
    "sampleCount" : 1,
    "errorCount" : 0,
    "errorPct" : 0.0,
    "meanResTime" : 38.0,
    "medianResTime" : 38.0,
    "minResTime" : 38.0,
    "maxResTime" : 38.0,
    "pct1ResTime" : 38.0,
    "pct2ResTime" : 38.0,
    "pct3ResTime" : 38.0,
    "throughput" : 26.31578947368421,
    "receivedKBytesPerSec" : 10.20250822368421,
    "sentKBytesPerSec" : 8.506373355263158
  },
  "Course Page_6_user1" : {
    "transaction" : "Course Page_6_user1",
    "sampleCount" : 1,
    "errorCount" : 0,
    "errorPct" : 0.0,
    "meanResTime" : 82.0,
    "medianResTime" : 82.0,
    "minResTime" : 82.0,
    "maxResTime" : 82.0,
    "pct1ResTime" : 82.0,
    "pct2ResTime" : 82.0,
    "pct3ResTime" : 82.0,
    "throughput" : 12.195121951219512,
    "receivedKBytesPerSec" : 394.8051638719512,
    "sentKBytesPerSec" : 3.537061737804878
  },
  "RunPractice_2_145113_user1 1629311627935" : {
    "transaction" : "RunPractice_2_145113_user1 1629311627935",
    "sampleCount" : 1,
    "errorCount" : 0,
    "errorPct" : 0.0,
    "meanResTime" : 2112.0,
    "medianResTime" : 2112.0,
    "minResTime" : 2112.0,
    "maxResTime" : 2112.0,
    "pct1ResTime" : 2112.0,
    "pct2ResTime" : 2112.0,
    "pct3ResTime" : 2112.0,
    "throughput" : 0.4734848484848485,
    "receivedKBytesPerSec" : 13.413400361032195,
    "sentKBytesPerSec" : 0.11097301136363635
  },
  "Upload_2_user1" : {
    "transaction" : "Upload_2_user1",
    "sampleCount" : 7,
    "errorCount" : 0,
    "errorPct" : 0.0,
    "meanResTime" : 645.2857142857142,
    "medianResTime" : 639.0,
    "minResTime" : 577.0,
    "maxResTime" : 723.0,
    "pct1ResTime" : 723.0,
    "pct2ResTime" : 723.0,
    "pct3ResTime" : 723.0,
    "throughput" : 0.009177475328979714,
    "receivedKBytesPerSec" : 0.3925969792831605,
    "sentKBytesPerSec" : 0.011676698521246512
  },
  "Get CSRF Token" : {
    "transaction" : "Get CSRF Token",
    "sampleCount" : 1,
    "errorCount" : 0,
    "errorPct" : 0.0,
    "meanResTime" : 104.0,
    "medianResTime" : 104.0,
    "minResTime" : 104.0,
    "maxResTime" : 104.0,
    "pct1ResTime" : 104.0,
    "pct2ResTime" : 104.0,
    "pct3ResTime" : 104.0,
    "throughput" : 9.615384615384617,
    "receivedKBytesPerSec" : 256.96739783653845,
    "sentKBytesPerSec" : 1.2676532451923077
  },
  "TestcasesResults_2_145111_user1" : {
    "transaction" : "TestcasesResults_2_145111_user1",
    "sampleCount" : 1,
    "errorCount" : 0,
    "errorPct" : 0.0,
    "meanResTime" : 5337.0,
    "medianResTime" : 5337.0,
    "minResTime" : 5337.0,
    "maxResTime" : 5337.0,
    "pct1ResTime" : 5337.0,
    "pct2ResTime" : 5337.0,
    "pct3ResTime" : 5337.0,
    "throughput" : 0.18737118231216038,
    "receivedKBytesPerSec" : 5.430104693648117,
    "sentKBytesPerSec" : 0.045378958216226346
  },
  "StudentCourses_user1" : {
    "transaction" : "StudentCourses_user1",
    "sampleCount" : 1,
    "errorCount" : 0,
    "errorPct" : 0.0,
    "meanResTime" : 27.0,
    "medianResTime" : 27.0,
    "minResTime" : 27.0,
    "maxResTime" : 27.0,
    "pct1ResTime" : 27.0,
    "pct2ResTime" : 27.0,
    "pct3ResTime" : 27.0,
    "throughput" : 37.03703703703704,
    "receivedKBytesPerSec" : 46.187789351851855,
    "sentKBytesPerSec" : 8.969907407407408
  },
  "RunPractice_2_145110_user1 1629311247550" : {
    "transaction" : "RunPractice_2_145110_user1 1629311247550",
    "sampleCount" : 1,
    "errorCount" : 0,
    "errorPct" : 0.0,
    "meanResTime" : 2183.0,
    "medianResTime" : 2183.0,
    "minResTime" : 2183.0,
    "maxResTime" : 2183.0,
    "pct1ResTime" : 2183.0,
    "pct2ResTime" : 2183.0,
    "pct3ResTime" : 2183.0,
    "throughput" : 0.45808520384791573,
    "receivedKBytesPerSec" : 12.97714226408612,
    "sentKBytesPerSec" : 0.10736371965185525
  },
  "TestcasesResults_2_145110_user1" : {
    "transaction" : "TestcasesResults_2_145110_user1",
    "sampleCount" : 1,
    "errorCount" : 0,
    "errorPct" : 0.0,
    "meanResTime" : 5372.0,
    "medianResTime" : 5372.0,
    "minResTime" : 5372.0,
    "maxResTime" : 5372.0,
    "pct1ResTime" : 5372.0,
    "pct2ResTime" : 5372.0,
    "pct3ResTime" : 5372.0,
    "throughput" : 0.18615040953090098,
    "receivedKBytesPerSec" : 5.394726126209978,
    "sentKBytesPerSec" : 0.04508330230826508
  },
  "RunPractice_2_145111_user1 1629311374415" : {
    "transaction" : "RunPractice_2_145111_user1 1629311374415",
    "sampleCount" : 1,
    "errorCount" : 0,
    "errorPct" : 0.0,
    "meanResTime" : 2137.0,
    "medianResTime" : 2137.0,
    "minResTime" : 2137.0,