Device,kB_read/s,kB_wrtn/s
loop0,0.0,0.0
sda,1714.7491712707183,428.8662983425414
