Device,kB_read/s,kB_wrtn/s
loop0,0.0,0.0
sda,39.867379679144385,421.1336898395722
