{"user+system(%)": 22.522222222222222, "Idle(%)": 76.65, "Available Memory(Kb)": 7313050.022222222, "I/O wait(%)": 0.7833333333333333}