{"Disk Write(KB/s)": 298.5803000000002, "Disk Read(KB/s)": 12.268833333333344}