{"user+system(%)": 61.11531531531531, "%iowait": 1.8630630630630634, "%idle": 34.23563636363637}