{"Available Memory(Kb)": 9610536.8, "user+system(%)": 63.63636363636363, "I/O wait(%)": 1.9, "Idle(%)": 34.57272727272727}