Device,kB_read/s,kB_wrtn/s
loop0,0.0,0.0
sda,16.81311475409836,434.71475409836063
Device,kB_read/s,kB_wrtn/s
loop0,0.0,0.0
sda,16.81311475409836,434.71475409836063
