{"Disk Read(KB/s)": 16.75483333333333, "Disk Write(KB/s)": 428.0481666666666}