{"%guest": 0.0, "%iowait": 1.2572072072072065, "user+system(%)": 45.827567567567584, "%sys": 4.593693693693695, "%idle": 51.975000000000016}