{"Available Memory(Kb)": 7177931.709090909, "Idle(%)": 52.6, "user+system(%)": 46.10909090909091, "sys(%)": 4.927272727272728, "I/O wait(%)": 1.2454545454545454}