{
  "Login_user1" : {
    "transaction" : "Login_user1",
    "sampleCount" : 1,
    "errorCount" : 0,
    "errorPct" : 0.0,
    "meanResTime" : 141.0,
    "medianResTime" : 141.0,
    "minResTime" : 141.0,
    "maxResTime" : 141.0,
    "pct1ResTime" : 141.0,
    "pct2ResTime" : 141.0,
    "pct3ResTime" : 141.0,
    "throughput" : 7.092198581560283,
    "receivedKBytesPerSec" : 12.127382535460994,
    "sentKBytesPerSec" : 4.169437056737589
  },
  "Upload_2_user1-0" : {
    "transaction" : "Upload_2_user1-0",
    "sampleCount" : 2,
    "errorCount" : 0,
    "errorPct" : 0.0,
    "meanResTime" : 272.0,
    "medianResTime" : 272.0,
    "minResTime" : 245.0,
    "maxResTime" : 299.0,
    "pct1ResTime" : 299.0,
    "pct2ResTime" : 299.0,
    "pct3ResTime" : 299.0,
    "throughput" : 0.015488507527414657,
    "receivedKBytesPerSec" : 0.0035393659779443657,
    "sentKBytesPerSec" : 0.016154029335233258
  },
  "Upload_2_user1-1" : {
    "transaction" : "Upload_2_user1-1",
    "sampleCount" : 2,
    "errorCount" : 0,
    "errorPct" : 0.0,
    "meanResTime" : 236.5,
    "medianResTime" : 236.5,
    "minResTime" : 224.0,
    "maxResTime" : 249.0,
    "pct1ResTime" : 249.0,
    "pct2ResTime" : 249.0,
    "pct3ResTime" : 249.0,
    "throughput" : 0.015497628862783995,
    "receivedKBytesPerSec" : 0.6593681108196696,
    "sentKBytesPerSec" : 0.0035868535551560614
  },
  "TestcasesResults_2_91691_user1" : {
    "transaction" : "TestcasesResults_2_91691_user1",
    "sampleCount" : 1,
    "errorCount" : 0,
    "errorPct" : 0.0,
    "meanResTime" : 5317.0,
    "medianResTime" : 5317.0,
    "minResTime" : 5317.0,
    "maxResTime" : 5317.0,
    "pct1ResTime" : 5317.0,
    "pct2ResTime" : 5317.0,
    "pct3ResTime" : 5317.0,
    "throughput" : 0.1880759826970096,
    "receivedKBytesPerSec" : 7.5140395782396086,
    "sentKBytesPerSec" : 0.04536598410757946
  },
  "GetSubmissionId_2_user1" : {
    "transaction" : "GetSubmissionId_2_user1",
    "sampleCount" : 2,
    "errorCount" : 0,
    "errorPct" : 0.0,
    "meanResTime" : 270.0,
    "medianResTime" : 270.0,
    "minResTime" : 270.0,
    "maxResTime" : 270.0,
    "pct1ResTime" : 270.0,
    "pct2ResTime" : 270.0,
    "pct3ResTime" : 270.0,
    "throughput" : 0.015494987371585292,
    "receivedKBytesPerSec" : 0.6593086862962331,
    "sentKBytesPerSec" : 0.0035862421944001114
  },
  "AssignmentsList_6_user1" : {
    "transaction" : "AssignmentsList_6_user1",
    "sampleCount" : 1,
    "errorCount" : 0,
    "errorPct" : 0.0,
    "meanResTime" : 40.0,
    "medianResTime" : 40.0,
    "minResTime" : 40.0,
    "maxResTime" : 40.0,
    "pct1ResTime" : 40.0,
    "pct2ResTime" : 40.0,
    "pct3ResTime" : 40.0,
    "throughput" : 25.0,
    "receivedKBytesPerSec" : 9.6923828125,
    "sentKBytesPerSec" : 8.0810546875
  },
  "Course Page_6_user1" : {
    "transaction" : "Course Page_6_user1",
    "sampleCount" : 1,
    "errorCount" : 0,
    "errorPct" : 0.0,
    "meanResTime" : 94.0,
    "medianResTime" : 94.0,
    "minResTime" : 94.0,
    "maxResTime" : 94.0,
    "pct1ResTime" : 94.0,
    "pct2ResTime" : 94.0,
    "pct3ResTime" : 94.0,
    "throughput" : 10.638297872340425,
    "receivedKBytesPerSec" : 344.40450465425533,
    "sentKBytesPerSec" : 3.0855219414893615
  },
  "RunPractice_2_91691_user1 1628191448533" : {
    "transaction" : "RunPractice_2_91691_user1 1628191448533",
    "sampleCount" : 1,
    "errorCount" : 0,
    "errorPct" : 0.0,
    "meanResTime" : 2093.0,
    "medianResTime" : 2093.0,
    "minResTime" : 2093.0,
    "maxResTime" : 2093.0,
    "pct1ResTime" : 2093.0,
    "pct2ResTime" : 2093.0,
    "pct3ResTime" : 2093.0,
    "throughput" : 0.47778308647873863,
    "receivedKBytesPerSec" : 13.537498506927856,
    "sentKBytesPerSec" : 0.11151382584806498
  },
  "Upload_2_user1" : {
    "transaction" : "Upload_2_user1",
    "sampleCount" : 2,
    "errorCount" : 0,
    "errorPct" : 0.0,
    "meanResTime" : 509.0,
    "medianResTime" : 509.0,
    "minResTime" : 469.0,
    "maxResTime" : 549.0,
    "pct1ResTime" : 549.0,
    "pct2ResTime" : 549.0,
    "pct3ResTime" : 549.0,
    "throughput" : 0.015461685942235142,
    "receivedKBytesPerSec" : 0.6613721062488404,
    "sentKBytesPerSec" : 0.019704589994743026
  },
  "RunPractice_2_91690_user1 1628191319729" : {
    "transaction" : "RunPractice_2_91690_user1 1628191319729",
    "sampleCount" : 1,
    "errorCount" : 0,
    "errorPct" : 0.0,
    "meanResTime" : 2133.0,
    "medianResTime" : 2133.0,
    "minResTime" : 2133.0,
    "maxResTime" : 2133.0,
    "pct1ResTime" : 2133.0,
    "pct2ResTime" : 2133.0,
    "pct3ResTime" : 2133.0,
    "throughput" : 0.46882325363338023,
    "receivedKBytesPerSec" : 13.283630743084856,
    "sentKBytesPerSec" : 0.10942261486169715
  },
  "Get CSRF Token" : {
    "transaction" : "Get CSRF Token",
    "sampleCount" : 1,
    "errorCount" : 0,
    "errorPct" : 0.0,
    "meanResTime" : 106.0,
    "medianResTime" : 106.0,
    "minResTime" : 106.0,
    "maxResTime" : 106.0,
    "pct1ResTime" : 106.0,
    "pct2ResTime" : 106.0,
    "pct3ResTime" : 106.0,
    "throughput" : 9.433962264150942,
    "receivedKBytesPerSec" : 252.11895636792454,
    "sentKBytesPerSec" : 1.2437352594339623
  },
  "Login_user1-0" : {
    "transaction" : "Login_user1-0",
    "sampleCount" : 1,
    "errorCount" : 0,
    "errorPct" : 0.0,
    "meanResTime" : 120.0,
    "medianResTime" : 120.0,
    "minResTime" : 120.0,
    "maxResTime" : 120.0,
    "pct1ResTime" : 120.0,
    "pct2ResTime" : 120.0,
    "pct3ResTime" : 120.0,
    "throughput" : 8.333333333333334,
    "receivedKBytesPerSec" : 4.036458333333334,
    "sentKBytesPerSec" : 2.880859375
  },
  "StudentCourses_user1" : {
    "transaction" : "StudentCourses_user1",
    "sampleCount" : 1,
    "errorCount" : 0,
    "errorPct" : 0.0,
    "meanResTime" : 23.0,
    "medianResTime" : 23.0,
    "minResTime" : 23.0,
    "maxResTime" : 23.0,
    "pct1ResTime" : 23.0,
    "pct2ResTime" : 23.0,
    "pct3ResTime" : 23.0,
    "throughput" : 43.47826086956522,
    "receivedKBytesPerSec" : 53.96569293478261,
    "sentKBytesPerSec" : 10.529891304347826
  },
  "Login_user1-1" : {
    "transaction" : "Login_user1-1",
    "sampleCount" : 1,
    "errorCount" : 0,
    "errorPct" : 0.0,
    "meanResTime" : 17.0,
    "medianResTime" : 17.0,
    "minResTime" : 17.0,
    "maxResTime" : 17.0,
    "pct1ResTime" : 17.0,
    "pct2ResTime" : 17.0,
    "pct3ResTime" : 17.0,
    "throughput" : 58.8235294117647,
    "receivedKBytesPerSec" : 72.09329044117646,
    "sentKBytesPerSec" : 14.246323529411764
  },
  "Total" : {
    "transaction" : "Total",
    "sampleCount" : 20,
    "errorCount" : 0,
    "errorPct" : 0.0,
    "meanResTime" : 961.5500000000001,
    "medianResTime" : 247.0,
    "minResTime" : 17.0,
    "maxResTime" : 6552.0,
    "pct1ResTime" : 4998.600000000007,
    "pct2ResTime" : 6490.249999999999,
    "pct3ResTime" : 6552.0,
    "throughput" : 0.0737775974325396,
    "receivedKBytesPerSec" : 1.6855191003283105,
    "sentKBytesPerSec" : 0.03199310755851486
  },
  "TestcasesResults_2_91690_user1" : {
    "transaction" : "TestcasesResults_2_91690_user1",
    "sampleCount" : 1,
    "errorCount" : 0,
    "errorPct" : 0.0,
    "meanResTime" : 6552.0,
    "medianResTime" : 6552.0,
    "minResTime" : 6552.0,
    "maxResTime" : 6552.0,
    "pct1ResTime" : 6552.0,
    "pct2ResTime" : 6552.0,
    "pct3ResTime" : 6552.0,
    "throughput" : 0.15262515262515264,
    "receivedKBytesPerSec" : 6.097702752976191,
    "sentKBytesPerSec" : 0.036814856150793655
  },
  "Get solutions folder" : {
    "transaction" : "Get solutions folder",
    "sampleCount" : 1,
    "errorCount" : 0,
    "errorPct" : 0.0,
    "meanResTime" : 20.0,
    "medianResTime" : 20.0,
    "minResTime" : 20.0,
    "maxResTime" : 20.0,
    "pct1ResTime" : 20.0,
    "pct2ResTime" : 20.0,
    "pct3ResTime" : 20.0,
    "throughput" : 50.0,
    "receivedKBytesPerSec" : 0.0,
    "sentKBytesPerSec" : 0.0
  }
}