Device,kB_read/s,kB_wrtn/s
loop0,0.0,0.0
sda,335.67792207792206,288.17662337662335
Device,kB_read/s,kB_wrtn/s
loop0,0.0,0.0
sda,335.67792207792206,288.17662337662335
