{"Disk Read(KB/s)": 403.30613333333326, "Disk Write(KB/s)": 268.69839999999994}