{"%iowait": 3.246216216216215, "%idle": 23.46327272727273, "user+system(%)": 69.95522522522519}