{"I/O wait(%)": 3.3545454545454545, "Idle(%)": 24.327272727272728, "user+system(%)": 72.57272727272728, "Available Memory(Kb)": 10146587.309090909}