Device,kB_read/s,kB_wrtn/s
loop0,0.0,0.0
sda,616.2319218241042,821.9153094462541
