{"Disk Write(KB/s)": 1052.4655111111106, "Disk Read(KB/s)": 874.8459222222202}