{"%iowait": 3.3917127071823217, "user+system(%)": 12.090552486187843, "%idle": 83.40849999999995}