{"Idle(%)": 83.50555555555556, "user+system(%)": 13.11111111111111, "I/O wait(%)": 3.388888888888889, "Available Memory(Kb)": 10885580.822222222}