Device,kB_read/s,kB_wrtn/s
loop0,0.0,0.0
sda,696.7870967741935,1039.316129032258
