{"Disk Write(KB/s)": 1024.5938333333334, "Disk Read(KB/s)": 698.0766666666669}