{"%idle": 1.1305454545454543, "%sys": 7.512342342342347, "%guest": 0.0, "user+system(%)": 96.56387387387385, "%iowait": 0.3090990990990994}