{"user+system(%)": 98.48181818181818, "Idle(%)": 1.0727272727272728, "Available Memory(Kb)": 494822.7272727273, "I/O wait(%)": 0.32727272727272727, "sys(%)": 8.418181818181818}