Device,kB_read/s,kB_wrtn/s
loop0,0.0,0.0
sda,164.4879120879121,539.3450549450549
