{"Disk Write(KB/s)": 521.0164888888888, "Disk Read(KB/s)": 143.94436666666672}