{"user+system(%)": 66.50287292817681, "%iowait": 3.5506629834254135, "%idle": 25.178611111111113}