{"user+system(%)": 70.89444444444445, "Available Memory(Kb)": 6437307.022222222, "Idle(%)": 25.56111111111111, "I/O wait(%)": 3.577777777777778}