Device,kB_read/s,kB_wrtn/s
loop0,0.0,0.0
sda,38.58360655737705,757.4251366120219
