{"Disk Write(KB/s)": 648.518366666666, "Disk Read(KB/s)": 30.896544444444448}