{"%iowait": 1.2882872928176803, "user+system(%)": 45.62944751381216, "%idle": 51.1191111111111}