{"Available Memory(Kb)": 6903713.822222223, "Idle(%)": 51.083333333333336, "user+system(%)": 47.62222222222222, "I/O wait(%)": 1.2666666666666666}