Device,kB_read/s,kB_wrtn/s
loop0,0.0,0.0
sda,97.26560846560847,563.6444444444444
