{"I/O wait(%)": 2.8444444444444446, "Idle(%)": 24.6, "Available Memory(Kb)": 7869498.444444444, "user+system(%)": 72.63888888888889}