Device,kB_read/s,kB_wrtn/s
loop0,0.0,0.0
sda,442.8137931034483,50.84137931034483
