{"Disk Write(KB/s)": 48.47600000000002, "Disk Read(KB/s)": 400.1491666666668}