{"%idle": 98.81400000000002, "user+system(%)": 1.007747747747748, "%iowait": 0.06549549549549549}