{"Available Memory(Kb)": 8127818.1454545455, "Idle(%)": 98.77272727272727, "I/O wait(%)": 0.01818181818181818, "user+system(%)": 0.9454545454545454}