Device,kB_read/s,kB_wrtn/s
loop0,0.0,0.0
sda,0.4022099447513812,174.97458563535912
