{"%iowait": 1.3609944751381213, "%idle": 12.809999999999988, "user+system(%)": 74.10823204419887}