{"user+system(%)": 48.47144144144144, "%idle": 46.85727272727273, "%iowait": 2.619189189189188}