Device,kB_read/s,kB_wrtn/s
loop0,0.0,0.0
sda,48.05245901639344,598.727868852459
