{"user+system(%)": 15.56009009009008, "%sys": 6.195765765765767, "%iowait": 1.184414414414414, "%idle": 15.419636363636362, "%guest": 66.78783783783783}