{"Idle(%)": 15.445454545454545, "Available Memory(Kb)": 3172913.709090909, "I/O wait(%)": 1.2, "sys(%)": 6.327272727272727, "user+system(%)": 83.36363636363636}