Device,kB_read/s,kB_wrtn/s
loop0,0.0,0.0
sda,0.23425414364640884,204.95911602209944
