{"%iowait": 0.7058011049723751, "user+system(%)": 6.893977900552487, "%idle": 90.74572222222226}