Device,kB_read/s,kB_wrtn/s
loop0,0.0,0.0
sda,58.70422535211268,372.14647887323946
