{"Disk Write(KB/s)": 339.1914333333332, "Disk Read(KB/s)": 59.93236666666667}