{"%iowait": 1.8103603603603593, "%idle": 59.5841818181818, "user+system(%)": 37.09522522522524}