{"user+system(%)": 38.4, "I/O wait(%)": 1.8818181818181818, "Available Memory(Kb)": 4980020.763636364, "Idle(%)": 59.654545454545456}