{"Idle(%)": 23.288888888888888, "user+system(%)": 74.03333333333333, "Available Memory(Kb)": 7006398.2, "I/O wait(%)": 2.661111111111111}