Device,kB_read/s,kB_wrtn/s
loop0,0.0,0.0
sda,117.31147540983606,721.7836065573771
Device,kB_read/s,kB_wrtn/s
loop0,0.0,0.0
sda,117.31147540983606,721.7836065573771
