{"Disk Write(KB/s)": 702.1736666666667, "Disk Read(KB/s)": 115.95016666666666}