{"%idle": 1.0547272727272734, "user+system(%)": 96.98963963963965, "%iowait": 0.1863063063063063, "%guest": 0.0, "%sys": 8.016756756756752}