{"user+system(%)": 98.73636363636363, "Idle(%)": 1.0272727272727273, "sys(%)": 8.827272727272728, "Available Memory(Kb)": 6284365.636363637, "I/O wait(%)": 0.15454545454545454}