Device,kB_read/s,kB_wrtn/s
loop0,0.0,0.0
sda,33.75737704918033,848.6819672131147
