{"%iowait": 0.592252252252253, "user+system(%)": 93.42810810810813, "%idle": 4.388090909090907}