{"user+system(%)": 95.06363636363636, "I/O wait(%)": 0.5454545454545454, "Idle(%)": 4.281818181818182, "Available Memory(Kb)": 2645578.8363636364}