Device,kB_read/s,kB_wrtn/s
loop0,0.0,0.0
sda,18.96551724137931,82.95172413793104
Device,kB_read/s,kB_wrtn/s
loop0,0.0,0.0
sda,18.96551724137931,82.95172413793104
