{"Disk Write(KB/s)": 81.70349999999998, "Disk Read(KB/s)": 18.170166666666663}