{"%guest": 0.0, "%iowait": 0.19441441441441434, "%sys": 0.5055855855855856, "%idle": 95.03418181818182, "user+system(%)": 4.580990990990991}