{"I/O wait(%)": 0.16363636363636364, "Available Memory(Kb)": 8261523.454545454, "Idle(%)": 95.14545454545454, "sys(%)": 0.4818181818181818, "user+system(%)": 4.5636363636363635}