Device,kB_read/s,kB_wrtn/s
loop0,0.0,0.0
sda,25.714285714285715,311.8489795918367
