{"Disk Write(KB/s)": 314.2500666666666, "Disk Read(KB/s)": 26.19842222222223}