{"%iowait": 0.7111049723756908, "%idle": 90.02216666666664, "user+system(%)": 8.756298342541436}