{"Available Memory(Kb)": 2877936.711111111, "I/O wait(%)": 0.6888888888888889, "user+system(%)": 9.122222222222222, "Idle(%)": 90.0}