{"%iowait": 1.199281767955801, "%idle": 10.956333333333339, "user+system(%)": 76.22790055248618}