{"Available Memory(Kb)": 7285849.622222222, "I/O wait(%)": 1.1777777777777778, "user+system(%)": 87.32222222222222, "Idle(%)": 11.466666666666667}