Device,kB_read/s,kB_wrtn/s
loop0,0.0,0.0
sda,0.23030303030303031,386.6909090909091
