{"Disk Write(KB/s)": 396.0844000000001, "Disk Read(KB/s)": 0.23709999999999998}