{"%idle": 82.53453333333333, "user+system(%)": 15.980794701986751, "%iowait": 0.841390728476821}