{"Available Memory(Kb)": 1419306.0533333332, "user+system(%)": 16.033333333333335, "I/O wait(%)": 0.8133333333333334, "Idle(%)": 82.96}