{
  "AssignmentsList" : {
    "transaction" : "AssignmentsList",
    "sampleCount" : 70,
    "errorCount" : 0,
    "errorPct" : 0.0,
    "meanResTime" : 160.7714285714286,
    "medianResTime" : 114.5,
    "minResTime" : 34.0,
    "maxResTime" : 791.0,
    "pct1ResTime" : 375.9,
    "pct2ResTime" : 494.1,
    "pct3ResTime" : 791.0,
    "throughput" : 23.286759813705924,
    "receivedKBytesPerSec" : 8.956695983033933,
    "sentKBytesPerSec" : 7.57274513473054
  },
  "Get CSRF Token" : {
    "transaction" : "Get CSRF Token",
    "sampleCount" : 70,
    "errorCount" : 0,
    "errorPct" : 0.0,
    "meanResTime" : 28157.14285714286,
    "medianResTime" : 28032.5,
    "minResTime" : 27345.0,
    "maxResTime" : 29834.0,
    "pct1ResTime" : 29248.0,
    "pct2ResTime" : 29559.85,
    "pct3ResTime" : 29834.0,
    "throughput" : 2.342547352921491,
    "receivedKBytesPerSec" : 78.25376167090556,
    "sentKBytesPerSec" : 0.3134072142092229
  },
  "StudentCourses" : {
    "transaction" : "StudentCourses",
    "sampleCount" : 70,
    "errorCount" : 0,
    "errorPct" : 0.0,
    "meanResTime" : 142.99999999999997,
    "medianResTime" : 90.0,
    "minResTime" : 38.0,
    "maxResTime" : 1206.0,
    "pct1ResTime" : 328.3999999999999,
    "pct2ResTime" : 431.0000000000001,
    "pct3ResTime" : 1206.0,
    "throughput" : 27.34375,
    "receivedKBytesPerSec" : 33.832550048828125,
    "sentKBytesPerSec" : 6.67572021484375
  },
  "GetSubmissionId" : {
    "transaction" : "GetSubmissionId",
    "sampleCount" : 254,
    "errorCount" : 3,
    "errorPct" : 1.1811024,
    "meanResTime" : 2668.7322834645674,
    "medianResTime" : 1038.0,
    "minResTime" : 246.0,
    "maxResTime" : 50081.0,
    "pct1ResTime" : 6828.0,
    "pct2ResTime" : 11031.0,
    "pct3ResTime" : 29465.999999999574,
    "throughput" : 1.1139764573794362,
    "receivedKBytesPerSec" : 48.43126746070382,
    "sentKBytesPerSec" : 0.25897674108160973
  },
  "TestcasesResults" : {
    "transaction" : "TestcasesResults",
    "sampleCount" : 221,
    "errorCount" : 0,
    "errorPct" : 0.0,
    "meanResTime" : 28648.12217194571,
    "medianResTime" : 21075.0,
    "minResTime" : 4058.0,
    "maxResTime" : 183656.0,
    "pct1ResTime" : 71675.2,
    "pct2ResTime" : 75861.0,
    "pct3ResTime" : 98557.8,
    "throughput" : 0.6730786801566659,
    "receivedKBytesPerSec" : 17.963593291255766,
    "sentKBytesPerSec" : 0.16366854624903301
  },
  "Total" : {
    "transaction" : "Total",
    "sampleCount" : 1342,
    "errorCount" : 44,
    "errorPct" : 3.2786884,
    "meanResTime" : 10123.885245901643,
    "medianResTime" : 2539.0,
    "minResTime" : 0.0,
    "maxResTime" : 183656.0,
    "pct1ResTime" : 28268.600000000002,
    "pct2ResTime" : 50005.0,
    "pct3ResTime" : 75450.90999999997,
    "throughput" : 3.0125417816199036,
    "receivedKBytesPerSec" : 88.33066355259378,
    "sentKBytesPerSec" : 1.4198849714684008
  },
  "Upload" : {
    "transaction" : "Upload",
    "sampleCount" : 263,
    "errorCount" : 37,
    "errorPct" : 14.068441,
    "meanResTime" : 13655.04182509506,
    "medianResTime" : 5916.0,
    "minResTime" : 1662.0,
    "maxResTime" : 60248.0,
    "pct1ResTime" : 50005.0,
    "pct2ResTime" : 50006.0,
    "pct3ResTime" : 50377.40000000001,
    "throughput" : 1.059667755881559,
    "receivedKBytesPerSec" : 40.25555481967517,
    "sentKBytesPerSec" : 1.4079968590218823
  },
  "Course Page" : {
    "transaction" : "Course Page",
    "sampleCount" : 70,
    "errorCount" : 0,
    "errorPct" : 0.0,
    "meanResTime" : 748.1285714285713,
    "medianResTime" : 647.5,
    "minResTime" : 81.0,
    "maxResTime" : 1822.0,
    "pct1ResTime" : 1646.6,
    "pct2ResTime" : 1682.15,
    "pct3ResTime" : 1822.0,
    "throughput" : 20.6307102858827,
    "receivedKBytesPerSec" : 806.5787443818156,
    "sentKBytesPerSec" : 6.02400622605364
  },
  "Login" : {
    "transaction" : "Login",
    "sampleCount" : 70,
    "errorCount" : 0,
    "errorPct" : 0.0,
    "meanResTime" : 1176.3,
    "medianResTime" : 1204.0,
    "minResTime" : 257.0,
    "maxResTime" : 2439.0,
    "pct1ResTime" : 2153.9,
    "pct2ResTime" : 2373.3500000000004,
    "pct3ResTime" : 2439.0,
    "throughput" : 23.18648559125538,
    "receivedKBytesPerSec" : 39.6874482444518,
    "sentKBytesPerSec" : 13.761153320635971
  },
  "RunPractice" : {
    "transaction" : "RunPractice",
    "sampleCount" : 254,
    "errorCount" : 4,
    "errorPct" : 1.5748031,
    "meanResTime" : 3381.539370078741,
    "medianResTime" : 2255.0,
    "minResTime" : 0.0,
    "maxResTime" : 50003.0,
    "pct1ResTime" : 6097.5,
    "pct2ResTime" : 8141.0,
    "pct3ResTime" : 15371.249999999987,
    "throughput" : 1.1011544781004652,
    "receivedKBytesPerSec" : 30.815496642616846,
    "sentKBytesPerSec" : 0.25609750067196435
  }
}