Device,kB_read/s,kB_wrtn/s
loop0,0.0,0.0
sda,47.023529411764706,349.18823529411765
