{"Disk Read(KB/s)": 45.52471111111113, "Disk Write(KB/s)": 344.28625555555544}