{"%iowait": 1.8459116022099449, "%idle": 65.41888888888892, "user+system(%)": 29.74662983425414}