{"I/O wait(%)": 1.85, "Idle(%)": 65.47222222222223, "Available Memory(Kb)": 7863466.022222222, "user+system(%)": 32.66111111111111}