{"Disk Write(KB/s)": 847.6013333333331, "Disk Read(KB/s)": 145.5368333333333}