{"user+system(%)": 64.46363636363637, "Idle(%)": 32.68181818181818, "Available Memory(Kb)": 5185567.672727273, "I/O wait(%)": 2.8636363636363638}