{"%idle": 98.06649999999999, "%iowait": 0.09213114754098357, "user+system(%)": 1.3408196721311476}