Device,kB_read/s,kB_wrtn/s
loop0,0.0,0.0
sda,1.186206896551724,27.944827586206898
