{"Disk Read(KB/s)": 1.1210799999999999, "Disk Write(KB/s)": 28.29611999999999}