{"I/O wait(%)": 0.21904761904761905, "user+system(%)": 5.1, "Idle(%)": 94.95238095238095, "Available Memory(Kb)": 4272238.876190476}