{
  "AssignmentsList" : {
    "transaction" : "AssignmentsList",
    "sampleCount" : 40,
    "errorCount" : 1,
    "errorPct" : 2.5,
    "meanResTime" : 84.62499999999999,
    "medianResTime" : 85.5,
    "minResTime" : 0.0,
    "maxResTime" : 155.0,
    "pct1ResTime" : 128.9,
    "pct2ResTime" : 147.49999999999994,
    "pct3ResTime" : 155.0,
    "throughput" : 9.287206872533085,
    "receivedKBytesPerSec" : 3.802177051892268,
    "sentKBytesPerSec" : 2.9269666386115625
  },
  "Get CSRF Token" : {
    "transaction" : "Get CSRF Token",
    "sampleCount" : 40,
    "errorCount" : 0,
    "errorPct" : 0.0,
    "meanResTime" : 449.6500000000001,
    "medianResTime" : 323.5,
    "minResTime" : 210.0,
    "maxResTime" : 1257.0,
    "pct1ResTime" : 784.6,
    "pct2ResTime" : 1080.499999999999,
    "pct3ResTime" : 1257.0,
    "throughput" : 29.347028613352897,
    "receivedKBytesPerSec" : 784.2878760088041,
    "sentKBytesPerSec" : 3.8689930300807043
  },
  "StudentCourses" : {
    "transaction" : "StudentCourses",
    "sampleCount" : 40,
    "errorCount" : 1,
    "errorPct" : 2.5,
    "meanResTime" : 323.17499999999995,
    "medianResTime" : 126.5,
    "minResTime" : 3.0,
    "maxResTime" : 3738.0,
    "pct1ResTime" : 664.9999999999998,
    "pct2ResTime" : 1050.5499999999993,
    "pct3ResTime" : 3738.0,
    "throughput" : 9.713453132588635,
    "receivedKBytesPerSec" : 12.301414901044195,
    "sentKBytesPerSec" : 2.2936650072850897
  },
  "GetSubmissionId" : {
    "transaction" : "GetSubmissionId",
    "sampleCount" : 220,
    "errorCount" : 1,
    "errorPct" : 0.45454547,
    "meanResTime" : 2187.259090909091,
    "medianResTime" : 837.5,
    "minResTime" : 0.0,
    "maxResTime" : 39606.0,
    "pct1ResTime" : 4599.400000000001,
    "pct2ResTime" : 10950.299999999997,
    "pct3ResTime" : 26697.21999999997,
    "throughput" : 0.28855448630087577,
    "receivedKBytesPerSec" : 12.230101647416584,
    "sentKBytesPerSec" : 0.0664810169676596
  },
  "TestcasesResults" : {
    "transaction" : "TestcasesResults",
    "sampleCount" : 217,
    "errorCount" : 2,
    "errorPct" : 0.921659,
    "meanResTime" : 20755.797235023038,
    "medianResTime" : 15358.0,
    "minResTime" : 5262.0,
    "maxResTime" : 62448.0,
    "pct1ResTime" : 46236.00000000001,
    "pct2ResTime" : 55264.799999999996,
    "pct3ResTime" : 61824.95999999999,
    "throughput" : 0.2897381941699868,
    "receivedKBytesPerSec" : 8.325811016593853,
    "sentKBytesPerSec" : 0.06952423185998569
  },
  "Total" : {
    "transaction" : "Total",
    "sampleCount" : 1077,
    "errorCount" : 8,
    "errorPct" : 0.7428041,
    "meanResTime" : 6510.226555246072,
    "medianResTime" : 2126.0,
    "minResTime" : 0.0,
    "maxResTime" : 62448.0,
    "pct1ResTime" : 21610.200000000008,
    "pct2ResTime" : 36898.69999999999,
    "pct3ResTime" : 55317.360000000015,
    "throughput" : 1.1909000639127425,
    "receivedKBytesPerSec" : 37.15954547487002,
    "sentKBytesPerSec" : 0.5484586078604934
  },
  "Upload" : {
    "transaction" : "Upload",
    "sampleCount" : 220,
    "errorCount" : 1,
    "errorPct" : 0.45454547,
    "meanResTime" : 5299.181818181816,
    "medianResTime" : 1583.5,
    "minResTime" : 0.0,
    "maxResTime" : 49241.0,
    "pct1ResTime" : 19830.200000000008,
    "pct2ResTime" : 31839.349999999995,
    "pct3ResTime" : 46437.57999999999,
    "throughput" : 0.2879234437737864,
    "receivedKBytesPerSec" : 12.263657386806825,
    "sentKBytesPerSec" : 0.3660620424307544
  },
  "Course Page" : {
    "transaction" : "Course Page",
    "sampleCount" : 40,
    "errorCount" : 1,
    "errorPct" : 2.5,
    "meanResTime" : 341.7,
    "medianResTime" : 238.0,
    "minResTime" : 0.0,
    "maxResTime" : 1063.0,
    "pct1ResTime" : 950.0999999999999,
    "pct2ResTime" : 1029.85,
    "pct3ResTime" : 1063.0,
    "throughput" : 9.267840593141797,
    "receivedKBytesPerSec" : 292.9092421368165,
    "sentKBytesPerSec" : 2.6208349021084336
  },
  "Login" : {
    "transaction" : "Login",
    "sampleCount" : 40,
    "errorCount" : 0,
    "errorPct" : 0.0,
    "meanResTime" : 2015.1,
    "medianResTime" : 2172.5,
    "minResTime" : 434.0,
    "maxResTime" : 3797.0,
    "pct1ResTime" : 3402.0,
    "pct2ResTime" : 3494.25,
    "pct3ResTime" : 3797.0,
    "throughput" : 9.04363554148768,
    "receivedKBytesPerSec" : 15.47795260569749,
    "sentKBytesPerSec" : 5.330357647524305
  },
  "RunPractice" : {
    "transaction" : "RunPractice",
    "sampleCount" : 220,
    "errorCount" : 1,
    "errorPct" : 0.45454547,
    "meanResTime" : 3326.9045454545435,
    "medianResTime" : 2499.0,
    "minResTime" : 0.0,
    "maxResTime" : 17039.0,
    "pct1ResTime" : 5500.900000000001,
    "pct2ResTime" : 7605.849999999998,
    "pct3ResTime" : 14792.02999999999,
    "throughput" : 0.2879407784348063,
    "receivedKBytesPerSec" : 8.122780217912272,
    "sentKBytesPerSec" : 0.06717936485499564
  }
}