{
  "AssignmentsList" : {
    "transaction" : "AssignmentsList",
    "sampleCount" : 250,
    "errorCount" : 16,
    "errorPct" : 6.4,
    "meanResTime" : 3670.040000000001,
    "medianResTime" : 1596.0,
    "minResTime" : 0.0,
    "maxResTime" : 21412.0,
    "pct1ResTime" : 10840.500000000002,
    "pct2ResTime" : 12275.849999999999,
    "pct3ResTime" : 17619.730000000018,
    "throughput" : 5.159106855421189,
    "receivedKBytesPerSec" : 2.4715950862086755,
    "sentKBytesPerSec" : 1.5609119624210657
  },
  "Get CSRF Token" : {
    "transaction" : "Get CSRF Token",
    "sampleCount" : 250,
    "errorCount" : 0,
    "errorPct" : 0.0,
    "meanResTime" : 3652.404,
    "medianResTime" : 2592.0,
    "minResTime" : 252.0,
    "maxResTime" : 14234.0,
    "pct1ResTime" : 8377.300000000001,
    "pct2ResTime" : 10756.899999999998,
    "pct3ResTime" : 13539.400000000005,
    "throughput" : 14.342263782915495,
    "receivedKBytesPerSec" : 383.29061280907575,
    "sentKBytesPerSec" : 1.8908257916929607
  },
  "StudentCourses" : {
    "transaction" : "StudentCourses",
    "sampleCount" : 250,
    "errorCount" : 3,
    "errorPct" : 1.2,
    "meanResTime" : 2335.2560000000008,
    "medianResTime" : 322.0,
    "minResTime" : 141.0,
    "maxResTime" : 30220.0,
    "pct1ResTime" : 8493.7,
    "pct2ResTime" : 11912.149999999996,
    "pct3ResTime" : 17936.10000000001,
    "throughput" : 4.699071463478817,
    "receivedKBytesPerSec" : 5.907375280769521,
    "sentKBytesPerSec" : 1.1243996936205407
  },
  "GetSubmissionId" : {
    "transaction" : "GetSubmissionId",
    "sampleCount" : 347,
    "errorCount" : 136,
    "errorPct" : 39.193085,
    "meanResTime" : 25509.561959654176,
    "medianResTime" : 22200.0,
    "minResTime" : 0.0,
    "maxResTime" : 50035.0,
    "pct1ResTime" : 50003.0,
    "pct2ResTime" : 50004.0,
    "pct3ResTime" : 50006.0,
    "throughput" : 0.45582503674843056,
    "receivedKBytesPerSec" : 12.414094591248423,
    "sentKBytesPerSec" : 0.10033005033122849
  },
  "TestcasesResults" : {
    "transaction" : "TestcasesResults",
    "sampleCount" : 133,
    "errorCount" : 1,
    "errorPct" : 0.7518797,
    "meanResTime" : 341507.7894736843,
    "medianResTime" : 324877.0,
    "minResTime" : 53771.0,
    "maxResTime" : 638469.0,
    "pct1ResTime" : 538136.2000000001,
    "pct2ResTime" : 595128.2,
    "pct3ResTime" : 638400.32,
    "throughput" : 0.1060600140190605,
    "receivedKBytesPerSec" : 3.0510126426228084,
    "sentKBytesPerSec" : 0.025686409645241215
  },
  "Total" : {
    "transaction" : "Total",
    "sampleCount" : 2425,
    "errorCount" : 562,
    "errorPct" : 23.175259,
    "meanResTime" : 32979.819381443296,
    "medianResTime" : 6267.0,
    "minResTime" : 0.0,
    "maxResTime" : 638469.0,
    "pct1ResTime" : 50004.4,
    "pct2ResTime" : 150110.2999999998,
    "pct3ResTime" : 455430.8199999996,
    "throughput" : 1.6672682583062617,
    "receivedKBytesPerSec" : 27.776820110134242,
    "sentKBytesPerSec" : 0.667471295484625
  },
  "Upload" : {
    "transaction" : "Upload",
    "sampleCount" : 348,
    "errorCount" : 167,
    "errorPct" : 47.988506,
    "meanResTime" : 31338.517241379326,
    "medianResTime" : 43318.5,
    "minResTime" : 0.0,
    "maxResTime" : 98188.0,
    "pct1ResTime" : 52633.700000000004,
    "pct2ResTime" : 74520.15000000001,
    "pct3ResTime" : 91161.29,
    "throughput" : 0.45570018070869234,
    "receivedKBytesPerSec" : 10.721524774605191,
    "sentKBytesPerSec" : 0.5612580881053086
  },
  "Course Page" : {
    "transaction" : "Course Page",
    "sampleCount" : 250,
    "errorCount" : 13,
    "errorPct" : 5.2,
    "meanResTime" : 10355.223999999995,
    "medianResTime" : 9208.5,
    "minResTime" : 0.0,
    "maxResTime" : 41293.0,
    "pct1ResTime" : 20553.4,
    "pct2ResTime" : 24673.649999999998,
    "pct3ResTime" : 39663.56000000002,
    "throughput" : 4.700750239738262,
    "receivedKBytesPerSec" : 144.7684359017449,
    "sentKBytesPerSec" : 1.2925043305661583
  },
  "Login" : {
    "transaction" : "Login",
    "sampleCount" : 250,
    "errorCount" : 3,
    "errorPct" : 1.2,
    "meanResTime" : 17296.684,
    "medianResTime" : 14965.0,
    "minResTime" : 642.0,
    "maxResTime" : 47881.0,
    "pct1ResTime" : 37011.2,
    "pct2ResTime" : 42790.85,
    "pct3ResTime" : 46928.090000000004,
    "throughput" : 4.7358351171645605,
    "receivedKBytesPerSec" : 8.184892034798915,
    "sentKBytesPerSec" : 2.784893041163879
  },
  "RunPractice" : {
    "transaction" : "RunPractice",
    "sampleCount" : 347,
    "errorCount" : 223,
    "errorPct" : 64.26513,
    "meanResTime" : 15765.135446685888,
    "medianResTime" : 2710.0,
    "minResTime" : 0.0,
    "maxResTime" : 50030.0,
    "pct1ResTime" : 50003.0,
    "pct2ResTime" : 50004.0,
    "pct3ResTime" : 50008.04,
    "throughput" : 0.4550652566200848,
    "receivedKBytesPerSec" : 4.839559733790104,
    "sentKBytesPerSec" : 0.06485417584665744
  }
}