{
  "AssignmentsList" : {
    "transaction" : "AssignmentsList",
    "sampleCount" : 80,
    "errorCount" : 0,
    "errorPct" : 0.0,
    "meanResTime" : 550.8375000000003,
    "medianResTime" : 143.0,
    "minResTime" : 27.0,
    "maxResTime" : 5124.0,
    "pct1ResTime" : 1788.8,
    "pct2ResTime" : 2696.3500000000017,
    "pct3ResTime" : 5124.0,
    "throughput" : 6.03090840557859,
    "receivedKBytesPerSec" : 2.313860488126649,
    "sentKBytesPerSec" : 1.9494440256313605
  },
  "Get CSRF Token" : {
    "transaction" : "Get CSRF Token",
    "sampleCount" : 80,
    "errorCount" : 0,
    "errorPct" : 0.0,
    "meanResTime" : 764.2875000000003,
    "medianResTime" : 773.5,
    "minResTime" : 199.0,
    "maxResTime" : 1601.0,
    "pct1ResTime" : 1214.9,
    "pct2ResTime" : 1316.65,
    "pct3ResTime" : 1601.0,
    "throughput" : 30.476190476190474,
    "receivedKBytesPerSec" : 814.4642857142857,
    "sentKBytesPerSec" : 4.017857142857143
  },
  "StudentCourses" : {
    "transaction" : "StudentCourses",
    "sampleCount" : 80,
    "errorCount" : 0,
    "errorPct" : 0.0,
    "meanResTime" : 1300.7375000000004,
    "medianResTime" : 311.0,
    "minResTime" : 51.0,
    "maxResTime" : 8227.0,
    "pct1ResTime" : 5135.400000000005,
    "pct2ResTime" : 7694.900000000001,
    "pct3ResTime" : 8227.0,
    "throughput" : 5.404309937174897,
    "receivedKBytesPerSec" : 6.743512717016821,
    "sentKBytesPerSec" : 1.3088563129095452
  },
  "GetSubmissionId" : {
    "transaction" : "GetSubmissionId",
    "sampleCount" : 292,
    "errorCount" : 7,
    "errorPct" : 2.3972602,
    "meanResTime" : 6287.880136986302,
    "medianResTime" : 1474.0,
    "minResTime" : 302.0,
    "maxResTime" : 50006.0,
    "pct1ResTime" : 20632.899999999998,
    "pct2ResTime" : 30477.24999999997,
    "pct3ResTime" : 50004.07,
    "throughput" : 0.38499622255418625,
    "receivedKBytesPerSec" : 16.685792011888736,
    "sentKBytesPerSec" : 0.08910557104037319
  },
  "TestcasesResults" : {
    "transaction" : "TestcasesResults",
    "sampleCount" : 253,
    "errorCount" : 0,
    "errorPct" : 0.0,
    "meanResTime" : 79061.95652173912,
    "medianResTime" : 89812.0,
    "minResTime" : 5498.0,
    "maxResTime" : 157677.0,
    "pct1ResTime" : 111502.6,
    "pct2ResTime" : 121538.79999999999,
    "pct3ResTime" : 133138.16000000003,
    "throughput" : 0.3197718876273558,
    "receivedKBytesPerSec" : 9.26719473989464,
    "sentKBytesPerSec" : 0.07744475403475024
  },
  "Total" : {
    "transaction" : "Total",
    "sampleCount" : 1531,
    "errorCount" : 37,
    "errorPct" : 2.416721,
    "meanResTime" : 17918.53363814501,
    "medianResTime" : 2517.0,
    "minResTime" : 0.0,
    "maxResTime" : 157677.0,
    "pct1ResTime" : 81406.59999999998,
    "pct2ResTime" : 97620.39999999995,
    "pct3ResTime" : 117342.36000000002,
    "throughput" : 1.5320647850255928,
    "receivedKBytesPerSec" : 45.27217119022721,
    "sentKBytesPerSec" : 0.7228910811764176
  },
  "Upload" : {
    "transaction" : "Upload",
    "sampleCount" : 294,
    "errorCount" : 20,
    "errorPct" : 6.802721,
    "meanResTime" : 11385.823129251694,
    "medianResTime" : 2405.0,
    "minResTime" : 712.0,
    "maxResTime" : 76835.0,
    "pct1ResTime" : 49592.5,
    "pct2ResTime" : 55437.5,
    "pct3ResTime" : 71442.25000000003,
    "throughput" : 0.38242559285722644,
    "receivedKBytesPerSec" : 15.909860421975422,
    "sentKBytesPerSec" : 0.5217563192089514
  },
  "Course Page" : {
    "transaction" : "Course Page",
    "sampleCount" : 80,
    "errorCount" : 1,
    "errorPct" : 1.25,
    "meanResTime" : 1356.0625000000002,
    "medianResTime" : 508.5,
    "minResTime" : 63.0,
    "maxResTime" : 7340.0,
    "pct1ResTime" : 3322.100000000001,
    "pct2ResTime" : 5686.700000000002,
    "pct3ResTime" : 7340.0,
    "throughput" : 5.502441708508151,
    "receivedKBytesPerSec" : 176.08834428089966,
    "sentKBytesPerSec" : 1.5759739966641448
  },
  "Login" : {
    "transaction" : "Login",
    "sampleCount" : 80,
    "errorCount" : 1,
    "errorPct" : 1.25,
    "meanResTime" : 3828.7875000000004,
    "medianResTime" : 3574.5,
    "minResTime" : 435.0,
    "maxResTime" : 12735.0,
    "pct1ResTime" : 7236.1,
    "pct2ResTime" : 8135.85,
    "pct3ResTime" : 12735.0,
    "throughput" : 5.321625756668663,
    "receivedKBytesPerSec" : 9.193706138162709,
    "sentKBytesPerSec" : 3.121647999401317
  },
  "RunPractice" : {
    "transaction" : "RunPractice",
    "sampleCount" : 292,
    "errorCount" : 8,
    "errorPct" : 2.739726,
    "meanResTime" : 5558.390410958907,
    "medianResTime" : 3181.5,
    "minResTime" : 0.0,
    "maxResTime" : 50002.0,
    "pct1ResTime" : 14091.599999999995,
    "pct2ResTime" : 16920.04999999998,
    "pct3ResTime" : 33838.76999999998,
    "throughput" : 0.38819669341501417,
    "receivedKBytesPerSec" : 10.709048852875448,
    "sentKBytesPerSec" : 0.08880248632005487
  }
}