{
  "AssignmentsList" : {
    "transaction" : "AssignmentsList",
    "sampleCount" : 300,
    "errorCount" : 39,
    "errorPct" : 13.0,
    "meanResTime" : 3852.393333333334,
    "medianResTime" : 380.0,
    "minResTime" : 0.0,
    "maxResTime" : 31379.0,
    "pct1ResTime" : 11367.000000000011,
    "pct2ResTime" : 15916.85,
    "pct3ResTime" : 26590.06000000001,
    "throughput" : 4.944212798918866,
    "receivedKBytesPerSec" : 2.602761085337113,
    "sentKBytesPerSec" : 1.3904149997115876
  },
  "Get CSRF Token" : {
    "transaction" : "Get CSRF Token",
    "sampleCount" : 300,
    "errorCount" : 2,
    "errorPct" : 0.6666667,
    "meanResTime" : 5403.806666666664,
    "medianResTime" : 3149.0,
    "minResTime" : 194.0,
    "maxResTime" : 50004.0,
    "pct1ResTime" : 13910.600000000013,
    "pct2ResTime" : 18859.649999999994,
    "pct3ResTime" : 24131.49,
    "throughput" : 5.526693931690063,
    "receivedKBytesPerSec" : 146.72059079206736,
    "sentKBytesPerSec" : 0.7286168757599205
  },
  "StudentCourses" : {
    "transaction" : "StudentCourses",
    "sampleCount" : 300,
    "errorCount" : 10,
    "errorPct" : 3.3333333,
    "meanResTime" : 4163.61,
    "medianResTime" : 372.0,
    "minResTime" : 5.0,
    "maxResTime" : 40105.0,
    "pct1ResTime" : 12932.800000000008,
    "pct2ResTime" : 21426.549999999977,
    "pct3ResTime" : 36197.87000000002,
    "throughput" : 4.520046405809767,
    "receivedKBytesPerSec" : 12.359796164740626,
    "sentKBytesPerSec" : 1.1006724981543146
  },
  "GetSubmissionId" : {
    "transaction" : "GetSubmissionId",
    "sampleCount" : 421,
    "errorCount" : 203,
    "errorPct" : 48.21853,
    "meanResTime" : 25678.802850356282,
    "medianResTime" : 24411.0,
    "minResTime" : 0.0,
    "maxResTime" : 55019.0,
    "pct1ResTime" : 50003.8,
    "pct2ResTime" : 50006.9,
    "pct3ResTime" : 55005.0,
    "throughput" : 0.5534856448699375,
    "receivedKBytesPerSec" : 12.989558453457905,
    "sentKBytesPerSec" : 0.11623475860269196
  },
  "TestcasesResults" : {
    "transaction" : "TestcasesResults",
    "sampleCount" : 161,
    "errorCount" : 3,
    "errorPct" : 1.8633541,
    "meanResTime" : 218908.36024844728,
    "medianResTime" : 210021.0,
    "minResTime" : 13270.0,
    "maxResTime" : 420661.0,
    "pct1ResTime" : 319253.0,
    "pct2ResTime" : 360396.60000000003,
    "pct3ResTime" : 413241.45999999996,
    "throughput" : 0.17152567291865314,
    "receivedKBytesPerSec" : 4.879515449961913,
    "sentKBytesPerSec" : 0.04154137390998631
  },
  "Total" : {
    "transaction" : "Total",
    "sampleCount" : 2924,
    "errorCount" : 797,
    "errorPct" : 27.257181,
    "meanResTime" : 26050.253761969936,
    "medianResTime" : 5505.5,
    "minResTime" : 0.0,
    "maxResTime" : 420661.0,
    "pct1ResTime" : 50004.5,
    "pct2ResTime" : 165405.5,
    "pct3ResTime" : 293356.0,
    "throughput" : 2.6805522451000163,
    "receivedKBytesPerSec" : 42.69608206154545,
    "sentKBytesPerSec" : 1.0358812278263143
  },
  "Upload" : {
    "transaction" : "Upload",
    "sampleCount" : 421,
    "errorCount" : 209,
    "errorPct" : 49.643707,
    "meanResTime" : 28395.61520190021,
    "medianResTime" : 24874.0,
    "minResTime" : 0.0,
    "maxResTime" : 91874.0,
    "pct1ResTime" : 56277.8,
    "pct2ResTime" : 70017.99999999997,
    "pct3ResTime" : 87859.97999999995,
    "throughput" : 0.5531692921403972,
    "receivedKBytesPerSec" : 12.709294939913464,
    "sentKBytesPerSec" : 0.6645771441222806
  },
  "Course Page" : {
    "transaction" : "Course Page",
    "sampleCount" : 300,
    "errorCount" : 38,
    "errorPct" : 12.666667,
    "meanResTime" : 10317.213333333326,
    "medianResTime" : 8031.5,
    "minResTime" : 0.0,
    "maxResTime" : 50005.0,
    "pct1ResTime" : 24278.9,
    "pct2ResTime" : 32442.34999999999,
    "pct3ResTime" : 49105.64000000005,
    "throughput" : 4.536244594308525,
    "receivedKBytesPerSec" : 129.07873656610064,
    "sentKBytesPerSec" : 1.157805553875465
  },
  "Login" : {
    "transaction" : "Login",
    "sampleCount" : 300,
    "errorCount" : 21,
    "errorPct" : 7.0,
    "meanResTime" : 21735.876666666656,
    "medianResTime" : 19363.0,
    "minResTime" : 592.0,
    "maxResTime" : 56733.0,
    "pct1ResTime" : 48834.80000000006,
    "pct2ResTime" : 50004.0,
    "pct3ResTime" : 53543.05000000001,
    "throughput" : 4.477144178966377,
    "receivedKBytesPerSec" : 7.274193367857089,
    "sentKBytesPerSec" : 2.5688780649782856
  },
  "RunPractice" : {
    "transaction" : "RunPractice",
    "sampleCount" : 421,
    "errorCount" : 272,
    "errorPct" : 64.60808,
    "meanResTime" : 10735.144893111632,
    "medianResTime" : 2236.0,
    "minResTime" : 0.0,
    "maxResTime" : 53048.0,
    "pct1ResTime" : 50003.0,
    "pct2ResTime" : 50004.0,
    "pct3ResTime" : 50014.0,
    "throughput" : 0.5525891624270871,
    "receivedKBytesPerSec" : 5.87272879373461,
    "sentKBytesPerSec" : 0.0670637827025154
  }
}