{
  "AssignmentsList" : {
    "transaction" : "AssignmentsList",
    "sampleCount" : 20,
    "errorCount" : 0,
    "errorPct" : 0.0,
    "meanResTime" : 214.54999999999998,
    "medianResTime" : 267.5,
    "minResTime" : 29.0,
    "maxResTime" : 383.0,
    "pct1ResTime" : 336.9000000000001,
    "pct2ResTime" : 380.9,
    "pct3ResTime" : 383.0,
    "throughput" : 8.257638315441783,
    "receivedKBytesPerSec" : 3.2014476672171757,
    "sentKBytesPerSec" : 2.669217072667217
  },
  "Get CSRF Token" : {
    "transaction" : "Get CSRF Token",
    "sampleCount" : 20,
    "errorCount" : 0,
    "errorPct" : 0.0,
    "meanResTime" : 321.15,
    "medianResTime" : 247.5,
    "minResTime" : 185.0,
    "maxResTime" : 629.0,
    "pct1ResTime" : 604.8,
    "pct2ResTime" : 627.8,
    "pct3ResTime" : 629.0,
    "throughput" : 30.534351145038165,
    "receivedKBytesPerSec" : 816.018606870229,
    "sentKBytesPerSec" : 4.025524809160305
  },
  "StudentCourses" : {
    "transaction" : "StudentCourses",
    "sampleCount" : 20,
    "errorCount" : 0,
    "errorPct" : 0.0,
    "meanResTime" : 228.55,
    "medianResTime" : 223.5,
    "minResTime" : 28.0,
    "maxResTime" : 1051.0,
    "pct1ResTime" : 361.6000000000001,
    "pct2ResTime" : 1016.6999999999995,
    "pct3ResTime" : 1051.0,
    "throughput" : 9.64785335262904,
    "receivedKBytesPerSec" : 12.03155149541727,
    "sentKBytesPerSec" : 2.3365894838398455
  },
  "GetSubmissionId" : {
    "transaction" : "GetSubmissionId",
    "sampleCount" : 120,
    "errorCount" : 0,
    "errorPct" : 0.0,
    "meanResTime" : 1313.6333333333332,
    "medianResTime" : 630.0,
    "minResTime" : 294.0,
    "maxResTime" : 14431.0,
    "pct1ResTime" : 3441.0,
    "pct2ResTime" : 4168.0,
    "pct3ResTime" : 13494.609999999964,
    "throughput" : 0.1658090653342987,
    "receivedKBytesPerSec" : 7.058837886576927,
    "sentKBytesPerSec" : 0.03837573094162968
  },
  "TestcasesResults" : {
    "transaction" : "TestcasesResults",
    "sampleCount" : 120,
    "errorCount" : 0,
    "errorPct" : 0.0,
    "meanResTime" : 11697.408333333335,
    "medianResTime" : 8399.5,
    "minResTime" : 5256.0,
    "maxResTime" : 31424.0,
    "pct1ResTime" : 24701.4,
    "pct2ResTime" : 27720.45,
    "pct3ResTime" : 31328.449999999997,
    "throughput" : 0.16535895294710995,
    "receivedKBytesPerSec" : 4.7925782940192425,
    "sentKBytesPerSec" : 0.04004787141687819
  },
  "Total" : {
    "transaction" : "Total",
    "sampleCount" : 580,
    "errorCount" : 0,
    "errorPct" : 0.0,
    "meanResTime" : 3981.874137931031,
    "medianResTime" : 2109.0,
    "minResTime" : 28.0,
    "maxResTime" : 31424.0,
    "pct1ResTime" : 11499.599999999982,
    "pct2ResTime" : 18832.699999999975,
    "pct3ResTime" : 27738.679999999997,
    "throughput" : 0.6596853755713956,
    "receivedKBytesPerSec" : 20.892867406011895,
    "sentKBytesPerSec" : 0.30686388415924803
  },
  "Upload" : {
    "transaction" : "Upload",
    "sampleCount" : 120,
    "errorCount" : 0,
    "errorPct" : 0.0,
    "meanResTime" : 2966.383333333334,
    "medianResTime" : 1041.5,
    "minResTime" : 574.0,
    "maxResTime" : 25897.0,
    "pct1ResTime" : 7900.700000000005,
    "pct2ResTime" : 13974.049999999992,
    "pct3ResTime" : 25440.459999999985,
    "throughput" : 0.16498587308461715,
    "receivedKBytesPerSec" : 7.058217295417517,
    "sentKBytesPerSec" : 0.21078395357709995
  },
  "Course Page" : {
    "transaction" : "Course Page",
    "sampleCount" : 20,
    "errorCount" : 0,
    "errorPct" : 0.0,
    "meanResTime" : 498.65,
    "medianResTime" : 501.5,
    "minResTime" : 66.0,
    "maxResTime" : 1302.0,
    "pct1ResTime" : 696.7000000000002,
    "pct2ResTime" : 1272.0499999999997,
    "pct3ResTime" : 1302.0,
    "throughput" : 8.176614881439084,
    "receivedKBytesPerSec" : 264.74026471790677,
    "sentKBytesPerSec" : 2.3715377146361405
  },
  "Login" : {
    "transaction" : "Login",
    "sampleCount" : 20,
    "errorCount" : 0,
    "errorPct" : 0.0,
    "meanResTime" : 1206.9499999999998,
    "medianResTime" : 952.5,
    "minResTime" : 303.0,
    "maxResTime" : 1981.0,
    "pct1ResTime" : 1892.1000000000001,
    "pct2ResTime" : 1976.8,
    "pct3ResTime" : 1981.0,
    "throughput" : 8.9126559714795,
    "receivedKBytesPerSec" : 15.249867702762922,
    "sentKBytesPerSec" : 5.2492410316399285
  },
  "RunPractice" : {
    "transaction" : "RunPractice",
    "sampleCount" : 120,
    "errorCount" : 0,
    "errorPct" : 0.0,
    "meanResTime" : 2856.658333333333,
    "medianResTime" : 2287.0,
    "minResTime" : 2100.0,
    "maxResTime" : 7164.0,
    "pct1ResTime" : 4795.700000000002,
    "pct2ResTime" : 5947.449999999996,
    "pct3ResTime" : 7042.619999999995,
    "throughput" : 0.166032055255468,
    "receivedKBytesPerSec" : 4.704114555373074,
    "sentKBytesPerSec" : 0.038913762950500315
  }
}