{
  "AssignmentsList" : {
    "transaction" : "AssignmentsList",
    "sampleCount" : 50,
    "errorCount" : 1,
    "errorPct" : 2.0,
    "meanResTime" : 150.89999999999998,
    "medianResTime" : 51.5,
    "minResTime" : 27.0,
    "maxResTime" : 935.0,
    "pct1ResTime" : 635.3,
    "pct2ResTime" : 727.9499999999998,
    "pct3ResTime" : 935.0,
    "throughput" : 9.746588693957115,
    "receivedKBytesPerSec" : 4.097184149610136,
    "sentKBytesPerSec" : 3.0874984770955165
  },
  "Get CSRF Token" : {
    "transaction" : "Get CSRF Token",
    "sampleCount" : 50,
    "errorCount" : 0,
    "errorPct" : 0.0,
    "meanResTime" : 640.1999999999998,
    "medianResTime" : 609.5,
    "minResTime" : 239.0,
    "maxResTime" : 1450.0,
    "pct1ResTime" : 1125.8999999999999,
    "pct2ResTime" : 1245.1999999999998,
    "pct3ResTime" : 1450.0,
    "throughput" : 27.056277056277057,
    "receivedKBytesPerSec" : 723.0684354707791,
    "sentKBytesPerSec" : 3.5669896509740258
  },
  "StudentCourses" : {
    "transaction" : "StudentCourses",
    "sampleCount" : 50,
    "errorCount" : 0,
    "errorPct" : 0.0,
    "meanResTime" : 557.9000000000001,
    "medianResTime" : 241.5,
    "minResTime" : 24.0,
    "maxResTime" : 3163.0,
    "pct1ResTime" : 1955.0999999999997,
    "pct2ResTime" : 2597.849999999998,
    "pct3ResTime" : 3163.0,
    "throughput" : 9.07770515613653,
    "receivedKBytesPerSec" : 11.320536605846042,
    "sentKBytesPerSec" : 2.1985067175018154
  },
  "GetSubmissionId" : {
    "transaction" : "GetSubmissionId",
    "sampleCount" : 247,
    "errorCount" : 1,
    "errorPct" : 0.4048583,
    "meanResTime" : 3373.4979757085043,
    "medianResTime" : 976.0,
    "minResTime" : 0.0,
    "maxResTime" : 45125.0,
    "pct1ResTime" : 13131.0,
    "pct2ResTime" : 16702.8,
    "pct3ResTime" : 43172.12,
    "throughput" : 0.32198016497898657,
    "receivedKBytesPerSec" : 13.653249573816232,
    "sentKBytesPerSec" : 0.0742190962590337
  },
  "TestcasesResults" : {
    "transaction" : "TestcasesResults",
    "sampleCount" : 236,
    "errorCount" : 0,
    "errorPct" : 0.0,
    "meanResTime" : 25538.75847457629,
    "medianResTime" : 20810.5,
    "minResTime" : 5261.0,
    "maxResTime" : 76932.0,
    "pct1ResTime" : 53002.5,
    "pct2ResTime" : 62017.04999999999,
    "pct3ResTime" : 70502.64,
    "throughput" : 0.31365002239407996,
    "receivedKBytesPerSec" : 9.090823973809558,
    "sentKBytesPerSec" : 0.07596211479856624
  },
  "Total" : {
    "transaction" : "Total",
    "sampleCount" : 1225,
    "errorCount" : 12,
    "errorPct" : 0.97959185,
    "meanResTime" : 7809.8179591836715,
    "medianResTime" : 2160.0,
    "minResTime" : 0.0,
    "maxResTime" : 76932.0,
    "pct1ResTime" : 27655.00000000001,
    "pct2ResTime" : 43631.600000000006,
    "pct3ResTime" : 61258.22000000002,
    "throughput" : 1.345308223841717,
    "receivedKBytesPerSec" : 41.28837380171475,
    "sentKBytesPerSec" : 0.6171258286000448
  },
  "Upload" : {
    "transaction" : "Upload",
    "sampleCount" : 247,
    "errorCount" : 5,
    "errorPct" : 2.0242915,
    "meanResTime" : 6318.587044534419,
    "medianResTime" : 1660.0,
    "minResTime" : 0.0,
    "maxResTime" : 52337.0,
    "pct1ResTime" : 27256.200000000008,
    "pct2ResTime" : 37402.99999999999,
    "pct3ResTime" : 48410.400000000016,
    "throughput" : 0.32232218124685186,
    "receivedKBytesPerSec" : 13.517389024766612,
    "sentKBytesPerSec" : 0.40876989556500337
  },
  "Course Page" : {
    "transaction" : "Course Page",
    "sampleCount" : 50,
    "errorCount" : 3,
    "errorPct" : 6.0,
    "meanResTime" : 387.4200000000001,
    "medianResTime" : 313.5,
    "minResTime" : 62.0,
    "maxResTime" : 1242.0,
    "pct1ResTime" : 846.1,
    "pct2ResTime" : 1110.6999999999998,
    "pct3ResTime" : 1242.0,
    "throughput" : 9.699321047526674,
    "receivedKBytesPerSec" : 296.4067046556741,
    "sentKBytesPerSec" : 2.6443910645004847
  },
  "Login" : {
    "transaction" : "Login",
    "sampleCount" : 50,
    "errorCount" : 0,
    "errorPct" : 0.0,
    "meanResTime" : 2378.3799999999997,
    "medianResTime" : 2687.5,
    "minResTime" : 402.0,
    "maxResTime" : 4593.0,
    "pct1ResTime" : 3946.6,
    "pct2ResTime" : 4231.3499999999985,
    "pct3ResTime" : 4593.0,
    "throughput" : 8.45594452900389,
    "receivedKBytesPerSec" : 14.47287755792322,
    "sentKBytesPerSec" : 4.98471323778116
  },
  "RunPractice" : {
    "transaction" : "RunPractice",
    "sampleCount" : 245,
    "errorCount" : 2,
    "errorPct" : 0.81632656,
    "meanResTime" : 3837.5306122448974,
    "medianResTime" : 2654.0,
    "minResTime" : 0.0,
    "maxResTime" : 27034.0,
    "pct1ResTime" : 6582.200000000002,
    "pct2ResTime" : 11360.799999999983,
    "pct3ResTime" : 22938.41999999995,
    "throughput" : 0.31952881889106544,
    "receivedKBytesPerSec" : 8.986334100881768,
    "sentKBytesPerSec" : 0.0742782235241029
  }
}