{
  "AssignmentsList" : {
    "transaction" : "AssignmentsList",
    "sampleCount" : 150,
    "errorCount" : 9,
    "errorPct" : 6.0,
    "meanResTime" : 1093.2266666666667,
    "medianResTime" : 317.0,
    "minResTime" : 0.0,
    "maxResTime" : 12286.0,
    "pct1ResTime" : 3517.600000000001,
    "pct2ResTime" : 4605.199999999998,
    "pct3ResTime" : 10989.070000000023,
    "throughput" : 5.803605973845083,
    "receivedKBytesPerSec" : 2.622920072254894,
    "sentKBytesPerSec" : 1.7634120729513272
  },
  "Get CSRF Token" : {
    "transaction" : "Get CSRF Token",
    "sampleCount" : 150,
    "errorCount" : 0,
    "errorPct" : 0.0,
    "meanResTime" : 1373.466666666667,
    "medianResTime" : 1304.0,
    "minResTime" : 237.0,
    "maxResTime" : 3151.0,
    "pct1ResTime" : 2680.0000000000005,
    "pct2ResTime" : 2918.5,
    "pct3ResTime" : 3136.7200000000003,
    "throughput" : 29.946097025354362,
    "receivedKBytesPerSec" : 800.2950158464763,
    "sentKBytesPerSec" : 3.9479717758035533
  },
  "StudentCourses" : {
    "transaction" : "StudentCourses",
    "sampleCount" : 150,
    "errorCount" : 2,
    "errorPct" : 1.3333334,
    "meanResTime" : 1519.0533333333333,
    "medianResTime" : 301.0,
    "minResTime" : 24.0,
    "maxResTime" : 13560.0,
    "pct1ResTime" : 4885.400000000003,
    "pct2ResTime" : 7142.59999999999,
    "pct3ResTime" : 12679.740000000016,
    "throughput" : 5.560292100678356,
    "receivedKBytesPerSec" : 10.81570933109686,
    "sentKBytesPerSec" : 1.355031600993439
  },
  "GetSubmissionId" : {
    "transaction" : "GetSubmissionId",
    "sampleCount" : 322,
    "errorCount" : 64,
    "errorPct" : 19.875776,
    "meanResTime" : 16107.021739130418,
    "medianResTime" : 2139.5,
    "minResTime" : 0.0,
    "maxResTime" : 50006.0,
    "pct1ResTime" : 50003.0,
    "pct2ResTime" : 50003.0,
    "pct3ResTime" : 50004.0,
    "throughput" : 0.4204593975939799,
    "receivedKBytesPerSec" : 14.829885326881067,
    "sentKBytesPerSec" : 0.09459341812924296
  },
  "TestcasesResults" : {
    "transaction" : "TestcasesResults",
    "sampleCount" : 207,
    "errorCount" : 2,
    "errorPct" : 0.9661836,
    "meanResTime" : 137687.91787439608,
    "medianResTime" : 132036.0,
    "minResTime" : 19402.0,
    "maxResTime" : 295192.0,
    "pct1ResTime" : 179980.4,
    "pct2ResTime" : 205959.4,
    "pct3ResTime" : 249969.19999999984,
    "throughput" : 0.24267178114053392,
    "receivedKBytesPerSec" : 6.966191780020961,
    "sentKBytesPerSec" : 0.05877207199497306
  },
  "Total" : {
    "transaction" : "Total",
    "sampleCount" : 1922,
    "errorCount" : 270,
    "errorPct" : 14.047867,
    "meanResTime" : 23978.450052029108,
    "medianResTime" : 2516.5,
    "minResTime" : 0.0,
    "maxResTime" : 295192.0,
    "pct1ResTime" : 103336.6,
    "pct2ResTime" : 134319.04999999996,
    "pct3ResTime" : 180706.97999999998,
    "throughput" : 1.8527051229899305,
    "receivedKBytesPerSec" : 42.13833176380757,
    "sentKBytesPerSec" : 0.7949856724418306
  },
  "Upload" : {
    "transaction" : "Upload",
    "sampleCount" : 322,
    "errorCount" : 73,
    "errorPct" : 22.670807,
    "meanResTime" : 19391.350931677032,
    "medianResTime" : 3070.5,
    "minResTime" : 0.0,
    "maxResTime" : 91936.0,
    "pct1ResTime" : 54933.0,
    "pct2ResTime" : 67251.19999999991,
    "pct3ResTime" : 87914.94999999998,
    "throughput" : 0.4208941255205624,
    "receivedKBytesPerSec" : 14.462999407382378,
    "sentKBytesPerSec" : 0.5408598269791828
  },
  "Course Page" : {
    "transaction" : "Course Page",
    "sampleCount" : 150,
    "errorCount" : 12,
    "errorPct" : 8.0,
    "meanResTime" : 2583.473333333334,
    "medianResTime" : 1352.5,
    "minResTime" : 0.0,
    "maxResTime" : 18759.0,
    "pct1ResTime" : 6952.9000000000015,
    "pct2ResTime" : 11636.199999999986,
    "pct3ResTime" : 17958.810000000016,
    "throughput" : 5.606847830149889,
    "receivedKBytesPerSec" : 167.78214709565282,
    "sentKBytesPerSec" : 1.4961084971778866
  },
  "Login" : {
    "transaction" : "Login",
    "sampleCount" : 150,
    "errorCount" : 4,
    "errorPct" : 2.6666667,
    "meanResTime" : 9152.300000000001,
    "medianResTime" : 7040.5,
    "minResTime" : 618.0,
    "maxResTime" : 24109.0,
    "pct1ResTime" : 19563.0,
    "pct2ResTime" : 20057.649999999998,
    "pct3ResTime" : 23580.13000000001,
    "throughput" : 5.568755568755568,
    "receivedKBytesPerSec" : 9.582247619356995,
    "sentKBytesPerSec" : 3.2001491962429465
  },
  "RunPractice" : {
    "transaction" : "RunPractice",
    "sampleCount" : 321,
    "errorCount" : 104,
    "errorPct" : 32.398754,
    "meanResTime" : 11827.03426791277,
    "medianResTime" : 2584.0,
    "minResTime" : 0.0,
    "maxResTime" : 50048.0,
    "pct1ResTime" : 50003.0,
    "pct2ResTime" : 50004.0,
    "pct3ResTime" : 50006.0,
    "throughput" : 0.42054348367217,
    "receivedKBytesPerSec" : 8.16885604884986,
    "sentKBytesPerSec" : 0.0789133143280868
  }
}