{
  "AssignmentsList" : {
    "transaction" : "AssignmentsList",
    "sampleCount" : 10,
    "errorCount" : 0,
    "errorPct" : 0.0,
    "meanResTime" : 205.8,
    "medianResTime" : 194.5,
    "minResTime" : 164.0,
    "maxResTime" : 243.0,
    "pct1ResTime" : 242.5,
    "pct2ResTime" : 243.0,
    "pct3ResTime" : 243.0,
    "throughput" : 18.18181818181818,
    "receivedKBytesPerSec" : 7.049005681818182,
    "sentKBytesPerSec" : 5.877130681818182
  },
  "Get CSRF Token" : {
    "transaction" : "Get CSRF Token",
    "sampleCount" : 10,
    "errorCount" : 0,
    "errorPct" : 0.0,
    "meanResTime" : 811.4,
    "medianResTime" : 822.0,
    "minResTime" : 729.0,
    "maxResTime" : 861.0,
    "pct1ResTime" : 860.9,
    "pct2ResTime" : 861.0,
    "pct3ResTime" : 861.0,
    "throughput" : 11.614401858304298,
    "receivedKBytesPerSec" : 310.39035278745644,
    "sentKBytesPerSec" : 1.5311955574912892
  },
  "StudentCourses" : {
    "transaction" : "StudentCourses",
    "sampleCount" : 10,
    "errorCount" : 0,
    "errorPct" : 0.0,
    "meanResTime" : 371.59999999999997,
    "medianResTime" : 251.5,
    "minResTime" : 131.0,
    "maxResTime" : 882.0,
    "pct1ResTime" : 870.0,
    "pct2ResTime" : 882.0,
    "pct3ResTime" : 882.0,
    "throughput" : 9.596928982725528,
    "receivedKBytesPerSec" : 11.968045225527831,
    "sentKBytesPerSec" : 2.3242562380038385
  },
  "GetSubmissionId" : {
    "transaction" : "GetSubmissionId",
    "sampleCount" : 60,
    "errorCount" : 0,
    "errorPct" : 0.0,
    "meanResTime" : 1103.066666666667,
    "medianResTime" : 457.0,
    "minResTime" : 297.0,
    "maxResTime" : 9508.0,
    "pct1ResTime" : 2671.2999999999997,
    "pct2ResTime" : 4758.799999999996,
    "pct3ResTime" : 9508.0,
    "throughput" : 0.08810132827435928,
    "receivedKBytesPerSec" : 3.7503447767475633,
    "sentKBytesPerSec" : 0.02039063945412417
  },
  "TestcasesResults" : {
    "transaction" : "TestcasesResults",
    "sampleCount" : 60,
    "errorCount" : 0,
    "errorPct" : 0.0,
    "meanResTime" : 8491.51666666667,
    "medianResTime" : 6294.0,
    "minResTime" : 5263.0,
    "maxResTime" : 18347.0,
    "pct1ResTime" : 14554.999999999998,
    "pct2ResTime" : 16303.399999999996,
    "pct3ResTime" : 18347.0,
    "throughput" : 0.08814235578074296,
    "receivedKBytesPerSec" : 2.5544942983831755,
    "sentKBytesPerSec" : 0.021346976790648686
  },
  "Total" : {
    "transaction" : "Total",
    "sampleCount" : 290,
    "errorCount" : 0,
    "errorPct" : 0.0,
    "meanResTime" : 3045.4241379310356,
    "medianResTime" : 1917.0,
    "minResTime" : 131.0,
    "maxResTime" : 18347.0,
    "pct1ResTime" : 8413.800000000001,
    "pct2ResTime" : 11653.05,
    "pct3ResTime" : 16440.629999999976,
    "throughput" : 0.3490733306771661,
    "receivedKBytesPerSec" : 11.054681951690057,
    "sentKBytesPerSec" : 0.16238445597523266
  },
  "Upload" : {
    "transaction" : "Upload",
    "sampleCount" : 60,
    "errorCount" : 0,
    "errorPct" : 0.0,
    "meanResTime" : 1935.9666666666667,
    "medianResTime" : 1123.0,
    "minResTime" : 583.0,
    "maxResTime" : 11142.0,
    "pct1ResTime" : 4721.5999999999985,
    "pct2ResTime" : 7243.699999999995,
    "pct3ResTime" : 11142.0,
    "throughput" : 0.08794378633177673,
    "receivedKBytesPerSec" : 3.7620531081532684,
    "sentKBytesPerSec" : 0.11237738712415024
  },
  "Course Page" : {
    "transaction" : "Course Page",
    "sampleCount" : 10,
    "errorCount" : 0,
    "errorPct" : 0.0,
    "meanResTime" : 516.5999999999999,
    "medianResTime" : 547.5,
    "minResTime" : 392.0,
    "maxResTime" : 568.0,
    "pct1ResTime" : 567.9,
    "pct2ResTime" : 568.0,
    "pct3ResTime" : 568.0,
    "throughput" : 10.893246187363834,
    "receivedKBytesPerSec" : 352.66033496732024,
    "sentKBytesPerSec" : 3.1594669117647056
  },
  "Login" : {
    "transaction" : "Login",
    "sampleCount" : 10,
    "errorCount" : 0,
    "errorPct" : 0.0,
    "meanResTime" : 1120.3,
    "medianResTime" : 1193.5,
    "minResTime" : 607.0,
    "maxResTime" : 1518.0,
    "pct1ResTime" : 1508.5,
    "pct2ResTime" : 1518.0,
    "pct3ResTime" : 1518.0,
    "throughput" : 6.587615283267457,
    "receivedKBytesPerSec" : 11.265851449275361,
    "sentKBytesPerSec" : 3.8740839097496704
  },
  "RunPractice" : {
    "transaction" : "RunPractice",
    "sampleCount" : 60,
    "errorCount" : 0,
    "errorPct" : 0.0,
    "meanResTime" : 2684.7166666666667,
    "medianResTime" : 2233.0,
    "minResTime" : 2092.0,
    "maxResTime" : 5968.0,
    "pct1ResTime" : 4311.7,
    "pct2ResTime" : 5162.699999999999,
    "pct3ResTime" : 5968.0,
    "throughput" : 0.08814015459783117,
    "receivedKBytesPerSec" : 2.497004554550676,
    "sentKBytesPerSec" : 0.02065784873386668
  }
}