{
  "AssignmentsList" : {
    "transaction" : "AssignmentsList",
    "sampleCount" : 200,
    "errorCount" : 9,
    "errorPct" : 4.5,
    "meanResTime" : 3046.3099999999986,
    "medianResTime" : 835.0,
    "minResTime" : 0.0,
    "maxResTime" : 15273.0,
    "pct1ResTime" : 9423.7,
    "pct2ResTime" : 11000.3,
    "pct3ResTime" : 13262.950000000008,
    "throughput" : 5.26135795648857,
    "receivedKBytesPerSec" : 2.3390692411148817,
    "sentKBytesPerSec" : 1.6241616765974798
  },
  "Get CSRF Token" : {
    "transaction" : "Get CSRF Token",
    "sampleCount" : 200,
    "errorCount" : 0,
    "errorPct" : 0.0,
    "meanResTime" : 2244.81,
    "medianResTime" : 1697.5,
    "minResTime" : 233.0,
    "maxResTime" : 10507.0,
    "pct1ResTime" : 5058.500000000001,
    "pct2ResTime" : 6760.4,
    "pct3ResTime" : 10104.470000000005,
    "throughput" : 16.00256040966555,
    "receivedKBytesPerSec" : 427.6610820231237,
    "sentKBytesPerSec" : 2.1097125540086417
  },
  "StudentCourses" : {
    "transaction" : "StudentCourses",
    "sampleCount" : 200,
    "errorCount" : 1,
    "errorPct" : 0.5,
    "meanResTime" : 2789.94,
    "medianResTime" : 319.0,
    "minResTime" : 59.0,
    "maxResTime" : 30250.0,
    "pct1ResTime" : 11449.200000000004,
    "pct2ResTime" : 16465.79999999998,
    "pct3ResTime" : 24446.10000000001,
    "throughput" : 4.805151122002787,
    "receivedKBytesPerSec" : 7.253830794111288,
    "sentKBytesPerSec" : 1.166469204987747
  },
  "GetSubmissionId" : {
    "transaction" : "GetSubmissionId",
    "sampleCount" : 359,
    "errorCount" : 108,
    "errorPct" : 30.083565,
    "meanResTime" : 20960.225626740954,
    "medianResTime" : 6404.0,
    "minResTime" : 0.0,
    "maxResTime" : 50007.0,
    "pct1ResTime" : 50003.0,
    "pct2ResTime" : 50004.0,
    "pct3ResTime" : 50005.4,
    "throughput" : 0.46843480144366645,
    "receivedKBytesPerSec" : 14.818770361500532,
    "sentKBytesPerSec" : 0.10569906309777631
  },
  "TestcasesResults" : {
    "transaction" : "TestcasesResults",
    "sampleCount" : 187,
    "errorCount" : 3,
    "errorPct" : 1.6042781,
    "meanResTime" : 171063.70053475926,
    "medianResTime" : 164346.0,
    "minResTime" : 26778.0,
    "maxResTime" : 320191.0,
    "pct1ResTime" : 250117.60000000012,
    "pct2ResTime" : 270039.2,
    "pct3ResTime" : 319776.52,
    "throughput" : 0.2083990384668963,
    "receivedKBytesPerSec" : 5.945749027030024,
    "sentKBytesPerSec" : 0.050201740299136204
  },
  "Total" : {
    "transaction" : "Total",
    "sampleCount" : 2264,
    "errorCount" : 443,
    "errorPct" : 19.567139,
    "meanResTime" : 25913.910335689114,
    "medianResTime" : 4005.5,
    "minResTime" : 0.0,
    "maxResTime" : 320191.0,
    "pct1ResTime" : 55277.0,
    "pct2ResTime" : 160070.75,
    "pct3ResTime" : 213685.39999999947,
    "throughput" : 2.138809087671334,
    "receivedKBytesPerSec" : 42.139399822679124,
    "sentKBytesPerSec" : 0.9144832916758382
  },
  "Upload" : {
    "transaction" : "Upload",
    "sampleCount" : 359,
    "errorCount" : 129,
    "errorPct" : 35.933147,
    "meanResTime" : 25257.11977715876,
    "medianResTime" : 6429.0,
    "minResTime" : 0.0,
    "maxResTime" : 98107.0,
    "pct1ResTime" : 57385.0,
    "pct2ResTime" : 73398.0,
    "pct3ResTime" : 92409.39999999994,
    "throughput" : 0.4688318251923321,
    "receivedKBytesPerSec" : 13.687249106819872,
    "sentKBytesPerSec" : 0.6202900521461137
  },
  "Course Page" : {
    "transaction" : "Course Page",
    "sampleCount" : 200,
    "errorCount" : 12,
    "errorPct" : 6.0,
    "meanResTime" : 7816.725000000005,
    "medianResTime" : 7669.0,
    "minResTime" : 0.0,
    "maxResTime" : 25661.0,
    "pct1ResTime" : 15172.800000000003,
    "pct2ResTime" : 17213.0,
    "pct3ResTime" : 23525.300000000007,
    "throughput" : 4.828468651167282,
    "receivedKBytesPerSec" : 147.52471195166703,
    "sentKBytesPerSec" : 1.3164178496414862
  },
  "Login" : {
    "transaction" : "Login",
    "sampleCount" : 200,
    "errorCount" : 2,
    "errorPct" : 1.0,
    "meanResTime" : 11559.945,
    "medianResTime" : 9540.5,
    "minResTime" : 486.0,
    "maxResTime" : 33130.0,
    "pct1ResTime" : 26694.000000000004,
    "pct2ResTime" : 29588.599999999995,
    "pct3ResTime" : 33099.46000000001,
    "throughput" : 4.924652811976756,
    "receivedKBytesPerSec" : 8.450252157613512,
    "sentKBytesPerSec" : 2.8801524180045304
  },
  "RunPractice" : {
    "transaction" : "RunPractice",
    "sampleCount" : 359,
    "errorCount" : 179,
    "errorPct" : 49.860725,
    "meanResTime" : 12803.92200557102,
    "medianResTime" : 2678.0,
    "minResTime" : 0.0,
    "maxResTime" : 50020.0,
    "pct1ResTime" : 50004.0,
    "pct2ResTime" : 50004.0,
    "pct3ResTime" : 50007.8,
    "throughput" : 0.46729458563075654,
    "receivedKBytesPerSec" : 6.825314510652104,
    "sentKBytesPerSec" : 0.07657399525155809
  }
}