{
  "AssignmentsList" : {
    "transaction" : "AssignmentsList",
    "sampleCount" : 60,
    "errorCount" : 2,
    "errorPct" : 3.3333333,
    "meanResTime" : 95.71666666666663,
    "medianResTime" : 67.5,
    "minResTime" : 27.0,
    "maxResTime" : 502.0,
    "pct1ResTime" : 176.9,
    "pct2ResTime" : 277.6999999999997,
    "pct3ResTime" : 502.0,
    "throughput" : 8.25082508250825,
    "receivedKBytesPerSec" : 3.633371149614961,
    "sentKBytesPerSec" : 2.5781142567381736
  },
  "Get CSRF Token" : {
    "transaction" : "Get CSRF Token",
    "sampleCount" : 60,
    "errorCount" : 0,
    "errorPct" : 0.0,
    "meanResTime" : 610.1,
    "medianResTime" : 514.5,
    "minResTime" : 161.0,
    "maxResTime" : 1695.0,
    "pct1ResTime" : 1046.8999999999999,
    "pct2ResTime" : 1154.4499999999996,
    "pct3ResTime" : 1695.0,
    "throughput" : 30.241935483870968,
    "receivedKBytesPerSec" : 808.2039125504033,
    "sentKBytesPerSec" : 3.986973916330645
  },
  "StudentCourses" : {
    "transaction" : "StudentCourses",
    "sampleCount" : 60,
    "errorCount" : 0,
    "errorPct" : 0.0,
    "meanResTime" : 725.8333333333333,
    "medianResTime" : 264.5,
    "minResTime" : 64.0,
    "maxResTime" : 6122.0,
    "pct1ResTime" : 2370.2,
    "pct2ResTime" : 3668.4999999999945,
    "pct3ResTime" : 6122.0,
    "throughput" : 8.188890405350076,
    "receivedKBytesPerSec" : 10.214787771256995,
    "sentKBytesPerSec" : 1.9832468950457214
  },
  "GetSubmissionId" : {
    "transaction" : "GetSubmissionId",
    "sampleCount" : 270,
    "errorCount" : 4,
    "errorPct" : 1.4814814,
    "meanResTime" : 3596.470370370373,
    "medianResTime" : 1174.0,
    "minResTime" : 0.0,
    "maxResTime" : 50003.0,
    "pct1ResTime" : 9465.5,
    "pct2ResTime" : 15748.05,
    "pct3ResTime" : 47434.93000000007,
    "throughput" : 0.3524629326482498,
    "receivedKBytesPerSec" : 15.089723692313566,
    "sentKBytesPerSec" : 0.08097162771298552
  },
  "TestcasesResults" : {
    "transaction" : "TestcasesResults",
    "sampleCount" : 256,
    "errorCount" : 0,
    "errorPct" : 0.0,
    "meanResTime" : 35817.71484374997,
    "medianResTime" : 33741.5,
    "minResTime" : 5275.0,
    "maxResTime" : 97595.0,
    "pct1ResTime" : 73527.1,
    "pct2ResTime" : 76342.5,
    "pct3ResTime" : 85845.95000000006,
    "throughput" : 0.34426463191924844,
    "receivedKBytesPerSec" : 9.977614919333147,
    "sentKBytesPerSec" : 0.08337659054294297
  },
  "Total" : {
    "transaction" : "Total",
    "sampleCount" : 1367,
    "errorCount" : 25,
    "errorPct" : 1.8288223,
    "meanResTime" : 9887.580833942944,
    "medianResTime" : 2251.0,
    "minResTime" : 0.0,
    "maxResTime" : 97595.0,
    "pct1ResTime" : 37372.00000000004,
    "pct2ResTime" : 53598.39999999999,
    "pct3ResTime" : 76197.51999999999,
    "throughput" : 1.486709879497107,
    "receivedKBytesPerSec" : 45.14171095687236,
    "sentKBytesPerSec" : 0.6897389523154391
  },
  "Upload" : {
    "transaction" : "Upload",
    "sampleCount" : 271,
    "errorCount" : 12,
    "errorPct" : 4.4280443,
    "meanResTime" : 7846.619926199256,
    "medianResTime" : 1945.0,
    "minResTime" : 0.0,
    "maxResTime" : 60484.0,
    "pct1ResTime" : 32544.400000000016,
    "pct2ResTime" : 48370.99999999999,
    "pct3ResTime" : 57977.11999999995,
    "throughput" : 0.3523621919268751,
    "receivedKBytesPerSec" : 14.71941428521509,
    "sentKBytesPerSec" : 0.4608602480837868
  },
  "Course Page" : {
    "transaction" : "Course Page",
    "sampleCount" : 60,
    "errorCount" : 2,
    "errorPct" : 3.3333333,
    "meanResTime" : 373.6333333333333,
    "medianResTime" : 303.0,
    "minResTime" : 60.0,
    "maxResTime" : 1071.0,
    "pct1ResTime" : 802.3,
    "pct2ResTime" : 911.8999999999999,
    "pct3ResTime" : 1071.0,
    "throughput" : 7.894736842105264,
    "receivedKBytesPerSec" : 247.65072471217107,
    "sentKBytesPerSec" : 2.213456003289474
  },
  "Login" : {
    "transaction" : "Login",
    "sampleCount" : 60,
    "errorCount" : 0,
    "errorPct" : 0.0,
    "meanResTime" : 2785.0000000000005,
    "medianResTime" : 2798.0,
    "minResTime" : 354.0,
    "maxResTime" : 6564.0,
    "pct1ResTime" : 5165.7,
    "pct2ResTime" : 5542.65,
    "pct3ResTime" : 6564.0,
    "throughput" : 8.14000814000814,
    "receivedKBytesPerSec" : 13.932609635734634,
    "sentKBytesPerSec" : 4.798948158323158
  },
  "RunPractice" : {
    "transaction" : "RunPractice",
    "sampleCount" : 270,
    "errorCount" : 5,
    "errorPct" : 1.8518518,
    "meanResTime" : 3607.7407407407395,
    "medianResTime" : 2689.0,
    "minResTime" : 0.0,
    "maxResTime" : 22924.0,
    "pct1ResTime" : 5665.8,
    "pct2ResTime" : 8161.5999999999985,
    "pct3ResTime" : 16749.15000000006,
    "throughput" : 0.35166506897845207,
    "receivedKBytesPerSec" : 9.791777291244452,
    "sentKBytesPerSec" : 0.08120044127453842
  }
}