{
  "AssignmentsList" : {
    "transaction" : "AssignmentsList",
    "sampleCount" : 90,
    "errorCount" : 2,
    "errorPct" : 2.2222223,
    "meanResTime" : 558.8222222222223,
    "medianResTime" : 166.0,
    "minResTime" : 0.0,
    "maxResTime" : 7760.0,
    "pct1ResTime" : 1733.6000000000001,
    "pct2ResTime" : 2037.45,
    "pct3ResTime" : 7760.0,
    "throughput" : 5.668577187126031,
    "receivedKBytesPerSec" : 2.329553953832588,
    "sentKBytesPerSec" : 1.7916049946463437
  },
  "Get CSRF Token" : {
    "transaction" : "Get CSRF Token",
    "sampleCount" : 90,
    "errorCount" : 0,
    "errorPct" : 0.0,
    "meanResTime" : 813.9777777777776,
    "medianResTime" : 733.5,
    "minResTime" : 97.0,
    "maxResTime" : 1797.0,
    "pct1ResTime" : 1655.1000000000001,
    "pct2ResTime" : 1734.05,
    "pct3ResTime" : 1797.0,
    "throughput" : 30.303030303030305,
    "receivedKBytesPerSec" : 809.8366477272726,
    "sentKBytesPerSec" : 3.9950284090909087
  },
  "StudentCourses" : {
    "transaction" : "StudentCourses",
    "sampleCount" : 90,
    "errorCount" : 1,
    "errorPct" : 1.1111112,
    "meanResTime" : 1248.8999999999999,
    "medianResTime" : 264.0,
    "minResTime" : 49.0,
    "maxResTime" : 12539.0,
    "pct1ResTime" : 3584.000000000002,
    "pct2ResTime" : 7778.700000000006,
    "pct3ResTime" : 12539.0,
    "throughput" : 5.391158500059902,
    "receivedKBytesPerSec" : 6.774105311039895,
    "sentKBytesPerSec" : 1.2911637414639991
  },
  "GetSubmissionId" : {
    "transaction" : "GetSubmissionId",
    "sampleCount" : 290,
    "errorCount" : 9,
    "errorPct" : 3.1034484,
    "meanResTime" : 7049.865517241383,
    "medianResTime" : 1727.5,
    "minResTime" : 0.0,
    "maxResTime" : 50003.0,
    "pct1ResTime" : 23763.60000000001,
    "pct2ResTime" : 31012.899999999954,
    "pct3ResTime" : 50003.0,
    "throughput" : 0.3793949304987735,
    "receivedKBytesPerSec" : 16.528785517170892,
    "sentKBytesPerSec" : 0.08720359771054784
  },
  "TestcasesResults" : {
    "transaction" : "TestcasesResults",
    "sampleCount" : 239,
    "errorCount" : 1,
    "errorPct" : 0.41841003,
    "meanResTime" : 110258.04184100417,
    "medianResTime" : 116071.0,
    "minResTime" : 34338.0,
    "maxResTime" : 220011.0,
    "pct1ResTime" : 137919.0,
    "pct2ResTime" : 149381.0,
    "pct3ResTime" : 170427.79999999993,
    "throughput" : 0.2947251595400314,
    "receivedKBytesPerSec" : 8.507985190523168,
    "sentKBytesPerSec" : 0.07108009372013442
  },
  "Total" : {
    "transaction" : "Total",
    "sampleCount" : 1560,
    "errorCount" : 53,
    "errorPct" : 3.397436,
    "meanResTime" : 22774.762820512857,
    "medianResTime" : 2545.0,
    "minResTime" : 0.0,
    "maxResTime" : 220011.0,
    "pct1ResTime" : 102369.0,
    "pct2ResTime" : 126905.29999999993,
    "pct3ResTime" : 140901.04999999987,
    "throughput" : 1.5191692870713824,
    "receivedKBytesPerSec" : 43.825536599685265,
    "sentKBytesPerSec" : 0.7131557549614024
  },
  "Upload" : {
    "transaction" : "Upload",
    "sampleCount" : 291,
    "errorCount" : 23,
    "errorPct" : 7.90378,
    "meanResTime" : 13025.890034364264,
    "medianResTime" : 2825.0,
    "minResTime" : 0.0,
    "maxResTime" : 78122.0,
    "pct1ResTime" : 50005.0,
    "pct2ResTime" : 59678.59999999997,
    "pct3ResTime" : 73258.76,
    "throughput" : 0.37831070619298524,
    "receivedKBytesPerSec" : 15.741340597126399,
    "sentKBytesPerSec" : 0.522614789998557
  },
  "Course Page" : {
    "transaction" : "Course Page",
    "sampleCount" : 90,
    "errorCount" : 3,
    "errorPct" : 3.3333333,
    "meanResTime" : 1237.877777777778,
    "medianResTime" : 801.5,
    "minResTime" : 0.0,
    "maxResTime" : 9731.0,
    "pct1ResTime" : 2277.7000000000003,
    "pct2ResTime" : 4453.250000000002,
    "pct3ResTime" : 9731.0,
    "throughput" : 5.446952732554621,
    "receivedKBytesPerSec" : 170.82325820447255,
    "sentKBytesPerSec" : 1.5271680952308904
  },
  "Login" : {
    "transaction" : "Login",
    "sampleCount" : 90,
    "errorCount" : 0,
    "errorPct" : 0.0,
    "meanResTime" : 4776.044444444445,
    "medianResTime" : 3765.0,
    "minResTime" : 226.0,
    "maxResTime" : 15143.0,
    "pct1ResTime" : 11642.000000000002,
    "pct2ResTime" : 12924.0,
    "pct3ResTime" : 15143.0,
    "throughput" : 5.363208390441571,
    "receivedKBytesPerSec" : 9.180304362076159,
    "sentKBytesPerSec" : 3.162407447410762
  },
  "RunPractice" : {
    "transaction" : "RunPractice",
    "sampleCount" : 290,
    "errorCount" : 14,
    "errorPct" : 4.827586,
    "meanResTime" : 8843.989655172412,
    "medianResTime" : 3087.0,
    "minResTime" : 0.0,
    "maxResTime" : 50004.0,
    "pct1ResTime" : 26885.400000000005,
    "pct2ResTime" : 34497.549999999996,
    "pct3ResTime" : 50003.0,
    "throughput" : 0.3816221309253416,
    "receivedKBytesPerSec" : 10.303364457606387,
    "sentKBytesPerSec" : 0.0866668794100385
  }
}