{
  "AssignmentsList" : {
    "transaction" : "AssignmentsList",
    "sampleCount" : 100,
    "errorCount" : 5,
    "errorPct" : 5.0,
    "meanResTime" : 1153.1500000000008,
    "medianResTime" : 341.0,
    "minResTime" : 0.0,
    "maxResTime" : 4834.0,
    "pct1ResTime" : 3542.6000000000004,
    "pct2ResTime" : 4136.149999999999,
    "pct3ResTime" : 4829.899999999998,
    "throughput" : 6.037553583288052,
    "receivedKBytesPerSec" : 2.756579518354163,
    "sentKBytesPerSec" : 1.8540124260399686
  },
  "Get CSRF Token" : {
    "transaction" : "Get CSRF Token",
    "sampleCount" : 100,
    "errorCount" : 0,
    "errorPct" : 0.0,
    "meanResTime" : 941.7500000000001,
    "medianResTime" : 750.5,
    "minResTime" : 195.0,
    "maxResTime" : 2271.0,
    "pct1ResTime" : 1896.2,
    "pct2ResTime" : 2038.4499999999994,
    "pct3ResTime" : 2269.6799999999994,
    "throughput" : 30.03003003003003,
    "receivedKBytesPerSec" : 802.540822072072,
    "sentKBytesPerSec" : 3.9590371621621623
  },
  "StudentCourses" : {
    "transaction" : "StudentCourses",
    "sampleCount" : 100,
    "errorCount" : 1,
    "errorPct" : 1.0,
    "meanResTime" : 2010.9299999999998,
    "medianResTime" : 304.0,
    "minResTime" : 126.0,
    "maxResTime" : 13517.0,
    "pct1ResTime" : 7551.300000000009,
    "pct2ResTime" : 9732.65,
    "pct3ResTime" : 13485.479999999985,
    "throughput" : 5.49964252323599,
    "receivedKBytesPerSec" : 6.906401669828961,
    "sentKBytesPerSec" : 1.318625226860254
  },
  "GetSubmissionId" : {
    "transaction" : "GetSubmissionId",
    "sampleCount" : 288,
    "errorCount" : 11,
    "errorPct" : 3.8194444,
    "meanResTime" : 7072.197916666663,
    "medianResTime" : 1835.5,
    "minResTime" : 0.0,
    "maxResTime" : 50005.0,
    "pct1ResTime" : 23188.600000000002,
    "pct2ResTime" : 33111.30000000001,
    "pct3ResTime" : 50003.0,
    "throughput" : 0.3763505496286152,
    "receivedKBytesPerSec" : 16.371685350522185,
    "sentKBytesPerSec" : 0.085592338440419
  },
  "TestcasesResults" : {
    "transaction" : "TestcasesResults",
    "sampleCount" : 223,
    "errorCount" : 0,
    "errorPct" : 0.0,
    "meanResTime" : 130083.48430493275,
    "medianResTime" : 138924.0,
    "minResTime" : 6071.0,
    "maxResTime" : 265363.0,
    "pct1ResTime" : 156474.8,
    "pct2ResTime" : 158036.2,
    "pct3ResTime" : 189619.9199999997,
    "throughput" : 0.2614949301644369,
    "receivedKBytesPerSec" : 7.578192975489834,
    "sentKBytesPerSec" : 0.06333080339919957
  },
  "Total" : {
    "transaction" : "Total",
    "sampleCount" : 1587,
    "errorCount" : 83,
    "errorPct" : 5.229994,
    "meanResTime" : 24074.488342785113,
    "medianResTime" : 2755.0,
    "minResTime" : 0.0,
    "maxResTime" : 265363.0,
    "pct1ResTime" : 120144.6,
    "pct2ResTime" : 145952.8,
    "pct3ResTime" : 157498.63999999998,
    "throughput" : 1.518655927303558,
    "receivedKBytesPerSec" : 41.98695519594202,
    "sentKBytesPerSec" : 0.7009119381714695
  },
  "Upload" : {
    "transaction" : "Upload",
    "sampleCount" : 288,
    "errorCount" : 44,
    "errorPct" : 15.277778,
    "meanResTime" : 14400.024305555557,
    "medianResTime" : 3010.5,
    "minResTime" : 0.0,
    "maxResTime" : 92434.0,
    "pct1ResTime" : 50005.0,
    "pct2ResTime" : 54231.00000000002,
    "pct3ResTime" : 81836.28000000013,
    "throughput" : 0.3764317148948017,
    "receivedKBytesPerSec" : 14.48439066423206,
    "sentKBytesPerSec" : 0.5137452002505624
  },
  "Course Page" : {
    "transaction" : "Course Page",
    "sampleCount" : 100,
    "errorCount" : 3,
    "errorPct" : 3.0,
    "meanResTime" : 2312.6899999999996,
    "medianResTime" : 1866.5,
    "minResTime" : 0.0,
    "maxResTime" : 10520.0,
    "pct1ResTime" : 5056.200000000001,
    "pct2ResTime" : 6634.599999999999,
    "pct3ResTime" : 10514.309999999998,
    "throughput" : 5.577555914998047,
    "receivedKBytesPerSec" : 175.50090155962408,
    "sentKBytesPerSec" : 1.5691778159685428
  },
  "Login" : {
    "transaction" : "Login",
    "sampleCount" : 100,
    "errorCount" : 0,
    "errorPct" : 0.0,
    "meanResTime" : 4891.02,
    "medianResTime" : 4376.5,
    "minResTime" : 663.0,
    "maxResTime" : 16335.0,
    "pct1ResTime" : 10194.300000000003,
    "pct2ResTime" : 12185.15,
    "pct3ResTime" : 16319.579999999993,
    "throughput" : 5.657068507099622,
    "receivedKBytesPerSec" : 9.683531212875488,
    "sentKBytesPerSec" : 3.3359025852803077
  },
  "RunPractice" : {
    "transaction" : "RunPractice",
    "sampleCount" : 288,
    "errorCount" : 19,
    "errorPct" : 6.5972223,
    "meanResTime" : 6536.951388888889,
    "medianResTime" : 2972.5,
    "minResTime" : 0.0,
    "maxResTime" : 50003.0,
    "pct1ResTime" : 16747.60000000001,
    "pct2ResTime" : 25260.700000000004,
    "pct3ResTime" : 50003.0,
    "throughput" : 0.3767222288352089,
    "receivedKBytesPerSec" : 9.996780478120025,
    "sentKBytesPerSec" : 0.0849219217019473
  }
}