{
  "AssignmentsList" : {
    "transaction" : "AssignmentsList",
    "sampleCount" : 350,
    "errorCount" : 75,
    "errorPct" : 21.428572,
    "meanResTime" : 3651.3828571428594,
    "medianResTime" : 310.5,
    "minResTime" : 0.0,
    "maxResTime" : 36310.0,
    "pct1ResTime" : 12434.80000000001,
    "pct2ResTime" : 21558.25,
    "pct3ResTime" : 29914.11000000001,
    "throughput" : 5.13693603780785,
    "receivedKBytesPerSec" : 3.0710822377594154,
    "sentKBytesPerSec" : 1.3046584900710365
  },
  "Get CSRF Token" : {
    "transaction" : "Get CSRF Token",
    "sampleCount" : 350,
    "errorCount" : 23,
    "errorPct" : 6.571429,
    "meanResTime" : 8432.38,
    "medianResTime" : 3664.0,
    "minResTime" : 276.0,
    "maxResTime" : 50004.0,
    "pct1ResTime" : 21560.200000000015,
    "pct2ResTime" : 50003.0,
    "pct3ResTime" : 50004.0,
    "throughput" : 6.313359067787438,
    "receivedKBytesPerSec" : 157.71348736426276,
    "sentKBytesPerSec" : 0.832327611475883
  },
  "StudentCourses" : {
    "transaction" : "StudentCourses",
    "sampleCount" : 350,
    "errorCount" : 7,
    "errorPct" : 2.0,
    "meanResTime" : 3589.3857142857137,
    "medianResTime" : 314.5,
    "minResTime" : 102.0,
    "maxResTime" : 47693.0,
    "pct1ResTime" : 14989.600000000011,
    "pct2ResTime" : 18350.55,
    "pct3ResTime" : 33726.23000000007,
    "throughput" : 4.973639709539441,
    "receivedKBytesPerSec" : 26.438489288023476,
    "sentKBytesPerSec" : 1.2904541199499795
  },
  "GetSubmissionId" : {
    "transaction" : "GetSubmissionId",
    "sampleCount" : 475,
    "errorCount" : 255,
    "errorPct" : 53.68421,
    "meanResTime" : 24698.341052631582,
    "medianResTime" : 21388.0,
    "minResTime" : 0.0,
    "maxResTime" : 50071.0,
    "pct1ResTime" : 50004.0,
    "pct2ResTime" : 50004.2,
    "pct3ResTime" : 50022.72,
    "throughput" : 0.6203992497740441,
    "receivedKBytesPerSec" : 12.953648074117467,
    "sentKBytesPerSec" : 0.12091663009576353
  },
  "TestcasesResults" : {
    "transaction" : "TestcasesResults",
    "sampleCount" : 165,
    "errorCount" : 1,
    "errorPct" : 0.6060606,
    "meanResTime" : 202033.06666666662,
    "medianResTime" : 171284.0,
    "minResTime" : 5977.0,
    "maxResTime" : 420867.0,
    "pct1ResTime" : 305649.4000000001,
    "pct2ResTime" : 332792.29999999993,
    "pct3ResTime" : 401845.8000000001,
    "throughput" : 0.17811361489677505,
    "receivedKBytesPerSec" : 5.131511646538929,
    "sentKBytesPerSec" : 0.043136891107812714
  },
  "Total" : {
    "transaction" : "Total",
    "sampleCount" : 3340,
    "errorCount" : 1100,
    "errorPct" : 32.93413,
    "meanResTime" : 23783.002095808388,
    "medianResTime" : 3984.5,
    "minResTime" : 0.0,
    "maxResTime" : 420867.0,
    "pct1ResTime" : 50004.0,
    "pct2ResTime" : 83891.8499999999,
    "pct3ResTime" : 256479.76000000018,
    "throughput" : 3.1171982547422945,
    "receivedKBytesPerSec" : 45.70415854896288,
    "sentKBytesPerSec" : 1.1196652832543923
  },
  "Upload" : {
    "transaction" : "Upload",
    "sampleCount" : 476,
    "errorCount" : 260,
    "errorPct" : 54.62185,
    "meanResTime" : 26353.180672268918,
    "medianResTime" : 18719.5,
    "minResTime" : 0.0,
    "maxResTime" : 89910.0,
    "pct1ResTime" : 50007.0,
    "pct2ResTime" : 62952.04999999992,
    "pct3ResTime" : 83934.03,
    "throughput" : 0.6208587676736056,
    "receivedKBytesPerSec" : 12.765683643681198,
    "sentKBytesPerSec" : 0.6768148257747691
  },
  "Course Page" : {
    "transaction" : "Course Page",
    "sampleCount" : 350,
    "errorCount" : 71,
    "errorPct" : 20.285715,
    "meanResTime" : 11055.52000000001,
    "medianResTime" : 9192.0,
    "minResTime" : 0.0,
    "maxResTime" : 46362.0,
    "pct1ResTime" : 28513.500000000007,
    "pct2ResTime" : 33454.59999999999,
    "pct3ResTime" : 42168.26000000002,
    "throughput" : 4.992012779552716,
    "receivedKBytesPerSec" : 130.20954976501883,
    "sentKBytesPerSec" : 1.154166168951107
  },
  "Login" : {
    "transaction" : "Login",
    "sampleCount" : 350,
    "errorCount" : 65,
    "errorPct" : 18.571428,
    "meanResTime" : 21591.465714285718,
    "medianResTime" : 18071.5,
    "minResTime" : 15.0,
    "maxResTime" : 61579.0,
    "pct1ResTime" : 50004.0,
    "pct2ResTime" : 50007.45,
    "pct3ResTime" : 57036.59000000002,
    "throughput" : 4.903952585784142,
    "receivedKBytesPerSec" : 7.606804912884786,
    "sentKBytesPerSec" : 2.664389685586583
  },
  "RunPractice" : {
    "transaction" : "RunPractice",
    "sampleCount" : 474,
    "errorCount" : 343,
    "errorPct" : 72.36287,
    "meanResTime" : 10362.65400843882,
    "medianResTime" : 0.0,
    "minResTime" : 0.0,
    "maxResTime" : 50025.0,
    "pct1ResTime" : 50003.0,
    "pct2ResTime" : 50004.0,
    "pct3ResTime" : 50010.5,
    "throughput" : 0.6209430736682147,
    "receivedKBytesPerSec" : 5.27534366177925,
    "sentKBytesPerSec" : 0.06724017658887411
  }
}