{
  "AssignmentsList" : {
    "transaction" : "AssignmentsList",
    "sampleCount" : 70,
    "errorCount" : 1,
    "errorPct" : 1.4285715,
    "meanResTime" : 414.8571428571429,
    "medianResTime" : 77.0,
    "minResTime" : 0.0,
    "maxResTime" : 4227.0,
    "pct1ResTime" : 1484.9999999999993,
    "pct2ResTime" : 2166.2500000000005,
    "pct3ResTime" : 4227.0,
    "throughput" : 6.0090994935187565,
    "receivedKBytesPerSec" : 2.3867056721607005,
    "sentKBytesPerSec" : 1.914645972830286
  },
  "Get CSRF Token" : {
    "transaction" : "Get CSRF Token",
    "sampleCount" : 70,
    "errorCount" : 0,
    "errorPct" : 0.0,
    "meanResTime" : 671.8428571428572,
    "medianResTime" : 651.0,
    "minResTime" : 168.0,
    "maxResTime" : 1775.0,
    "pct1ResTime" : 1122.1,
    "pct2ResTime" : 1426.6000000000001,
    "pct3ResTime" : 1775.0,
    "throughput" : 30.63457330415755,
    "receivedKBytesPerSec" : 818.6970049234135,
    "sentKBytesPerSec" : 4.038737691466083
  },
  "StudentCourses" : {
    "transaction" : "StudentCourses",
    "sampleCount" : 70,
    "errorCount" : 1,
    "errorPct" : 1.4285715,
    "meanResTime" : 946.0,
    "medianResTime" : 285.0,
    "minResTime" : 27.0,
    "maxResTime" : 8840.0,
    "pct1ResTime" : 3154.6,
    "pct2ResTime" : 4154.750000000002,
    "pct3ResTime" : 8840.0,
    "throughput" : 5.842096478050409,
    "receivedKBytesPerSec" : 7.353233626481389,
    "sentKBytesPerSec" : 1.394670130195293
  },
  "GetSubmissionId" : {
    "transaction" : "GetSubmissionId",
    "sampleCount" : 290,
    "errorCount" : 5,
    "errorPct" : 1.7241379,
    "meanResTime" : 4776.924137931028,
    "medianResTime" : 1247.0,
    "minResTime" : 0.0,
    "maxResTime" : 50003.0,
    "pct1ResTime" : 17133.20000000007,
    "pct2ResTime" : 24992.049999999963,
    "pct3ResTime" : 50003.0,
    "throughput" : 0.38037625770097966,
    "receivedKBytesPerSec" : 16.44675412806613,
    "sentKBytesPerSec" : 0.08742915492200319
  },
  "TestcasesResults" : {
    "transaction" : "TestcasesResults",
    "sampleCount" : 269,
    "errorCount" : 1,
    "errorPct" : 0.37174723,
    "meanResTime" : 60766.18587360593,
    "medianResTime" : 64822.0,
    "minResTime" : 5275.0,
    "maxResTime" : 131983.0,
    "pct1ResTime" : 96277.0,
    "pct2ResTime" : 105832.5,
    "pct3ResTime" : 111984.8,
    "throughput" : 0.35132445401045354,
    "receivedKBytesPerSec" : 10.146753668989675,
    "sentKBytesPerSec" : 0.08477008491864685
  },
  "Total" : {
    "transaction" : "Total",
    "sampleCount" : 1490,
    "errorCount" : 30,
    "errorPct" : 2.0134227,
    "meanResTime" : 15021.85771812079,
    "medianResTime" : 2366.0,
    "minResTime" : 0.0,
    "maxResTime" : 131983.0,
    "pct1ResTime" : 62337.30000000002,
    "pct2ResTime" : 77237.25000000001,
    "pct3ResTime" : 105164.57999999996,
    "throughput" : 1.5785035362716806,
    "receivedKBytesPerSec" : 47.55057749790239,
    "sentKBytesPerSec" : 0.7410222445843556
  },
  "Upload" : {
    "transaction" : "Upload",
    "sampleCount" : 291,
    "errorCount" : 16,
    "errorPct" : 5.498282,
    "meanResTime" : 9778.295532646045,
    "medianResTime" : 2060.0,
    "minResTime" : 0.0,
    "maxResTime" : 62972.0,
    "pct1ResTime" : 39746.80000000001,
    "pct2ResTime" : 55545.599999999984,
    "pct3ResTime" : 62123.72,
    "throughput" : 0.37889440954970155,
    "receivedKBytesPerSec" : 15.826660212197146,
    "sentKBytesPerSec" : 0.5095589664190181
  },
  "Course Page" : {
    "transaction" : "Course Page",
    "sampleCount" : 70,
    "errorCount" : 1,
    "errorPct" : 1.4285715,
    "meanResTime" : 911.4285714285712,
    "medianResTime" : 350.0,
    "minResTime" : 0.0,
    "maxResTime" : 2914.0,
    "pct1ResTime" : 2328.7,
    "pct2ResTime" : 2714.2500000000005,
    "pct3ResTime" : 2914.0,
    "throughput" : 5.898213683855746,
    "receivedKBytesPerSec" : 188.36235043815302,
    "sentKBytesPerSec" : 1.6862736191860466
  },
  "Login" : {
    "transaction" : "Login",
    "sampleCount" : 70,
    "errorCount" : 0,
    "errorPct" : 0.0,
    "meanResTime" : 3257.5714285714284,
    "medianResTime" : 3219.5,
    "minResTime" : 308.0,
    "maxResTime" : 9936.0,
    "pct1ResTime" : 5676.7,
    "pct2ResTime" : 6285.950000000001,
    "pct3ResTime" : 9936.0,
    "throughput" : 6.66603180649462,
    "receivedKBytesPerSec" : 11.409999642891155,
    "sentKBytesPerSec" : 3.9302432506427962
  },
  "RunPractice" : {
    "transaction" : "RunPractice",
    "sampleCount" : 290,
    "errorCount" : 5,
    "errorPct" : 1.7241379,
    "meanResTime" : 4729.493103448275,
    "medianResTime" : 2917.0,
    "minResTime" : 0.0,
    "maxResTime" : 50002.0,
    "pct1ResTime" : 8502.0,
    "pct2ResTime" : 14451.599999999999,
    "pct3ResTime" : 38484.06999999992,
    "throughput" : 0.38001339219609737,
    "receivedKBytesPerSec" : 10.586863936204924,
    "sentKBytesPerSec" : 0.08783714722636088
  }
}