{
  "AssignmentsList" : {
    "transaction" : "AssignmentsList",
    "sampleCount" : 30,
    "errorCount" : 0,
    "errorPct" : 0.0,
    "meanResTime" : 196.00000000000003,
    "medianResTime" : 101.5,
    "minResTime" : 36.0,
    "maxResTime" : 1676.0,
    "pct1ResTime" : 486.1000000000009,
    "pct2ResTime" : 1463.1499999999996,
    "pct3ResTime" : 1676.0,
    "throughput" : 9.316770186335404,
    "receivedKBytesPerSec" : 3.612068128881987,
    "sentKBytesPerSec" : 3.011573175465838
  },
  "Get CSRF Token" : {
    "transaction" : "Get CSRF Token",
    "sampleCount" : 30,
    "errorCount" : 0,
    "errorPct" : 0.0,
    "meanResTime" : 378.6666666666667,
    "medianResTime" : 280.5,
    "minResTime" : 222.0,
    "maxResTime" : 989.0,
    "pct1ResTime" : 749.1000000000003,
    "pct2ResTime" : 947.1999999999999,
    "pct3ResTime" : 989.0,
    "throughput" : 30.272452068617557,
    "receivedKBytesPerSec" : 809.019456357215,
    "sentKBytesPerSec" : 3.99099709889001
  },
  "StudentCourses" : {
    "transaction" : "StudentCourses",
    "sampleCount" : 30,
    "errorCount" : 0,
    "errorPct" : 0.0,
    "meanResTime" : 241.03333333333333,
    "medianResTime" : 100.0,
    "minResTime" : 24.0,
    "maxResTime" : 1493.0,
    "pct1ResTime" : 805.1000000000006,
    "pct2ResTime" : 1145.3999999999996,
    "pct3ResTime" : 1493.0,
    "throughput" : 9.416195856873822,
    "receivedKBytesPerSec" : 11.742658309792844,
    "sentKBytesPerSec" : 2.280484934086629
  },
  "GetSubmissionId" : {
    "transaction" : "GetSubmissionId",
    "sampleCount" : 175,
    "errorCount" : 0,
    "errorPct" : 0.0,
    "meanResTime" : 1674.897142857143,
    "medianResTime" : 566.0,
    "minResTime" : 296.0,
    "maxResTime" : 20720.0,
    "pct1ResTime" : 3569.0,
    "pct2ResTime" : 6065.199999999995,
    "pct3ResTime" : 20661.48,
    "throughput" : 0.22897577174648326,
    "receivedKBytesPerSec" : 9.747970099117069,
    "sentKBytesPerSec" : 0.052995369046793486
  },
  "TestcasesResults" : {
    "transaction" : "TestcasesResults",
    "sampleCount" : 173,
    "errorCount" : 2,
    "errorPct" : 1.1560694,
    "meanResTime" : 15020.14450867052,
    "medianResTime" : 7555.0,
    "minResTime" : 5264.0,
    "maxResTime" : 53427.0,
    "pct1ResTime" : 34336.4,
    "pct2ResTime" : 38136.2,
    "pct3ResTime" : 48241.079999999936,
    "throughput" : 0.231354251502131,
    "receivedKBytesPerSec" : 6.6332922696253265,
    "sentKBytesPerSec" : 0.055383349314161695
  },
  "Total" : {
    "transaction" : "Total",
    "sampleCount" : 847,
    "errorCount" : 2,
    "errorPct" : 0.23612751,
    "meanResTime" : 5019.63046044864,
    "medianResTime" : 2117.0,
    "minResTime" : 24.0,
    "maxResTime" : 53427.0,
    "pct1ResTime" : 15139.600000000011,
    "pct2ResTime" : 27743.39999999999,
    "pct3ResTime" : 38211.87999999999,
    "throughput" : 0.9390181440034767,
    "receivedKBytesPerSec" : 29.60141431466365,
    "sentKBytesPerSec" : 0.43590991564911985
  },
  "Upload" : {
    "transaction" : "Upload",
    "sampleCount" : 175,
    "errorCount" : 0,
    "errorPct" : 0.0,
    "meanResTime" : 4205.05714285714,
    "medianResTime" : 1102.0,
    "minResTime" : 574.0,
    "maxResTime" : 37835.0,
    "pct1ResTime" : 15225.000000000004,
    "pct2ResTime" : 24309.599999999995,
    "pct3ResTime" : 36485.24000000002,
    "throughput" : 0.228012138063304,
    "receivedKBytesPerSec" : 9.754807147333626,
    "sentKBytesPerSec" : 0.29081090521796005
  },
  "Course Page" : {
    "transaction" : "Course Page",
    "sampleCount" : 30,
    "errorCount" : 0,
    "errorPct" : 0.0,
    "meanResTime" : 303.5333333333333,
    "medianResTime" : 248.5,
    "minResTime" : 78.0,
    "maxResTime" : 1108.0,
    "pct1ResTime" : 686.5000000000001,
    "pct2ResTime" : 1075.0,
    "pct3ResTime" : 1108.0,
    "throughput" : 9.30232558139535,
    "receivedKBytesPerSec" : 301.21154312015506,
    "sentKBytesPerSec" : 2.6980377906976742
  },
  "Login" : {
    "transaction" : "Login",
    "sampleCount" : 30,
    "errorCount" : 0,
    "errorPct" : 0.0,
    "meanResTime" : 1751.7333333333333,
    "medianResTime" : 1825.0,
    "minResTime" : 480.0,
    "maxResTime" : 3307.0,
    "pct1ResTime" : 2763.0,
    "pct2ResTime" : 3064.9999999999995,
    "pct3ResTime" : 3307.0,
    "throughput" : 8.275862068965518,
    "receivedKBytesPerSec" : 14.162715517241379,
    "sentKBytesPerSec" : 4.876616379310345
  },
  "RunPractice" : {
    "transaction" : "RunPractice",
    "sampleCount" : 174,
    "errorCount" : 0,
    "errorPct" : 0.0,
    "meanResTime" : 3092.074712643679,
    "medianResTime" : 2271.0,
    "minResTime" : 2103.0,
    "maxResTime" : 13104.0,
    "pct1ResTime" : 5219.5,
    "pct2ResTime" : 8119.5,
    "pct3ResTime" : 12998.25,
    "throughput" : 0.22950663986451195,
    "receivedKBytesPerSec" : 6.502671384330632,
    "sentKBytesPerSec" : 0.05379061871824498
  }
}