Device,kB_read/s,kB_wrtn/s
loop0,0.0,0.0
sda,567.3142857142857,867.8984126984127
