{"%idle": 6.098454545454544, "user+system(%)": 1.3009909909909905, "%iowait": 1.5439639639639628}