{"I/O wait(%)": 1.5545454545454545, "Available Memory(Kb)": 172524.54545454544, "user+system(%)": 92.45454545454545, "Idle(%)": 5.945454545454545}