Device,kB_read/s,kB_wrtn/s
loop0,0.0,0.0
sda,723.4491803278688,591.3704918032787
