{"Disk Read(KB/s)": 725.1933333333333, "Disk Write(KB/s)": 581.4989999999999}