{"%iowait": 2.406576576576575, "%sys": 5.359459459459458, "%idle": 42.923090909090895, "user+system(%)": 53.509009009009034, "%guest": 0.0}