{"user+system(%)": 54.04545454545455, "sys(%)": 5.8, "I/O wait(%)": 2.3545454545454545, "Idle(%)": 43.63636363636363, "Available Memory(Kb)": 1723785.8181818181}