{"Disk Read(KB/s)": 2.2794777777777777, "Disk Write(KB/s)": 80.57131111111109}