{"%iowait": 0.9461325966850832, "user+system(%)": 32.49469613259671, "%idle": 54.504666666666665}