{"Available Memory(Kb)": 7053254.177777777, "I/O wait(%)": 0.8611111111111112, "user+system(%)": 44.43888888888889, "Idle(%)": 54.56666666666667}