{
  "AssignmentsList" : {
    "transaction" : "AssignmentsList",
    "sampleCount" : 180,
    "errorCount" : 0,
    "errorPct" : 0.0,
    "meanResTime" : 347.10000000000025,
    "medianResTime" : 217.5,
    "minResTime" : 34.0,
    "maxResTime" : 1035.0,
    "pct1ResTime" : 864.5000000000001,
    "pct2ResTime" : 935.75,
    "pct3ResTime" : 1013.1299999999999,
    "throughput" : 112.07970112079701,
    "receivedKBytesPerSec" : 42.91767201120797,
    "sentKBytesPerSec" : 36.228887764632624
  },
  "Get CSRF Token" : {
    "transaction" : "Get CSRF Token",
    "sampleCount" : 180,
    "errorCount" : 0,
    "errorPct" : 0.0,
    "meanResTime" : 11736.333333333328,
    "medianResTime" : 11690.5,
    "minResTime" : 9755.0,
    "maxResTime" : 13537.0,
    "pct1ResTime" : 12614.5,
    "pct2ResTime" : 13094.699999999999,
    "pct3ResTime" : 13506.22,
    "throughput" : 12.977649603460705,
    "receivedKBytesPerSec" : 346.8292346341024,
    "sentKBytesPerSec" : 1.7109206020187455
  },
  "StudentCourses" : {
    "transaction" : "StudentCourses",
    "sampleCount" : 180,
    "errorCount" : 0,
    "errorPct" : 0.0,
    "meanResTime" : 274.62777777777785,
    "medianResTime" : 116.5,
    "minResTime" : 27.0,
    "maxResTime" : 817.0,
    "pct1ResTime" : 709.9,
    "pct2ResTime" : 717.9,
    "pct3ResTime" : 790.27,
    "throughput" : 117.26384364820846,
    "receivedKBytesPerSec" : 146.3380496742671,
    "sentKBytesPerSec" : 28.39983713355049
  },
  "GetSubmissionId" : {
    "transaction" : "GetSubmissionId",
    "sampleCount" : 900,
    "errorCount" : 0,
    "errorPct" : 0.0,
    "meanResTime" : 5269.393333333328,
    "medianResTime" : 3779.0,
    "minResTime" : 292.0,
    "maxResTime" : 30928.0,
    "pct1ResTime" : 11639.099999999995,
    "pct2ResTime" : 16140.399999999996,
    "pct3ResTime" : 25315.340000000022,
    "throughput" : 3.6910357046187157,
    "receivedKBytesPerSec" : 165.60731619026674,
    "sentKBytesPerSec" : 0.8542729121041364
  },
  "TestcasesResults" : {
    "transaction" : "TestcasesResults",
    "sampleCount" : 805,
    "errorCount" : 1,
    "errorPct" : 0.124223605,
    "meanResTime" : 19484.166459627344,
    "medianResTime" : 16065.0,
    "minResTime" : 5554.0,
    "maxResTime" : 55834.0,
    "pct1ResTime" : 35864.0,
    "pct2ResTime" : 38921.99999999999,
    "pct3ResTime" : 46667.15999999989,
    "throughput" : 3.4056775394508607,
    "receivedKBytesPerSec" : 98.60717654656894,
    "sentKBytesPerSec" : 0.8237879172483817
  },
  "CompareOutput" : {
    "transaction" : "CompareOutput",
    "sampleCount" : 11,
    "errorCount" : 0,
    "errorPct" : 0.0,
    "meanResTime" : 665.3636363636364,
    "medianResTime" : 259.0,
    "minResTime" : 110.0,
    "maxResTime" : 2627.0,
    "pct1ResTime" : 2411.000000000001,
    "pct2ResTime" : 2627.0,
    "pct3ResTime" : 2627.0,
    "throughput" : 0.4969505308335216,
    "receivedKBytesPerSec" : 10.354518437994127,
    "sentKBytesPerSec" : 0.11647278066410661
  },
  "Total" : {
    "transaction" : "Total",
    "sampleCount" : 4433,
    "errorCount" : 3,
    "errorPct" : 0.067674264,
    "meanResTime" : 9475.520640649649,
    "medianResTime" : 6293.0,
    "minResTime" : 27.0,
    "maxResTime" : 55834.0,
    "pct1ResTime" : 22633.0,
    "pct2ResTime" : 31037.900000000005,
    "pct3ResTime" : 43958.659999999974,
    "throughput" : 13.276032463837561,
    "receivedKBytesPerSec" : 426.6344312230466,
    "sentKBytesPerSec" : 6.629178006423886
  },
  "Upload" : {
    "transaction" : "Upload",
    "sampleCount" : 946,
    "errorCount" : 2,
    "errorPct" : 0.2114165,
    "meanResTime" : 12979.253699788578,
    "medianResTime" : 9360.0,
    "minResTime" : 1358.0,
    "maxResTime" : 52439.0,
    "pct1ResTime" : 28502.3,
    "pct2ResTime" : 37822.7,
    "pct3ResTime" : 49146.58999999998,
    "throughput" : 3.644517043703384,
    "receivedKBytesPerSec" : 164.19353577988235,
    "sentKBytesPerSec" : 5.083724748909727
  },
  "Course Page" : {
    "transaction" : "Course Page",
    "sampleCount" : 180,
    "errorCount" : 0,
    "errorPct" : 0.0,
    "meanResTime" : 1190.4444444444448,
    "medianResTime" : 1280.5,
    "minResTime" : 459.0,
    "maxResTime" : 1946.0,
    "pct1ResTime" : 1633.4,
    "pct2ResTime" : 1766.6999999999998,
    "pct3ResTime" : 1925.75,
    "throughput" : 81.008100810081,
    "receivedKBytesPerSec" : 2623.002925292529,
    "sentKBytesPerSec" : 23.495513613861387
  },
  "Login" : {
    "transaction" : "Login",
    "sampleCount" : 180,
    "errorCount" : 0,
    "errorPct" : 0.0,
    "meanResTime" : 4397.1333333333305,
    "medianResTime" : 4356.0,
    "minResTime" : 3089.0,
    "maxResTime" : 5835.0,
    "pct1ResTime" : 4891.5,
    "pct2ResTime" : 4999.25,
    "pct3ResTime" : 5646.2699999999995,
    "throughput" : 28.09427189012018,
    "receivedKBytesPerSec" : 48.14985074918059,
    "sentKBytesPerSec" : 16.626102309973465
  },
  "RunPractice" : {
    "transaction" : "RunPractice",
    "sampleCount" : 871,
    "errorCount" : 0,
    "errorPct" : 0.0,
    "meanResTime" : 6959.663605051671,
    "medianResTime" : 4238.0,
    "minResTime" : 447.0,
    "maxResTime" : 46827.0,
    "pct1ResTime" : 16044.800000000003,
    "pct2ResTime" : 20880.999999999993,
    "pct3ResTime" : 34044.71999999998,
    "throughput" : 3.57506403099757,
    "receivedKBytesPerSec" : 101.29851803898913,
    "sentKBytesPerSec" : 0.8379056322650554
  }
}