{"Idle(%)": 9.827272727272728, "Available Memory(Kb)": 3241975.381818182, "I/O wait(%)": 1.0363636363636364, "user+system(%)": 89.01818181818182}