{"Disk Read(KB/s)": 0.6631666666666668, "Disk Write(KB/s)": 739.0478333333334}