{"user+system(%)": 81.08603603603606, "%iowait": 0.8581081081081079, "%idle": 16.667636363636365}