{"Available Memory(Kb)": 5303642.036363636, "Idle(%)": 17.2, "I/O wait(%)": 0.8909090909090909, "user+system(%)": 81.95454545454545}