Device,kB_read/s,kB_wrtn/s
loop0,0.0,0.0
sda,1486.767213114754,607.0819672131148
