{"Disk Write(KB/s)": 598.7435000000003, "Disk Read(KB/s)": 1436.231666666667}