{"%iowait": 1.7272072072072067, "%idle": 12.676545454545453, "user+system(%)": 20.69864864864864, "%guest": 63.706666666666656, "%sys": 5.631801801801805}