{"user+system(%)": 85.67272727272727, "sys(%)": 5.745454545454545, "Idle(%)": 12.545454545454545, "I/O wait(%)": 1.7636363636363637, "Available Memory(Kb)": 1878080.7272727273}