Device,kB_read/s,kB_wrtn/s
loop0,0.0,0.0
sda,40.09473684210526,378.63157894736844
