{"Disk Read(KB/s)": 41.48230000000006, "Disk Write(KB/s)": 296.3132000000002}