{"%idle": 71.4850909090909, "%iowait": 1.4313513513513516, "user+system(%)": 25.817837837837825}