{"Idle(%)": 72.30909090909091, "Available Memory(Kb)": 5153515.709090909, "user+system(%)": 26.29090909090909, "I/O wait(%)": 1.4090909090909092}