Device,kB_read/s,kB_wrtn/s
loop0,0.0,0.0
sda,25.79047619047619,898.0571428571428
