{"Disk Read(KB/s)": 25.383933333333342, "Disk Write(KB/s)": 864.2314666666666}