{"I/O wait(%)": 0.09090909090909091, "user+system(%)": 99.15454545454546, "Idle(%)": 0.6909090909090909, "Available Memory(Kb)": 6457994.69090909}