Device,kB_read/s,kB_wrtn/s
loop0,0.0,0.0
sda,5.536507936507936,120.78730158730158
