{"Disk Write(KB/s)": 133.58673333333323, "Disk Read(KB/s)": 46.25613333333333}