{"user+system(%)": 79.7066298342541, "%idle": 7.4769444444444435, "%iowait": 0.6021546961325969}