Device,kB_read/s,kB_wrtn/s
loop0,0.0,0.0
sda,252.1793103448276,74.66206896551724
