Device,kB_read/s,kB_wrtn/s
loop0,0.0,0.0
sda,0.9142857142857143,516.9142857142857
