{"Disk Write(KB/s)": 416.3320999999999, "Disk Read(KB/s)": 1.3554333333333337}