{"%iowait": 2.01126126126126, "user+system(%)": 40.04117117117119, "%idle": 55.62427272727271}