{"I/O wait(%)": 2.0272727272727273, "Idle(%)": 55.38181818181818, "Available Memory(Kb)": 3269371.709090909, "user+system(%)": 42.60909090909091}