Device,kB_read/s,kB_wrtn/s
loop0,0.0,0.0
sda,21.796153846153846,404.46923076923076
