{"Disk Write(KB/s)": 404.712522222222, "Disk Read(KB/s)": 21.74538888888887}