{"%iowait": 2.2909944751381213, "user+system(%)": 30.505524861878467, "%idle": 64.56111111111112}