{"Available Memory(Kb)": 9388041.51111111, "Idle(%)": 64.71666666666667, "user+system(%)": 32.96111111111111, "I/O wait(%)": 2.283333333333333}