Device,kB_read/s,kB_wrtn/s
loop0,0.0,0.0
sda,209.96129032258065,991.7806451612903
