{"Disk Write(KB/s)": 978.2659999999998, "Disk Read(KB/s)": 244.96783333333343}