{"user+system(%)": 96.74756756756754, "%iowait": 0.2135135135135134, "%guest": 0.0, "%sys": 7.593963963963968, "%idle": 1.0709090909090901}