{"sys(%)": 8.463636363636363, "Available Memory(Kb)": 5759214.981818181, "Idle(%)": 0.8909090909090909, "I/O wait(%)": 0.14545454545454545, "user+system(%)": 98.7090909090909}