{
  "AssignmentsList" : {
    "transaction" : "AssignmentsList",
    "sampleCount" : 5,
    "errorCount" : 0,
    "errorPct" : 0.0,
    "meanResTime" : 191.6,
    "medianResTime" : 59.0,
    "minResTime" : 34.0,
    "maxResTime" : 409.0,
    "pct1ResTime" : 409.0,
    "pct2ResTime" : 409.0,
    "pct3ResTime" : 409.0,
    "throughput" : 6.738544474393532,
    "receivedKBytesPerSec" : 2.6125021057951483,
    "sentKBytesPerSec" : 2.1781818564690028
  },
  "Get CSRF Token" : {
    "transaction" : "Get CSRF Token",
    "sampleCount" : 5,
    "errorCount" : 0,
    "errorPct" : 0.0,
    "meanResTime" : 1450.0,
    "medianResTime" : 2027.0,
    "minResTime" : 378.0,
    "maxResTime" : 2043.0,
    "pct1ResTime" : 2043.0,
    "pct2ResTime" : 2043.0,
    "pct3ResTime" : 2043.0,
    "throughput" : 2.4473813020068524,
    "receivedKBytesPerSec" : 65.40865531693588,
    "sentKBytesPerSec" : 0.322652808370044
  },
  "StudentCourses" : {
    "transaction" : "StudentCourses",
    "sampleCount" : 5,
    "errorCount" : 0,
    "errorPct" : 0.0,
    "meanResTime" : 38.6,
    "medianResTime" : 41.0,
    "minResTime" : 29.0,
    "maxResTime" : 50.0,
    "pct1ResTime" : 50.0,
    "pct2ResTime" : 50.0,
    "pct3ResTime" : 50.0,
    "throughput" : 4.5167118337850045,
    "receivedKBytesPerSec" : 5.632657238030713,
    "sentKBytesPerSec" : 1.0938911472448059
  },
  "GetSubmissionId" : {
    "transaction" : "GetSubmissionId",
    "sampleCount" : 10,
    "errorCount" : 0,
    "errorPct" : 0.0,
    "meanResTime" : 339.80000000000007,
    "medianResTime" : 297.5,
    "minResTime" : 261.0,
    "maxResTime" : 733.0,
    "pct1ResTime" : 692.8000000000002,
    "pct2ResTime" : 733.0,
    "pct3ResTime" : 733.0,
    "throughput" : 0.07518231711901362,
    "receivedKBytesPerSec" : 3.2005934704157584,
    "sentKBytesPerSec" : 0.017400594880084205
  },
  "TestcasesResults" : {
    "transaction" : "TestcasesResults",
    "sampleCount" : 10,
    "errorCount" : 0,
    "errorPct" : 0.0,
    "meanResTime" : 7458.400000000001,
    "medianResTime" : 7286.0,
    "minResTime" : 5256.0,
    "maxResTime" : 10572.0,
    "pct1ResTime" : 10483.0,
    "pct2ResTime" : 10572.0,
    "pct3ResTime" : 10572.0,
    "throughput" : 0.07478145120884215,
    "receivedKBytesPerSec" : 2.167873374438204,
    "sentKBytesPerSec" : 0.01811113271464146
  },
  "Total" : {
    "transaction" : "Total",
    "sampleCount" : 65,
    "errorCount" : 0,
    "errorPct" : 0.0,
    "meanResTime" : 2378.292307692308,
    "medianResTime" : 606.0,
    "minResTime" : 29.0,
    "maxResTime" : 10572.0,
    "pct1ResTime" : 7906.999999999999,
    "pct2ResTime" : 9362.699999999999,
    "pct3ResTime" : 10572.0,
    "throughput" : 0.22815663479493983,
    "receivedKBytesPerSec" : 6.105010160648597,
    "sentKBytesPerSec" : 0.0973881933767884
  },
  "Upload" : {
    "transaction" : "Upload",
    "sampleCount" : 10,
    "errorCount" : 0,
    "errorPct" : 0.0,
    "meanResTime" : 4217.0,
    "medianResTime" : 4287.0,
    "minResTime" : 508.0,
    "maxResTime" : 8123.0,
    "pct1ResTime" : 8087.0,
    "pct2ResTime" : 8123.0,
    "pct3ResTime" : 8123.0,
    "throughput" : 0.07117792345526111,
    "receivedKBytesPerSec" : 3.0459494089563184,
    "sentKBytesPerSec" : 0.09089087178720648
  },
  "Course Page" : {
    "transaction" : "Course Page",
    "sampleCount" : 5,
    "errorCount" : 0,
    "errorPct" : 0.0,
    "meanResTime" : 208.8,
    "medianResTime" : 75.0,
    "minResTime" : 58.0,
    "maxResTime" : 425.0,
    "pct1ResTime" : 425.0,
    "pct2ResTime" : 425.0,
    "pct3ResTime" : 425.0,
    "throughput" : 4.420866489832007,
    "receivedKBytesPerSec" : 143.1678616821397,
    "sentKBytesPerSec" : 1.2822239721485411
  },
  "Login" : {
    "transaction" : "Login",
    "sampleCount" : 5,
    "errorCount" : 0,
    "errorPct" : 0.0,
    "meanResTime" : 268.0,
    "medianResTime" : 128.0,
    "minResTime" : 102.0,
    "maxResTime" : 668.0,
    "pct1ResTime" : 668.0,
    "pct2ResTime" : 668.0,
    "pct3ResTime" : 668.0,
    "throughput" : 2.883506343713956,
    "receivedKBytesPerSec" : 4.941946907439446,
    "sentKBytesPerSec" : 1.706450043252595
  },
  "RunPractice" : {
    "transaction" : "RunPractice",
    "sampleCount" : 10,
    "errorCount" : 0,
    "errorPct" : 0.0,
    "meanResTime" : 2365.2000000000003,
    "medianResTime" : 2328.5,
    "minResTime" : 2073.0,
    "maxResTime" : 3124.0,
    "pct1ResTime" : 3062.6000000000004,
    "pct2ResTime" : 3124.0,
    "pct3ResTime" : 3124.0,
    "throughput" : 0.0744468598314523,
    "receivedKBytesPerSec" : 2.110066832341949,
    "sentKBytesPerSec" : 0.017448482772996633
  }
}