Device,kB_read/s,kB_wrtn/s
loop0,0.0,0.0
sda,50.636065573770495,33.429508196721315
