{"%iowait": 0.02648648648648649, "%idle": 74.06263636363634, "user+system(%)": 25.29153153153153}