{"user+system(%)": 26.09090909090909, "Idle(%)": 73.93636363636364, "I/O wait(%)": 0.00909090909090909, "Available Memory(Kb)": 2832722.5090909093}