{"%sys": 3.050090090090092, "%iowait": 10.018558558558558, "user+system(%)": 6.295495495495496, "%idle": 64.7158181818182, "%guest": 18.49945945945947}