{"user+system(%)": 25.21818181818182, "sys(%)": 3.090909090909091, "I/O wait(%)": 10.081818181818182, "Available Memory(Kb)": 4008430.4, "Idle(%)": 64.72727272727273}