{"Disk Write(KB/s)": 358.1119999999997, "Disk Read(KB/s)": 3.1765000000000003}