{"user+system(%)": 28.667900552486195, "%idle": 63.060944444444495, "%iowait": 4.427348066298343}