Device,kB_read/s,kB_wrtn/s
loop0,0.0,0.0
sda,459.8709677419355,922.1548387096774
