{"%idle": 5.271818181818181, "user+system(%)": 91.510990990991, "%iowait": 0.9089189189189192}