Device,kB_read/s,kB_wrtn/s
loop0,0.0,0.0
sda,38.367123287671234,347.04657534246576
