{"Disk Read(KB/s)": 39.431333333333306, "Disk Write(KB/s)": 307.9267333333333}