{"user+system(%)": 41.82297297297297, "%iowait": 1.9645045045045042, "%idle": 54.45363636363637}