{"Idle(%)": 55.28181818181818, "user+system(%)": 42.80909090909091, "I/O wait(%)": 1.981818181818182, "Available Memory(Kb)": 5308259.090909091}