Device,kB_read/s,kB_wrtn/s
loop0,0.0,0.0
sda,0.6981818181818182,431.1127272727273
