{"Disk Read(KB/s)": 0.6696000000000001, "Disk Write(KB/s)": 457.1040333333337}