{"user+system(%)": 71.06036036036036, "%iowait": 2.617027027027026, "%idle": 22.405}