{"Idle(%)": 21.90909090909091, "user+system(%)": 75.49090909090908, "I/O wait(%)": 2.6636363636363636, "Available Memory(Kb)": 3907415.963636364}