Device,kB_read/s,kB_wrtn/s
loop0,0.0,0.0
sda,437.0098360655738,948.6688524590164
