{"Disk Read(KB/s)": 422.3576666666667, "Disk Write(KB/s)": 921.6788333333334}