{"%iowait": 0.550000000000001, "%sys": 7.56972972972973, "%idle": 2.458999999999999, "user+system(%)": 95.04495495495493, "%guest": 0.0}