{"sys(%)": 8.409090909090908, "user+system(%)": 97.0, "I/O wait(%)": 0.5, "Available Memory(Kb)": 3986486.909090909, "Idle(%)": 2.3454545454545452}