Device,kB_read/s,kB_wrtn/s
loop0,0.0,0.0
sda,5.222988505747127,102.50574712643679
