{"I/O wait(%)": 1.6166666666666667, "Idle(%)": 54.205555555555556, "Available Memory(Kb)": 7040619.222222222, "user+system(%)": 44.111111111111114}