{"%idle": 90.7221111111111, "user+system(%)": 6.793922651933699, "%iowait": 0.8241988950276246}