{
  "AssignmentsList" : {
    "transaction" : "AssignmentsList",
    "sampleCount" : 140,
    "errorCount" : 0,
    "errorPct" : 0.0,
    "meanResTime" : 124.76428571428568,
    "medianResTime" : 114.5,
    "minResTime" : 41.0,
    "maxResTime" : 283.0,
    "pct1ResTime" : 197.40000000000003,
    "pct2ResTime" : 224.89999999999998,
    "pct3ResTime" : 279.31000000000006,
    "throughput" : 35.63247645711377,
    "receivedKBytesPerSec" : 13.677840258335454,
    "sentKBytesPerSec" : 11.587514316620005
  },
  "Get CSRF Token" : {
    "transaction" : "Get CSRF Token",
    "sampleCount" : 140,
    "errorCount" : 0,
    "errorPct" : 0.0,
    "meanResTime" : 54.6357142857143,
    "medianResTime" : 40.0,
    "minResTime" : 31.0,
    "maxResTime" : 240.0,
    "pct1ResTime" : 85.50000000000003,
    "pct2ResTime" : 156.0,
    "pct3ResTime" : 238.36,
    "throughput" : 100.0,
    "receivedKBytesPerSec" : 3340.553850446429,
    "sentKBytesPerSec" : 13.37890625
  },
  "StudentCourses" : {
    "transaction" : "StudentCourses",
    "sampleCount" : 140,
    "errorCount" : 0,
    "errorPct" : 0.0,
    "meanResTime" : 250.7857142857145,
    "medianResTime" : 216.0,
    "minResTime" : 42.0,
    "maxResTime" : 1002.0,
    "pct1ResTime" : 466.5000000000001,
    "pct2ResTime" : 757.9499999999989,
    "pct3ResTime" : 942.9600000000005,
    "throughput" : 50.107372942018614,
    "receivedKBytesPerSec" : 61.998087419470295,
    "sentKBytesPerSec" : 12.233245347172513
  },
  "Total" : {
    "transaction" : "Total",
    "sampleCount" : 1742,
    "errorCount" : 186,
    "errorPct" : 10.677382,
    "meanResTime" : 14245.218140068886,
    "medianResTime" : 4371.5,
    "minResTime" : 31.0,
    "maxResTime" : 97793.0,
    "pct1ResTime" : 50005.0,
    "pct2ResTime" : 54144.49999999997,
    "pct3ResTime" : 73182.67999999998,
    "throughput" : 5.530193842500587,
    "receivedKBytesPerSec" : 154.83259268709642,
    "sentKBytesPerSec" : 5.143162615318193
  },
  "Upload" : {
    "transaction" : "Upload",
    "sampleCount" : 1042,
    "errorCount" : 186,
    "errorPct" : 17.850288,
    "meanResTime" : 23429.719769673706,
    "medianResTime" : 16585.5,
    "minResTime" : 424.0,
    "maxResTime" : 97793.0,
    "pct1ResTime" : 52166.3,
    "pct2ResTime" : 59444.799999999996,
    "pct3ResTime" : 77999.27999999997,
    "throughput" : 3.6236294021707,
    "receivedKBytesPerSec" : 132.6866519887796,
    "sentKBytesPerSec" : 4.860191305549856
  },
  "Course Page" : {
    "transaction" : "Course Page",
    "sampleCount" : 140,
    "errorCount" : 0,
    "errorPct" : 0.0,
    "meanResTime" : 939.3857142857142,
    "medianResTime" : 1013.5,
    "minResTime" : 83.0,
    "maxResTime" : 1888.0,
    "pct1ResTime" : 1598.1000000000001,
    "pct2ResTime" : 1706.8,
    "pct3ResTime" : 1867.0900000000001,
    "throughput" : 35.60528992878942,
    "receivedKBytesPerSec" : 1392.0429031822227,
    "sentKBytesPerSec" : 10.396466492878941
  },
  "Login" : {
    "transaction" : "Login",
    "sampleCount" : 140,
    "errorCount" : 0,
    "errorPct" : 0.0,
    "meanResTime" : 1497.5857142857146,
    "medianResTime" : 1608.5,
    "minResTime" : 265.0,
    "maxResTime" : 2399.0,
    "pct1ResTime" : 1943.6000000000001,
    "pct2ResTime" : 2167.1999999999994,
    "pct3ResTime" : 2353.4900000000002,
    "throughput" : 46.23513870541612,
    "receivedKBytesPerSec" : 79.17122481836195,
    "sentKBytesPerSec" : 27.47275429326288
  }
}