Device,kB_read/s,kB_wrtn/s
loop0,0.0,0.0
sda,221.37704918032787,978.4918032786885
