{"Disk Read(KB/s)": 0.7531666666666667, "Disk Write(KB/s)": 293.4048333333334}