{"user+system(%)": 46.557747747747754, "%iowait": 2.394054054054052, "%idle": 47.56072727272728}