{"user+system(%)": 50.85454545454545, "Available Memory(Kb)": 3951323.309090909, "I/O wait(%)": 2.481818181818182, "Idle(%)": 46.75454545454546}