{"I/O wait(%)": 2.0545454545454547, "user+system(%)": 22.618181818181817, "Idle(%)": 75.49090909090908, "Available Memory(Kb)": 4939764.4}