{"Disk Write(KB/s)": 986.2911666666665, "Disk Read(KB/s)": 229.15800000000004}