{"%sys": 5.1563063063063055, "user+system(%)": 13.783513513513517, "%guest": 76.73819819819819, "%idle": 6.48927272727273, "%iowait": 1.738828828828828}