{"Available Memory(Kb)": 1947379.8545454545, "I/O wait(%)": 1.8181818181818181, "sys(%)": 5.281818181818182, "Idle(%)": 6.4818181818181815, "user+system(%)": 91.77272727272727}