Device,kB_read/s,kB_wrtn/s
loop0,0.0,0.0
sda,41.07234042553191,223.03829787234042
