{"Disk Write(KB/s)": 215.60472222222188, "Disk Read(KB/s)": 52.54684444444441}