{"user+system(%)": 13.47861878453039, "%iowait": 1.1455801104972387, "%idle": 82.70755555555557}