{"user+system(%)": 16.216666666666665, "Available Memory(Kb)": 6105823.377777778, "Idle(%)": 82.77777777777777, "I/O wait(%)": 1.1055555555555556}