Device,kB_read/s,kB_wrtn/s
loop0,0.0,0.0
sda,5.791304347826087,179.71304347826086
