{"Disk Read(KB/s)": 3.510711111111112, "Disk Write(KB/s)": 132.03106666666676}