{"%idle": 5.872833333333334, "%iowait": 0.6677348066298342, "user+system(%)": 81.56016574585635}