{"Idle(%)": 6.411111111111111, "I/O wait(%)": 0.6666666666666666, "Available Memory(Kb)": 7175963.777777778, "user+system(%)": 92.87777777777778}