Device,kB_read/s,kB_wrtn/s
loop0,0.0,0.0
sda,9.455737704918032,37.363934426229505
