{"Disk Read(KB/s)": 9.387333333333336, "Disk Write(KB/s)": 37.096000000000004}