{"user+system(%)": 26.031531531531538, "%idle": 73.28699999999999, "%iowait": 0.030360360360360352}