{"Available Memory(Kb)": 2913854.8727272726, "user+system(%)": 26.772727272727273, "I/O wait(%)": 0.00909090909090909, "Idle(%)": 73.31818181818181}