{
  "AssignmentsList" : {
    "transaction" : "AssignmentsList",
    "sampleCount" : 90,
    "errorCount" : 71,
    "errorPct" : 78.888885,
    "meanResTime" : 98.85555555555554,
    "medianResTime" : 0.0,
    "minResTime" : 0.0,
    "maxResTime" : 5027.0,
    "pct1ResTime" : 84.60000000000008,
    "pct2ResTime" : 436.6,
    "pct3ResTime" : 5027.0,
    "throughput" : 5.436424041075203,
    "receivedKBytesPerSec" : 5.491755700694655,
    "sentKBytesPerSec" : 0.373223252038659
  },
  "Get CSRF Token" : {
    "transaction" : "Get CSRF Token",
    "sampleCount" : 90,
    "errorCount" : 71,
    "errorPct" : 78.888885,
    "meanResTime" : 48984.344444444454,
    "medianResTime" : 50005.0,
    "minResTime" : 36981.0,
    "maxResTime" : 50181.0,
    "pct1ResTime" : 50024.0,
    "pct2ResTime" : 50061.7,
    "pct3ResTime" : 50181.0,
    "throughput" : 1.7701900003933755,
    "receivedKBytesPerSec" : 12.74947847006412,
    "sentKBytesPerSec" : 0.23683206059950435
  },
  "StudentCourses" : {
    "transaction" : "StudentCourses",
    "sampleCount" : 90,
    "errorCount" : 0,
    "errorPct" : 0.0,
    "meanResTime" : 1802.0666666666668,
    "medianResTime" : 713.0,
    "minResTime" : 33.0,
    "maxResTime" : 8860.0,
    "pct1ResTime" : 5026.000000000001,
    "pct2ResTime" : 8144.800000000003,
    "pct3ResTime" : 8860.0,
    "throughput" : 4.979528604625429,
    "receivedKBytesPerSec" : 133.69845193717492,
    "sentKBytesPerSec" : 1.5226032560584264
  },
  "Total" : {
    "transaction" : "Total",
    "sampleCount" : 2126,
    "errorCount" : 1638,
    "errorPct" : 77.0461,
    "meanResTime" : 2302.0475070555026,
    "medianResTime" : 0.0,
    "minResTime" : 0.0,
    "maxResTime" : 50181.0,
    "pct1ResTime" : 873.3,
    "pct2ResTime" : 4882.349999999976,
    "pct3ResTime" : 50007.73,
    "throughput" : 7.069934488377506,
    "receivedKBytesPerSec" : 63.888971881131326,
    "sentKBytesPerSec" : 1.7183356161251706
  },
  "Upload" : {
    "transaction" : "Upload",
    "sampleCount" : 1676,
    "errorCount" : 1353,
    "errorPct" : 80.72792,
    "meanResTime" : 136.86873508353244,
    "medianResTime" : 0.0,
    "minResTime" : 0.0,
    "maxResTime" : 2950.0,
    "pct1ResTime" : 573.3,
    "pct2ResTime" : 690.1499999999999,
    "pct3ResTime" : 1360.6100000000001,
    "throughput" : 7.161781044355183,
    "receivedKBytesPerSec" : 64.64893825848218,
    "sentKBytesPerSec" : 1.8525017559930774
  },
  "Course Page" : {
    "transaction" : "Course Page",
    "sampleCount" : 90,
    "errorCount" : 72,
    "errorPct" : 80.0,
    "meanResTime" : 590.1111111111111,
    "medianResTime" : 0.0,
    "minResTime" : 0.0,
    "maxResTime" : 8174.0,
    "pct1ResTime" : 2076.3000000000006,
    "pct2ResTime" : 5287.150000000001,
    "pct3ResTime" : 8174.0,
    "throughput" : 5.04654031624986,
    "receivedKBytesPerSec" : 44.12459172087025,
    "sentKBytesPerSec" : 0.2947100692497477
  },
  "Login" : {
    "transaction" : "Login",
    "sampleCount" : 90,
    "errorCount" : 71,
    "errorPct" : 78.888885,
    "meanResTime" : 355.3,
    "medianResTime" : 118.0,
    "minResTime" : 6.0,
    "maxResTime" : 4741.0,
    "pct1ResTime" : 931.3000000000001,
    "pct2ResTime" : 1260.150000000001,
    "pct3ResTime" : 4741.0,
    "throughput" : 5.8919803600654665,
    "receivedKBytesPerSec" : 9.191451002454992,
    "sentKBytesPerSec" : 2.1082242225859247
  }
}