Device,kB_read/s,kB_wrtn/s
loop0,0.0,0.0
sda,11.527868852459017,884.8131147540984
