{"Disk Read(KB/s)": 11.377333333333329, "Disk Write(KB/s)": 867.2851666666667}