{"user+system(%)": 94.32162162162162, "%iowait": 0.6729729729729731, "%idle": 3.2389090909090887}