{"user+system(%)": 96.07272727272728, "I/O wait(%)": 0.6636363636363637, "Idle(%)": 3.209090909090909, "Available Memory(Kb)": 2221640.727272727}