Device,kB_read/s,kB_wrtn/s
loop0,0.0,0.0
sda,48.012307692307694,266.3015384615385
Device,kB_read/s,kB_wrtn/s
loop0,0.0,0.0
sda,48.012307692307694,266.3015384615385
