{"Disk Write(KB/s)": 221.0589333333333, "Disk Read(KB/s)": 49.27679999999999}