{"%iowait": 2.910180180180179, "%idle": 43.97327272727273, "user+system(%)": 50.22198198198198}