{"I/O wait(%)": 3.036363636363636, "Idle(%)": 44.11818181818182, "Available Memory(Kb)": 10478593.272727273, "user+system(%)": 53.13636363636363}