Device,kB_read/s,kB_wrtn/s
loop0,0.0,0.0
sda,36.309333333333335,287.2853333333333
