{"Disk Write(KB/s)": 251.8758666666665, "Disk Read(KB/s)": 37.81363333333334}