{"%iowait": 1.8618918918918914, "user+system(%)": 37.99684684684684, "%idle": 58.479000000000056}