{"I/O wait(%)": 1.8818181818181818, "user+system(%)": 39.30909090909091, "Idle(%)": 58.82727272727273, "Available Memory(Kb)": 9933086.363636363}