Device,kB_read/s,kB_wrtn/s
loop0,0.0,0.0
sda,0.8406779661016949,280.6779661016949
