{"I/O wait(%)": 0.8636363636363636, "Idle(%)": 80.48181818181818, "user+system(%)": 18.436363636363637, "Available Memory(Kb)": 4130722.8727272726}