{"Disk Write(KB/s)": 307.48103333333364, "Disk Read(KB/s)": 2.65891111111111}