{"user+system(%)": 8.604917127071822, "%iowait": 0.7290607734806629, "%idle": 90.15388888888891}