{"I/O wait(%)": 0.75, "Available Memory(Kb)": 8792543.866666667, "Idle(%)": 90.14444444444445, "user+system(%)": 8.966666666666667}