Device,kB_read/s,kB_wrtn/s
loop0,0.0,0.0
sda,1.6888888888888889,386.8609053497942
