{"Disk Read(KB/s)": 1.9573111111111092, "Disk Write(KB/s)": 400.9362777777772}