{"%iowait": 0.8096132596685083, "user+system(%)": 16.225801104972373, "%idle": 82.28433333333332}