{"Idle(%)": 82.40555555555555, "I/O wait(%)": 0.7555555555555555, "user+system(%)": 16.772222222222222, "Available Memory(Kb)": 3222706.4444444445}