Device,kB_read/s,kB_wrtn/s
loop0,0.0,0.0
sda,0.597979797979798,310.5939393939394
