{"Disk Write(KB/s)": 204.27871111111082, "Disk Read(KB/s)": 16.270633333333333}