{"user+system(%)": 7.054198895027643, "%idle": 92.1528333333333, "%iowait": 0.31403314917127056}