{"user+system(%)": 7.322222222222222, "Available Memory(Kb)": 1402323.2, "I/O wait(%)": 0.24444444444444444, "Idle(%)": 92.20555555555555}