Device,kB_read/s,kB_wrtn/s
loop0,0.0,0.0
sda,510.4382978723404,406.7574468085106
