{"Disk Read(KB/s)": 437.1204888888887, "Disk Write(KB/s)": 425.84438888888883}