{"%idle": 11.972111111111104, "%iowait": 1.5821546961325963, "user+system(%)": 77.55640883977902}