{"I/O wait(%)": 1.5611111111111111, "Idle(%)": 12.505555555555556, "user+system(%)": 85.89444444444445, "Available Memory(Kb)": 6951237.933333334}