Device,kB_read/s,kB_wrtn/s
loop0,0.0,0.0
sda,0.8615384615384616,51.80307692307692
