{"Disk Read(KB/s)": 0.9089999999999999, "Disk Write(KB/s)": 42.28766666666665}