{"%sys": 4.487027027027027, "%guest": 0.0, "%idle": 0.0, "%iowait": 0.0, "user+system(%)": 96.87981981981983}