{"Available Memory(Kb)": 7530667.781818182, "Idle(%)": 0.0, "I/O wait(%)": 0.0, "sys(%)": 5.454545454545454, "user+system(%)": 100.23636363636363}