Device,kB_read/s,kB_wrtn/s
loop0,0.0,0.0
sda,18.714754098360658,657.6786885245901
Device,kB_read/s,kB_wrtn/s
loop0,0.0,0.0
sda,18.714754098360658,657.6786885245901
