{"Disk Read(KB/s)": 18.60383333333333, "Disk Write(KB/s)": 646.7805000000002}