{"%idle": 32.17327272727273, "%iowait": 1.374324324324324, "user+system(%)": 65.25027027027026, "%sys": 4.629729729729729, "%guest": 0.0}