{"I/O wait(%)": 1.3818181818181818, "Available Memory(Kb)": 7294902.654545454, "user+system(%)": 65.83636363636364, "sys(%)": 5.181818181818182, "Idle(%)": 32.77272727272727}