{"Disk Write(KB/s)": 461.00573333333324, "Disk Read(KB/s)": 15.714533333333332}