{"I/O wait(%)": 1.8636363636363635, "Available Memory(Kb)": 4413839.818181818, "Idle(%)": 54.72727272727273, "user+system(%)": 43.35454545454545}