Device,kB_read/s,kB_wrtn/s
loop0,0.0,0.0
sda,37.87540983606557,319.65901639344264
