{"%idle": 70.71627272727272, "%iowait": 2.1463063063063057, "user+system(%)": 25.892162162162172}