{"Disk Write(KB/s)": 959.6613333333332, "Disk Read(KB/s)": 216.90783333333331}