{"%idle": 9.925909090909087, "user+system(%)": 13.081351351351353, "%iowait": 2.3543243243243235, "%guest": 73.42117117117117, "%sys": 4.41846846846847}