{"Idle(%)": 9.954545454545455, "I/O wait(%)": 2.3727272727272726, "Available Memory(Kb)": 312259.16363636364, "sys(%)": 4.527272727272727, "user+system(%)": 87.76363636363637}