{"Disk Read(KB/s)": 12.974666666666666, "Disk Write(KB/s)": 97.88166666666667}