{"%guest": 0.0, "%iowait": 1.6482882882882883, "user+system(%)": 95.00315315315318, "%idle": 0.8704545454545456, "%sys": 16.14009009009009}