{"user+system(%)": 97.72727272727273, "Available Memory(Kb)": 629013.1636363637, "Idle(%)": 0.8636363636363636, "sys(%)": 16.954545454545453, "I/O wait(%)": 1.6636363636363636}