Device,kB_read/s,kB_wrtn/s
loop0,0.0,0.0
sda,36.45454545454545,275.9727272727273
