{"Disk Read(KB/s)": 43.219600000000035, "Disk Write(KB/s)": 261.9520333333336}