{"user+system(%)": 31.7627027027027, "%idle": 64.57181818181819, "%iowait": 2.0570270270270257}