{"I/O wait(%)": 2.090909090909091, "user+system(%)": 33.43636363636364, "Idle(%)": 64.58181818181818, "Available Memory(Kb)": 4882815.927272728}