{"user+system(%)": 0.846092715231788, "%iowait": 0.07364238410596023, "%idle": 98.77273333333336}