{"user+system(%)": 0.8666666666666667, "I/O wait(%)": 0.013333333333333334, "Available Memory(Kb)": 1368822.6666666667, "Idle(%)": 98.66}