{"%iowait": 0.045135135135135125, "user+system(%)": 1.0928828828828832, "%idle": 98.74045454545454}