{"user+system(%)": 0.9545454545454546, "Idle(%)": 98.85454545454546, "Available Memory(Kb)": 2615415.9272727272, "I/O wait(%)": 0.00909090909090909}