{"Disk Write(KB/s)": 807.7283666666665, "Disk Read(KB/s)": 338.72856666666667}