{"%idle": 1.774545454545454, "%iowait": 0.33909909909909886, "user+system(%)": 95.48675675675675}