{"Disk Write(KB/s)": 903.4983999999998, "Disk Read(KB/s)": 440.3692333333333}