{"Idle(%)": 5.2272727272727275, "I/O wait(%)": 0.8363636363636363, "user+system(%)": 93.8, "Available Memory(Kb)": 7947106.218181818}