Device,kB_read/s,kB_wrtn/s
loop0,0.0,0.0
sda,1.639344262295082,167.85573770491803
