{"Disk Read(KB/s)": 1.4844999999999995, "Disk Write(KB/s)": 164.36033333333336}