{"%iowait": 1.0391891891891893, "%idle": 0.974, "user+system(%)": 95.07342342342342, "%guest": 0.0, "%sys": 9.645405405405409}