{"user+system(%)": 98.22727272727273, "I/O wait(%)": 1.1, "Idle(%)": 0.990909090909091, "Available Memory(Kb)": 9838802.763636364, "sys(%)": 10.545454545454545}