{"Disk Write(KB/s)": 1083.2059999999997, "Disk Read(KB/s)": 98.56999999999998}