{"%idle": 67.42827272727271, "%iowait": 9.630270270270268, "%sys": 2.819189189189189, "user+system(%)": 5.707207207207209, "%guest": 16.777387387387385}