{"Available Memory(Kb)": 919075.9272727272, "I/O wait(%)": 9.690909090909091, "sys(%)": 2.8636363636363638, "user+system(%)": 22.818181818181817, "Idle(%)": 67.41818181818182}