Device,kB_read/s,kB_wrtn/s
loop0,0.0,0.0
sda,0.7027624309392265,239.87624309392265
