{"Disk Write(KB/s)": 230.47993333333338, "Disk Read(KB/s)": 0.6149777777777778}