{"user+system(%)": 25.32099447513813, "%iowait": 1.4107734806629835, "%idle": 69.90966666666668}