{"Available Memory(Kb)": 7202547.955555555, "I/O wait(%)": 1.3611111111111112, "user+system(%)": 28.9, "Idle(%)": 69.85}