{"Disk Write(KB/s)": 786.5401666666664, "Disk Read(KB/s)": 171.58620000000005}