{"user+system(%)": 94.9864864864865, "%idle": 2.302181818181818, "%iowait": 0.34063063063063054}