Device,kB_read/s,kB_wrtn/s
loop0,0.0,0.0
sda,575.6502732240438,904.3322404371585
