{"Disk Read(KB/s)": 495.0840777777777, "Disk Write(KB/s)": 737.6308555555553}