{"%iowait": 1.6806077348066288, "user+system(%)": 49.36348066298343, "%idle": 46.867722222222206}