{"Idle(%)": 46.794444444444444, "Available Memory(Kb)": 6439200.577777778, "I/O wait(%)": 1.6666666666666667, "user+system(%)": 51.53333333333333}