Device,kB_read/s,kB_wrtn/s
loop0,0.0,0.0
sda,23.013333333333332,167.2888888888889
