{"Idle(%)": 18.65, "user+system(%)": 79.59444444444445, "I/O wait(%)": 1.761111111111111, "Available Memory(Kb)": 6891926.466666667}