{"%idle": 8.958636363636368, "user+system(%)": 87.87945945945947, "%iowait": 0.9035135135135133}