{"Idle(%)": 9.136363636363637, "Available Memory(Kb)": 3465891.2, "I/O wait(%)": 0.9272727272727272, "user+system(%)": 90.0}