{"Disk Write(KB/s)": 62.39581111111105, "Disk Read(KB/s)": 59.662888888888894}