{"Idle(%)": 64.84444444444445, "user+system(%)": 33.58888888888889, "Available Memory(Kb)": 6962338.6, "I/O wait(%)": 1.4444444444444444}