Device,kB_read/s,kB_wrtn/s
loop0,0.0,0.0
sda,26.54193548387097,939.341935483871
