{"%idle": 0.18663636363636346, "user+system(%)": 97.79441441441442, "%iowait": 0.030180180180180184}