{"Available Memory(Kb)": 2915395.8181818184, "Idle(%)": 0.17272727272727273, "user+system(%)": 99.78181818181818, "I/O wait(%)": 0.02727272727272727}