{"user+system(%)": 84.85225225225227, "%iowait": 1.1698198198198198, "%idle": 11.468181818181819, "%sys": 11.413333333333336, "%guest": 0.0}