{"user+system(%)": 87.47272727272727, "I/O wait(%)": 1.0636363636363637, "Idle(%)": 11.445454545454545, "sys(%)": 13.172727272727272, "Available Memory(Kb)": 113282351.41818182}