{"I/O wait(%)": 3.463636363636364, "sys(%)": 5.4818181818181815, "Available Memory(Kb)": 244078.18181818182, "user+system(%)": 84.91818181818182, "Idle(%)": 11.581818181818182}