{"%iowait": 0.24087649402390435, "user+system(%)": 1.9398804780876489, "%idle": 94.26848000000008}