{"Disk Read(KB/s)": 3.5515444444444437, "Disk Write(KB/s)": 133.33820000000017}