{"user+system(%)": 85.63333333333334, "Idle(%)": 12.933333333333334, "Available Memory(Kb)": 6848572.377777778, "I/O wait(%)": 1.3444444444444446}