{"Disk Read(KB/s)": 24.598333333333322, "Disk Write(KB/s)": 303.15383333333335}