{"%iowait": 0.8001801801801799, "user+system(%)": 38.434864864864885, "%guest": 0.0, "%idle": 59.949181818181806, "%sys": 3.1393693693693687}