{"Available Memory(Kb)": 7456385.781818182, "Idle(%)": 59.89090909090909, "I/O wait(%)": 0.9363636363636364, "sys(%)": 3.5545454545454547, "user+system(%)": 39.345454545454544}