Device,kB_read/s,kB_wrtn/s
loop0,0.0,0.0
sda,19.23934426229508,412.81311475409836
