{"%iowait": 1.1822522522522518, "user+system(%)": 37.22945945945947, "%idle": 60.53263636363637}