{"Idle(%)": 60.127272727272725, "user+system(%)": 38.70909090909091, "Available Memory(Kb)": 5966924.363636363, "I/O wait(%)": 1.2}