{"user+system(%)": 53.73983425414364, "%idle": 27.808277777777803, "%iowait": 11.621933701657458}