{"I/O wait(%)": 11.488888888888889, "user+system(%)": 60.45, "Idle(%)": 28.08888888888889, "Available Memory(Kb)": 6718508.377777778}