Device,kB_read/s,kB_wrtn/s
loop0,0.0,0.0
sda,99.16129032258064,920.141935483871
