{"Disk Write(KB/s)": 906.6884999999999, "Disk Read(KB/s)": 99.48133333333331}