{"%idle": 0.6270909090909089, "user+system(%)": 97.24747747747752, "%iowait": 0.12360360360360359}