Device,kB_read/s,kB_wrtn/s
loop0,0.0,0.0
sda,61.63636363636363,307.050505050505
