{"Disk Read(KB/s)": 64.0664555555556, "Disk Write(KB/s)": 288.72975555555564}