{"user+system(%)": 8.889337016574588, "%iowait": 0.7016574585635363, "%idle": 89.89827777777776}