{"user+system(%)": 9.194444444444445, "Idle(%)": 89.86666666666666, "Available Memory(Kb)": 9527041.177777778, "I/O wait(%)": 0.6777777777777778}