{"Disk Read(KB/s)": 52.2807666666667, "Disk Write(KB/s)": 350.4600666666664}