{"%iowait": 2.2213513513513514, "%idle": 57.35890909090909, "user+system(%)": 38.777297297297295}