{"Available Memory(Kb)": 5270922.909090909, "I/O wait(%)": 2.1636363636363636, "user+system(%)": 39.82727272727273, "Idle(%)": 58.054545454545455}