Device,kB_read/s,kB_wrtn/s
loop0,0.0,0.0
sda,35.50877192982456,315.3590643274854
