{"Disk Read(KB/s)": 32.1330666666667, "Disk Write(KB/s)": 298.3706000000002}