{"%idle": 67.70638888888891, "user+system(%)": 28.087458563535908, "%iowait": 1.9609392265193364}