{"Disk Read(KB/s)": 8.492644444444444, "Disk Write(KB/s)": 51.28576666666669}