{"%idle": 95.18661111111123, "%iowait": 0.15640883977900571, "user+system(%)": 1.4854143646408853}