{"user+system(%)": 4.7, "I/O wait(%)": 0.06666666666666667, "Idle(%)": 95.18888888888888, "Available Memory(Kb)": 4100521.2666666666}