Device,kB_read/s,kB_wrtn/s
loop0,0.0,0.0
sda,19.113253012048194,108.87710843373495
