{"%iowait": 0.814861878453039, "%idle": 64.38577777777775, "user+system(%)": 19.997292817679565}