{"user+system(%)": 34.66111111111111, "Idle(%)": 64.41111111111111, "Available Memory(Kb)": 6974255.155555556, "I/O wait(%)": 0.7388888888888889}