Device,kB_read/s,kB_wrtn/s
loop0,0.0,0.0
sda,23.239779005524863,272.79116022099447
