{"Disk Write(KB/s)": 255.32812222222208, "Disk Read(KB/s)": 21.33431111111112}