{"%idle": 66.54677777777778, "%iowait": 1.6803314917127075, "user+system(%)": 28.304254143646386}