{"I/O wait(%)": 1.6833333333333333, "Idle(%)": 66.46666666666667, "user+system(%)": 31.95, "Available Memory(Kb)": 7175627.355555556}