{"Disk Write(KB/s)": 240.67533333333333, "Disk Read(KB/s)": 1379.2239999999995}