{"user+system(%)": 4.778198198198199, "%sys": 2.306486486486485, "%iowait": 3.692342342342345, "%idle": 79.92436363636365, "%guest": 11.319549549549551}