Device,kB_read/s,kB_wrtn/s
loop0,0.0,0.0
sda,15.726923076923077,374.13461538461536
