{"Disk Write(KB/s)": 374.65916666666686, "Disk Read(KB/s)": 15.667999999999987}