{"%iowait": 1.9624309392265182, "%idle": 62.355944444444404, "user+system(%)": 32.63651933701657}