{"Available Memory(Kb)": 9733573.666666666, "Idle(%)": 62.51111111111111, "I/O wait(%)": 1.9555555555555555, "user+system(%)": 35.52777777777778}