{
  "AssignmentsList" : {
    "transaction" : "AssignmentsList",
    "sampleCount" : 90,
    "errorCount" : 0,
    "errorPct" : 0.0,
    "meanResTime" : 133.03333333333327,
    "medianResTime" : 99.5,
    "minResTime" : 34.0,
    "maxResTime" : 634.0,
    "pct1ResTime" : 311.9,
    "pct2ResTime" : 353.2500000000001,
    "pct3ResTime" : 634.0,
    "throughput" : 11.843663639952625,
    "receivedKBytesPerSec" : 4.535187606921963,
    "sentKBytesPerSec" : 3.8515038985392813
  },
  "Get CSRF Token" : {
    "transaction" : "Get CSRF Token",
    "sampleCount" : 90,
    "errorCount" : 0,
    "errorPct" : 0.0,
    "meanResTime" : 1052.4333333333334,
    "medianResTime" : 219.0,
    "minResTime" : 40.0,
    "maxResTime" : 8488.0,
    "pct1ResTime" : 5204.900000000002,
    "pct2ResTime" : 5712.450000000001,
    "pct3ResTime" : 8488.0,
    "throughput" : 10.050251256281408,
    "receivedKBytesPerSec" : 335.7296464963707,
    "sentKBytesPerSec" : 1.3446136934673367
  },
  "StudentCourses" : {
    "transaction" : "StudentCourses",
    "sampleCount" : 90,
    "errorCount" : 0,
    "errorPct" : 0.0,
    "meanResTime" : 150.65555555555554,
    "medianResTime" : 102.5,
    "minResTime" : 34.0,
    "maxResTime" : 921.0,
    "pct1ResTime" : 352.70000000000016,
    "pct2ResTime" : 422.80000000000007,
    "pct3ResTime" : 921.0,
    "throughput" : 11.723329425556859,
    "receivedKBytesPerSec" : 14.505330451348184,
    "sentKBytesPerSec" : 2.8621409730363423
  },
  "GetSubmissionId" : {
    "transaction" : "GetSubmissionId",
    "sampleCount" : 645,
    "errorCount" : 11,
    "errorPct" : 1.7054263,
    "meanResTime" : 3690.565891472869,
    "medianResTime" : 897.0,
    "minResTime" : 241.0,
    "maxResTime" : 50009.0,
    "pct1ResTime" : 3173.2,
    "pct2ResTime" : 32659.1,
    "pct3ResTime" : 50004.0,
    "throughput" : 2.36274987453615,
    "receivedKBytesPerSec" : 103.869432913701,
    "sentKBytesPerSec" : 0.5514621289200584
  },
  "TestcasesResults" : {
    "transaction" : "TestcasesResults",
    "sampleCount" : 603,
    "errorCount" : 0,
    "errorPct" : 0.0,
    "meanResTime" : 10049.114427860692,
    "medianResTime" : 9594.0,
    "minResTime" : 229.0,
    "maxResTime" : 51299.0,
    "pct1ResTime" : 28519.600000000002,
    "pct2ResTime" : 32764.399999999987,
    "pct3ResTime" : 45438.240000000005,
    "throughput" : 2.5047249164053254,
    "receivedKBytesPerSec" : 67.38280033074415,
    "sentKBytesPerSec" : 0.6066130656919146
  },
  "Total" : {
    "transaction" : "Total",
    "sampleCount" : 2992,
    "errorCount" : 305,
    "errorPct" : 10.1938505,
    "meanResTime" : 4210.662098930493,
    "medianResTime" : 1184.5,
    "minResTime" : 0.0,
    "maxResTime" : 51692.0,
    "pct1ResTime" : 11596.400000000014,
    "pct2ResTime" : 16714.199999999997,
    "pct3ResTime" : 45544.28,
    "throughput" : 9.497900113327217,
    "receivedKBytesPerSec" : 271.28555760482766,
    "sentKBytesPerSec" : 3.368248901051372
  },
  "Upload" : {
    "transaction" : "Upload",
    "sampleCount" : 652,
    "errorCount" : 282,
    "errorPct" : 43.251534,
    "meanResTime" : 3789.687116564416,
    "medianResTime" : 2361.5,
    "minResTime" : 1.0,
    "maxResTime" : 51692.0,
    "pct1ResTime" : 4862.700000000002,
    "pct2ResTime" : 28738.6,
    "pct3ResTime" : 45838.770000000004,
    "throughput" : 2.3793015363281396,
    "receivedKBytesPerSec" : 59.67040632526549,
    "sentKBytesPerSec" : 1.7282907551180529
  },
  "Course Page" : {
    "transaction" : "Course Page",
    "sampleCount" : 90,
    "errorCount" : 0,
    "errorPct" : 0.0,
    "meanResTime" : 473.28888888888895,
    "medianResTime" : 351.0,
    "minResTime" : 74.0,
    "maxResTime" : 1349.0,
    "pct1ResTime" : 1166.2000000000003,
    "pct2ResTime" : 1255.25,
    "pct3ResTime" : 1349.0,
    "throughput" : 11.752415774353617,
    "receivedKBytesPerSec" : 459.47380394685297,
    "sentKBytesPerSec" : 3.431613590363019
  },
  "Login" : {
    "transaction" : "Login",
    "sampleCount" : 90,
    "errorCount" : 0,
    "errorPct" : 0.0,
    "meanResTime" : 1432.0333333333324,
    "medianResTime" : 1465.5,
    "minResTime" : 122.0,
    "maxResTime" : 2453.0,
    "pct1ResTime" : 2288.5,
    "pct2ResTime" : 2325.85,
    "pct3ResTime" : 2453.0,
    "throughput" : 9.58568537650442,
    "receivedKBytesPerSec" : 16.407997390563427,
    "sentKBytesPerSec" : 5.689628488124401
  },
  "RunPractice" : {
    "transaction" : "RunPractice",
    "sampleCount" : 642,
    "errorCount" : 12,
    "errorPct" : 1.8691589,
    "meanResTime" : 2173.9314641744536,
    "medianResTime" : 2188.0,
    "minResTime" : 0.0,
    "maxResTime" : 8865.0,
    "pct1ResTime" : 4522.500000000001,
    "pct2ResTime" : 5689.150000000001,
    "pct3ResTime" : 7473.0,
    "throughput" : 2.42461780167986,
    "receivedKBytesPerSec" : 66.8696731345172,
    "sentKBytesPerSec" : 0.5585330873466675
  }
}