{
  "AssignmentsList" : {
    "transaction" : "AssignmentsList",
    "sampleCount" : 150,
    "errorCount" : 87,
    "errorPct" : 58.0,
    "meanResTime" : 575.2066666666664,
    "medianResTime" : 0.0,
    "minResTime" : 0.0,
    "maxResTime" : 23417.0,
    "pct1ResTime" : 983.1,
    "pct2ResTime" : 3284.7999999999765,
    "pct3ResTime" : 16384.610000000124,
    "throughput" : 2.658160552897395,
    "receivedKBytesPerSec" : 2.273402196305157,
    "sentKBytesPerSec" : 0.3630569677033493
  },
  "Get CSRF Token" : {
    "transaction" : "Get CSRF Token",
    "sampleCount" : 150,
    "errorCount" : 83,
    "errorPct" : 55.333332,
    "meanResTime" : 44447.25333333332,
    "medianResTime" : 51609.5,
    "minResTime" : 16063.0,
    "maxResTime" : 52661.0,
    "pct1ResTime" : 52359.6,
    "pct2ResTime" : 52418.95,
    "pct3ResTime" : 52589.6,
    "throughput" : 2.8208744710860367,
    "receivedKBytesPerSec" : 42.38812000470146,
    "sentKBytesPerSec" : 0.3774021509167842
  },
  "StudentCourses" : {
    "transaction" : "StudentCourses",
    "sampleCount" : 150,
    "errorCount" : 0,
    "errorPct" : 0.0,
    "meanResTime" : 6506.02,
    "medianResTime" : 1723.0,
    "minResTime" : 29.0,
    "maxResTime" : 32138.0,
    "pct1ResTime" : 17306.9,
    "pct2ResTime" : 22571.9,
    "pct3ResTime" : 27333.800000000087,
    "throughput" : 2.97047349347486,
    "receivedKBytesPerSec" : 58.325846554003206,
    "sentKBytesPerSec" : 0.8607411083826761
  },
  "GetSubmissionId" : {
    "transaction" : "GetSubmissionId",
    "sampleCount" : 3857,
    "errorCount" : 2284,
    "errorPct" : 59.217007,
    "meanResTime" : 245.36582836401453,
    "medianResTime" : 0.0,
    "minResTime" : 0.0,
    "maxResTime" : 25308.0,
    "pct1ResTime" : 391.0,
    "pct2ResTime" : 540.0,
    "pct3ResTime" : 2866.440000000006,
    "throughput" : 15.277909813987387,
    "receivedKBytesPerSec" : 283.52671170916915,
    "sentKBytesPerSec" : 1.4542563543251101
  },
  "TestcasesResults" : {
    "transaction" : "TestcasesResults",
    "sampleCount" : 3855,
    "errorCount" : 2285,
    "errorPct" : 59.27367,
    "meanResTime" : 129.6072632944228,
    "medianResTime" : 0.0,
    "minResTime" : 0.0,
    "maxResTime" : 16202.0,
    "pct1ResTime" : 128.0,
    "pct2ResTime" : 274.1999999999998,
    "pct3ResTime" : 2414.3200000000043,
    "throughput" : 15.27004812738904,
    "receivedKBytesPerSec" : 183.3262711733279,
    "sentKBytesPerSec" : 1.5122203090649817
  },
  "Total" : {
    "transaction" : "Total",
    "sampleCount" : 8462,
    "errorCount" : 4912,
    "errorPct" : 58.047745,
    "meanResTime" : 1230.8721342472293,
    "medianResTime" : 0.0,
    "minResTime" : 0.0,
    "maxResTime" : 52661.0,
    "pct1ResTime" : 473.09999999999945,
    "pct2ResTime" : 3061.9499999999744,
    "pct3ResTime" : 49315.46000000012,
    "throughput" : 28.109781619351967,
    "receivedKBytesPerSec" : 418.66579737982255,
    "sentKBytesPerSec" : 3.037123194556097
  },
  "Course Page" : {
    "transaction" : "Course Page",
    "sampleCount" : 150,
    "errorCount" : 86,
    "errorPct" : 57.333332,
    "meanResTime" : 2169.5933333333332,
    "medianResTime" : 0.0,
    "minResTime" : 0.0,
    "maxResTime" : 26838.0,
    "pct1ResTime" : 7487.600000000001,
    "pct2ResTime" : 13612.449999999972,
    "pct3ResTime" : 26303.52000000001,
    "throughput" : 2.659763103766225,
    "receivedKBytesPerSec" : 46.12827497185084,
    "sentKBytesPerSec" : 0.3313621533442088
  },
  "Login" : {
    "transaction" : "Login",
    "sampleCount" : 150,
    "errorCount" : 87,
    "errorPct" : 58.0,
    "meanResTime" : 6099.446666666666,
    "medianResTime" : 4156.0,
    "minResTime" : 29.0,
    "maxResTime" : 27438.0,
    "pct1ResTime" : 13413.7,
    "pct2ResTime" : 19410.19999999999,
    "pct3ResTime" : 27122.820000000007,
    "throughput" : 2.5684051916030275,
    "receivedKBytesPerSec" : 4.177587962526968,
    "sentKBytesPerSec" : 1.0730114657888428
  }
}