{"%guest": 0.0, "user+system(%)": 98.11531531531531, "%idle": 0.12409090909090895, "%iowait": 0.033873873873873854, "%sys": 3.948918918918919}