Device,kB_read/s,kB_wrtn/s
loop0,0.0,0.0
sda,472.4952380952381,70.4888888888889
