{"Disk Write(KB/s)": 71.55219999999998, "Disk Read(KB/s)": 449.8489333333332}