{"user+system(%)": 1.1504504504504498, "%idle": 98.29272727272728, "%iowait": 0.2000900900900901}