{"Available Memory(Kb)": 5778428.945454545, "I/O wait(%)": 0.14545454545454545, "Idle(%)": 98.19090909090909, "user+system(%)": 1.4363636363636363}