Device,kB_read/s,kB_wrtn/s
loop0,0.0,0.0
sda,37.074285714285715,343.07428571428574
