{"Disk Read(KB/s)": 39.2335666666667, "Disk Write(KB/s)": 302.7452666666665}