{"%iowait": 1.9340540540540538, "user+system(%)": 62.61522522522524, "%idle": 32.859909090909106}