{"I/O wait(%)": 1.990909090909091, "user+system(%)": 64.36363636363636, "Available Memory(Kb)": 10176961.454545455, "Idle(%)": 33.763636363636365}