Device,kB_read/s,kB_wrtn/s
loop0,0.0,0.0
sda,33.7060773480663,292.9458563535912
