{"Disk Write(KB/s)": 280.56831111111126, "Disk Read(KB/s)": 29.622577777777774}