{"%iowait": 1.8950828729281775, "%idle": 63.335500000000025, "user+system(%)": 31.24408839779006}