{"I/O wait(%)": 1.8666666666666667, "Idle(%)": 63.272222222222226, "Available Memory(Kb)": 7227436.088888889, "user+system(%)": 34.96111111111111}