Device,kB_read/s,kB_wrtn/s
loop0,0.0,0.0
sda,16.87150837988827,160.67932960893856
