{"Disk Read(KB/s)": 14.651133333333334, "Disk Write(KB/s)": 166.27543333333338}