{"%iowait": 0.7289502762430926, "user+system(%)": 7.843425414364644, "%idle": 89.2071111111111}