{"I/O wait(%)": 0.7333333333333333, "Idle(%)": 89.11666666666666, "user+system(%)": 10.15, "Available Memory(Kb)": 9093631.422222223}