{"Disk Read(KB/s)": 0.30191111111111113, "Disk Write(KB/s)": 47.02843333333333}