Device,kB_read/s,kB_wrtn/s
loop0,0.0,0.0
sda,0.09180327868852459,132.10491803278688
