{"%idle": 2.215818181818182, "%iowait": 3.535495495495495, "user+system(%)": 91.64522522522523}