{"I/O wait(%)": 3.609090909090909, "Idle(%)": 2.2181818181818183, "user+system(%)": 94.47272727272727, "Available Memory(Kb)": 2146443.7454545456}