Device,kB_read/s,kB_wrtn/s
loop0,0.0,0.0
sda,0.05714285714285714,19.314285714285713
