{"Disk Write(KB/s)": 25.773714285714288, "Disk Read(KB/s)": 0.03266666666666667}