{"user+system(%)": 5.061904761904762, "Available Memory(Kb)": 4296034.666666667, "I/O wait(%)": 0.3333333333333333, "Idle(%)": 94.94285714285714}