Device,kB_read/s,kB_wrtn/s
loop0,0.0,0.0
sda,88.54193548387097,912.6064516129032
