{"Disk Read(KB/s)": 84.91676666666667, "Disk Write(KB/s)": 866.7928333333339}