{"user+system(%)": 88.5557657657658, "%iowait": 0.9994594594594598, "%idle": 8.13445454545455}