{"user+system(%)": 90.86363636363636, "Idle(%)": 8.063636363636364, "Available Memory(Kb)": 7381131.490909091, "I/O wait(%)": 0.9818181818181818}