{"Disk Read(KB/s)": 109.03115555555574, "Disk Write(KB/s)": 467.16453333333374}