{"Disk Read(KB/s)": 863.3023333333333, "Disk Write(KB/s)": 532.8171666666666}