{"%iowait": 29.576036036036037, "user+system(%)": 4.738198198198196, "%idle": 34.45336363636364}