{"Idle(%)": 34.3, "Available Memory(Kb)": 2254704.8, "user+system(%)": 35.46363636363636, "I/O wait(%)": 30.263636363636362}