Device,kB_read/s,kB_wrtn/s
loop0,0.0,0.0
sda,49.44827586206897,22.77241379310345
