{"Disk Read(KB/s)": 46.89133333333333, "Disk Write(KB/s)": 22.45133333333333}