{"%idle": 99.1126363636364, "user+system(%)": 0.6938738738738739, "%iowait": 0.05504504504504502}