{"I/O wait(%)": 0.00909090909090909, "Available Memory(Kb)": 6664324.290909091, "user+system(%)": 0.5363636363636364, "Idle(%)": 99.2}