Device,kB_read/s,kB_wrtn/s
loop0,0.0,0.0
sda,13.193582887700535,205.8181818181818
