{"Disk Read(KB/s)": 11.930488888888899, "Disk Write(KB/s)": 196.0076666666669}