{"%iowait": 1.2600000000000016, "user+system(%)": 13.756795580110497, "%idle": 82.31488888888893}