{"Available Memory(Kb)": 10301371.577777777, "Idle(%)": 82.38333333333334, "user+system(%)": 16.516666666666666, "I/O wait(%)": 1.2}