Device,kB_read/s,kB_wrtn/s
loop0,0.0,0.0
sda,2.152727272727273,109.29939393939394
