{"Disk Write(KB/s)": 122.82361111111118, "Disk Read(KB/s)": 1.8720888888888887}