{"%iowait": 0.3208839779005518, "user+system(%)": 3.9839779005524827, "%idle": 93.86988888888884}