{"Available Memory(Kb)": 10093438.08888889, "user+system(%)": 5.961111111111111, "Idle(%)": 94.07222222222222, "I/O wait(%)": 0.25}