Device,kB_read/s,kB_wrtn/s
loop0,0.0,0.0
sda,1.1226519337016574,219.7082872928177
