{"Disk Read(KB/s)": 0.9755444444444449, "Disk Write(KB/s)": 211.73755555555562}