{"%iowait": 1.296408839779006, "user+system(%)": 22.374530386740336, "%idle": 72.99038888888889}