{"Idle(%)": 72.93333333333334, "I/O wait(%)": 1.25, "Available Memory(Kb)": 7285273.666666667, "user+system(%)": 25.9}