Device,kB_read/s,kB_wrtn/s
loop0,0.0,0.0
sda,858.5290322580645,1013.8193548387097
