{"Idle(%)": 2.8181818181818183, "Available Memory(Kb)": 1457734.0363636364, "user+system(%)": 96.55454545454545, "I/O wait(%)": 0.5727272727272728}