{"%idle": 28.344363636363642, "user+system(%)": 67.13828828828827, "%iowait": 2.504054054054052}