{"Available Memory(Kb)": 4905096.545454546, "I/O wait(%)": 2.5454545454545454, "user+system(%)": 69.03636363636363, "Idle(%)": 28.445454545454545}