{"Disk Write(KB/s)": 190.75866666666704, "Disk Read(KB/s)": 4.799633333333331}