{"user+system(%)": 4.811546961325967, "%idle": 93.87066666666665, "%iowait": 0.42613259668508285}