{"user+system(%)": 5.655555555555556, "I/O wait(%)": 0.4111111111111111, "Idle(%)": 93.93333333333334, "Available Memory(Kb)": 8913290.0}