Device,kB_read/s,kB_wrtn/s
loop0,0.0,0.0
sda,60.62608695652174,349.7275362318841
