{"user+system(%)": 41.809909909909905, "%idle": 53.642545454545484, "%iowait": 2.767927927927928}