{"user+system(%)": 43.21818181818182, "Available Memory(Kb)": 5436819.2727272725, "Idle(%)": 53.91818181818182, "I/O wait(%)": 2.909090909090909}