Device,kB_read/s,kB_wrtn/s
loop0,0.0,0.0
sda,6.072131147540984,495.9737704918033
