{"Disk Write(KB/s)": 487.2901666666667, "Disk Read(KB/s)": 6.048166666666666}