{"user+system(%)": 43.03603603603605, "%idle": 54.37081818181814, "%iowait": 1.6335135135135126}