{"I/O wait(%)": 1.6545454545454545, "Available Memory(Kb)": 9029479.927272728, "Idle(%)": 54.3, "user+system(%)": 44.127272727272725}