Device,kB_read/s,kB_wrtn/s
loop0,0.0,0.0
sda,27.55959595959596,305.45050505050506
