{"Disk Write(KB/s)": 285.5927888888892, "Disk Read(KB/s)": 2.3185999999999987}