{"%iowait": 0.6579005524861881, "%idle": 89.53349999999993, "user+system(%)": 9.310773480662979}