{"Available Memory(Kb)": 2743647.355555556, "I/O wait(%)": 0.6333333333333333, "Idle(%)": 89.47222222222223, "user+system(%)": 9.55}