Device,kB_read/s,kB_wrtn/s
loop0,0.0,0.0
sda,1068.1704918032788,568.0786885245901
