{"Disk Read(KB/s)": 1058.5501666666667, "Disk Write(KB/s)": 556.5171666666665}