{"%guest": 0.0, "%sys": 5.944054054054052, "%iowait": 25.2827927927928, "%idle": 17.86754545454545, "user+system(%)": 55.50990990990992}