{"sys(%)": 6.3, "I/O wait(%)": 26.081818181818182, "user+system(%)": 55.872727272727275, "Available Memory(Kb)": 6143851.745454545, "Idle(%)": 17.990909090909092}