Device,kB_read/s,kB_wrtn/s
loop0,0.0,0.0
sda,25.481967213114753,827.8163934426229
