{"user+system(%)": 62.481818181818184, "Available Memory(Kb)": 5673184.036363636, "I/O wait(%)": 2.590909090909091, "Idle(%)": 34.88181818181818}