{"%iowait": 0.10945945945945945, "%idle": 0.7368181818181825, "user+system(%)": 97.2066666666667}