Device,kB_read/s,kB_wrtn/s
loop0,0.0,0.0
sda,0.6032786885245902,289.783606557377
