{"Disk Read(KB/s)": 0.6016666666666667, "Disk Write(KB/s)": 288.1141666666668}