{"user+system(%)": 19.19216216216216, "%iowait": 0.9311711711711707, "%idle": 79.21963636363641}