{"Idle(%)": 78.72727272727273, "Available Memory(Kb)": 2953633.890909091, "I/O wait(%)": 0.9181818181818182, "user+system(%)": 20.245454545454546}