Device,kB_read/s,kB_wrtn/s
loop0,0.0,0.0
sda,18.864088397790056,187.49613259668507
