{"user+system(%)": 91.45, "Idle(%)": 8.305555555555555, "Available Memory(Kb)": 6323181.733333333, "I/O wait(%)": 0.2388888888888889}