Device,kB_read/s,kB_wrtn/s
loop0,0.0,0.0
sda,7.2655737704918035,728.3672131147541
