{"Disk Read(KB/s)": 6.907666666666667, "Disk Write(KB/s)": 713.9520000000001}