{"%iowait": 1.0462162162162156, "user+system(%)": 74.55315315315315, "%idle": 23.090272727272726}