{"user+system(%)": 75.42727272727272, "I/O wait(%)": 1.0636363636363637, "Available Memory(Kb)": 2863028.1818181816, "Idle(%)": 23.6}