{"Disk Write(KB/s)": 39.019833333333324, "Disk Read(KB/s)": 8.273333333333333}