{"%sys": 0.6945945945945947, "%guest": 0.0, "%iowait": 0.029369369369369368, "user+system(%)": 6.980540540540545, "%idle": 92.72272727272727}