{"user+system(%)": 7.054545454545455, "Available Memory(Kb)": 2432987.7454545456, "Idle(%)": 92.75454545454545, "I/O wait(%)": 0.00909090909090909, "sys(%)": 0.7454545454545455}