Device,kB_read/s,kB_wrtn/s
loop0,0.0,0.0
sda,1.7856353591160221,357.3613259668508
