{"user+system(%)": 29.383333333333333, "Available Memory(Kb)": 7093280.822222223, "Idle(%)": 66.72777777777777, "I/O wait(%)": 3.9055555555555554}