Device,kB_read/s,kB_wrtn/s
loop0,0.0,0.0
sda,0.19447513812154696,151.29723756906077
