{"Disk Write(KB/s)": 150.82272222222218, "Disk Read(KB/s)": 0.1688444444444444}