{"user+system(%)": 14.147403314917133, "%idle": 81.91027777777776, "%iowait": 0.6434254143646407}