{"Idle(%)": 81.89444444444445, "user+system(%)": 17.516666666666666, "Available Memory(Kb)": 7280181.888888889, "I/O wait(%)": 0.5888888888888889}