Device,kB_read/s,kB_wrtn/s
loop0,0.0,0.0
sda,270.0258064516129,500.6967741935484
