{"Disk Read(KB/s)": 250.6854999999999, "Disk Write(KB/s)": 492.43316666666675}