{"Available Memory(Kb)": 5242203.636363637, "I/O wait(%)": 1.9181818181818182, "user+system(%)": 19.663636363636364, "Idle(%)": 78.60909090909091}