{"Disk Read(KB/s)": 32.16072222222223, "Disk Write(KB/s)": 437.3367444444443}