{"%idle": 12.548499999999997, "%iowait": 2.008729281767956, "user+system(%)": 76.95071823204421}