{"Disk Write(KB/s)": 51.83683333333335, "Disk Read(KB/s)": 0.4981666666666667}