{"%sys": 0.453873873873874, "%guest": 0.0, "%iowait": 0.07756756756756752, "user+system(%)": 1.1466666666666665, "%idle": 98.30836363636368}