{"user+system(%)": 1.5454545454545454, "Available Memory(Kb)": 3886174.2545454544, "Idle(%)": 98.3, "I/O wait(%)": 0.00909090909090909, "sys(%)": 0.4727272727272727}