{"Disk Read(KB/s)": 5.640000000000001, "Disk Write(KB/s)": 127.48883333333333}