{"%idle": 0.0, "%iowait": 0.0, "%sys": 5.0031531531531535, "user+system(%)": 97.08702702702705, "%guest": 0.0}