{"user+system(%)": 100.2, "I/O wait(%)": 0.0, "Idle(%)": 0.0, "sys(%)": 5.890909090909091, "Available Memory(Kb)": 7304506.836363636}