{"Disk Write(KB/s)": 333.65524444444463, "Disk Read(KB/s)": 15.751944444444444}