{"%iowait": 4.864033149171269, "%idle": 39.46805555555557, "user+system(%)": 48.77773480662982}