{"I/O wait(%)": 4.8277777777777775, "user+system(%)": 55.25555555555555, "Available Memory(Kb)": 7226953.2, "Idle(%)": 39.91111111111111}