{"Disk Read(KB/s)": 11.513622222222223, "Disk Write(KB/s)": 207.12873333333332}