{"%iowait": 1.0161878453038682, "user+system(%)": 16.315414364640894, "%idle": 80.0104444444445}