{"Available Memory(Kb)": 9120551.022222223, "I/O wait(%)": 1.0, "user+system(%)": 19.127777777777776, "Idle(%)": 79.97222222222223}