Device,kB_read/s,kB_wrtn/s
loop0,0.0,0.0
sda,0.7081967213114754,61.80983606557377
