{"Disk Read(KB/s)": 0.7056666666666666, "Disk Write(KB/s)": 61.42383333333332}