{"%idle": 81.90354545454544, "%guest": 0.0, "%iowait": 0.021441441441441448, "user+system(%)": 17.575315315315315, "%sys": 1.5517117117117103}