{"sys(%)": 1.7727272727272727, "user+system(%)": 17.945454545454545, "Available Memory(Kb)": 2981034.2545454544, "Idle(%)": 82.04545454545455, "I/O wait(%)": 0.0}