{"Available Memory(Kb)": 5269565.418181818, "Idle(%)": 30.163636363636364, "I/O wait(%)": 2.536363636363636, "user+system(%)": 67.30909090909091}