{
  "AssignmentsList" : {
    "transaction" : "AssignmentsList",
    "sampleCount" : 150,
    "errorCount" : 1,
    "errorPct" : 0.6666667,
    "meanResTime" : 117.17333333333336,
    "medianResTime" : 57.0,
    "minResTime" : 0.0,
    "maxResTime" : 942.0,
    "pct1ResTime" : 272.6,
    "pct2ResTime" : 353.6999999999997,
    "pct3ResTime" : 930.2700000000002,
    "throughput" : 18.57125170236474,
    "receivedKBytesPerSec" : 7.24097456512319,
    "sentKBytesPerSec" : 5.962991944719574
  },
  "Get CSRF Token" : {
    "transaction" : "Get CSRF Token",
    "sampleCount" : 150,
    "errorCount" : 0,
    "errorPct" : 0.0,
    "meanResTime" : 1283.56,
    "medianResTime" : 583.5,
    "minResTime" : 64.0,
    "maxResTime" : 3504.0,
    "pct1ResTime" : 3098.7000000000003,
    "pct2ResTime" : 3285.6,
    "pct3ResTime" : 3497.88,
    "throughput" : 41.597337770382694,
    "receivedKBytesPerSec" : 1111.644979721298,
    "sentKBytesPerSec" : 5.484024022462562
  },
  "StudentCourses" : {
    "transaction" : "StudentCourses",
    "sampleCount" : 150,
    "errorCount" : 1,
    "errorPct" : 0.6666667,
    "meanResTime" : 480.57333333333304,
    "medianResTime" : 168.0,
    "minResTime" : 20.0,
    "maxResTime" : 3688.0,
    "pct1ResTime" : 971.9000000000001,
    "pct2ResTime" : 2406.749999999992,
    "pct3ResTime" : 3643.630000000001,
    "throughput" : 17.389288198469742,
    "receivedKBytesPerSec" : 21.78676294777417,
    "sentKBytesPerSec" : 4.183391780663112
  },
  "GetSubmissionId" : {
    "transaction" : "GetSubmissionId",
    "sampleCount" : 669,
    "errorCount" : 6,
    "errorPct" : 0.89686096,
    "meanResTime" : 1817.8550074738407,
    "medianResTime" : 682.0,
    "minResTime" : 0.0,
    "maxResTime" : 50004.0,
    "pct1ResTime" : 2191.0,
    "pct2ResTime" : 5565.5,
    "pct3ResTime" : 44750.199999999786,
    "throughput" : 0.876251999072666,
    "receivedKBytesPerSec" : 38.46147096465653,
    "sentKBytesPerSec" : 0.20219812652017932
  },
  "TestcasesResults" : {
    "transaction" : "TestcasesResults",
    "sampleCount" : 651,
    "errorCount" : 0,
    "errorPct" : 0.0,
    "meanResTime" : 49318.33026113665,
    "medianResTime" : 48610.0,
    "minResTime" : 5206.0,
    "maxResTime" : 138036.0,
    "pct1ResTime" : 87671.20000000001,
    "pct2ResTime" : 109211.19999999998,
    "pct3ResTime" : 127627.96,
    "throughput" : 0.8542085187289482,
    "receivedKBytesPerSec" : 24.759003725598962,
    "sentKBytesPerSec" : 0.20687862562966713
  },
  "Total" : {
    "transaction" : "Total",
    "sampleCount" : 3407,
    "errorCount" : 54,
    "errorPct" : 1.5849721,
    "meanResTime" : 12859.76695039624,
    "medianResTime" : 2112.0,
    "minResTime" : 0.0,
    "maxResTime" : 138036.0,
    "pct1ResTime" : 53274.000000000015,
    "pct2ResTime" : 70818.2,
    "pct3ResTime" : 108299.56000000003,
    "throughput" : 3.7045292681733417,
    "receivedKBytesPerSec" : 113.4874665816285,
    "sentKBytesPerSec" : 1.7552438980466138
  },
  "Upload" : {
    "transaction" : "Upload",
    "sampleCount" : 670,
    "errorCount" : 39,
    "errorPct" : 5.8208957,
    "meanResTime" : 11114.064179104469,
    "medianResTime" : 1557.5,
    "minResTime" : 0.0,
    "maxResTime" : 84446.0,
    "pct1ResTime" : 51915.399999999994,
    "pct2ResTime" : 65150.549999999894,
    "pct3ResTime" : 81420.5,
    "throughput" : 0.8738157839823045,
    "receivedKBytesPerSec" : 36.60814851966477,
    "sentKBytesPerSec" : 1.1888698814936252
  },
  "Course Page" : {
    "transaction" : "Course Page",
    "sampleCount" : 150,
    "errorCount" : 2,
    "errorPct" : 1.3333334,
    "meanResTime" : 635.6266666666664,
    "medianResTime" : 230.0,
    "minResTime" : 0.0,
    "maxResTime" : 5139.0,
    "pct1ResTime" : 1754.8000000000006,
    "pct2ResTime" : 3089.5999999999985,
    "pct3ResTime" : 4670.820000000009,
    "throughput" : 17.593244194229413,
    "receivedKBytesPerSec" : 562.4856825812221,
    "sentKBytesPerSec" : 5.034691678395496
  },
  "Login" : {
    "transaction" : "Login",
    "sampleCount" : 150,
    "errorCount" : 0,
    "errorPct" : 0.0,
    "meanResTime" : 3764.7600000000025,
    "medianResTime" : 4014.5,
    "minResTime" : 295.0,
    "maxResTime" : 7142.0,
    "pct1ResTime" : 5956.0,
    "pct2ResTime" : 6373.049999999999,
    "pct3ResTime" : 7124.66,
    "throughput" : 16.508914813999557,
    "receivedKBytesPerSec" : 28.270871739489323,
    "sentKBytesPerSec" : 9.746708535108958
  },
  "RunPractice" : {
    "transaction" : "RunPractice",
    "sampleCount" : 667,
    "errorCount" : 5,
    "errorPct" : 0.7496252,
    "meanResTime" : 3151.6806596701686,
    "medianResTime" : 2389.0,
    "minResTime" : 0.0,
    "maxResTime" : 33283.0,
    "pct1ResTime" : 4235.6,
    "pct2ResTime" : 5150.000000000002,
    "pct3ResTime" : 18418.000000000036,
    "throughput" : 0.8758683177287828,
    "receivedKBytesPerSec" : 24.637417846309404,
    "sentKBytesPerSec" : 0.20374279411185378
  }
}