{
  "AssignmentsList" : {
    "transaction" : "AssignmentsList",
    "sampleCount" : 250,
    "errorCount" : 13,
    "errorPct" : 5.2,
    "meanResTime" : 477.1200000000004,
    "medianResTime" : 188.0,
    "minResTime" : 0.0,
    "maxResTime" : 2889.0,
    "pct1ResTime" : 1374.2000000000003,
    "pct2ResTime" : 1703.9,
    "pct3ResTime" : 2647.3800000000006,
    "throughput" : 15.280239594156836,
    "receivedKBytesPerSec" : 7.018166294847503,
    "sentKBytesPerSec" : 4.68237873219852
  },
  "Get CSRF Token" : {
    "transaction" : "Get CSRF Token",
    "sampleCount" : 250,
    "errorCount" : 0,
    "errorPct" : 0.0,
    "meanResTime" : 58.904,
    "medianResTime" : 33.0,
    "minResTime" : 22.0,
    "maxResTime" : 347.0,
    "pct1ResTime" : 116.80000000000001,
    "pct2ResTime" : 161.0,
    "pct3ResTime" : 249.96000000000004,
    "throughput" : 62.328596360009975,
    "receivedKBytesPerSec" : 1665.704468960359,
    "sentKBytesPerSec" : 8.217148934181003
  },
  "StudentCourses" : {
    "transaction" : "StudentCourses",
    "sampleCount" : 250,
    "errorCount" : 3,
    "errorPct" : 1.2,
    "meanResTime" : 1121.1200000000006,
    "medianResTime" : 771.5,
    "minResTime" : 45.0,
    "maxResTime" : 9536.0,
    "pct1ResTime" : 2435.8,
    "pct2ResTime" : 3057.2499999999995,
    "pct3ResTime" : 6266.97,
    "throughput" : 13.993842709207948,
    "receivedKBytesPerSec" : 17.592282833053456,
    "sentKBytesPerSec" : 3.3484641757626648
  },
  "GetSubmissionId" : {
    "transaction" : "GetSubmissionId",
    "sampleCount" : 761,
    "errorCount" : 27,
    "errorPct" : 3.5479631,
    "meanResTime" : 5922.659658344284,
    "medianResTime" : 1556.0,
    "minResTime" : 0.0,
    "maxResTime" : 50009.0,
    "pct1ResTime" : 17063.000000000036,
    "pct2ResTime" : 34779.19999999999,
    "pct3ResTime" : 50002.0,
    "throughput" : 0.9902149586217665,
    "receivedKBytesPerSec" : 42.73072273859171,
    "sentKBytesPerSec" : 0.22526556725914745
  },
  "TestcasesResults" : {
    "transaction" : "TestcasesResults",
    "sampleCount" : 612,
    "errorCount" : 4,
    "errorPct" : 0.6535948,
    "meanResTime" : 106818.07352941194,
    "medianResTime" : 112692.5,
    "minResTime" : 9405.0,
    "maxResTime" : 170036.0,
    "pct1ResTime" : 133719.2,
    "pct2ResTime" : 134963.85,
    "pct3ResTime" : 139133.62,
    "throughput" : 0.7212379837862872,
    "receivedKBytesPerSec" : 20.77560441798039,
    "sentKBytesPerSec" : 0.17381857506001477
  },
  "Total" : {
    "transaction" : "Total",
    "sampleCount" : 4145,
    "errorCount" : 265,
    "errorPct" : 6.3932447,
    "meanResTime" : 21949.401447527154,
    "medianResTime" : 2479.0,
    "minResTime" : 0.0,
    "maxResTime" : 170036.0,
    "pct1ResTime" : 97662.6,
    "pct2ResTime" : 126001.59999999998,
    "pct3ResTime" : 134604.54,
    "throughput" : 4.022971214160859,
    "receivedKBytesPerSec" : 110.03359225700574,
    "sentKBytesPerSec" : 1.8463160089990323
  },
  "Upload" : {
    "transaction" : "Upload",
    "sampleCount" : 762,
    "errorCount" : 149,
    "errorPct" : 19.553806,
    "meanResTime" : 15993.863517060356,
    "medianResTime" : 2373.0,
    "minResTime" : 0.0,
    "maxResTime" : 99836.0,
    "pct1ResTime" : 59579.90000000004,
    "pct2ResTime" : 79286.0,
    "pct3ResTime" : 95232.51000000001,
    "throughput" : 0.9909552574597993,
    "receivedKBytesPerSec" : 35.9417328651384,
    "sentKBytesPerSec" : 1.3378787506258494
  },
  "Course Page" : {
    "transaction" : "Course Page",
    "sampleCount" : 250,
    "errorCount" : 26,
    "errorPct" : 10.4,
    "meanResTime" : 1787.1520000000003,
    "medianResTime" : 1177.5,
    "minResTime" : 0.0,
    "maxResTime" : 11952.0,
    "pct1ResTime" : 4327.5,
    "pct2ResTime" : 5133.0,
    "pct3ResTime" : 7843.210000000013,
    "throughput" : 14.085300580314383,
    "receivedKBytesPerSec" : 411.51487627824105,
    "sentKBytesPerSec" : 3.660417488309201
  },
  "Login" : {
    "transaction" : "Login",
    "sampleCount" : 250,
    "errorCount" : 2,
    "errorPct" : 0.8,
    "meanResTime" : 5141.792,
    "medianResTime" : 5062.0,
    "minResTime" : 208.0,
    "maxResTime" : 14987.0,
    "pct1ResTime" : 9285.6,
    "pct2ResTime" : 11232.949999999997,
    "pct3ResTime" : 14653.220000000001,
    "throughput" : 13.88734585046106,
    "receivedKBytesPerSec" : 23.930609272580824,
    "sentKBytesPerSec" : 8.179863695700478
  },
  "RunPractice" : {
    "transaction" : "RunPractice",
    "sampleCount" : 760,
    "errorCount" : 41,
    "errorPct" : 5.394737,
    "meanResTime" : 8903.44473684211,
    "medianResTime" : 3817.0,
    "minResTime" : 0.0,
    "maxResTime" : 50008.0,
    "pct1ResTime" : 26836.499999999985,
    "pct2ResTime" : 37810.25,
    "pct3ResTime" : 50002.39,
    "throughput" : 0.9911436101884346,
    "receivedKBytesPerSec" : 26.630817894804448,
    "sentKBytesPerSec" : 0.223435232025415
  }
}