{
  "AssignmentsList" : {
    "transaction" : "AssignmentsList",
    "sampleCount" : 20,
    "errorCount" : 0,
    "errorPct" : 0.0,
    "meanResTime" : 61.85,
    "medianResTime" : 63.5,
    "minResTime" : 23.0,
    "maxResTime" : 141.0,
    "pct1ResTime" : 101.10000000000002,
    "pct2ResTime" : 139.04999999999995,
    "pct3ResTime" : 141.0,
    "throughput" : 22.857142857142858,
    "receivedKBytesPerSec" : 8.861607142857142,
    "sentKBytesPerSec" : 7.388392857142857
  },
  "Get CSRF Token" : {
    "transaction" : "Get CSRF Token",
    "sampleCount" : 20,
    "errorCount" : 0,
    "errorPct" : 0.0,
    "meanResTime" : 85.85,
    "medianResTime" : 67.5,
    "minResTime" : 24.0,
    "maxResTime" : 203.0,
    "pct1ResTime" : 183.9,
    "pct2ResTime" : 202.04999999999998,
    "pct3ResTime" : 203.0,
    "throughput" : 50.505050505050505,
    "receivedKBytesPerSec" : 1349.7277462121212,
    "sentKBytesPerSec" : 6.658380681818182
  },
  "StudentCourses" : {
    "transaction" : "StudentCourses",
    "sampleCount" : 20,
    "errorCount" : 0,
    "errorPct" : 0.0,
    "meanResTime" : 78.99999999999999,
    "medianResTime" : 66.5,
    "minResTime" : 22.0,
    "maxResTime" : 245.0,
    "pct1ResTime" : 139.20000000000002,
    "pct2ResTime" : 239.74999999999994,
    "pct3ResTime" : 245.0,
    "throughput" : 30.67484662576687,
    "receivedKBytesPerSec" : 38.25369056748466,
    "sentKBytesPerSec" : 7.429064417177914
  },
  "GetSubmissionId" : {
    "transaction" : "GetSubmissionId",
    "sampleCount" : 120,
    "errorCount" : 0,
    "errorPct" : 0.0,
    "meanResTime" : 887.7249999999992,
    "medianResTime" : 546.5,
    "minResTime" : 206.0,
    "maxResTime" : 9072.0,
    "pct1ResTime" : 1101.9,
    "pct2ResTime" : 2583.0499999999984,
    "pct3ResTime" : 8930.879999999994,
    "throughput" : 0.17858604498880118,
    "receivedKBytesPerSec" : 7.601315607118141,
    "sentKBytesPerSec" : 0.04133290299057214
  },
  "TestcasesResults" : {
    "transaction" : "TestcasesResults",
    "sampleCount" : 120,
    "errorCount" : 0,
    "errorPct" : 0.0,
    "meanResTime" : 7738.6833333333325,
    "medianResTime" : 8133.5,
    "minResTime" : 5230.0,
    "maxResTime" : 12842.0,
    "pct1ResTime" : 11638.300000000001,
    "pct2ResTime" : 11975.449999999999,
    "pct3ResTime" : 12782.569999999998,
    "throughput" : 0.17742975260378163,
    "receivedKBytesPerSec" : 5.142595186441706,
    "sentKBytesPerSec" : 0.04297126820872836
  },
  "Total" : {
    "transaction" : "Total",
    "sampleCount" : 580,
    "errorCount" : 0,
    "errorPct" : 0.0,
    "meanResTime" : 2727.7000000000003,
    "medianResTime" : 1485.0,
    "minResTime" : 22.0,
    "maxResTime" : 13297.0,
    "pct1ResTime" : 8397.7,
    "pct2ResTime" : 9965.299999999968,
    "pct3ResTime" : 12499.409999999998,
    "throughput" : 0.7074775497856831,
    "receivedKBytesPerSec" : 22.406239974860153,
    "sentKBytesPerSec" : 0.32909522769799004
  },
  "Upload" : {
    "transaction" : "Upload",
    "sampleCount" : 120,
    "errorCount" : 0,
    "errorPct" : 0.0,
    "meanResTime" : 1914.2916666666667,
    "medianResTime" : 960.0,
    "minResTime" : 449.0,
    "maxResTime" : 13297.0,
    "pct1ResTime" : 4342.500000000005,
    "pct2ResTime" : 10193.549999999981,
    "pct3ResTime" : 13291.119999999999,
    "throughput" : 0.17831722039116854,
    "receivedKBytesPerSec" : 7.629054418143481,
    "sentKBytesPerSec" : 0.22781592146166627
  },
  "Course Page" : {
    "transaction" : "Course Page",
    "sampleCount" : 20,
    "errorCount" : 0,
    "errorPct" : 0.0,
    "meanResTime" : 202.59999999999997,
    "medianResTime" : 178.0,
    "minResTime" : 57.0,
    "maxResTime" : 472.0,
    "pct1ResTime" : 443.20000000000005,
    "pct2ResTime" : 470.7,
    "pct3ResTime" : 472.0,
    "throughput" : 22.497187851518557,
    "receivedKBytesPerSec" : 728.3310777559055,
    "sentKBytesPerSec" : 6.525063273340832
  },
  "Login" : {
    "transaction" : "Login",
    "sampleCount" : 20,
    "errorCount" : 0,
    "errorPct" : 0.0,
    "meanResTime" : 581.15,
    "medianResTime" : 640.5,
    "minResTime" : 275.0,
    "maxResTime" : 906.0,
    "pct1ResTime" : 820.0,
    "pct2ResTime" : 901.8,
    "pct3ResTime" : 906.0,
    "throughput" : 22.07505518763797,
    "receivedKBytesPerSec" : 37.771195502207505,
    "sentKBytesPerSec" : 13.001431429359823
  },
  "RunPractice" : {
    "transaction" : "RunPractice",
    "sampleCount" : 120,
    "errorCount" : 0,
    "errorPct" : 0.0,
    "meanResTime" : 2474.7749999999987,
    "medianResTime" : 2207.5,
    "minResTime" : 2079.0,
    "maxResTime" : 4722.0,
    "pct1ResTime" : 3403.6000000000004,
    "pct2ResTime" : 3873.7499999999995,
    "pct3ResTime" : 4636.949999999997,
    "throughput" : 0.17827298050139276,
    "receivedKBytesPerSec" : 5.051505919220055,
    "sentKBytesPerSec" : 0.04178272980501393
  }
}