{
  "AssignmentsList" : {
    "transaction" : "AssignmentsList",
    "sampleCount" : 50,
    "errorCount" : 0,
    "errorPct" : 0.0,
    "meanResTime" : 101.79999999999997,
    "medianResTime" : 90.0,
    "minResTime" : 23.0,
    "maxResTime" : 452.0,
    "pct1ResTime" : 211.7,
    "pct2ResTime" : 249.19999999999993,
    "pct3ResTime" : 452.0,
    "throughput" : 20.601565718994642,
    "receivedKBytesPerSec" : 7.9871304594149155,
    "sentKBytesPerSec" : 6.659295168932839
  },
  "Get CSRF Token" : {
    "transaction" : "Get CSRF Token",
    "sampleCount" : 50,
    "errorCount" : 0,
    "errorPct" : 0.0,
    "meanResTime" : 64.94000000000001,
    "medianResTime" : 41.0,
    "minResTime" : 24.0,
    "maxResTime" : 202.0,
    "pct1ResTime" : 177.1,
    "pct2ResTime" : 179.35,
    "pct3ResTime" : 202.0,
    "throughput" : 52.029136316337144,
    "receivedKBytesPerSec" : 1390.4370040972944,
    "sentKBytesPerSec" : 6.859309963579605
  },
  "StudentCourses" : {
    "transaction" : "StudentCourses",
    "sampleCount" : 50,
    "errorCount" : 0,
    "errorPct" : 0.0,
    "meanResTime" : 205.72000000000006,
    "medianResTime" : 129.0,
    "minResTime" : 25.0,
    "maxResTime" : 857.0,
    "pct1ResTime" : 471.3,
    "pct2ResTime" : 747.9999999999995,
    "pct3ResTime" : 857.0,
    "throughput" : 26.609898882384247,
    "receivedKBytesPerSec" : 33.184414914848325,
    "sentKBytesPerSec" : 6.444584885577434
  },
  "GetSubmissionId" : {
    "transaction" : "GetSubmissionId",
    "sampleCount" : 300,
    "errorCount" : 0,
    "errorPct" : 0.0,
    "meanResTime" : 1032.2233333333336,
    "medianResTime" : 487.0,
    "minResTime" : 207.0,
    "maxResTime" : 12035.0,
    "pct1ResTime" : 2180.6000000000013,
    "pct2ResTime" : 3579.249999999998,
    "pct3ResTime" : 8482.270000000002,
    "throughput" : 0.4180153467367632,
    "receivedKBytesPerSec" : 17.793266830865416,
    "sentKBytesPerSec" : 0.09674769255528601
  },
  "TestcasesResults" : {
    "transaction" : "TestcasesResults",
    "sampleCount" : 300,
    "errorCount" : 0,
    "errorPct" : 0.0,
    "meanResTime" : 10553.399999999987,
    "medianResTime" : 7522.5,
    "minResTime" : 5203.0,
    "maxResTime" : 30183.0,
    "pct1ResTime" : 21680.400000000005,
    "pct2ResTime" : 26001.09999999999,
    "pct3ResTime" : 29907.56,
    "throughput" : 0.416222118320849,
    "receivedKBytesPerSec" : 12.06356265625672,
    "sentKBytesPerSec" : 0.10080379428083061
  },
  "Total" : {
    "transaction" : "Total",
    "sampleCount" : 1450,
    "errorCount" : 0,
    "errorPct" : 0.0,
    "meanResTime" : 3698.1082758620655,
    "medianResTime" : 1837.0,
    "minResTime" : 23.0,
    "maxResTime" : 30183.0,
    "pct1ResTime" : 10602.800000000003,
    "pct2ResTime" : 17546.45,
    "pct3ResTime" : 26135.980000000003,
    "throughput" : 1.6685212184117288,
    "receivedKBytesPerSec" : 52.844606627423815,
    "sentKBytesPerSec" : 0.7757814576661646
  },
  "Upload" : {
    "transaction" : "Upload",
    "sampleCount" : 300,
    "errorCount" : 0,
    "errorPct" : 0.0,
    "meanResTime" : 3221.323333333337,
    "medianResTime" : 800.5,
    "minResTime" : 418.0,
    "maxResTime" : 23681.0,
    "pct1ResTime" : 12212.30000000001,
    "pct2ResTime" : 19481.699999999997,
    "pct3ResTime" : 23361.910000000003,
    "throughput" : 0.4170315692897953,
    "receivedKBytesPerSec" : 17.842706552261006,
    "sentKBytesPerSec" : 0.5323234218830365
  },
  "Course Page" : {
    "transaction" : "Course Page",
    "sampleCount" : 50,
    "errorCount" : 0,
    "errorPct" : 0.0,
    "meanResTime" : 384.0,
    "medianResTime" : 234.5,
    "minResTime" : 55.0,
    "maxResTime" : 987.0,
    "pct1ResTime" : 796.8,
    "pct2ResTime" : 936.2999999999997,
    "pct3ResTime" : 987.0,
    "throughput" : 20.25111381125962,
    "receivedKBytesPerSec" : 655.6559145909275,
    "sentKBytesPerSec" : 5.873614064398542
  },
  "Login" : {
    "transaction" : "Login",
    "sampleCount" : 50,
    "errorCount" : 0,
    "errorPct" : 0.0,
    "meanResTime" : 1075.58,
    "medianResTime" : 1122.5,
    "minResTime" : 291.0,
    "maxResTime" : 1959.0,
    "pct1ResTime" : 1834.8,
    "pct2ResTime" : 1929.25,
    "pct3ResTime" : 1959.0,
    "throughput" : 23.99232245681382,
    "receivedKBytesPerSec" : 41.0643594049904,
    "sentKBytesPerSec" : 14.143286648272552
  },
  "RunPractice" : {
    "transaction" : "RunPractice",
    "sampleCount" : 300,
    "errorCount" : 0,
    "errorPct" : 0.0,
    "meanResTime" : 2761.9033333333355,
    "medianResTime" : 2251.0,
    "minResTime" : 1424.0,
    "maxResTime" : 13469.0,
    "pct1ResTime" : 4058.100000000001,
    "pct2ResTime" : 5008.0999999999985,
    "pct3ResTime" : 10825.160000000025,
    "throughput" : 0.4175324666287176,
    "receivedKBytesPerSec" : 11.831475611058766,
    "sentKBytesPerSec" : 0.0978591718661057
  }
}