{
  "AssignmentsList" : {
    "transaction" : "AssignmentsList",
    "sampleCount" : 40,
    "errorCount" : 0,
    "errorPct" : 0.0,
    "meanResTime" : 90.30000000000001,
    "medianResTime" : 88.0,
    "minResTime" : 27.0,
    "maxResTime" : 210.0,
    "pct1ResTime" : 154.39999999999998,
    "pct2ResTime" : 187.0999999999999,
    "pct3ResTime" : 210.0,
    "throughput" : 26.79169457468185,
    "receivedKBytesPerSec" : 10.387014400535833,
    "sentKBytesPerSec" : 8.660205961152043
  },
  "Get CSRF Token" : {
    "transaction" : "Get CSRF Token",
    "sampleCount" : 40,
    "errorCount" : 0,
    "errorPct" : 0.0,
    "meanResTime" : 54.3,
    "medianResTime" : 31.5,
    "minResTime" : 23.0,
    "maxResTime" : 173.0,
    "pct1ResTime" : 148.8,
    "pct2ResTime" : 169.59999999999997,
    "pct3ResTime" : 173.0,
    "throughput" : 52.980132450331126,
    "receivedKBytesPerSec" : 1415.8733443708609,
    "sentKBytesPerSec" : 6.984685430463576
  },
  "StudentCourses" : {
    "transaction" : "StudentCourses",
    "sampleCount" : 40,
    "errorCount" : 0,
    "errorPct" : 0.0,
    "meanResTime" : 140.10000000000002,
    "medianResTime" : 90.5,
    "minResTime" : 23.0,
    "maxResTime" : 852.0,
    "pct1ResTime" : 395.9,
    "pct2ResTime" : 430.29999999999995,
    "pct3ResTime" : 852.0,
    "throughput" : 26.333113890717577,
    "receivedKBytesPerSec" : 32.83924456879526,
    "sentKBytesPerSec" : 6.377551020408164
  },
  "GetSubmissionId" : {
    "transaction" : "GetSubmissionId",
    "sampleCount" : 237,
    "errorCount" : 0,
    "errorPct" : 0.0,
    "meanResTime" : 774.6877637130801,
    "medianResTime" : 514.0,
    "minResTime" : 212.0,
    "maxResTime" : 4743.0,
    "pct1ResTime" : 1577.6000000000001,
    "pct2ResTime" : 2419.7,
    "pct3ResTime" : 4446.060000000002,
    "throughput" : 0.30942048285262186,
    "receivedKBytesPerSec" : 13.170697404964175,
    "sentKBytesPerSec" : 0.07161392034772596
  },
  "TestcasesResults" : {
    "transaction" : "TestcasesResults",
    "sampleCount" : 235,
    "errorCount" : 0,
    "errorPct" : 0.0,
    "meanResTime" : 9543.52765957447,
    "medianResTime" : 8353.0,
    "minResTime" : 5204.0,
    "maxResTime" : 21338.0,
    "pct1ResTime" : 17697.8,
    "pct2ResTime" : 19226.6,
    "pct3ResTime" : 21110.119999999995,
    "throughput" : 0.33289985522397786,
    "receivedKBytesPerSec" : 9.648743451346332,
    "sentKBytesPerSec" : 0.08062418368705714
  },
  "Total" : {
    "transaction" : "Total",
    "sampleCount" : 1145,
    "errorCount" : 1,
    "errorPct" : 0.08733624,
    "meanResTime" : 3286.1493449781688,
    "medianResTime" : 1565.0,
    "minResTime" : 23.0,
    "maxResTime" : 21817.0,
    "pct1ResTime" : 9044.000000000004,
    "pct2ResTime" : 15280.700000000004,
    "pct3ResTime" : 20422.77999999998,
    "throughput" : 1.2714282858925872,
    "receivedKBytesPerSec" : 40.195216075836534,
    "sentKBytesPerSec" : 0.5909536819091856
  },
  "Upload" : {
    "transaction" : "Upload",
    "sampleCount" : 237,
    "errorCount" : 0,
    "errorPct" : 0.0,
    "meanResTime" : 2909.789029535864,
    "medianResTime" : 797.0,
    "minResTime" : 417.0,
    "maxResTime" : 21817.0,
    "pct1ResTime" : 12359.200000000003,
    "pct2ResTime" : 16493.199999999997,
    "pct3ResTime" : 21485.4,
    "throughput" : 0.3087501351596056,
    "receivedKBytesPerSec" : 13.209910052910915,
    "sentKBytesPerSec" : 0.3937897499514728
  },
  "Course Page" : {
    "transaction" : "Course Page",
    "sampleCount" : 40,
    "errorCount" : 0,
    "errorPct" : 0.0,
    "meanResTime" : 283.275,
    "medianResTime" : 233.0,
    "minResTime" : 86.0,
    "maxResTime" : 844.0,
    "pct1ResTime" : 581.4999999999999,
    "pct2ResTime" : 724.6499999999994,
    "pct3ResTime" : 844.0,
    "throughput" : 25.624599615631006,
    "receivedKBytesPerSec" : 829.5945357543242,
    "sentKBytesPerSec" : 7.432134849455477
  },
  "Login" : {
    "transaction" : "Login",
    "sampleCount" : 40,
    "errorCount" : 0,
    "errorPct" : 0.0,
    "meanResTime" : 891.1499999999999,
    "medianResTime" : 878.0,
    "minResTime" : 259.0,
    "maxResTime" : 1617.0,
    "pct1ResTime" : 1414.8,
    "pct2ResTime" : 1487.1999999999998,
    "pct3ResTime" : 1617.0,
    "throughput" : 22.22222222222222,
    "receivedKBytesPerSec" : 38.03276909722222,
    "sentKBytesPerSec" : 13.09787326388889
  },
  "RunPractice" : {
    "transaction" : "RunPractice",
    "sampleCount" : 236,
    "errorCount" : 1,
    "errorPct" : 0.42372882,
    "meanResTime" : 2492.9067796610157,
    "medianResTime" : 2194.5,
    "minResTime" : 428.0,
    "maxResTime" : 7595.0,
    "pct1ResTime" : 3185.9,
    "pct2ResTime" : 4289.499999999999,
    "pct3ResTime" : 6444.969999999998,
    "throughput" : 0.3367310831326264,
    "receivedKBytesPerSec" : 9.504220330210485,
    "sentKBytesPerSec" : 0.07858693511933978
  }
}