{
  "AssignmentsList" : {
    "transaction" : "AssignmentsList",
    "sampleCount" : 70,
    "errorCount" : 0,
    "errorPct" : 0.0,
    "meanResTime" : 98.3142857142857,
    "medianResTime" : 82.0,
    "minResTime" : 23.0,
    "maxResTime" : 492.0,
    "pct1ResTime" : 216.59999999999994,
    "pct2ResTime" : 249.70000000000002,
    "pct3ResTime" : 492.0,
    "throughput" : 18.686599038974908,
    "receivedKBytesPerSec" : 7.187354010945008,
    "sentKBytesPerSec" : 6.040297150293647
  },
  "Get CSRF Token" : {
    "transaction" : "Get CSRF Token",
    "sampleCount" : 70,
    "errorCount" : 0,
    "errorPct" : 0.0,
    "meanResTime" : 49.35714285714285,
    "medianResTime" : 31.0,
    "minResTime" : 23.0,
    "maxResTime" : 199.0,
    "pct1ResTime" : 98.8,
    "pct2ResTime" : 170.8,
    "pct3ResTime" : 199.0,
    "throughput" : 52.04460966542751,
    "receivedKBytesPerSec" : 1390.8820283457248,
    "sentKBytesPerSec" : 6.861349907063198
  },
  "StudentCourses" : {
    "transaction" : "StudentCourses",
    "sampleCount" : 70,
    "errorCount" : 0,
    "errorPct" : 0.0,
    "meanResTime" : 278.6142857142857,
    "medianResTime" : 177.5,
    "minResTime" : 26.0,
    "maxResTime" : 1502.0,
    "pct1ResTime" : 655.9,
    "pct2ResTime" : 826.8500000000003,
    "pct3ResTime" : 1502.0,
    "throughput" : 25.32561505065123,
    "receivedKBytesPerSec" : 31.59695527315485,
    "sentKBytesPerSec" : 6.133547395079595
  },
  "GetSubmissionId" : {
    "transaction" : "GetSubmissionId",
    "sampleCount" : 420,
    "errorCount" : 0,
    "errorPct" : 0.0,
    "meanResTime" : 1317.7071428571442,
    "medianResTime" : 554.0,
    "minResTime" : 209.0,
    "maxResTime" : 23074.0,
    "pct1ResTime" : 2601.7000000000025,
    "pct2ResTime" : 4138.05,
    "pct3ResTime" : 14614.260000000018,
    "throughput" : 0.5619059851014642,
    "receivedKBytesPerSec" : 24.747321821869782,
    "sentKBytesPerSec" : 0.1300505063174287
  },
  "TestcasesResults" : {
    "transaction" : "TestcasesResults",
    "sampleCount" : 420,
    "errorCount" : 0,
    "errorPct" : 0.0,
    "meanResTime" : 11100.040476190477,
    "medianResTime" : 7106.5,
    "minResTime" : 4814.0,
    "maxResTime" : 38052.0,
    "pct1ResTime" : 21648.600000000002,
    "pct2ResTime" : 26082.299999999996,
    "pct3ResTime" : 31214.41,
    "throughput" : 0.5602861194449965,
    "receivedKBytesPerSec" : 16.237883291567563,
    "sentKBytesPerSec" : 0.13569429455308513
  },
  "Total" : {
    "transaction" : "Total",
    "sampleCount" : 2030,
    "errorCount" : 0,
    "errorPct" : 0.0,
    "meanResTime" : 4221.2940886699425,
    "medianResTime" : 2082.0,
    "minResTime" : 23.0,
    "maxResTime" : 49080.0,
    "pct1ResTime" : 11970.300000000014,
    "pct2ResTime" : 19979.299999999996,
    "pct3ResTime" : 35041.37000000008,
    "throughput" : 2.2519899048728402,
    "receivedKBytesPerSec" : 72.69409372659956,
    "sentKBytesPerSec" : 1.0824235325318248
  },
  "Upload" : {
    "transaction" : "Upload",
    "sampleCount" : 420,
    "errorCount" : 0,
    "errorPct" : 0.0,
    "meanResTime" : 4719.307142857145,
    "medianResTime" : 915.0,
    "minResTime" : 417.0,
    "maxResTime" : 49080.0,
    "pct1ResTime" : 15405.20000000003,
    "pct2ResTime" : 33456.549999999996,
    "pct3ResTime" : 44297.05,
    "throughput" : 0.5606525996259646,
    "receivedKBytesPerSec" : 24.814215778416077,
    "sentKBytesPerSec" : 0.7581859138203536
  },
  "Course Page" : {
    "transaction" : "Course Page",
    "sampleCount" : 70,
    "errorCount" : 0,
    "errorPct" : 0.0,
    "meanResTime" : 600.8571428571428,
    "medianResTime" : 507.0,
    "minResTime" : 54.0,
    "maxResTime" : 1832.0,
    "pct1ResTime" : 1370.1,
    "pct2ResTime" : 1733.5000000000002,
    "pct3ResTime" : 1832.0,
    "throughput" : 18.45018450184502,
    "receivedKBytesPerSec" : 597.3337321263838,
    "sentKBytesPerSec" : 5.351274215867159
  },
  "Login" : {
    "transaction" : "Login",
    "sampleCount" : 70,
    "errorCount" : 0,
    "errorPct" : 0.0,
    "meanResTime" : 1414.0571428571432,
    "medianResTime" : 1475.0,
    "minResTime" : 218.0,
    "maxResTime" : 2732.0,
    "pct1ResTime" : 2154.7999999999997,
    "pct2ResTime" : 2642.65,
    "pct3ResTime" : 2732.0,
    "throughput" : 23.54524049781366,
    "receivedKBytesPerSec" : 40.30151572485705,
    "sentKBytesPerSec" : 13.882100361587623
  },
  "RunPractice" : {
    "transaction" : "RunPractice",
    "sampleCount" : 420,
    "errorCount" : 0,
    "errorPct" : 0.0,
    "meanResTime" : 2859.0000000000005,
    "medianResTime" : 2260.5,
    "minResTime" : 1476.0,
    "maxResTime" : 20478.0,
    "pct1ResTime" : 4548.100000000003,
    "pct2ResTime" : 5409.85,
    "pct3ResTime" : 7511.700000000004,
    "throughput" : 0.5641999040860163,
    "receivedKBytesPerSec" : 15.983584668858313,
    "sentKBytesPerSec" : 0.13223435252016005
  }
}