{
  "AssignmentsList" : {
    "transaction" : "AssignmentsList",
    "sampleCount" : 90,
    "errorCount" : 0,
    "errorPct" : 0.0,
    "meanResTime" : 99.82222222222222,
    "medianResTime" : 67.0,
    "minResTime" : 23.0,
    "maxResTime" : 623.0,
    "pct1ResTime" : 215.80000000000013,
    "pct2ResTime" : 374.1500000000003,
    "pct3ResTime" : 623.0,
    "throughput" : 18.769551616266945,
    "receivedKBytesPerSec" : 7.187255604796663,
    "sentKBytesPerSec" : 6.067110922836288
  },
  "Get CSRF Token" : {
    "transaction" : "Get CSRF Token",
    "sampleCount" : 90,
    "errorCount" : 0,
    "errorPct" : 0.0,
    "meanResTime" : 42.58888888888888,
    "medianResTime" : 30.5,
    "minResTime" : 22.0,
    "maxResTime" : 178.0,
    "pct1ResTime" : 74.9,
    "pct2ResTime" : 116.9,
    "pct3ResTime" : 178.0,
    "throughput" : 52.87896592244418,
    "receivedKBytesPerSec" : 1413.1496263586957,
    "sentKBytesPerSec" : 6.971348046415981
  },
  "StudentCourses" : {
    "transaction" : "StudentCourses",
    "sampleCount" : 90,
    "errorCount" : 0,
    "errorPct" : 0.0,
    "meanResTime" : 285.23333333333335,
    "medianResTime" : 155.0,
    "minResTime" : 27.0,
    "maxResTime" : 1770.0,
    "pct1ResTime" : 660.1000000000003,
    "pct2ResTime" : 948.6500000000001,
    "pct3ResTime" : 1770.0,
    "throughput" : 25.423728813559325,
    "receivedKBytesPerSec" : 31.727246645480225,
    "sentKBytesPerSec" : 6.157309322033898
  },
  "GetSubmissionId" : {
    "transaction" : "GetSubmissionId",
    "sampleCount" : 516,
    "errorCount" : 0,
    "errorPct" : 0.0,
    "meanResTime" : 1719.1860465116274,
    "medianResTime" : 741.5,
    "minResTime" : 216.0,
    "maxResTime" : 30679.0,
    "pct1ResTime" : 4047.900000000001,
    "pct2ResTime" : 7021.799999999998,
    "pct3ResTime" : 17066.86,
    "throughput" : 0.6741907750842084,
    "receivedKBytesPerSec" : 30.257735677692388,
    "sentKBytesPerSec" : 0.15603829462398186
  },
  "TestcasesResults" : {
    "transaction" : "TestcasesResults",
    "sampleCount" : 511,
    "errorCount" : 1,
    "errorPct" : 0.19569471,
    "meanResTime" : 13351.698630136996,
    "medianResTime" : 9372.0,
    "minResTime" : 5204.0,
    "maxResTime" : 43666.0,
    "pct1ResTime" : 25451.2,
    "pct2ResTime" : 29653.6,
    "pct3ResTime" : 38870.759999999995,
    "throughput" : 0.6827115002819024,
    "receivedKBytesPerSec" : 19.749928417999804,
    "sentKBytesPerSec" : 0.16502062162819345
  },
  "Total" : {
    "transaction" : "Total",
    "sampleCount" : 2509,
    "errorCount" : 6,
    "errorPct" : 0.2391391,
    "meanResTime" : 5136.709445994426,
    "medianResTime" : 2108.0,
    "minResTime" : 22.0,
    "maxResTime" : 60262.0,
    "pct1ResTime" : 14970.0,
    "pct2ResTime" : 23204.5,
    "pct3ResTime" : 47402.30000000002,
    "throughput" : 2.773834635675781,
    "receivedKBytesPerSec" : 89.81510276745006,
    "sentKBytesPerSec" : 1.3541998332824778
  },
  "Upload" : {
    "transaction" : "Upload",
    "sampleCount" : 516,
    "errorCount" : 4,
    "errorPct" : 0.7751938,
    "meanResTime" : 6266.482558139536,
    "medianResTime" : 1298.5,
    "minResTime" : 438.0,
    "maxResTime" : 60262.0,
    "pct1ResTime" : 15928.100000000004,
    "pct2ResTime" : 47254.549999999996,
    "pct3ResTime" : 59243.02,
    "throughput" : 0.672376656020703,
    "receivedKBytesPerSec" : 30.08657500974034,
    "sentKBytesPerSec" : 0.9373346748290066
  },
  "Course Page" : {
    "transaction" : "Course Page",
    "sampleCount" : 90,
    "errorCount" : 0,
    "errorPct" : 0.0,
    "meanResTime" : 633.5444444444446,
    "medianResTime" : 342.5,
    "minResTime" : 53.0,
    "maxResTime" : 1693.0,
    "pct1ResTime" : 1463.8000000000002,
    "pct2ResTime" : 1566.7500000000002,
    "pct3ResTime" : 1693.0,
    "throughput" : 18.714909544603866,
    "receivedKBytesPerSec" : 605.9496192035766,
    "sentKBytesPerSec" : 5.4280548190892075
  },
  "Login" : {
    "transaction" : "Login",
    "sampleCount" : 90,
    "errorCount" : 0,
    "errorPct" : 0.0,
    "meanResTime" : 1630.6777777777781,
    "medianResTime" : 1659.0,
    "minResTime" : 221.0,
    "maxResTime" : 3413.0,
    "pct1ResTime" : 3009.700000000001,
    "pct2ResTime" : 3252.0,
    "pct3ResTime" : 3413.0,
    "throughput" : 24.20656266810113,
    "receivedKBytesPerSec" : 41.43482719203873,
    "sentKBytesPerSec" : 14.273361854491663
  },
  "RunPractice" : {
    "transaction" : "RunPractice",
    "sampleCount" : 516,
    "errorCount" : 1,
    "errorPct" : 0.19379845,
    "meanResTime" : 3299.25,
    "medianResTime" : 2364.5,
    "minResTime" : 601.0,
    "maxResTime" : 20371.0,
    "pct1ResTime" : 6193.400000000001,
    "pct2ResTime" : 7607.3,
    "pct3ResTime" : 10884.609999999999,
    "throughput" : 0.6802792836500938,
    "receivedKBytesPerSec" : 19.234996395492097,
    "sentKBytesPerSec" : 0.15913146397156538
  }
}