{
  "AssignmentsList" : {
    "transaction" : "AssignmentsList",
    "sampleCount" : 300,
    "errorCount" : 16,
    "errorPct" : 5.3333335,
    "meanResTime" : 707.7566666666664,
    "medianResTime" : 272.0,
    "minResTime" : 0.0,
    "maxResTime" : 4339.0,
    "pct1ResTime" : 1871.1000000000024,
    "pct2ResTime" : 3005.3499999999985,
    "pct3ResTime" : 4209.090000000003,
    "throughput" : 15.506280043417584,
    "receivedKBytesPerSec" : 6.968538403886907,
    "sentKBytesPerSec" : 4.744962074223394
  },
  "Get CSRF Token" : {
    "transaction" : "Get CSRF Token",
    "sampleCount" : 300,
    "errorCount" : 0,
    "errorPct" : 0.0,
    "meanResTime" : 38.919999999999966,
    "medianResTime" : 29.0,
    "minResTime" : 22.0,
    "maxResTime" : 252.0,
    "pct1ResTime" : 68.0,
    "pct2ResTime" : 84.89999999999998,
    "pct3ResTime" : 175.71000000000026,
    "throughput" : 59.79669124975084,
    "receivedKBytesPerSec" : 1598.0311472244368,
    "sentKBytesPerSec" : 7.883352850308949
  },
  "StudentCourses" : {
    "transaction" : "StudentCourses",
    "sampleCount" : 300,
    "errorCount" : 8,
    "errorPct" : 2.6666667,
    "meanResTime" : 1428.2366666666676,
    "medianResTime" : 985.5,
    "minResTime" : 40.0,
    "maxResTime" : 9129.0,
    "pct1ResTime" : 3436.300000000001,
    "pct2ResTime" : 3990.95,
    "pct3ResTime" : 8783.200000000004,
    "throughput" : 14.174344436569807,
    "receivedKBytesPerSec" : 17.98249985235058,
    "sentKBytesPerSec" : 3.341306402078904
  },
  "GetSubmissionId" : {
    "transaction" : "GetSubmissionId",
    "sampleCount" : 820,
    "errorCount" : 86,
    "errorPct" : 10.487804,
    "meanResTime" : 11159.16097560976,
    "medianResTime" : 2146.5,
    "minResTime" : 0.0,
    "maxResTime" : 50012.0,
    "pct1ResTime" : 46108.49999999999,
    "pct2ResTime" : 50002.0,
    "pct3ResTime" : 50006.79,
    "throughput" : 1.0709420763999629,
    "receivedKBytesPerSec" : 43.23780174935776,
    "sentKBytesPerSec" : 0.24302814259463143
  },
  "TestcasesResults" : {
    "transaction" : "TestcasesResults",
    "sampleCount" : 633,
    "errorCount" : 8,
    "errorPct" : 1.263823,
    "meanResTime" : 79252.06951026848,
    "medianResTime" : 84497.0,
    "minResTime" : 4206.0,
    "maxResTime" : 133694.0,
    "pct1ResTime" : 107983.6,
    "pct2ResTime" : 111006.5,
    "pct3ResTime" : 121107.73999999999,
    "throughput" : 0.758773543856032,
    "receivedKBytesPerSec" : 21.729503318735233,
    "sentKBytesPerSec" : 0.18202361487867416
  },
  "Total" : {
    "transaction" : "Total",
    "sampleCount" : 4593,
    "errorCount" : 453,
    "errorPct" : 9.862835,
    "meanResTime" : 18520.0539952101,
    "medianResTime" : 2873.0,
    "minResTime" : 0.0,
    "maxResTime" : 133694.0,
    "pct1ResTime" : 70988.40000000001,
    "pct2ResTime" : 95617.40000000002,
    "pct3ResTime" : 109490.26000000002,
    "throughput" : 4.544087442766067,
    "receivedKBytesPerSec" : 116.62513629077856,
    "sentKBytesPerSec" : 2.0588579839111802
  },
  "Upload" : {
    "transaction" : "Upload",
    "sampleCount" : 822,
    "errorCount" : 185,
    "errorPct" : 22.506083,
    "meanResTime" : 17324.942822384437,
    "medianResTime" : 2846.5,
    "minResTime" : 0.0,
    "maxResTime" : 98001.0,
    "pct1ResTime" : 53370.1,
    "pct2ResTime" : 65588.9,
    "pct3ResTime" : 88977.07999999993,
    "throughput" : 1.069200142039727,
    "receivedKBytesPerSec" : 37.554989381164646,
    "sentKBytesPerSec" : 1.4471181267795614
  },
  "Course Page" : {
    "transaction" : "Course Page",
    "sampleCount" : 300,
    "errorCount" : 24,
    "errorPct" : 8.0,
    "meanResTime" : 2472.9900000000007,
    "medianResTime" : 1589.5,
    "minResTime" : 0.0,
    "maxResTime" : 9370.0,
    "pct1ResTime" : 6811.000000000001,
    "pct2ResTime" : 7912.049999999999,
    "pct3ResTime" : 9023.530000000002,
    "throughput" : 14.185067851907892,
    "receivedKBytesPerSec" : 424.6181852569861,
    "sentKBytesPerSec" : 3.7850858787649533
  },
  "Login" : {
    "transaction" : "Login",
    "sampleCount" : 300,
    "errorCount" : 0,
    "errorPct" : 0.0,
    "meanResTime" : 6439.059999999997,
    "medianResTime" : 5914.0,
    "minResTime" : 235.0,
    "maxResTime" : 19266.0,
    "pct1ResTime" : 12626.4,
    "pct2ResTime" : 15536.95,
    "pct3ResTime" : 19099.800000000014,
    "throughput" : 14.420996971590636,
    "receivedKBytesPerSec" : 24.70553375715041,
    "sentKBytesPerSec" : 8.524161178676152
  },
  "RunPractice" : {
    "transaction" : "RunPractice",
    "sampleCount" : 818,
    "errorCount" : 126,
    "errorPct" : 15.403423,
    "meanResTime" : 9997.975550122253,
    "medianResTime" : 3641.5,
    "minResTime" : 0.0,
    "maxResTime" : 50011.0,
    "pct1ResTime" : 33788.600000000006,
    "pct2ResTime" : 48167.249999999956,
    "pct3ResTime" : 50003.0,
    "throughput" : 1.069232126634729,
    "receivedKBytesPerSec" : 25.812287948835674,
    "sentKBytesPerSec" : 0.22364172880979302
  }
}