{
  "AssignmentsList" : {
    "transaction" : "AssignmentsList",
    "sampleCount" : 30,
    "errorCount" : 0,
    "errorPct" : 0.0,
    "meanResTime" : 76.43333333333335,
    "medianResTime" : 59.0,
    "minResTime" : 25.0,
    "maxResTime" : 167.0,
    "pct1ResTime" : 151.70000000000002,
    "pct2ResTime" : 164.8,
    "pct3ResTime" : 167.0,
    "throughput" : 23.847376788553262,
    "receivedKBytesPerSec" : 9.245516196343402,
    "sentKBytesPerSec" : 7.708478239268681
  },
  "Get CSRF Token" : {
    "transaction" : "Get CSRF Token",
    "sampleCount" : 30,
    "errorCount" : 0,
    "errorPct" : 0.0,
    "meanResTime" : 63.56666666666669,
    "medianResTime" : 33.5,
    "minResTime" : 22.0,
    "maxResTime" : 190.0,
    "pct1ResTime" : 179.0,
    "pct2ResTime" : 186.15,
    "pct3ResTime" : 190.0,
    "throughput" : 51.19453924914676,
    "receivedKBytesPerSec" : 1368.154063566553,
    "sentKBytesPerSec" : 6.749280076791809
  },
  "StudentCourses" : {
    "transaction" : "StudentCourses",
    "sampleCount" : 30,
    "errorCount" : 0,
    "errorPct" : 0.0,
    "meanResTime" : 107.6666666666667,
    "medianResTime" : 90.5,
    "minResTime" : 23.0,
    "maxResTime" : 396.0,
    "pct1ResTime" : 233.20000000000013,
    "pct2ResTime" : 318.44999999999993,
    "pct3ResTime" : 396.0,
    "throughput" : 30.895983522142124,
    "receivedKBytesPerSec" : 38.529463825952625,
    "sentKBytesPerSec" : 7.4826210092687955
  },
  "GetSubmissionId" : {
    "transaction" : "GetSubmissionId",
    "sampleCount" : 182,
    "errorCount" : 0,
    "errorPct" : 0.0,
    "meanResTime" : 891.3516483516484,
    "medianResTime" : 412.5,
    "minResTime" : 206.0,
    "maxResTime" : 8866.0,
    "pct1ResTime" : 2050.100000000004,
    "pct2ResTime" : 4124.2999999999965,
    "pct3ResTime" : 8186.22999999999,
    "throughput" : 0.23748691864637678,
    "receivedKBytesPerSec" : 10.10894554380916,
    "sentKBytesPerSec" : 0.05496523410077275
  },
  "TestcasesResults" : {
    "transaction" : "TestcasesResults",
    "sampleCount" : 180,
    "errorCount" : 0,
    "errorPct" : 0.0,
    "meanResTime" : 8002.772222222223,
    "medianResTime" : 5844.0,
    "minResTime" : 5210.0,
    "maxResTime" : 15611.0,
    "pct1ResTime" : 12609.800000000001,
    "pct2ResTime" : 13395.15,
    "pct3ResTime" : 15546.2,
    "throughput" : 0.2631140423964427,
    "receivedKBytesPerSec" : 7.626188935159198,
    "sentKBytesPerSec" : 0.06372293214288846
  },
  "Total" : {
    "transaction" : "Total",
    "sampleCount" : 875,
    "errorCount" : 0,
    "errorPct" : 0.0,
    "meanResTime" : 2894.8525714285724,
    "medianResTime" : 1349.0,
    "minResTime" : 22.0,
    "maxResTime" : 15611.0,
    "pct1ResTime" : 8883.599999999999,
    "pct2ResTime" : 11623.4,
    "pct3ResTime" : 14406.800000000005,
    "throughput" : 0.9717029010051295,
    "receivedKBytesPerSec" : 30.83653173970356,
    "sentKBytesPerSec" : 0.4535314841456955
  },
  "Upload" : {
    "transaction" : "Upload",
    "sampleCount" : 183,
    "errorCount" : 0,
    "errorPct" : 0.0,
    "meanResTime" : 2293.043715846994,
    "medianResTime" : 762.0,
    "minResTime" : 428.0,
    "maxResTime" : 14276.0,
    "pct1ResTime" : 10910.8,
    "pct2ResTime" : 13255.199999999997,
    "pct3ResTime" : 13836.679999999998,
    "throughput" : 0.23827566541409187,
    "receivedKBytesPerSec" : 10.194417440411552,
    "sentKBytesPerSec" : 0.3036326134283311
  },
  "Course Page" : {
    "transaction" : "Course Page",
    "sampleCount" : 30,
    "errorCount" : 0,
    "errorPct" : 0.0,
    "meanResTime" : 425.90000000000003,
    "medianResTime" : 414.0,
    "minResTime" : 98.0,
    "maxResTime" : 924.0,
    "pct1ResTime" : 771.6000000000001,
    "pct2ResTime" : 874.4999999999999,
    "pct3ResTime" : 924.0,
    "throughput" : 22.65861027190332,
    "receivedKBytesPerSec" : 733.5739827228097,
    "sentKBytesPerSec" : 6.571882080815709
  },
  "Login" : {
    "transaction" : "Login",
    "sampleCount" : 30,
    "errorCount" : 0,
    "errorPct" : 0.0,
    "meanResTime" : 786.4000000000002,
    "medianResTime" : 797.0,
    "minResTime" : 277.0,
    "maxResTime" : 1162.0,
    "pct1ResTime" : 1122.4,
    "pct2ResTime" : 1146.6,
    "pct3ResTime" : 1162.0,
    "throughput" : 23.64066193853428,
    "receivedKBytesPerSec" : 40.456929669030735,
    "sentKBytesPerSec" : 13.93044473995272
  },
  "RunPractice" : {
    "transaction" : "RunPractice",
    "sampleCount" : 180,
    "errorCount" : 0,
    "errorPct" : 0.0,
    "meanResTime" : 2593.583333333333,
    "medianResTime" : 2224.0,
    "minResTime" : 2070.0,
    "maxResTime" : 8596.0,
    "pct1ResTime" : 3538.4,
    "pct2ResTime" : 4554.549999999997,
    "pct3ResTime" : 7265.979999999996,
    "throughput" : 0.26295798515748264,
    "receivedKBytesPerSec" : 7.451335082430024,
    "sentKBytesPerSec" : 0.06163077777128499
  }
}