{
  "AssignmentsList" : {
    "transaction" : "AssignmentsList",
    "sampleCount" : 350,
    "errorCount" : 20,
    "errorPct" : 5.714286,
    "meanResTime" : 1051.2657142857147,
    "medianResTime" : 528.0,
    "minResTime" : 0.0,
    "maxResTime" : 5827.0,
    "pct1ResTime" : 2881.9,
    "pct2ResTime" : 3556.35,
    "pct3ResTime" : 4904.170000000005,
    "throughput" : 11.805977197598327,
    "receivedKBytesPerSec" : 5.447088140052621,
    "sentKBytesPerSec" : 3.5981219009309857
  },
  "Get CSRF Token" : {
    "transaction" : "Get CSRF Token",
    "sampleCount" : 350,
    "errorCount" : 0,
    "errorPct" : 0.0,
    "meanResTime" : 1480.4542857142856,
    "medianResTime" : 32.0,
    "minResTime" : 23.0,
    "maxResTime" : 25901.0,
    "pct1ResTime" : 6187.20000000001,
    "pct2ResTime" : 9560.949999999999,
    "pct3ResTime" : 16424.810000000012,
    "throughput" : 11.16213802780967,
    "receivedKBytesPerSec" : 298.3010378795127,
    "sentKBytesPerSec" : 1.4715709314006888
  },
  "StudentCourses" : {
    "transaction" : "StudentCourses",
    "sampleCount" : 350,
    "errorCount" : 5,
    "errorPct" : 1.4285715,
    "meanResTime" : 1658.0571428571432,
    "medianResTime" : 1277.5,
    "minResTime" : 24.0,
    "maxResTime" : 7058.0,
    "pct1ResTime" : 3874.9000000000015,
    "pct2ResTime" : 4786.049999999999,
    "pct3ResTime" : 6189.540000000001,
    "throughput" : 11.27795321260553,
    "receivedKBytesPerSec" : 15.85965317272991,
    "sentKBytesPerSec" : 2.7038137607140555
  },
  "GetSubmissionId" : {
    "transaction" : "GetSubmissionId",
    "sampleCount" : 853,
    "errorCount" : 129,
    "errorPct" : 15.123095,
    "meanResTime" : 13013.95896834701,
    "medianResTime" : 2111.0,
    "minResTime" : 0.0,
    "maxResTime" : 50014.0,
    "pct1ResTime" : 50002.0,
    "pct2ResTime" : 50003.0,
    "pct3ResTime" : 50004.46,
    "throughput" : 1.1101032409028144,
    "receivedKBytesPerSec" : 42.09705399682716,
    "sentKBytesPerSec" : 0.2509040838427271
  },
  "TestcasesResults" : {
    "transaction" : "TestcasesResults",
    "sampleCount" : 600,
    "errorCount" : 15,
    "errorPct" : 2.5,
    "meanResTime" : 92152.7833333333,
    "medianResTime" : 97171.5,
    "minResTime" : 8245.0,
    "maxResTime" : 216212.0,
    "pct1ResTime" : 115741.7,
    "pct2ResTime" : 117697.6,
    "pct3ResTime" : 137597.9,
    "throughput" : 0.7033667823314264,
    "receivedKBytesPerSec" : 19.897854749630735,
    "sentKBytesPerSec" : 0.16807535402794713
  },
  "Total" : {
    "transaction" : "Total",
    "sampleCount" : 4910,
    "errorCount" : 631,
    "errorPct" : 12.851324,
    "meanResTime" : 19579.347657841154,
    "medianResTime" : 2893.5,
    "minResTime" : 0.0,
    "maxResTime" : 216212.0,
    "pct1ResTime" : 77169.6,
    "pct2ResTime" : 104786.79999999999,
    "pct3ResTime" : 116205.91,
    "throughput" : 4.828699191709193,
    "receivedKBytesPerSec" : 115.12746796253973,
    "sentKBytesPerSec" : 2.128414855638121
  },
  "Upload" : {
    "transaction" : "Upload",
    "sampleCount" : 854,
    "errorCount" : 240,
    "errorPct" : 28.103045,
    "meanResTime" : 18675.772833723662,
    "medianResTime" : 2852.0,
    "minResTime" : 0.0,
    "maxResTime" : 98684.0,
    "pct1ResTime" : 56283.0,
    "pct2ResTime" : 68317.75,
    "pct3ResTime" : 89235.65000000002,
    "throughput" : 1.107978613677438,
    "receivedKBytesPerSec" : 35.831848909714665,
    "sentKBytesPerSec" : 1.4599183222557095
  },
  "Course Page" : {
    "transaction" : "Course Page",
    "sampleCount" : 350,
    "errorCount" : 30,
    "errorPct" : 8.571428,
    "meanResTime" : 3713.6057142857144,
    "medianResTime" : 2909.5,
    "minResTime" : 0.0,
    "maxResTime" : 16858.0,
    "pct1ResTime" : 8687.800000000003,
    "pct2ResTime" : 10125.899999999998,
    "pct3ResTime" : 14758.470000000001,
    "throughput" : 11.405481148369017,
    "receivedKBytesPerSec" : 339.4744084425001,
    "sentKBytesPerSec" : 3.024489197379998
  },
  "Login" : {
    "transaction" : "Login",
    "sampleCount" : 350,
    "errorCount" : 6,
    "errorPct" : 1.7142857,
    "meanResTime" : 6699.971428571432,
    "medianResTime" : 6752.5,
    "minResTime" : 106.0,
    "maxResTime" : 19174.0,
    "pct1ResTime" : 11741.500000000005,
    "pct2ResTime" : 13919.449999999997,
    "pct3ResTime" : 17416.990000000005,
    "throughput" : 11.181036961313612,
    "receivedKBytesPerSec" : 19.338202408714817,
    "sentKBytesPerSec" : 6.541405775804236
  },
  "RunPractice" : {
    "transaction" : "RunPractice",
    "sampleCount" : 853,
    "errorCount" : 186,
    "errorPct" : 21.805393,
    "meanResTime" : 10177.885111371615,
    "medianResTime" : 3096.0,
    "minResTime" : 0.0,
    "maxResTime" : 50010.0,
    "pct1ResTime" : 38422.4,
    "pct2ResTime" : 50002.0,
    "pct3ResTime" : 50004.46,
    "throughput" : 1.1078857306136234,
    "receivedKBytesPerSec" : 24.80305003425614,
    "sentKBytesPerSec" : 0.21886993707261004
  }
}