{
  "AssignmentsList" : {
    "transaction" : "AssignmentsList",
    "sampleCount" : 100,
    "errorCount" : 0,
    "errorPct" : 0.0,
    "meanResTime" : 105.36999999999996,
    "medianResTime" : 56.5,
    "minResTime" : 22.0,
    "maxResTime" : 528.0,
    "pct1ResTime" : 245.40000000000003,
    "pct2ResTime" : 380.3499999999994,
    "pct3ResTime" : 527.7499999999999,
    "throughput" : 19.312475859405176,
    "receivedKBytesPerSec" : 7.383627245075319,
    "sentKBytesPerSec" : 6.242606942835072
  },
  "Get CSRF Token" : {
    "transaction" : "Get CSRF Token",
    "sampleCount" : 100,
    "errorCount" : 0,
    "errorPct" : 0.0,
    "meanResTime" : 38.57999999999999,
    "medianResTime" : 30.5,
    "minResTime" : 23.0,
    "maxResTime" : 157.0,
    "pct1ResTime" : 56.50000000000003,
    "pct2ResTime" : 109.79999999999973,
    "pct3ResTime" : 156.95999999999998,
    "throughput" : 54.31830526887561,
    "receivedKBytesPerSec" : 1451.6280638919065,
    "sentKBytesPerSec" : 7.161104698533406
  },
  "StudentCourses" : {
    "transaction" : "StudentCourses",
    "sampleCount" : 100,
    "errorCount" : 0,
    "errorPct" : 0.0,
    "meanResTime" : 267.50999999999976,
    "medianResTime" : 121.5,
    "minResTime" : 23.0,
    "maxResTime" : 2000.0,
    "pct1ResTime" : 648.5000000000005,
    "pct2ResTime" : 1373.8499999999954,
    "pct3ResTime" : 1997.3499999999985,
    "throughput" : 23.929169657812874,
    "receivedKBytesPerSec" : 29.864725412778174,
    "sentKBytesPerSec" : 5.795345776501555
  },
  "GetSubmissionId" : {
    "transaction" : "GetSubmissionId",
    "sampleCount" : 559,
    "errorCount" : 1,
    "errorPct" : 0.17889088,
    "meanResTime" : 1605.588550983901,
    "medianResTime" : 602.0,
    "minResTime" : 195.0,
    "maxResTime" : 27338.0,
    "pct1ResTime" : 4509.0,
    "pct2ResTime" : 6667.0,
    "pct3ResTime" : 13245.799999999974,
    "throughput" : 0.7317328586014609,
    "receivedKBytesPerSec" : 32.96163945303296,
    "sentKBytesPerSec" : 0.1690531774419457
  },
  "TestcasesResults" : {
    "transaction" : "TestcasesResults",
    "sampleCount" : 556,
    "errorCount" : 2,
    "errorPct" : 0.35971224,
    "meanResTime" : 18815.363309352517,
    "medianResTime" : 17683.5,
    "minResTime" : 5214.0,
    "maxResTime" : 70447.0,
    "pct1ResTime" : 35063.600000000006,
    "pct2ResTime" : 39963.049999999996,
    "pct3ResTime" : 43181.59999999995,
    "throughput" : 0.7434228471490536,
    "receivedKBytesPerSec" : 21.473504603188026,
    "sentKBytesPerSec" : 0.17940006712199086
  },
  "Total" : {
    "transaction" : "Total",
    "sampleCount" : 2733,
    "errorCount" : 6,
    "errorPct" : 0.21953897,
    "meanResTime" : 6320.676545920242,
    "medianResTime" : 2100.0,
    "minResTime" : 0.0,
    "maxResTime" : 70447.0,
    "pct1ResTime" : 23724.99999999999,
    "pct2ResTime" : 29978.799999999985,
    "pct3ResTime" : 46832.719999999936,
    "throughput" : 3.0169225844197416,
    "receivedKBytesPerSec" : 97.76098988287761,
    "sentKBytesPerSec" : 1.4770932280685294
  },
  "Upload" : {
    "transaction" : "Upload",
    "sampleCount" : 559,
    "errorCount" : 1,
    "errorPct" : 0.17889088,
    "meanResTime" : 6512.481216457971,
    "medianResTime" : 1597.0,
    "minResTime" : 423.0,
    "maxResTime" : 59184.0,
    "pct1ResTime" : 23209.0,
    "pct2ResTime" : 42613.0,
    "pct3ResTime" : 58516.2,
    "throughput" : 0.7291538945166062,
    "receivedKBytesPerSec" : 32.99319467235033,
    "sentKBytesPerSec" : 1.0256223325228724
  },
  "Course Page" : {
    "transaction" : "Course Page",
    "sampleCount" : 100,
    "errorCount" : 0,
    "errorPct" : 0.0,
    "meanResTime" : 599.02,
    "medianResTime" : 311.0,
    "minResTime" : 49.0,
    "maxResTime" : 2075.0,
    "pct1ResTime" : 1682.4,
    "pct2ResTime" : 1865.099999999999,
    "pct3ResTime" : 2073.459999999999,
    "throughput" : 19.223375624759708,
    "receivedKBytesPerSec" : 622.4722387423107,
    "sentKBytesPerSec" : 5.575529844290657
  },
  "Login" : {
    "transaction" : "Login",
    "sampleCount" : 100,
    "errorCount" : 0,
    "errorPct" : 0.0,
    "meanResTime" : 1839.3199999999995,
    "medianResTime" : 1944.0,
    "minResTime" : 167.0,
    "maxResTime" : 4043.0,
    "pct1ResTime" : 3117.9,
    "pct2ResTime" : 3551.7499999999977,
    "pct3ResTime" : 4040.4299999999985,
    "throughput" : 23.142791020597084,
    "receivedKBytesPerSec" : 39.61485333256191,
    "sentKBytesPerSec" : 13.647014579958343
  },
  "RunPractice" : {
    "transaction" : "RunPractice",
    "sampleCount" : 559,
    "errorCount" : 2,
    "errorPct" : 0.35778177,
    "meanResTime" : 3560.082289803216,
    "medianResTime" : 2299.0,
    "minResTime" : 0.0,
    "maxResTime" : 48949.0,
    "pct1ResTime" : 6257.0,
    "pct2ResTime" : 8646.0,
    "pct3ResTime" : 18905.399999999965,
    "throughput" : 0.7389341634776172,
    "receivedKBytesPerSec" : 20.861203952934257,
    "sentKBytesPerSec" : 0.17287787758015585
  }
}