{
  "AssignmentsList" : {
    "transaction" : "AssignmentsList",
    "sampleCount" : 80,
    "errorCount" : 0,
    "errorPct" : 0.0,
    "meanResTime" : 142.43749999999997,
    "medianResTime" : 102.5,
    "minResTime" : 22.0,
    "maxResTime" : 803.0,
    "pct1ResTime" : 386.5,
    "pct2ResTime" : 506.6,
    "pct3ResTime" : 803.0,
    "throughput" : 18.82795951988703,
    "receivedKBytesPerSec" : 7.2236665980230645,
    "sentKBytesPerSec" : 6.085990821369735
  },
  "Get CSRF Token" : {
    "transaction" : "Get CSRF Token",
    "sampleCount" : 80,
    "errorCount" : 0,
    "errorPct" : 0.0,
    "meanResTime" : 46.6375,
    "medianResTime" : 35.0,
    "minResTime" : 23.0,
    "maxResTime" : 190.0,
    "pct1ResTime" : 76.80000000000007,
    "pct2ResTime" : 153.0,
    "pct3ResTime" : 190.0,
    "throughput" : 52.910052910052904,
    "receivedKBytesPerSec" : 1413.9959749090608,
    "sentKBytesPerSec" : 6.975446428571429
  },
  "StudentCourses" : {
    "transaction" : "StudentCourses",
    "sampleCount" : 80,
    "errorCount" : 0,
    "errorPct" : 0.0,
    "meanResTime" : 273.4249999999999,
    "medianResTime" : 178.5,
    "minResTime" : 27.0,
    "maxResTime" : 1318.0,
    "pct1ResTime" : 660.0000000000005,
    "pct2ResTime" : 1102.55,
    "pct3ResTime" : 1318.0,
    "throughput" : 25.665704202759063,
    "receivedKBytesPerSec" : 32.02573588386269,
    "sentKBytesPerSec" : 6.215912736605711
  },
  "GetSubmissionId" : {
    "transaction" : "GetSubmissionId",
    "sampleCount" : 458,
    "errorCount" : 2,
    "errorPct" : 0.4366812,
    "meanResTime" : 1511.0742358078621,
    "medianResTime" : 587.0,
    "minResTime" : 38.0,
    "maxResTime" : 30795.0,
    "pct1ResTime" : 3047.6000000000026,
    "pct2ResTime" : 5488.899999999992,
    "pct3ResTime" : 14372.60999999998,
    "throughput" : 0.598623166716552,
    "receivedKBytesPerSec" : 26.49565243594209,
    "sentKBytesPerSec" : 0.13794351049355041
  },
  "TestcasesResults" : {
    "transaction" : "TestcasesResults",
    "sampleCount" : 449,
    "errorCount" : 2,
    "errorPct" : 0.4454343,
    "meanResTime" : 14056.650334075734,
    "medianResTime" : 9026.0,
    "minResTime" : 5197.0,
    "maxResTime" : 41661.0,
    "pct1ResTime" : 29852.0,
    "pct2ResTime" : 32678.5,
    "pct3ResTime" : 37043.0,
    "throughput" : 0.5945822827722101,
    "receivedKBytesPerSec" : 17.16002958882781,
    "sentKBytesPerSec" : 0.14335896945250756
  },
  "Total" : {
    "transaction" : "Total",
    "sampleCount" : 2225,
    "errorCount" : 7,
    "errorPct" : 0.31460676,
    "meanResTime" : 4934.330337078653,
    "medianResTime" : 2089.0,
    "minResTime" : 0.0,
    "maxResTime" : 41661.0,
    "pct1ResTime" : 15220.40000000003,
    "pct2ResTime" : 27511.899999999994,
    "pct3ResTime" : 36146.51999999999,
    "throughput" : 2.4608367508549334,
    "receivedKBytesPerSec" : 79.27256386839113,
    "sentKBytesPerSec" : 1.1935587477078273
  },
  "Upload" : {
    "transaction" : "Upload",
    "sampleCount" : 460,
    "errorCount" : 0,
    "errorPct" : 0.0,
    "meanResTime" : 5011.652173913043,
    "medianResTime" : 972.5,
    "minResTime" : 423.0,
    "maxResTime" : 40185.0,
    "pct1ResTime" : 18419.700000000008,
    "pct2ResTime" : 32273.39999999999,
    "pct3ResTime" : 38531.829999999994,
    "throughput" : 0.5980519109058666,
    "receivedKBytesPerSec" : 26.721939288548995,
    "sentKBytesPerSec" : 0.8221220437871507
  },
  "Course Page" : {
    "transaction" : "Course Page",
    "sampleCount" : 80,
    "errorCount" : 0,
    "errorPct" : 0.0,
    "meanResTime" : 781.3250000000003,
    "medianResTime" : 756.5,
    "minResTime" : 53.0,
    "maxResTime" : 2380.0,
    "pct1ResTime" : 1608.5000000000002,
    "pct2ResTime" : 1838.0000000000005,
    "pct3ResTime" : 2380.0,
    "throughput" : 18.63932898415657,
    "receivedKBytesPerSec" : 603.4726216653075,
    "sentKBytesPerSec" : 5.406133504193849
  },
  "Login" : {
    "transaction" : "Login",
    "sampleCount" : 80,
    "errorCount" : 0,
    "errorPct" : 0.0,
    "meanResTime" : 1653.1625,
    "medianResTime" : 1734.0,
    "minResTime" : 263.0,
    "maxResTime" : 3163.0,
    "pct1ResTime" : 2597.8,
    "pct2ResTime" : 2845.75,
    "pct3ResTime" : 3163.0,
    "throughput" : 23.46041055718475,
    "receivedKBytesPerSec" : 40.157051869501466,
    "sentKBytesPerSec" : 13.832821664222873
  },
  "RunPractice" : {
    "transaction" : "RunPractice",
    "sampleCount" : 458,
    "errorCount" : 3,
    "errorPct" : 0.65502185,
    "meanResTime" : 3140.3013100436688,
    "medianResTime" : 2253.5,
    "minResTime" : 0.0,
    "maxResTime" : 20282.0,
    "pct1ResTime" : 5847.900000000001,
    "pct2ResTime" : 6620.799999999998,
    "pct3ResTime" : 10208.629999999988,
    "throughput" : 0.6004399730457515,
    "receivedKBytesPerSec" : 16.907186538460277,
    "sentKBytesPerSec" : 0.14011358541324168
  }
}