{
  "AssignmentsList" : {
    "transaction" : "AssignmentsList",
    "sampleCount" : 10,
    "errorCount" : 0,
    "errorPct" : 0.0,
    "meanResTime" : 75.4,
    "medianResTime" : 80.5,
    "minResTime" : 25.0,
    "maxResTime" : 118.0,
    "pct1ResTime" : 117.10000000000001,
    "pct2ResTime" : 118.0,
    "pct3ResTime" : 118.0,
    "throughput" : 35.714285714285715,
    "receivedKBytesPerSec" : 13.846261160714285,
    "sentKBytesPerSec" : 11.544363839285714
  },
  "Get CSRF Token" : {
    "transaction" : "Get CSRF Token",
    "sampleCount" : 10,
    "errorCount" : 0,
    "errorPct" : 0.0,
    "meanResTime" : 107.8,
    "medianResTime" : 100.5,
    "minResTime" : 34.0,
    "maxResTime" : 171.0,
    "pct1ResTime" : 170.4,
    "pct2ResTime" : 171.0,
    "pct3ResTime" : 171.0,
    "throughput" : 53.475935828877006,
    "receivedKBytesPerSec" : 1429.1234959893047,
    "sentKBytesPerSec" : 7.050050133689839
  },
  "StudentCourses" : {
    "transaction" : "StudentCourses",
    "sampleCount" : 10,
    "errorCount" : 0,
    "errorPct" : 0.0,
    "meanResTime" : 98.8,
    "medianResTime" : 107.0,
    "minResTime" : 22.0,
    "maxResTime" : 174.0,
    "pct1ResTime" : 168.10000000000002,
    "pct2ResTime" : 174.0,
    "pct3ResTime" : 174.0,
    "throughput" : 53.475935828877006,
    "receivedKBytesPerSec" : 66.6882520053476,
    "sentKBytesPerSec" : 12.95120320855615
  },
  "GetSubmissionId" : {
    "transaction" : "GetSubmissionId",
    "sampleCount" : 61,
    "errorCount" : 0,
    "errorPct" : 0.0,
    "meanResTime" : 505.7868852459018,
    "medianResTime" : 450.0,
    "minResTime" : 208.0,
    "maxResTime" : 1324.0,
    "pct1ResTime" : 899.2,
    "pct2ResTime" : 1149.1999999999998,
    "pct3ResTime" : 1324.0,
    "throughput" : 0.07960827508443698,
    "receivedKBytesPerSec" : 3.3883425018792774,
    "sentKBytesPerSec" : 0.018424962104503482
  },
  "TestcasesResults" : {
    "transaction" : "TestcasesResults",
    "sampleCount" : 60,
    "errorCount" : 0,
    "errorPct" : 0.0,
    "meanResTime" : 6583.599999999999,
    "medianResTime" : 5846.5,
    "minResTime" : 5221.0,
    "maxResTime" : 9840.0,
    "pct1ResTime" : 8714.1,
    "pct2ResTime" : 8889.25,
    "pct3ResTime" : 9840.0,
    "throughput" : 0.09188642837452908,
    "receivedKBytesPerSec" : 2.662994021160679,
    "sentKBytesPerSec" : 0.02225374437195626
  },
  "Total" : {
    "transaction" : "Total",
    "sampleCount" : 294,
    "errorCount" : 0,
    "errorPct" : 0.0,
    "meanResTime" : 2185.7006802721094,
    "medianResTime" : 1069.5,
    "minResTime" : 22.0,
    "maxResTime" : 9840.0,
    "pct1ResTime" : 5887.0,
    "pct2ResTime" : 8399.75,
    "pct3ResTime" : 8915.150000000005,
    "throughput" : 0.3259965626212785,
    "receivedKBytesPerSec" : 10.356925824347176,
    "sentKBytesPerSec" : 0.15295815545822475
  },
  "Upload" : {
    "transaction" : "Upload",
    "sampleCount" : 62,
    "errorCount" : 0,
    "errorPct" : 0.0,
    "meanResTime" : 1046.6451612903227,
    "medianResTime" : 733.0,
    "minResTime" : 417.0,
    "maxResTime" : 3267.0,
    "pct1ResTime" : 2236.9000000000005,
    "pct2ResTime" : 2695.95,
    "pct3ResTime" : 3267.0,
    "throughput" : 0.08068903227821579,
    "receivedKBytesPerSec" : 3.4519039480037277,
    "sentKBytesPerSec" : 0.10313244868763194
  },
  "Course Page" : {
    "transaction" : "Course Page",
    "sampleCount" : 10,
    "errorCount" : 0,
    "errorPct" : 0.0,
    "meanResTime" : 273.2,
    "medianResTime" : 224.5,
    "minResTime" : 198.0,
    "maxResTime" : 430.0,
    "pct1ResTime" : 428.9,
    "pct2ResTime" : 430.0,
    "pct3ResTime" : 430.0,
    "throughput" : 22.675736961451246,
    "receivedKBytesPerSec" : 734.1026254251701,
    "sentKBytesPerSec" : 6.576849489795919
  },
  "Login" : {
    "transaction" : "Login",
    "sampleCount" : 10,
    "errorCount" : 0,
    "errorPct" : 0.0,
    "meanResTime" : 326.4,
    "medianResTime" : 302.5,
    "minResTime" : 273.0,
    "maxResTime" : 489.0,
    "pct1ResTime" : 482.0,
    "pct2ResTime" : 489.0,
    "pct3ResTime" : 489.0,
    "throughput" : 20.449897750511248,
    "receivedKBytesPerSec" : 34.97252044989775,
    "sentKBytesPerSec" : 12.026297290388548
  },
  "RunPractice" : {
    "transaction" : "RunPractice",
    "sampleCount" : 61,
    "errorCount" : 0,
    "errorPct" : 0.0,
    "meanResTime" : 2344.5737704918038,
    "medianResTime" : 2183.0,
    "minResTime" : 2082.0,
    "maxResTime" : 4105.0,
    "pct1ResTime" : 2835.8,
    "pct2ResTime" : 3063.2,
    "pct3ResTime" : 4105.0,
    "throughput" : 0.07953924609833919,
    "receivedKBytesPerSec" : 2.253662482788229,
    "sentKBytesPerSec" : 0.018642010804298247
  }
}