{
  "AssignmentsList" : {
    "transaction" : "AssignmentsList",
    "sampleCount" : 60,
    "errorCount" : 0,
    "errorPct" : 0.0,
    "meanResTime" : 95.98333333333335,
    "medianResTime" : 80.0,
    "minResTime" : 22.0,
    "maxResTime" : 438.0,
    "pct1ResTime" : 194.09999999999997,
    "pct2ResTime" : 293.5999999999998,
    "pct3ResTime" : 438.0,
    "throughput" : 22.997316979685703,
    "receivedKBytesPerSec" : 8.874778411268686,
    "sentKBytesPerSec" : 7.4337030471445
  },
  "Get CSRF Token" : {
    "transaction" : "Get CSRF Token",
    "sampleCount" : 60,
    "errorCount" : 0,
    "errorPct" : 0.0,
    "meanResTime" : 53.53333333333333,
    "medianResTime" : 33.0,
    "minResTime" : 23.0,
    "maxResTime" : 182.0,
    "pct1ResTime" : 110.9,
    "pct2ResTime" : 178.59999999999997,
    "pct3ResTime" : 182.0,
    "throughput" : 55.504162812210915,
    "receivedKBytesPerSec" : 1483.3333935592045,
    "sentKBytesPerSec" : 7.317443339500463
  },
  "StudentCourses" : {
    "transaction" : "StudentCourses",
    "sampleCount" : 60,
    "errorCount" : 0,
    "errorPct" : 0.0,
    "meanResTime" : 221.35000000000005,
    "medianResTime" : 109.5,
    "minResTime" : 24.0,
    "maxResTime" : 1400.0,
    "pct1ResTime" : 477.49999999999994,
    "pct2ResTime" : 1029.2499999999986,
    "pct3ResTime" : 1400.0,
    "throughput" : 25.619128949615714,
    "receivedKBytesPerSec" : 31.957194705380015,
    "sentKBytesPerSec" : 6.2046327924850555
  },
  "GetSubmissionId" : {
    "transaction" : "GetSubmissionId",
    "sampleCount" : 360,
    "errorCount" : 0,
    "errorPct" : 0.0,
    "meanResTime" : 1268.3194444444448,
    "medianResTime" : 539.0,
    "minResTime" : 203.0,
    "maxResTime" : 14711.0,
    "pct1ResTime" : 2894.8,
    "pct2ResTime" : 4906.75,
    "pct3ResTime" : 10817.26,
    "throughput" : 0.48658248789626063,
    "receivedKBytesPerSec" : 21.130503186692913,
    "sentKBytesPerSec" : 0.11261723596817749
  },
  "TestcasesResults" : {
    "transaction" : "TestcasesResults",
    "sampleCount" : 360,
    "errorCount" : 0,
    "errorPct" : 0.0,
    "meanResTime" : 11990.630555555565,
    "medianResTime" : 8587.5,
    "minResTime" : 4539.0,
    "maxResTime" : 30955.0,
    "pct1ResTime" : 23453.700000000015,
    "pct2ResTime" : 26017.399999999994,
    "pct3ResTime" : 30713.35,
    "throughput" : 0.48577816939894397,
    "receivedKBytesPerSec" : 14.078702357053027,
    "sentKBytesPerSec" : 0.11764940040130675
  },
  "Total" : {
    "transaction" : "Total",
    "sampleCount" : 1740,
    "errorCount" : 0,
    "errorPct" : 0.0,
    "meanResTime" : 4204.1862068965565,
    "medianResTime" : 2080.5,
    "minResTime" : 22.0,
    "maxResTime" : 30955.0,
    "pct1ResTime" : 13741.60000000001,
    "pct2ResTime" : 20940.849999999988,
    "pct3ResTime" : 27865.449999999964,
    "throughput" : 1.9516331468065562,
    "receivedKBytesPerSec" : 62.503671579959196,
    "sentKBytesPerSec" : 0.925108899587353
  },
  "Upload" : {
    "transaction" : "Upload",
    "sampleCount" : 360,
    "errorCount" : 0,
    "errorPct" : 0.0,
    "meanResTime" : 3921.0527777777825,
    "medianResTime" : 896.5,
    "minResTime" : 430.0,
    "maxResTime" : 29413.0,
    "pct1ResTime" : 16615.100000000035,
    "pct2ResTime" : 22578.2,
    "pct3ResTime" : 28716.229999999996,
    "throughput" : 0.48548337286876175,
    "receivedKBytesPerSec" : 21.188857541309915,
    "sentKBytesPerSec" : 0.6409686944138395
  },
  "Course Page" : {
    "transaction" : "Course Page",
    "sampleCount" : 60,
    "errorCount" : 0,
    "errorPct" : 0.0,
    "meanResTime" : 391.79999999999995,
    "medianResTime" : 271.0,
    "minResTime" : 52.0,
    "maxResTime" : 1191.0,
    "pct1ResTime" : 856.9999999999999,
    "pct2ResTime" : 1098.3499999999995,
    "pct3ResTime" : 1191.0,
    "throughput" : 22.59036144578313,
    "receivedKBytesPerSec" : 731.4129565135541,
    "sentKBytesPerSec" : 6.552087255271084
  },
  "Login" : {
    "transaction" : "Login",
    "sampleCount" : 60,
    "errorCount" : 0,
    "errorPct" : 0.0,
    "meanResTime" : 1251.8499999999997,
    "medianResTime" : 1273.0,
    "minResTime" : 249.0,
    "maxResTime" : 2484.0,
    "pct1ResTime" : 2048.9,
    "pct2ResTime" : 2300.899999999999,
    "pct3ResTime" : 2484.0,
    "throughput" : 23.014959723820485,
    "receivedKBytesPerSec" : 39.39289053509781,
    "sentKBytesPerSec" : 13.568487485615648
  },
  "RunPractice" : {
    "transaction" : "RunPractice",
    "sampleCount" : 360,
    "errorCount" : 0,
    "errorPct" : 0.0,
    "meanResTime" : 2804.4777777777767,
    "medianResTime" : 2266.0,
    "minResTime" : 1129.0,
    "maxResTime" : 9311.0,
    "pct1ResTime" : 4696.400000000004,
    "pct2ResTime" : 5470.799999999999,
    "pct3ResTime" : 7398.159999999984,
    "throughput" : 0.4863005093997836,
    "receivedKBytesPerSec" : 13.7784524317896,
    "sentKBytesPerSec" : 0.11397668189057428
  }
}