{
  "AssignmentsList" : {
    "transaction" : "AssignmentsList",
    "sampleCount" : 200,
    "errorCount" : 6,
    "errorPct" : 3.0,
    "meanResTime" : 257.57,
    "medianResTime" : 88.0,
    "minResTime" : 0.0,
    "maxResTime" : 1669.0,
    "pct1ResTime" : 784.4000000000005,
    "pct2ResTime" : 1132.9,
    "pct3ResTime" : 1550.7400000000002,
    "throughput" : 19.65795164143896,
    "receivedKBytesPerSec" : 8.25557180066837,
    "sentKBytesPerSec" : 6.163650911637507
  },
  "Get CSRF Token" : {
    "transaction" : "Get CSRF Token",
    "sampleCount" : 200,
    "errorCount" : 0,
    "errorPct" : 0.0,
    "meanResTime" : 79.98000000000006,
    "medianResTime" : 30.0,
    "minResTime" : 22.0,
    "maxResTime" : 593.0,
    "pct1ResTime" : 156.60000000000002,
    "pct2ResTime" : 427.94999999999976,
    "pct3ResTime" : 541.5300000000004,
    "throughput" : 58.66823115283074,
    "receivedKBytesPerSec" : 1567.8758204385451,
    "sentKBytesPerSec" : 7.734581255500147
  },
  "StudentCourses" : {
    "transaction" : "StudentCourses",
    "sampleCount" : 200,
    "errorCount" : 3,
    "errorPct" : 1.5,
    "meanResTime" : 616.9950000000002,
    "medianResTime" : 251.0,
    "minResTime" : 5.0,
    "maxResTime" : 6927.0,
    "pct1ResTime" : 1442.0000000000002,
    "pct2ResTime" : 2577.849999999999,
    "pct3ResTime" : 5495.200000000003,
    "throughput" : 17.962996227770795,
    "receivedKBytesPerSec" : 22.62714784107239,
    "sentKBytesPerSec" : 4.28515695167954
  },
  "GetSubmissionId" : {
    "transaction" : "GetSubmissionId",
    "sampleCount" : 760,
    "errorCount" : 22,
    "errorPct" : 2.8947368,
    "meanResTime" : 5021.247368421056,
    "medianResTime" : 1303.0,
    "minResTime" : 0.0,
    "maxResTime" : 50004.0,
    "pct1ResTime" : 13711.099999999991,
    "pct2ResTime" : 29307.94999999999,
    "pct3ResTime" : 50003.0,
    "throughput" : 0.9929085426715512,
    "receivedKBytesPerSec" : 43.546279979550654,
    "sentKBytesPerSec" : 0.22738503817472056
  },
  "TestcasesResults" : {
    "transaction" : "TestcasesResults",
    "sampleCount" : 711,
    "errorCount" : 3,
    "errorPct" : 0.42194092,
    "meanResTime" : 50628.76090014066,
    "medianResTime" : 60981.0,
    "minResTime" : 5216.0,
    "maxResTime" : 121262.0,
    "pct1ResTime" : 80744.0,
    "pct2ResTime" : 84936.4,
    "pct3ResTime" : 89737.36,
    "throughput" : 0.9507393971162241,
    "receivedKBytesPerSec" : 27.447103786292903,
    "sentKBytesPerSec" : 0.22928564838153664
  },
  "Total" : {
    "transaction" : "Total",
    "sampleCount" : 3991,
    "errorCount" : 158,
    "errorPct" : 3.9589076,
    "meanResTime" : 13848.685793034312,
    "medianResTime" : 2401.0,
    "minResTime" : 0.0,
    "maxResTime" : 121262.0,
    "pct1ResTime" : 61130.60000000001,
    "pct2ResTime" : 71650.99999999996,
    "pct3ResTime" : 84993.12,
    "throughput" : 4.360519110458472,
    "receivedKBytesPerSec" : 128.33636074131556,
    "sentKBytesPerSec" : 2.0619826253908733
  },
  "Upload" : {
    "transaction" : "Upload",
    "sampleCount" : 760,
    "errorCount" : 87,
    "errorPct" : 11.447369,
    "meanResTime" : 12790.685526315814,
    "medianResTime" : 2107.5,
    "minResTime" : 0.0,
    "maxResTime" : 94250.0,
    "pct1ResTime" : 51662.99999999999,
    "pct2ResTime" : 63684.75,
    "pct3ResTime" : 80519.99999999997,
    "throughput" : 0.9900680541515116,
    "receivedKBytesPerSec" : 39.812133314536155,
    "sentKBytesPerSec" : 1.3783247478583265
  },
  "Course Page" : {
    "transaction" : "Course Page",
    "sampleCount" : 200,
    "errorCount" : 6,
    "errorPct" : 3.0,
    "meanResTime" : 1088.2099999999991,
    "medianResTime" : 505.0,
    "minResTime" : 0.0,
    "maxResTime" : 6608.0,
    "pct1ResTime" : 3128.7,
    "pct2ResTime" : 4161.4,
    "pct3ResTime" : 6029.740000000009,
    "throughput" : 18.796992481203006,
    "receivedKBytesPerSec" : 591.3530163298872,
    "sentKBytesPerSec" : 5.288306214755639
  },
  "Login" : {
    "transaction" : "Login",
    "sampleCount" : 200,
    "errorCount" : 1,
    "errorPct" : 0.5,
    "meanResTime" : 4213.655000000001,
    "medianResTime" : 3922.5,
    "minResTime" : 288.0,
    "maxResTime" : 9172.0,
    "pct1ResTime" : 7467.700000000001,
    "pct2ResTime" : 7977.45,
    "pct3ResTime" : 8771.220000000001,
    "throughput" : 18.170255292086853,
    "receivedKBytesPerSec" : 31.237756370945764,
    "sentKBytesPerSec" : 10.711933315163078
  },
  "RunPractice" : {
    "transaction" : "RunPractice",
    "sampleCount" : 760,
    "errorCount" : 30,
    "errorPct" : 3.9473684,
    "meanResTime" : 5900.9276315789475,
    "medianResTime" : 3040.5,
    "minResTime" : 0.0,
    "maxResTime" : 50003.0,
    "pct1ResTime" : 12720.499999999998,
    "pct2ResTime" : 20585.69999999988,
    "pct3ResTime" : 45654.149999999965,
    "throughput" : 0.9925000946792853,
    "receivedKBytesPerSec" : 27.066435597517703,
    "sentKBytesPerSec" : 0.22557747834456207
  }
}