Device,kB_read/s,kB_wrtn/s
loop0,0.0,0.0
sda,91.04615384615384,167.81978021978023
