{"Disk Write(KB/s)": 135.3232666666668, "Disk Read(KB/s)": 53.87256666666663}