{"%idle": 7.301444444444446, "%iowait": 0.6080662983425413, "user+system(%)": 79.61104972375696}