{"Disk Read(KB/s)": 0.13028571428571428, "Disk Write(KB/s)": 37.0267619047619}