{"%idle": 93.84523809523806, "user+system(%)": 2.5683412322274872, "%iowait": 0.33033175355450245}