{"Available Memory(Kb)": 4280685.866666666, "Idle(%)": 93.88571428571429, "I/O wait(%)": 0.38571428571428573, "user+system(%)": 6.0285714285714285}