Device,kB_read/s,kB_wrtn/s
loop0,0.0,0.0
sda,89.74193548387096,745.5612903225806
