{"Disk Write(KB/s)": 728.2358333333331, "Disk Read(KB/s)": 89.06850000000001}