{"%iowait": 0.2791891891891892, "%idle": 1.5153636363636367, "user+system(%)": 96.45315315315318}