{"I/O wait(%)": 0.24545454545454545, "user+system(%)": 98.27272727272727, "Available Memory(Kb)": 1968097.0545454544, "Idle(%)": 1.490909090909091}