Device,kB_read/s,kB_wrtn/s
loop0,0.0,0.0
sda,58.70422535211268,336.3830985915493
