{"Disk Read(KB/s)": 56.623733333333355, "Disk Write(KB/s)": 331.4427333333333}