{"user+system(%)": 30.202612612612615, "%idle": 67.17436363636364, "%iowait": 1.3880180180180177}