{"I/O wait(%)": 1.4454545454545455, "Idle(%)": 66.9090909090909, "Available Memory(Kb)": 5359499.127272727, "user+system(%)": 31.48181818181818}