{"%guest": 35.840990990990996, "%iowait": 4.580270270270271, "%idle": 48.08554545454545, "user+system(%)": 10.793513513513508, "%sys": 4.673063063063064}