Device,kB_read/s,kB_wrtn/s
loop0,0.0,0.0
sda,10.32289156626506,298.92048192771085
