{"Disk Write(KB/s)": 257.4171000000001, "Disk Read(KB/s)": 10.194466666666672}