{"%iowait": 1.5019819819819828, "user+system(%)": 43.2554054054054, "%idle": 53.210636363636354}