{"I/O wait(%)": 1.481818181818182, "Available Memory(Kb)": 600767.2, "user+system(%)": 45.18181818181818, "Idle(%)": 53.32727272727273}