Device,kB_read/s,kB_wrtn/s
loop0,0.0,0.0
sda,0.45966850828729283,200.22983425414364
