{"%iowait": 2.878784530386741, "user+system(%)": 25.858453038674043, "%idle": 64.62755555555557}