Device,kB_read/s,kB_wrtn/s
loop0,0.0,0.0
sda,8.39344262295082,97.78360655737706
