{"Disk Write(KB/s)": 97.19466666666669, "Disk Read(KB/s)": 8.370999999999999}