{"%guest": 0.0, "%sys": 2.878018018018018, "%iowait": 0.020810810810810817, "%idle": 65.25318181818184, "user+system(%)": 33.86522522522523}