{"Available Memory(Kb)": 3013095.963636364, "I/O wait(%)": 0.0, "sys(%)": 3.390909090909091, "Idle(%)": 65.27272727272727, "user+system(%)": 34.72727272727273}