{"Disk Read(KB/s)": 14.49335555555553, "Disk Write(KB/s)": 336.4204222222227}