{"%iowait": 2.0438121546961336, "user+system(%)": 31.467734806629814, "%idle": 63.436777777777785}