{"Idle(%)": 63.455555555555556, "I/O wait(%)": 2.022222222222222, "Available Memory(Kb)": 9878085.333333334, "user+system(%)": 34.455555555555556}