{"Disk Write(KB/s)": 452.1445333333332, "Disk Read(KB/s)": 0.6366333333333333}