{"user+system(%)": 73.02144144144144, "%idle": 20.777272727272745, "%iowait": 2.2668468468468457}