{"Idle(%)": 21.527272727272727, "Available Memory(Kb)": 3904046.654545455, "I/O wait(%)": 2.2636363636363637, "user+system(%)": 76.2}