Device,kB_read/s,kB_wrtn/s
loop0,0.0,0.0
sda,334.8774193548387,992.4258064516129
