{"Disk Write(KB/s)": 1032.1954333333333, "Disk Read(KB/s)": 369.14853333333355}