Device,kB_read/s,kB_wrtn/s
loop0,0.0,0.0
sda,17.534426229508195,522.9377049180328
