{"Disk Read(KB/s)": 16.591933333333337, "Disk Write(KB/s)": 532.2274000000002}