{"%iowait": 1.8765765765765756, "%idle": 64.17463636363637, "user+system(%)": 32.83306306306306}