{"Idle(%)": 64.48181818181818, "Available Memory(Kb)": 2226147.8181818184, "I/O wait(%)": 1.8909090909090909, "user+system(%)": 33.654545454545456}