{"Disk Write(KB/s)": 68.69543333333334, "Disk Read(KB/s)": 409.84229999999997}