{"user+system(%)": 1.9707207207207205, "%idle": 97.18727272727274, "%iowait": 0.2731531531531533}