{"Idle(%)": 97.21818181818182, "I/O wait(%)": 0.21818181818181817, "Available Memory(Kb)": 6034194.872727273, "user+system(%)": 2.4727272727272727}