{"Disk Read(KB/s)": 2143.6711000000014, "Disk Write(KB/s)": 614.0558000000002}