{"I/O wait(%)": 2.05, "Available Memory(Kb)": 6402955.577777778, "Idle(%)": 9.061111111111112, "user+system(%)": 88.83333333333333}