Device,kB_read/s,kB_wrtn/s
loop0,0.0,0.0
sda,28.81025641025641,292.34871794871793
