{"Disk Write(KB/s)": 286.65799999999996, "Disk Read(KB/s)": 31.778100000000027}