{"user+system(%)": 27.444234234234234, "%idle": 69.62445454545454, "%iowait": 1.6006306306306297}