{"user+system(%)": 28.254545454545454, "Idle(%)": 70.2090909090909, "I/O wait(%)": 1.5818181818181818, "Available Memory(Kb)": 4576394.109090909}