{"Disk Write(KB/s)": 649.0823666666663, "Disk Read(KB/s)": 14.114000000000011}