{"user+system(%)": 43.5572972972973, "%iowait": 1.1656756756756759, "%idle": 53.53836363636365}