{"Available Memory(Kb)": 3648925.2, "Idle(%)": 53.6, "I/O wait(%)": 1.0636363636363637, "user+system(%)": 45.30909090909091}