Device,kB_read/s,kB_wrtn/s
loop0,0.0,0.0
sda,6.36043956043956,192.189010989011
