{"Disk Write(KB/s)": 140.3593666666665, "Disk Read(KB/s)": 16.25487777777778}