{"%idle": 6.21344444444445, "%iowait": 0.8872928176795583, "user+system(%)": 80.76475138121543}