{"%guest": 49.51855855855856, "user+system(%)": 12.8136036036036, "%sys": 5.448918918918921, "%iowait": 1.9181981981981997, "%idle": 34.93136363636365}