{"Available Memory(Kb)": 4124535.418181818, "I/O wait(%)": 1.9454545454545455, "sys(%)": 5.554545454545455, "Idle(%)": 34.88181818181818, "user+system(%)": 63.17272727272727}