Device,kB_read/s,kB_wrtn/s
loop0,0.0,0.0
sda,292.65806451612906,920.6967741935484
