{"Disk Read(KB/s)": 287.43866666666673, "Disk Write(KB/s)": 909.3379999999999}