{"user+system(%)": 97.9337837837838, "%idle": 0.12209090909090899, "%iowait": 0.03225225225225221}