{"Available Memory(Kb)": 2422701.418181818, "I/O wait(%)": 0.01818181818181818, "Idle(%)": 0.1, "user+system(%)": 99.82727272727273}