{"Disk Read(KB/s)": 523.3898666666665, "Disk Write(KB/s)": 774.2357333333337}