{"%iowait": 1.4383783783783788, "user+system(%)": 87.20189189189185, "%idle": 8.909545454545453}