{"user+system(%)": 98.28684684684681, "%iowait": 0.019459459459459462, "%idle": 0.10518181818181806, "%sys": 3.7803603603603593, "%guest": 0.0}