{"I/O wait(%)": 0.00909090909090909, "Idle(%)": 0.1, "user+system(%)": 99.9, "sys(%)": 4.336363636363636, "Available Memory(Kb)": 6746973.454545454}