{"%idle": 11.466166666666659, "%iowait": 0.8101657458563531, "user+system(%)": 79.62414364640881}