{"Available Memory(Kb)": 7808748.0, "Idle(%)": 11.877777777777778, "user+system(%)": 87.30555555555556, "I/O wait(%)": 0.8}