Device,kB_read/s,kB_wrtn/s
loop0,0.0,0.0
sda,76.99672131147541,684.2622950819672
