{"Disk Write(KB/s)": 671.3863333333334, "Disk Read(KB/s)": 76.50566666666666}