{"%guest": 62.11630630630631, "%sys": 5.9184684684684665, "user+system(%)": 21.611441441441446, "%idle": 13.316909090909087, "%iowait": 1.7664864864864867}