{"I/O wait(%)": 1.8181818181818181, "sys(%)": 6.072727272727272, "Idle(%)": 13.281818181818181, "Available Memory(Kb)": 510252.0363636364, "user+system(%)": 84.95454545454545}