Device,kB_read/s,kB_wrtn/s
loop0,0.0,0.0
sda,172.45901639344262,1111.016393442623
