{"Disk Read(KB/s)": 162.58083333333337, "Disk Write(KB/s)": 1092.6718333333333}