{"%iowait": 6.523963963963966, "user+system(%)": 9.116126126126128, "%idle": 25.983090909090926}