{"Available Memory(Kb)": 380914.83636363636, "Idle(%)": 26.245454545454546, "user+system(%)": 67.0909090909091, "I/O wait(%)": 6.672727272727273}