Device,kB_read/s,kB_wrtn/s
loop0,0.0,0.0
sda,12.166844919786096,414.8705882352941
