{"Available Memory(Kb)": 8296026.222222222, "I/O wait(%)": 1.7833333333333334, "user+system(%)": 84.52222222222223, "Idle(%)": 13.694444444444445}