Device,kB_read/s,kB_wrtn/s
loop0,0.0,0.0
sda,3.911602209944751,177.19337016574585
