{"Disk Write(KB/s)": 130.13215555555573, "Disk Read(KB/s)": 68.18416666666667}