{"user+system(%)": 76.20878453038675, "%iowait": 1.2628729281767956, "%idle": 10.755166666666668}