Device,kB_read/s,kB_wrtn/s
loop0,0.0,0.0
sda,1.1466666666666667,41.333333333333336
