{"Disk Read(KB/s)": 1.1244999999999998, "Disk Write(KB/s)": 40.54016666666667}