{"user+system(%)": 0.6672972972972973, "%iowait": 0.06621621621621616, "%idle": 99.13145454545453}