{"I/O wait(%)": 0.01818181818181818, "Available Memory(Kb)": 2851438.4727272727, "user+system(%)": 0.5454545454545454, "Idle(%)": 99.19090909090909}