{"user+system(%)": 87.92777777777778, "Available Memory(Kb)": 7096025.911111111, "Idle(%)": 11.38888888888889, "I/O wait(%)": 0.7055555555555556}