{
  "TestcasesResults_2_145133_user1" : {
    "transaction" : "TestcasesResults_2_145133_user1",
    "sampleCount" : 1,
    "errorCount" : 0,
    "errorPct" : 0.0,
    "meanResTime" : 5325.0,
    "medianResTime" : 5325.0,
    "minResTime" : 5325.0,
    "maxResTime" : 5325.0,
    "pct1ResTime" : 5325.0,
    "pct2ResTime" : 5325.0,
    "pct3ResTime" : 5325.0,
    "throughput" : 0.18779342723004694,
    "receivedKBytesPerSec" : 5.442341549295774,
    "sentKBytesPerSec" : 0.04548122065727699
  },
  "RunPractice_2_145137_user1 1629320116890" : {
    "transaction" : "RunPractice_2_145137_user1 1629320116890",
    "sampleCount" : 1,
    "errorCount" : 0,
    "errorPct" : 0.0,
    "meanResTime" : 2117.0,
    "medianResTime" : 2117.0,
    "minResTime" : 2117.0,
    "maxResTime" : 2117.0,
    "pct1ResTime" : 2117.0,
    "pct2ResTime" : 2117.0,
    "pct3ResTime" : 2117.0,
    "throughput" : 0.4723665564478035,
    "receivedKBytesPerSec" : 13.381720152338215,
    "sentKBytesPerSec" : 0.11071091166745395
  },
  "Login_user1" : {
    "transaction" : "Login_user1",
    "sampleCount" : 1,
    "errorCount" : 0,
    "errorPct" : 0.0,
    "meanResTime" : 107.0,
    "medianResTime" : 107.0,
    "minResTime" : 107.0,
    "maxResTime" : 107.0,
    "pct1ResTime" : 107.0,
    "pct2ResTime" : 107.0,
    "pct3ResTime" : 107.0,
    "throughput" : 9.345794392523365,
    "receivedKBytesPerSec" : 15.980943341121495,
    "sentKBytesPerSec" : 5.494304906542056
  },
  "RunPractice_2_145134_user1 1629319736586" : {
    "transaction" : "RunPractice_2_145134_user1 1629319736586",
    "sampleCount" : 1,
    "errorCount" : 0,
    "errorPct" : 0.0,
    "meanResTime" : 2118.0,
    "medianResTime" : 2118.0,
    "minResTime" : 2118.0,
    "maxResTime" : 2118.0,
    "pct1ResTime" : 2118.0,
    "pct2ResTime" : 2118.0,
    "pct3ResTime" : 2118.0,
    "throughput" : 0.47214353163361666,
    "receivedKBytesPerSec" : 13.375402059726158,
    "sentKBytesPerSec" : 0.1106586402266289
  },
  "RunPractice_2_145132_user1 1629319481851" : {
    "transaction" : "RunPractice_2_145132_user1 1629319481851",
    "sampleCount" : 1,
    "errorCount" : 0,
    "errorPct" : 0.0,
    "meanResTime" : 2115.0,
    "medianResTime" : 2115.0,
    "minResTime" : 2115.0,
    "maxResTime" : 2115.0,
    "pct1ResTime" : 2115.0,
    "pct2ResTime" : 2115.0,
    "pct3ResTime" : 2115.0,
    "throughput" : 0.47281323877068554,
    "receivedKBytesPerSec" : 13.394374261229313,
    "sentKBytesPerSec" : 0.11081560283687943
  },
  "GetSubmissionId_2_user1" : {
    "transaction" : "GetSubmissionId_2_user1",
    "sampleCount" : 7,
    "errorCount" : 0,
    "errorPct" : 0.0,
    "meanResTime" : 311.0,
    "medianResTime" : 291.0,
    "minResTime" : 290.0,
    "maxResTime" : 350.0,
    "pct1ResTime" : 350.0,
    "pct2ResTime" : 350.0,
    "pct3ResTime" : 350.0,
    "throughput" : 0.009183868927822664,
    "receivedKBytesPerSec" : 0.39089738986245187,
    "sentKBytesPerSec" : 0.002125563413958956
  },
  "TestcasesResults_2_145132_user1" : {
    "transaction" : "TestcasesResults_2_145132_user1",
    "sampleCount" : 1,
    "errorCount" : 0,
    "errorPct" : 0.0,
    "meanResTime" : 5521.0,
    "medianResTime" : 5521.0,
    "minResTime" : 5521.0,
    "maxResTime" : 5521.0,
    "pct1ResTime" : 5521.0,
    "pct2ResTime" : 5521.0,
    "pct3ResTime" : 5521.0,
    "throughput" : 0.18112660749864154,
    "receivedKBytesPerSec" : 5.249133988407897,
    "sentKBytesPerSec" : 0.04386660025357725
  },
  "AssignmentsList_6_user1" : {
    "transaction" : "AssignmentsList_6_user1",
    "sampleCount" : 1,
    "errorCount" : 0,
    "errorPct" : 0.0,
    "meanResTime" : 61.0,
    "medianResTime" : 61.0,
    "minResTime" : 61.0,
    "maxResTime" : 61.0,
    "pct1ResTime" : 61.0,
    "pct2ResTime" : 61.0,
    "pct3ResTime" : 61.0,
    "throughput" : 16.393442622950822,
    "receivedKBytesPerSec" : 6.355660860655738,
    "sentKBytesPerSec" : 5.299052254098361
  },
  "Course Page_6_user1" : {
    "transaction" : "Course Page_6_user1",
    "sampleCount" : 1,
    "errorCount" : 0,
    "errorPct" : 0.0,
    "meanResTime" : 106.0,
    "medianResTime" : 106.0,
    "minResTime" : 106.0,
    "maxResTime" : 106.0,
    "pct1ResTime" : 106.0,
    "pct2ResTime" : 106.0,
    "pct3ResTime" : 106.0,
    "throughput" : 9.433962264150942,
    "receivedKBytesPerSec" : 305.41531544811323,
    "sentKBytesPerSec" : 2.736217570754717
  },
  "RunPractice_2_145133_user1 1629319609832" : {
    "transaction" : "RunPractice_2_145133_user1 1629319609832",
    "sampleCount" : 1,
    "errorCount" : 0,
    "errorPct" : 0.0,
    "meanResTime" : 2124.0,
    "medianResTime" : 2124.0,
    "minResTime" : 2124.0,
    "maxResTime" : 2124.0,
    "pct1ResTime" : 2124.0,
    "pct2ResTime" : 2124.0,
    "pct3ResTime" : 2124.0,
    "throughput" : 0.4708097928436911,
    "receivedKBytesPerSec" : 13.337618438088512,
    "sentKBytesPerSec" : 0.1103460451977401
  },
  "Upload_2_user1" : {
    "transaction" : "Upload_2_user1",
    "sampleCount" : 7,
    "errorCount" : 0,
    "errorPct" : 0.0,
    "meanResTime" : 656.2857142857143,
    "medianResTime" : 643.0,
    "minResTime" : 574.0,
    "maxResTime" : 738.0,
    "pct1ResTime" : 738.0,
    "pct2ResTime" : 738.0,
    "pct3ResTime" : 738.0,
    "throughput" : 0.009179786110983615,
    "receivedKBytesPerSec" : 0.3926868660210217,
    "sentKBytesPerSec" : 0.011742391022824884
  },
  "TestcasesResults_2_145136_user1" : {
    "transaction" : "TestcasesResults_2_145136_user1",
    "sampleCount" : 1,
    "errorCount" : 0,
    "errorPct" : 0.0,
    "meanResTime" : 5295.0,
    "medianResTime" : 5295.0,
    "minResTime" : 5295.0,
    "maxResTime" : 5295.0,
    "pct1ResTime" : 5295.0,
    "pct2ResTime" : 5295.0,
    "pct3ResTime" : 5295.0,
    "throughput" : 0.18885741265344663,
    "receivedKBytesPerSec" : 5.473176345609065,
    "sentKBytesPerSec" : 0.04573890462700661
  },
  "Get CSRF Token" : {
    "transaction" : "Get CSRF Token",
    "sampleCount" : 1,
    "errorCount" : 0,
    "errorPct" : 0.0,
    "meanResTime" : 104.0,
    "medianResTime" : 104.0,
    "minResTime" : 104.0,
    "maxResTime" : 104.0,
    "pct1ResTime" : 104.0,
    "pct2ResTime" : 104.0,
    "pct3ResTime" : 104.0,
    "throughput" : 9.615384615384617,
    "receivedKBytesPerSec" : 256.96739783653845,
    "sentKBytesPerSec" : 1.2676532451923077
  },
  "StudentCourses_user1" : {
    "transaction" : "StudentCourses_user1",
    "sampleCount" : 1,
    "errorCount" : 0,
    "errorPct" : 0.0,
    "meanResTime" : 26.0,
    "medianResTime" : 26.0,
    "minResTime" : 26.0,
    "maxResTime" : 26.0,
    "pct1ResTime" : 26.0,
    "pct2ResTime" : 26.0,
    "pct3ResTime" : 26.0,
    "throughput" : 38.46153846153847,
    "receivedKBytesPerSec" : 47.96424278846154,
    "sentKBytesPerSec" : 9.314903846153847
  },
  "TestcasesResults_2_145135_user1" : {
    "transaction" : "TestcasesResults_2_145135_user1",
    "sampleCount" : 1,
    "errorCount" : 0,
    "errorPct" : 0.0,
    "meanResTime" : 5311.0,
    "medianResTime" : 5311.0,
    "minResTime" : 5311.0,
    "maxResTime" : 5311.0,
    "pct1ResTime" : 5311.0,
    "pct2ResTime" : 5311.0,
    "pct3ResTime" : 5311.0,
    "throughput" : 0.18828845791752966,
    "receivedKBytesPerSec" : 5.456687770664658,
    "sentKBytesPerSec" : 0.04560111090190171
  },
  "RunPractice_2_145135_user1 1629319863477" : {
    "transaction" : "RunPractice_2_145135_user1 1629319863477",
    "sampleCount" : 1,
    "errorCount" : 0,
    "errorPct" : 0.0,
    "meanResTime" : 2116.0,
    "medianResTime" : 2116.0,
    "minResTime" : 2116.0,
    "maxResTime" : 2116.0,
    "pct1ResTime" : 2116.0,
    "pct2ResTime" : 2116.0,
    "pct3ResTime" : 2116.0,
    "throughput" : 0.4725897920604915,
    "receivedKBytesPerSec" : 13.388044216682419,
    "sentKBytesPerSec" : 0.11076323251417769
  },
  "Total" : {
    "transaction" : "Total",
    "sampleCount" : 32,
    "errorCount" : 0,
    "errorPct" : 0.0,
    "meanResTime" : 1689.875,
    "medianResTime" : 651.0,
    "minResTime" : 26.0,