Device,kB_read/s,kB_wrtn/s
loop0,0.0,0.0
sda,520.6266666666667,233.82666666666665
Device,kB_read/s,kB_wrtn/s
loop0,0.0,0.0
sda,520.6266666666667,233.82666666666665
Device,kB_read/s,kB_wrtn/s
loop0,0.0,0.0
sda,520.6266666666667,233.82666666666665
