{"%iowait": 1.0927027027027028, "%guest": 0.0, "user+system(%)": 14.8718018018018, "%sys": 1.7525225225225218, "%idle": 83.60436363636367}