{"Available Memory(Kb)": 7802295.963636364, "I/O wait(%)": 1.0454545454545454, "Idle(%)": 83.08181818181818, "sys(%)": 1.981818181818182, "user+system(%)": 15.818181818181818}