{"Disk Write(KB/s)": 156.4445666666667, "Disk Read(KB/s)": 10.722577777777778}