Device,kB_read/s,kB_wrtn/s
loop0,0.0,0.0
sda,2.1333333333333333,691.4920634920635
