{"Disk Read(KB/s)": 2.1948333333333334, "Disk Write(KB/s)": 684.8209999999998}