{"%idle": 1.4394545454545455, "%guest": 0.0, "user+system(%)": 96.78126126126128, "%sys": 3.838828828828831, "%iowait": 0.08594594594594575}