{"user+system(%)": 98.36363636363636, "I/O wait(%)": 0.06363636363636363, "sys(%)": 4.454545454545454, "Available Memory(Kb)": 2699240.327272727, "Idle(%)": 1.3454545454545455}