{"Disk Write(KB/s)": 431.4350999999997, "Disk Read(KB/s)": 27.848899999999993}