{"Idle(%)": 14.277777777777779, "user+system(%)": 84.36111111111111, "Available Memory(Kb)": 6973659.133333334, "I/O wait(%)": 1.3722222222222222}