{"Disk Write(KB/s)": 22.570761904761902, "Disk Read(KB/s)": 0.12942857142857142}