{"I/O wait(%)": 0.20476190476190476, "Available Memory(Kb)": 4250246.0, "user+system(%)": 5.066666666666666, "Idle(%)": 94.97619047619048}