{
  "AssignmentsList" : {
    "transaction" : "AssignmentsList",
    "sampleCount" : 90,
    "errorCount" : 0,
    "errorPct" : 0.0,
    "meanResTime" : 66.67777777777779,
    "medianResTime" : 53.0,
    "minResTime" : 33.0,
    "maxResTime" : 297.0,
    "pct1ResTime" : 102.80000000000001,
    "pct2ResTime" : 170.35000000000025,
    "pct3ResTime" : 297.0,
    "throughput" : 19.964507542147295,
    "receivedKBytesPerSec" : 7.644829331188998,
    "sentKBytesPerSec" : 6.492364269077196
  },
  "Get CSRF Token" : {
    "transaction" : "Get CSRF Token",
    "sampleCount" : 90,
    "errorCount" : 0,
    "errorPct" : 0.0,
    "meanResTime" : 3929.1777777777775,
    "medianResTime" : 4422.0,
    "minResTime" : 1359.0,
    "maxResTime" : 5532.0,
    "pct1ResTime" : 5111.3,
    "pct2ResTime" : 5273.15,
    "pct3ResTime" : 5532.0,
    "throughput" : 15.49853624935423,
    "receivedKBytesPerSec" : 517.7437723329601,
    "sentKBytesPerSec" : 2.073534634923368
  },
  "StudentCourses" : {
    "transaction" : "StudentCourses",
    "sampleCount" : 90,
    "errorCount" : 0,
    "errorPct" : 0.0,
    "meanResTime" : 89.59999999999997,
    "medianResTime" : 58.0,
    "minResTime" : 33.0,
    "maxResTime" : 1057.0,
    "pct1ResTime" : 141.9,
    "pct2ResTime" : 181.05,
    "pct3ResTime" : 1057.0,
    "throughput" : 21.042787000233808,
    "receivedKBytesPerSec" : 26.036338993453356,
    "sentKBytesPerSec" : 5.137399169978957
  },
  "GetSubmissionId" : {
    "transaction" : "GetSubmissionId",
    "sampleCount" : 452,
    "errorCount" : 0,
    "errorPct" : 0.0,
    "meanResTime" : 3209.4314159292053,
    "medianResTime" : 1626.5,
    "minResTime" : 233.0,
    "maxResTime" : 43190.0,
    "pct1ResTime" : 7324.399999999999,
    "pct2ResTime" : 9976.099999999988,
    "pct3ResTime" : 24968.639999999745,
    "throughput" : 1.6618930137988595,
    "receivedKBytesPerSec" : 74.605714044099,
    "sentKBytesPerSec" : 0.38788323271281977
  },
  "TestcasesResults" : {
    "transaction" : "TestcasesResults",
    "sampleCount" : 399,
    "errorCount" : 1,
    "errorPct" : 0.25062656,
    "meanResTime" : 20697.551378446133,
    "medianResTime" : 19501.0,
    "minResTime" : 4334.0,
    "maxResTime" : 82086.0,
    "pct1ResTime" : 29406.0,
    "pct2ResTime" : 34019.0,
    "pct3ResTime" : 54630.0,
    "throughput" : 1.5368615669054773,
    "receivedKBytesPerSec" : 44.81657160585664,
    "sentKBytesPerSec" : 0.3712758069486172
  },
  "Total" : {
    "transaction" : "Total",
    "sampleCount" : 2212,
    "errorCount" : 37,
    "errorPct" : 1.6726944,
    "meanResTime" : 8511.739150090418,
    "medianResTime" : 4251.0,
    "minResTime" : 14.0,
    "maxResTime" : 82086.0,
    "pct1ResTime" : 23108.000000000004,
    "pct2ResTime" : 30005.55,
    "pct3ResTime" : 50495.19999999994,
    "throughput" : 6.722464336293405,
    "receivedKBytesPerSec" : 215.41607214492808,
    "sentKBytesPerSec" : 3.3124079013648546
  },
  "Upload" : {
    "transaction" : "Upload",
    "sampleCount" : 461,
    "errorCount" : 31,
    "errorPct" : 6.724512,
    "meanResTime" : 13351.030368763557,
    "medianResTime" : 6670.0,
    "minResTime" : 205.0,
    "maxResTime" : 78128.0,
    "pct1ResTime" : 42431.80000000001,
    "pct2ResTime" : 50006.0,
    "pct3ResTime" : 68157.81999999998,
    "throughput" : 1.6809480401093893,
    "receivedKBytesPerSec" : 70.73990143573381,
    "sentKBytesPerSec" : 2.3340929808568824
  },
  "Course Page" : {
    "transaction" : "Course Page",
    "sampleCount" : 90,
    "errorCount" : 1,
    "errorPct" : 1.1111112,
    "meanResTime" : 358.74444444444435,
    "medianResTime" : 257.0,
    "minResTime" : 14.0,
    "maxResTime" : 992.0,
    "pct1ResTime" : 860.6000000000001,
    "pct2ResTime" : 918.35,
    "pct3ResTime" : 992.0,
    "throughput" : 19.300879262277505,
    "receivedKBytesPerSec" : 746.635749517478,
    "sentKBytesPerSec" : 5.573087001393952
  },
  "Login" : {
    "transaction" : "Login",
    "sampleCount" : 90,
    "errorCount" : 0,
    "errorPct" : 0.0,
    "meanResTime" : 852.6111111111111,
    "medianResTime" : 791.0,
    "minResTime" : 150.0,
    "maxResTime" : 2145.0,
    "pct1ResTime" : 1812.7000000000003,
    "pct2ResTime" : 1931.8500000000001,
    "pct3ResTime" : 2145.0,
    "throughput" : 20.21563342318059,
    "receivedKBytesPerSec" : 34.603478773584904,
    "sentKBytesPerSec" : 11.999083979110512
  },
  "RunPractice" : {
    "transaction" : "RunPractice",
    "sampleCount" : 450,
    "errorCount" : 4,
    "errorPct" : 0.8888889,
    "meanResTime" : 5527.651111111115,
    "medianResTime" : 4103.0,
    "minResTime" : 152.0,
    "maxResTime" : 50004.0,
    "pct1ResTime" : 10576.000000000002,
    "pct2ResTime" : 12257.1,
    "pct3ResTime" : 27364.43000000003,
    "throughput" : 1.6888024889195792,
    "receivedKBytesPerSec" : 47.91296850195713,
    "sentKBytesPerSec" : 0.39493349871088074
  }
}