{"%idle": 65.4068888888889, "user+system(%)": 18.584088397790055, "%iowait": 0.9981215469613269}