{"Available Memory(Kb)": 7172784.711111112, "I/O wait(%)": 0.9277777777777778, "user+system(%)": 33.56666666666667, "Idle(%)": 65.46666666666667}