{
  "AssignmentsList" : {
    "transaction" : "AssignmentsList",
    "sampleCount" : 40,
    "errorCount" : 0,
    "errorPct" : 0.0,
    "meanResTime" : 46.65,
    "medianResTime" : 42.5,
    "minResTime" : 26.0,
    "maxResTime" : 81.0,
    "pct1ResTime" : 66.9,
    "pct2ResTime" : 74.74999999999997,
    "pct3ResTime" : 81.0,
    "throughput" : 40.48582995951417,
    "receivedKBytesPerSec" : 15.696166497975709,
    "sentKBytesPerSec" : 13.086728238866398
  },
  "Get CSRF Token" : {
    "transaction" : "Get CSRF Token",
    "sampleCount" : 40,
    "errorCount" : 0,
    "errorPct" : 0.0,
    "meanResTime" : 50.57500000000002,
    "medianResTime" : 31.0,
    "minResTime" : 24.0,
    "maxResTime" : 186.0,
    "pct1ResTime" : 170.29999999999993,
    "pct2ResTime" : 183.95,
    "pct3ResTime" : 186.0,
    "throughput" : 52.15123859191656,
    "receivedKBytesPerSec" : 1393.712567226206,
    "sentKBytesPerSec" : 6.8754074315514995
  },
  "StudentCourses" : {
    "transaction" : "StudentCourses",
    "sampleCount" : 40,
    "errorCount" : 0,
    "errorPct" : 0.0,
    "meanResTime" : 76.375,
    "medianResTime" : 68.0,
    "minResTime" : 27.0,
    "maxResTime" : 181.0,
    "pct1ResTime" : 120.5,
    "pct2ResTime" : 178.24999999999994,
    "pct3ResTime" : 181.0,
    "throughput" : 48.484848484848484,
    "receivedKBytesPerSec" : 60.464015151515156,
    "sentKBytesPerSec" : 11.742424242424242
  },
  "GetSubmissionId" : {
    "transaction" : "GetSubmissionId",
    "sampleCount" : 408,
    "errorCount" : 0,
    "errorPct" : 0.0,
    "meanResTime" : 892.7279411764704,
    "medianResTime" : 678.0,
    "minResTime" : 230.0,
    "maxResTime" : 5913.0,
    "pct1ResTime" : 1851.4,
    "pct2ResTime" : 2190.4999999999995,
    "pct3ResTime" : 4682.869999999976,
    "throughput" : 1.5110495498331549,
    "receivedKBytesPerSec" : 64.33510318792567,
    "sentKBytesPerSec" : 0.34972533526411886
  },
  "TestcasesResults" : {
    "transaction" : "TestcasesResults",
    "sampleCount" : 403,
    "errorCount" : 0,
    "errorPct" : 0.0,
    "meanResTime" : 8554.727047146405,
    "medianResTime" : 8609.0,
    "minResTime" : 5199.0,
    "maxResTime" : 13828.0,
    "pct1ResTime" : 11535.0,
    "pct2ResTime" : 11801.199999999997,
    "pct3ResTime" : 13287.519999999995,
    "throughput" : 1.4972451432414056,
    "receivedKBytesPerSec" : 43.40544045315815,
    "sentKBytesPerSec" : 0.36261405812877795
  },
  "Total" : {
    "transaction" : "Total",
    "sampleCount" : 1830,
    "errorCount" : 0,
    "errorPct" : 0.0,
    "meanResTime" : 3180.634426229506,
    "medianResTime" : 2077.5,
    "minResTime" : 24.0,
    "maxResTime" : 15932.0,
    "pct1ResTime" : 9049.8,
    "pct2ResTime" : 10758.049999999988,
    "pct3ResTime" : 12997.050000000003,
    "throughput" : 5.935584314488664,
    "receivedKBytesPerSec" : 196.89867366652072,
    "sentKBytesPerSec" : 2.8398422296146735
  },
  "Upload" : {
    "transaction" : "Upload",
    "sampleCount" : 411,
    "errorCount" : 0,
    "errorPct" : 0.0,
    "meanResTime" : 2140.846715328467,
    "medianResTime" : 1321.0,
    "minResTime" : 442.0,
    "maxResTime" : 15932.0,
    "pct1ResTime" : 3576.6000000000013,
    "pct2ResTime" : 10347.999999999998,
    "pct3ResTime" : 15631.119999999999,
    "throughput" : 1.4983976988111254,
    "receivedKBytesPerSec" : 64.127070123235,
    "sentKBytesPerSec" : 1.9130325794405982
  },
  "Course Page" : {
    "transaction" : "Course Page",
    "sampleCount" : 40,
    "errorCount" : 0,
    "errorPct" : 0.0,
    "meanResTime" : 128.675,
    "medianResTime" : 89.5,
    "minResTime" : 52.0,
    "maxResTime" : 349.0,
    "pct1ResTime" : 269.79999999999995,
    "pct2ResTime" : 282.9,
    "pct3ResTime" : 349.0,
    "throughput" : 38.684719535783366,
    "receivedKBytesPerSec" : 1252.5282957567697,
    "sentKBytesPerSec" : 11.220079787234042
  },
  "Login" : {
    "transaction" : "Login",
    "sampleCount" : 40,
    "errorCount" : 0,
    "errorPct" : 0.0,
    "meanResTime" : 311.35,
    "medianResTime" : 285.0,
    "minResTime" : 112.0,
    "maxResTime" : 710.0,
    "pct1ResTime" : 514.3,
    "pct2ResTime" : 688.5999999999993,
    "pct3ResTime" : 710.0,
    "throughput" : 43.7636761487965,
    "receivedKBytesPerSec" : 75.00512855579868,
    "sentKBytesPerSec" : 25.899206783369802
  },
  "RunPractice" : {
    "transaction" : "RunPractice",
    "sampleCount" : 408,
    "errorCount" : 0,
    "errorPct" : 0.0,
    "meanResTime" : 2706.7156862745096,
    "medianResTime" : 2265.0,
    "minResTime" : 2068.0,
    "maxResTime" : 10302.0,
    "pct1ResTime" : 3939.2000000000016,
    "pct2ResTime" : 4610.1,
    "pct3ResTime" : 7129.829999999977,
    "throughput" : 1.5055628332626063,
    "receivedKBytesPerSec" : 42.67218664089743,
    "sentKBytesPerSec" : 0.3528662890459234
  }
}