{
  "AssignmentsList" : {
    "transaction" : "AssignmentsList",
    "sampleCount" : 140,
    "errorCount" : 0,
    "errorPct" : 0.0,
    "meanResTime" : 30.892857142857153,
    "medianResTime" : 31.0,
    "minResTime" : 24.0,
    "maxResTime" : 49.0,
    "pct1ResTime" : 36.0,
    "pct2ResTime" : 38.0,
    "pct3ResTime" : 46.54000000000002,
    "throughput" : 57.02647657841141,
    "receivedKBytesPerSec" : 21.89011583503055,
    "sentKBytesPerSec" : 18.433363034623216
  },
  "Get CSRF Token" : {
    "transaction" : "Get CSRF Token",
    "sampleCount" : 140,
    "errorCount" : 0,
    "errorPct" : 0.0,
    "meanResTime" : 36.62857142857142,
    "medianResTime" : 31.0,
    "minResTime" : 25.0,
    "maxResTime" : 137.0,
    "pct1ResTime" : 46.50000000000003,
    "pct2ResTime" : 91.39999999999964,
    "pct3ResTime" : 137.0,
    "throughput" : 54.94505494505494,
    "receivedKBytesPerSec" : 1468.4809470663265,
    "sentKBytesPerSec" : 7.243732829670329
  },
  "StudentCourses" : {
    "transaction" : "StudentCourses",
    "sampleCount" : 140,
    "errorCount" : 0,
    "errorPct" : 0.0,
    "meanResTime" : 34.54285714285714,
    "medianResTime" : 30.0,
    "minResTime" : 22.0,
    "maxResTime" : 80.0,
    "pct1ResTime" : 53.0,
    "pct2ResTime" : 62.0,
    "pct3ResTime" : 77.54000000000002,
    "throughput" : 56.42885933091495,
    "receivedKBytesPerSec" : 70.41011688835148,
    "sentKBytesPerSec" : 13.666364369205967
  },
  "GetSubmissionId" : {
    "transaction" : "GetSubmissionId",
    "sampleCount" : 892,
    "errorCount" : 1,
    "errorPct" : 0.11210762,
    "meanResTime" : 1083.3654708520191,
    "medianResTime" : 597.0,
    "minResTime" : 14.0,
    "maxResTime" : 19813.0,
    "pct1ResTime" : 2125.4,
    "pct2ResTime" : 4575.499999999999,
    "pct3ResTime" : 5335.369999999994,
    "throughput" : 3.294381823285222,
    "receivedKBytesPerSec" : 146.03927307313748,
    "sentKBytesPerSec" : 0.7616144444516257
  },
  "TestcasesResults" : {
    "transaction" : "TestcasesResults",
    "sampleCount" : 804,
    "errorCount" : 2,
    "errorPct" : 0.24875621,
    "meanResTime" : 25193.415422885566,
    "medianResTime" : 26667.5,
    "minResTime" : 6488.0,
    "maxResTime" : 31582.0,
    "pct1ResTime" : 28357.5,
    "pct2ResTime" : 29008.5,
    "pct3ResTime" : 30601.05,
    "throughput" : 2.7725189576156337,
    "receivedKBytesPerSec" : 80.1896189920135,
    "sentKBytesPerSec" : 0.6697991130698061
  },
  "Total" : {
    "transaction" : "Total",
    "sampleCount" : 4183,
    "errorCount" : 4,
    "errorPct" : 0.09562515,
    "meanResTime" : 6394.9911546736785,
    "medianResTime" : 1565.0,
    "minResTime" : 0.0,
    "maxResTime" : 31582.0,
    "pct1ResTime" : 26565.199999999997,
    "pct2ResTime" : 27642.6,
    "pct3ResTime" : 28986.079999999994,
    "throughput" : 12.722909449261962,
    "receivedKBytesPerSec" : 415.8408888756665,
    "sentKBytesPerSec" : 6.254874837275722
  },
  "Upload" : {
    "transaction" : "Upload",
    "sampleCount" : 896,
    "errorCount" : 0,
    "errorPct" : 0.0,
    "meanResTime" : 3384.609374999999,
    "medianResTime" : 1103.0,
    "minResTime" : 619.0,
    "maxResTime" : 29616.0,
    "pct1ResTime" : 12363.500000000002,
    "pct2ResTime" : 17547.3,
    "pct3ResTime" : 26139.739999999998,
    "throughput" : 3.2440847951628378,
    "receivedKBytesPerSec" : 144.66699888778763,
    "sentKBytesPerSec" : 4.4401197240627095
  },
  "Course Page" : {
    "transaction" : "Course Page",
    "sampleCount" : 140,
    "errorCount" : 0,
    "errorPct" : 0.0,
    "meanResTime" : 65.15714285714287,
    "medianResTime" : 63.0,
    "minResTime" : 52.0,
    "maxResTime" : 146.0,
    "pct1ResTime" : 75.9,
    "pct2ResTime" : 79.89999999999998,
    "pct3ResTime" : 141.08000000000004,
    "throughput" : 55.88822355289421,
    "receivedKBytesPerSec" : 1809.7652351546908,
    "sentKBytesPerSec" : 16.209767964071858
  },
  "Login" : {
    "transaction" : "Login",
    "sampleCount" : 140,
    "errorCount" : 0,
    "errorPct" : 0.0,
    "meanResTime" : 126.91428571428561,
    "medianResTime" : 117.0,
    "minResTime" : 82.0,
    "maxResTime" : 239.0,
    "pct1ResTime" : 180.0,
    "pct2ResTime" : 189.89999999999998,
    "pct3ResTime" : 239.0,
    "throughput" : 55.09641873278237,
    "receivedKBytesPerSec" : 94.42794421487604,
    "sentKBytesPerSec" : 32.60588842975207
  },
  "RunPractice" : {
    "transaction" : "RunPractice",
    "sampleCount" : 891,
    "errorCount" : 1,
    "errorPct" : 0.112233445,
    "meanResTime" : 2754.8720538720568,
    "medianResTime" : 2445.0,
    "minResTime" : 0.0,
    "maxResTime" : 7855.0,
    "pct1ResTime" : 3800.000000000002,
    "pct2ResTime" : 4591.599999999999,
    "pct3ResTime" : 5906.760000000002,
    "throughput" : 3.291819219643035,
    "receivedKBytesPerSec" : 93.1862390134148,
    "sentKBytesPerSec" : 0.7706542259791408
  }
}