{
  "AssignmentsList" : {
    "transaction" : "AssignmentsList",
    "sampleCount" : 80,
    "errorCount" : 0,
    "errorPct" : 0.0,
    "meanResTime" : 103.56250000000004,
    "medianResTime" : 50.5,
    "minResTime" : 27.0,
    "maxResTime" : 415.0,
    "pct1ResTime" : 265.70000000000016,
    "pct2ResTime" : 365.9,
    "pct3ResTime" : 415.0,
    "throughput" : 52.910052910052904,
    "receivedKBytesPerSec" : 20.29984085648148,
    "sentKBytesPerSec" : 17.102761243386244
  },
  "Get CSRF Token" : {
    "transaction" : "Get CSRF Token",
    "sampleCount" : 80,
    "errorCount" : 0,
    "errorPct" : 0.0,
    "meanResTime" : 3426.7374999999997,
    "medianResTime" : 3413.5,
    "minResTime" : 2912.0,
    "maxResTime" : 4171.0,
    "pct1ResTime" : 3957.2000000000003,
    "pct2ResTime" : 4015.85,
    "pct3ResTime" : 4171.0,
    "throughput" : 18.29407729247656,
    "receivedKBytesPerSec" : 488.9020695174937,
    "sentKBytesPerSec" : 2.4118168305511087
  },
  "StudentCourses" : {
    "transaction" : "StudentCourses",
    "sampleCount" : 80,
    "errorCount" : 0,
    "errorPct" : 0.0,
    "meanResTime" : 143.45,
    "medianResTime" : 66.5,
    "minResTime" : 26.0,
    "maxResTime" : 522.0,
    "pct1ResTime" : 369.30000000000007,
    "pct2ResTime" : 453.7500000000001,
    "pct3ResTime" : 522.0,
    "throughput" : 36.36363636363636,
    "receivedKBytesPerSec" : 45.37464488636363,
    "sentKBytesPerSec" : 8.806818181818182
  },
  "GetSubmissionId" : {
    "transaction" : "GetSubmissionId",
    "sampleCount" : 777,
    "errorCount" : 1,
    "errorPct" : 0.12870012,
    "meanResTime" : 747.7992277992279,
    "medianResTime" : 463.0,
    "minResTime" : 95.0,
    "maxResTime" : 16755.0,
    "pct1ResTime" : 1336.6000000000013,
    "pct2ResTime" : 2034.499999999996,
    "pct3ResTime" : 3279.88,
    "throughput" : 3.0177335539347054,
    "receivedKBytesPerSec" : 134.29890202391078,
    "sentKBytesPerSec" : 0.6975413918859087
  },
  "TestcasesResults" : {
    "transaction" : "TestcasesResults",
    "sampleCount" : 749,
    "errorCount" : 1,
    "errorPct" : 0.13351135,
    "meanResTime" : 8290.339118825108,
    "medianResTime" : 8470.0,
    "minResTime" : 5248.0,
    "maxResTime" : 17249.0,
    "pct1ResTime" : 9850.0,
    "pct2ResTime" : 11947.0,
    "pct3ResTime" : 15617.5,
    "throughput" : 2.954495250717915,
    "receivedKBytesPerSec" : 85.54477866802164,
    "sentKBytesPerSec" : 0.714586489002493
  },
  "Total" : {
    "transaction" : "Total",
    "sampleCount" : 3479,
    "errorCount" : 4,
    "errorPct" : 0.114975564,
    "meanResTime" : 3421.3351537798203,
    "medianResTime" : 2092.0,
    "minResTime" : 26.0,
    "maxResTime" : 35776.0,
    "pct1ResTime" : 8692.0,
    "pct2ResTime" : 9608.0,
    "pct3ResTime" : 20639.399999999958,
    "throughput" : 11.231384601477933,
    "receivedKBytesPerSec" : 380.8517171575219,
    "sentKBytesPerSec" : 5.6173316906478306
  },
  "Upload" : {
    "transaction" : "Upload",
    "sampleCount" : 778,
    "errorCount" : 2,
    "errorPct" : 0.2570694,
    "meanResTime" : 3451.625964010279,
    "medianResTime" : 959.0,
    "minResTime" : 405.0,
    "maxResTime" : 35776.0,
    "pct1ResTime" : 9797.5,
    "pct2ResTime" : 20130.049999999996,
    "pct3ResTime" : 35487.35,
    "throughput" : 2.9053158317306793,
    "receivedKBytesPerSec" : 129.76627850934517,
    "sentKBytesPerSec" : 4.000527475400041
  },
  "Course Page" : {
    "transaction" : "Course Page",
    "sampleCount" : 80,
    "errorCount" : 0,
    "errorPct" : 0.0,
    "meanResTime" : 268.9,
    "medianResTime" : 241.0,
    "minResTime" : 57.0,
    "maxResTime" : 635.0,
    "pct1ResTime" : 549.8,
    "pct2ResTime" : 589.85,
    "pct3ResTime" : 635.0,
    "throughput" : 41.797283176593524,
    "receivedKBytesPerSec" : 1353.4406225509406,
    "sentKBytesPerSec" : 12.122844827586208
  },
  "Login" : {
    "transaction" : "Login",
    "sampleCount" : 80,
    "errorCount" : 0,
    "errorPct" : 0.0,
    "meanResTime" : 2217.7625000000003,
    "medianResTime" : 2476.5,
    "minResTime" : 1049.0,
    "maxResTime" : 3674.0,
    "pct1ResTime" : 2664.5,
    "pct2ResTime" : 2726.9,
    "pct3ResTime" : 3674.0,
    "throughput" : 20.39255671679837,
    "receivedKBytesPerSec" : 34.950133826153454,
    "sentKBytesPerSec" : 12.068251338261534
  },
  "RunPractice" : {
    "transaction" : "RunPractice",
    "sampleCount" : 775,
    "errorCount" : 0,
    "errorPct" : 0.0,
    "meanResTime" : 2495.6425806451634,
    "medianResTime" : 2256.0,
    "minResTime" : 101.0,
    "maxResTime" : 5580.0,
    "pct1ResTime" : 3258.7999999999997,
    "pct2ResTime" : 3764.0,
    "pct3ResTime" : 4272.04,
    "throughput" : 3.0056467376128575,
    "receivedKBytesPerSec" : 85.16762116149825,
    "sentKBytesPerSec" : 0.7044484541280134
  }
}