{
  "AssignmentsList" : {
    "transaction" : "AssignmentsList",
    "sampleCount" : 180,
    "errorCount" : 0,
    "errorPct" : 0.0,
    "meanResTime" : 31.666666666666664,
    "medianResTime" : 31.0,
    "minResTime" : 25.0,
    "maxResTime" : 60.0,
    "pct1ResTime" : 37.0,
    "pct2ResTime" : 39.0,
    "pct3ResTime" : 57.56999999999999,
    "throughput" : 60.83136194660358,
    "receivedKBytesPerSec" : 23.293606370395402,
    "sentKBytesPerSec" : 19.6632625042244
  },
  "Get CSRF Token" : {
    "transaction" : "Get CSRF Token",
    "sampleCount" : 180,
    "errorCount" : 0,
    "errorPct" : 0.0,
    "meanResTime" : 34.33888888888888,
    "medianResTime" : 30.0,
    "minResTime" : 25.0,
    "maxResTime" : 128.0,
    "pct1ResTime" : 37.0,
    "pct2ResTime" : 58.69999999999993,
    "pct3ResTime" : 126.38,
    "throughput" : 58.384690236782355,
    "receivedKBytesPerSec" : 1560.4075018245214,
    "sentKBytesPerSec" : 7.697200373013298
  },
  "StudentCourses" : {
    "transaction" : "StudentCourses",
    "sampleCount" : 180,
    "errorCount" : 0,
    "errorPct" : 0.0,
    "meanResTime" : 37.46666666666666,
    "medianResTime" : 30.0,
    "minResTime" : 22.0,
    "maxResTime" : 151.0,
    "pct1ResTime" : 63.0,
    "pct2ResTime" : 71.94999999999999,
    "pct3ResTime" : 139.65999999999997,
    "throughput" : 60.93432633716994,
    "receivedKBytesPerSec" : 76.0422837677725,
    "sentKBytesPerSec" : 14.757532159783343
  },
  "GetSubmissionId" : {
    "transaction" : "GetSubmissionId",
    "sampleCount" : 934,
    "errorCount" : 2,
    "errorPct" : 0.21413276,
    "meanResTime" : 1607.3115631691653,
    "medianResTime" : 738.0,
    "minResTime" : 16.0,
    "maxResTime" : 21671.0,
    "pct1ResTime" : 3977.5,
    "pct2ResTime" : 6966.75,
    "pct3ResTime" : 11615.349999999997,
    "throughput" : 3.460951279884981,
    "receivedKBytesPerSec" : 154.7746367842334,
    "sentKBytesPerSec" : 0.7993057022322024
  },
  "TestcasesResults" : {
    "transaction" : "TestcasesResults",
    "sampleCount" : 807,
    "errorCount" : 0,
    "errorPct" : 0.0,
    "meanResTime" : 33468.50061957866,
    "medianResTime" : 37043.0,
    "minResTime" : 6849.0,
    "maxResTime" : 43838.0,
    "pct1ResTime" : 39691.0,
    "pct2ResTime" : 40288.8,
    "pct3ResTime" : 41346.399999999994,
    "throughput" : 2.7207352390841875,
    "receivedKBytesPerSec" : 78.87212162457732,
    "sentKBytesPerSec" : 0.6589280657157017
  },
  "Total" : {
    "transaction" : "Total",
    "sampleCount" : 4514,
    "errorCount" : 4,
    "errorPct" : 0.088613205,
    "meanResTime" : 8076.32853345148,
    "medianResTime" : 1753.5,
    "minResTime" : 16.0,
    "maxResTime" : 43838.0,
    "pct1ResTime" : 36807.0,
    "pct2ResTime" : 38144.5,
    "pct3ResTime" : 40230.600000000006,
    "throughput" : 13.27900922235133,
    "receivedKBytesPerSec" : 426.8733935347934,
    "sentKBytesPerSec" : 6.533576157022666
  },
  "Upload" : {
    "transaction" : "Upload",
    "sampleCount" : 941,
    "errorCount" : 2,
    "errorPct" : 0.21253985,
    "meanResTime" : 5216.419766206168,
    "medianResTime" : 1284.0,
    "minResTime" : 70.0,
    "maxResTime" : 37418.0,
    "pct1ResTime" : 25289.600000000002,
    "pct2ResTime" : 28312.5,
    "pct3ResTime" : 36434.48,
    "throughput" : 3.4070625038469755,
    "receivedKBytesPerSec" : 153.12593770026902,
    "sentKBytesPerSec" : 4.732822886833749
  },
  "Course Page" : {
    "transaction" : "Course Page",
    "sampleCount" : 180,
    "errorCount" : 0,
    "errorPct" : 0.0,
    "meanResTime" : 66.36666666666666,
    "medianResTime" : 63.0,
    "minResTime" : 54.0,
    "maxResTime" : 125.0,
    "pct1ResTime" : 79.0,
    "pct2ResTime" : 94.64999999999992,
    "pct3ResTime" : 125.0,
    "throughput" : 59.92010652463382,
    "receivedKBytesPerSec" : 1940.3194828769974,
    "sentKBytesPerSec" : 17.379171521304926
  },
  "Login" : {
    "transaction" : "Login",
    "sampleCount" : 180,
    "errorCount" : 0,
    "errorPct" : 0.0,
    "meanResTime" : 137.3111111111111,
    "medianResTime" : 107.5,
    "minResTime" : 74.0,
    "maxResTime" : 347.0,
    "pct1ResTime" : 242.9,
    "pct2ResTime" : 286.95,
    "pct3ResTime" : 320.2699999999999,
    "throughput" : 58.99705014749262,
    "receivedKBytesPerSec" : 101.11310840707964,
    "sentKBytesPerSec" : 34.91426991150442
  },
  "RunPractice" : {
    "transaction" : "RunPractice",
    "sampleCount" : 932,
    "errorCount" : 0,
    "errorPct" : 0.0,
    "meanResTime" : 3199.892703862658,
    "medianResTime" : 2620.5,
    "minResTime" : 131.0,
    "maxResTime" : 14162.0,
    "pct1ResTime" : 5260.800000000001,
    "pct2ResTime" : 6676.399999999996,
    "pct3ResTime" : 10217.669999999996,
    "throughput" : 3.462920371409356,
    "receivedKBytesPerSec" : 98.13824850935583,
    "sentKBytesPerSec" : 0.8116219620490679
  }
}