{
  "AssignmentsList" : {
    "transaction" : "AssignmentsList",
    "sampleCount" : 100,
    "errorCount" : 0,
    "errorPct" : 0.0,
    "meanResTime" : 33.93,
    "medianResTime" : 32.0,
    "minResTime" : 25.0,
    "maxResTime" : 69.0,
    "pct1ResTime" : 42.900000000000006,
    "pct2ResTime" : 56.74999999999994,
    "pct3ResTime" : 68.94999999999997,
    "throughput" : 55.5247084952804,
    "receivedKBytesPerSec" : 21.22844079677957,
    "sentKBytesPerSec" : 17.947928234314272
  },
  "Get CSRF Token" : {
    "transaction" : "Get CSRF Token",
    "sampleCount" : 100,
    "errorCount" : 0,
    "errorPct" : 0.0,
    "meanResTime" : 38.089999999999996,
    "medianResTime" : 31.0,
    "minResTime" : 25.0,
    "maxResTime" : 133.0,
    "pct1ResTime" : 43.900000000000006,
    "pct2ResTime" : 122.0999999999998,
    "pct3ResTime" : 133.0,
    "throughput" : 54.200542005420054,
    "receivedKBytesPerSec" : 1448.583058096206,
    "sentKBytesPerSec" : 7.145579268292683
  },
  "StudentCourses" : {
    "transaction" : "StudentCourses",
    "sampleCount" : 100,
    "errorCount" : 0,
    "errorPct" : 0.0,
    "meanResTime" : 34.179999999999986,
    "medianResTime" : 30.0,
    "minResTime" : 22.0,
    "maxResTime" : 69.0,
    "pct1ResTime" : 52.900000000000006,
    "pct2ResTime" : 61.94999999999999,
    "pct3ResTime" : 68.99,
    "throughput" : 56.33802816901409,
    "receivedKBytesPerSec" : 70.3125,
    "sentKBytesPerSec" : 13.6443661971831
  },
  "GetSubmissionId" : {
    "transaction" : "GetSubmissionId",
    "sampleCount" : 874,
    "errorCount" : 0,
    "errorPct" : 0.0,
    "meanResTime" : 1077.3913043478262,
    "medianResTime" : 550.5,
    "minResTime" : 278.0,
    "maxResTime" : 7701.0,
    "pct1ResTime" : 1883.5,
    "pct2ResTime" : 6419.5,
    "pct3ResTime" : 7665.0,
    "throughput" : 3.2206237839750016,
    "receivedKBytesPerSec" : 145.42907243432546,
    "sentKBytesPerSec" : 0.7453982781270267
  },
  "TestcasesResults" : {
    "transaction" : "TestcasesResults",
    "sampleCount" : 827,
    "errorCount" : 1,
    "errorPct" : 0.12091898,
    "meanResTime" : 13159.382103990321,
    "medianResTime" : 12871.0,
    "minResTime" : 5261.0,
    "maxResTime" : 25132.0,
    "pct1ResTime" : 15692.2,
    "pct2ResTime" : 16399.59999999999,
    "pct3ResTime" : 19778.04,
    "throughput" : 3.0004099713745647,
    "receivedKBytesPerSec" : 86.8766197327295,
    "sentKBytesPerSec" : 0.7257831178867244
  },
  "Total" : {
    "transaction" : "Total",
    "sampleCount" : 3951,
    "errorCount" : 1,
    "errorPct" : 0.025310049,
    "meanResTime" : 4232.528220703613,
    "medianResTime" : 1851.0,
    "minResTime" : 22.0,
    "maxResTime" : 25132.0,
    "pct1ResTime" : 13871.2,
    "pct2ResTime" : 15258.999999999996,
    "pct3ResTime" : 19758.36,
    "throughput" : 12.61772229514165,
    "receivedKBytesPerSec" : 428.7633223495119,
    "sentKBytesPerSec" : 6.405690629480953
  },
  "Upload" : {
    "transaction" : "Upload",
    "sampleCount" : 881,
    "errorCount" : 0,
    "errorPct" : 0.0,
    "meanResTime" : 2648.794551645857,
    "medianResTime" : 1100.0,
    "minResTime" : 613.0,
    "maxResTime" : 22850.0,
    "pct1ResTime" : 3870.6000000000017,
    "pct2ResTime" : 17606.7,
    "pct3ResTime" : 22044.76,
    "throughput" : 3.2012383450942203,
    "receivedKBytesPerSec" : 145.2733822856787,
    "sentKBytesPerSec" : 4.512649444870387
  },
  "Course Page" : {
    "transaction" : "Course Page",
    "sampleCount" : 100,
    "errorCount" : 0,
    "errorPct" : 0.0,
    "meanResTime" : 78.40999999999998,
    "medianResTime" : 69.0,
    "minResTime" : 54.0,
    "maxResTime" : 130.0,
    "pct1ResTime" : 115.0,
    "pct2ResTime" : 120.94999999999999,
    "pct3ResTime" : 129.98,
    "throughput" : 53.93743257820928,
    "receivedKBytesPerSec" : 1746.5772906553398,
    "sentKBytesPerSec" : 15.643962378640776
  },
  "Login" : {
    "transaction" : "Login",
    "sampleCount" : 100,
    "errorCount" : 0,
    "errorPct" : 0.0,
    "meanResTime" : 131.1,
    "medianResTime" : 124.5,
    "minResTime" : 79.0,
    "maxResTime" : 224.0,
    "pct1ResTime" : 187.50000000000003,
    "pct2ResTime" : 201.95,
    "pct3ResTime" : 224.0,
    "throughput" : 53.67686527106817,
    "receivedKBytesPerSec" : 91.99501811594203,
    "sentKBytesPerSec" : 31.76580112721417
  },
  "RunPractice" : {
    "transaction" : "RunPractice",
    "sampleCount" : 869,
    "errorCount" : 0,
    "errorPct" : 0.0,
    "meanResTime" : 2914.972382048332,
    "medianResTime" : 2398.0,
    "minResTime" : 2077.0,
    "maxResTime" : 13439.0,
    "pct1ResTime" : 3787.0,
    "pct2ResTime" : 6205.5,
    "pct3ResTime" : 10841.599999999999,
    "throughput" : 3.198003915622746,
    "receivedKBytesPerSec" : 90.61167546286414,
    "sentKBytesPerSec" : 0.749532167724081
  }
}