{
  "AssignmentsList" : {
    "transaction" : "AssignmentsList",
    "sampleCount" : 20,
    "errorCount" : 0,
    "errorPct" : 0.0,
    "meanResTime" : 44.199999999999996,
    "medianResTime" : 36.5,
    "minResTime" : 29.0,
    "maxResTime" : 83.0,
    "pct1ResTime" : 66.7,
    "pct2ResTime" : 82.19999999999999,
    "pct3ResTime" : 83.0,
    "throughput" : 40.983606557377044,
    "receivedKBytesPerSec" : 15.889152151639344,
    "sentKBytesPerSec" : 13.247630635245901
  },
  "Get CSRF Token" : {
    "transaction" : "Get CSRF Token",
    "sampleCount" : 20,
    "errorCount" : 0,
    "errorPct" : 0.0,
    "meanResTime" : 56.2,
    "medianResTime" : 30.5,
    "minResTime" : 24.0,
    "maxResTime" : 141.0,
    "pct1ResTime" : 139.5,
    "pct2ResTime" : 140.95,
    "pct3ResTime" : 141.0,
    "throughput" : 49.382716049382715,
    "receivedKBytesPerSec" : 1319.753086419753,
    "sentKBytesPerSec" : 6.510416666666666
  },
  "StudentCourses" : {
    "transaction" : "StudentCourses",
    "sampleCount" : 20,
    "errorCount" : 0,
    "errorPct" : 0.0,
    "meanResTime" : 78.64999999999999,
    "medianResTime" : 72.0,
    "minResTime" : 26.0,
    "maxResTime" : 169.0,
    "pct1ResTime" : 139.90000000000003,
    "pct2ResTime" : 167.59999999999997,
    "pct3ResTime" : 169.0,
    "throughput" : 40.48582995951417,
    "receivedKBytesPerSec" : 50.4886766194332,
    "sentKBytesPerSec" : 9.805161943319838
  },
  "GetSubmissionId" : {
    "transaction" : "GetSubmissionId",
    "sampleCount" : 243,
    "errorCount" : 0,
    "errorPct" : 0.0,
    "meanResTime" : 406.4485596707818,
    "medianResTime" : 315.0,
    "minResTime" : 230.0,
    "maxResTime" : 2338.0,
    "pct1ResTime" : 679.4,
    "pct2ResTime" : 870.5999999999995,
    "pct3ResTime" : 1472.24,
    "throughput" : 0.8993637833976705,
    "receivedKBytesPerSec" : 38.29006465565101,
    "sentKBytesPerSec" : 0.20815353189965619
  },
  "TestcasesResults" : {
    "transaction" : "TestcasesResults",
    "sampleCount" : 238,
    "errorCount" : 0,
    "errorPct" : 0.0,
    "meanResTime" : 5988.02521008403,
    "medianResTime" : 5310.5,
    "minResTime" : 5200.0,
    "maxResTime" : 9958.0,
    "pct1ResTime" : 8435.2,
    "pct2ResTime" : 9053.3,
    "pct3ResTime" : 9472.669999999998,
    "throughput" : 0.8879172371597094,
    "receivedKBytesPerSec" : 25.74135507759016,
    "sentKBytesPerSec" : 0.21504245587461712
  },
  "Total" : {
    "transaction" : "Total",
    "sampleCount" : 1067,
    "errorCount" : 0,
    "errorPct" : 0.0,
    "meanResTime" : 2168.6382380506125,
    "medianResTime" : 1100.0,
    "minResTime" : 24.0,
    "maxResTime" : 9958.0,
    "pct1ResTime" : 5351.6,
    "pct2ResTime" : 6088.799999999996,
    "pct3ResTime" : 9059.32,
    "throughput" : 3.5099723347072778,
    "receivedKBytesPerSec" : 117.70478826367393,
    "sentKBytesPerSec" : 1.686236059414588
  },
  "Upload" : {
    "transaction" : "Upload",
    "sampleCount" : 243,
    "errorCount" : 0,
    "errorPct" : 0.0,
    "meanResTime" : 976.3827160493825,
    "medianResTime" : 619.0,
    "minResTime" : 449.0,
    "maxResTime" : 7080.0,
    "pct1ResTime" : 1767.6,
    "pct2ResTime" : 2545.7999999999984,
    "pct3ResTime" : 6350.92,
    "throughput" : 0.8950342175632969,
    "receivedKBytesPerSec" : 38.3040236772002,
    "sentKBytesPerSec" : 1.1424894244156496
  },
  "Course Page" : {
    "transaction" : "Course Page",
    "sampleCount" : 20,
    "errorCount" : 0,
    "errorPct" : 0.0,
    "meanResTime" : 96.3,
    "medianResTime" : 86.5,
    "minResTime" : 57.0,
    "maxResTime" : 153.0,
    "pct1ResTime" : 147.90000000000003,
    "pct2ResTime" : 152.85,
    "pct3ResTime" : 153.0,
    "throughput" : 37.31343283582089,
    "receivedKBytesPerSec" : 1208.1371705923507,
    "sentKBytesPerSec" : 10.822353078358208
  },
  "Login" : {
    "transaction" : "Login",
    "sampleCount" : 20,
    "errorCount" : 0,
    "errorPct" : 0.0,
    "meanResTime" : 232.64999999999998,
    "medianResTime" : 191.5,
    "minResTime" : 101.0,
    "maxResTime" : 545.0,
    "pct1ResTime" : 470.0,
    "pct2ResTime" : 541.3,
    "pct3ResTime" : 545.0,
    "throughput" : 36.29764065335753,
    "receivedKBytesPerSec" : 62.20933529945553,
    "sentKBytesPerSec" : 21.480830308529942
  },
  "RunPractice" : {
    "transaction" : "RunPractice",
    "sampleCount" : 243,
    "errorCount" : 0,
    "errorPct" : 0.0,
    "meanResTime" : 2232.9176954732493,
    "medianResTime" : 2098.0,
    "minResTime" : 2066.0,
    "maxResTime" : 4497.0,
    "pct1ResTime" : 2594.8,
    "pct2ResTime" : 2904.6,
    "pct3ResTime" : 4061.6800000000007,
    "throughput" : 0.8976760165349705,
    "receivedKBytesPerSec" : 25.442559413315156,
    "sentKBytesPerSec" : 0.2103928163753837
  }
}