Device,kB_read/s,kB_wrtn/s
loop0,0.0,0.0
sda,22.996825396825397,110.26031746031747
