{"%idle": 0.0, "user+system(%)": 97.1437837837838, "%sys": 5.251711711711712, "%guest": 0.0, "%iowait": 0.0}