{"Idle(%)": 0.0, "sys(%)": 6.081818181818182, "user+system(%)": 100.26363636363637, "Available Memory(Kb)": 7427660.4363636365, "I/O wait(%)": 0.0}