Device,kB_read/s,kB_wrtn/s
loop0,0.0,0.0
sda,9.838674033149172,141.00773480662983
