{"Disk Read(KB/s)": 8.574744444444441, "Disk Write(KB/s)": 146.05386666666675}