{"%idle": 87.57238888888885, "%iowait": 0.8313812154696139, "user+system(%)": 8.962541436464093}