{"Idle(%)": 87.81111111111112, "Available Memory(Kb)": 9487051.666666666, "I/O wait(%)": 0.8055555555555556, "user+system(%)": 11.63888888888889}