Device,kB_read/s,kB_wrtn/s
loop0,0.0,0.0
sda,0.06451612903225806,765.8709677419355
