{"Disk Read(KB/s)": 0.06216666666666666, "Disk Write(KB/s)": 733.4596333333329}