{"user+system(%)": 66.84315315315317, "%idle": 30.091090909090923, "%iowait": 1.2490990990990989}