{"user+system(%)": 1.3718957345971563, "%idle": 95.2605714285714, "%iowait": 0.16028436018957345}