{"Idle(%)": 95.28571428571429, "user+system(%)": 4.852380952380952, "Available Memory(Kb)": 4197901.695238095, "I/O wait(%)": 0.18095238095238095}