Device,kB_read/s,kB_wrtn/s
loop0,0.0,0.0
sda,3.3836065573770493,781.2852459016393
