{"Disk Read(KB/s)": 3.3471666666666673, "Disk Write(KB/s)": 766.3245000000001}