{"user+system(%)": 80.20513513513515, "%iowait": 0.9646846846846848, "%idle": 17.387999999999987}