{"Available Memory(Kb)": 6305042.581818182, "user+system(%)": 81.76363636363637, "I/O wait(%)": 0.9727272727272728, "Idle(%)": 17.272727272727273}