Device,kB_read/s,kB_wrtn/s
loop0,0.0,0.0
sda,554.4126984126984,809.3714285714286
