{"Available Memory(Kb)": 2155419.1272727274, "Idle(%)": 9.236363636363636, "user+system(%)": 89.26363636363637, "I/O wait(%)": 1.4727272727272727}