Device,kB_read/s,kB_wrtn/s
loop0,0.0,0.0
sda,16.061878453038673,147.08950276243093
