{"Disk Write(KB/s)": 120.72758888888892, "Disk Read(KB/s)": 10.807955555555555}