Device,kB_read/s,kB_wrtn/s
loop0,0.0,0.0
sda,204.43232323232323,301.6121212121212
