{"Disk Read(KB/s)": 212.71237777777768, "Disk Write(KB/s)": 311.3901777777778}