{"%iowait": 1.3319889502762432, "user+system(%)": 8.132375690607734, "%idle": 89.92944444444444}