{"Available Memory(Kb)": 10782210.222222222, "user+system(%)": 8.605555555555556, "I/O wait(%)": 1.3833333333333333, "Idle(%)": 89.94444444444444}