{"user+system(%)": 25.15502762430939, "%idle": 69.33222222222221, "%iowait": 1.1520994475138118}