{"user+system(%)": 29.505555555555556, "I/O wait(%)": 1.0888888888888888, "Available Memory(Kb)": 7209385.955555555, "Idle(%)": 69.18888888888888}