Device,kB_read/s,kB_wrtn/s
loop0,0.0,0.0
sda,5.503296703296703,152.64615384615385
