{"Available Memory(Kb)": 7252247.133333334, "Idle(%)": 10.088888888888889, "user+system(%)": 89.33888888888889, "I/O wait(%)": 0.55}