{"Disk Write(KB/s)": 1154.0636666666667, "Disk Read(KB/s)": 34.04783333333334}