Device,kB_read/s,kB_wrtn/s
loop0,0.0,0.0
sda,16.16774193548387,1027.8709677419354
