{"%idle": 0.6484545454545456, "user+system(%)": 97.48306306306306, "%iowait": 0.15081081081081082}