{"user+system(%)": 98.88181818181818, "Available Memory(Kb)": 6084463.818181818, "Idle(%)": 0.8909090909090909, "I/O wait(%)": 0.17272727272727273}