Device,kB_read/s,kB_wrtn/s
loop0,0.0,0.0
sda,30.504918032786886,873.311475409836
