{"%idle": 2.5811818181818174, "%iowait": 0.3073873873873876, "user+system(%)": 95.4581981981982}