{"I/O wait(%)": 0.35454545454545455, "Available Memory(Kb)": 2691109.4909090907, "Idle(%)": 2.909090909090909, "user+system(%)": 96.64545454545454}