{"Disk Read(KB/s)": 2525.7292666666667, "Disk Write(KB/s)": 1955.4517666666673}