{"I/O wait(%)": 14.981818181818182, "Idle(%)": 81.63636363636364, "user+system(%)": 3.290909090909091, "Available Memory(Kb)": 12969902.61818182}