Device,kB_read/s,kB_wrtn/s
loop0,0.0,0.0
sda,2.933333333333333,99.80740740740741
