{"%idle": 98.04566666666668, "%iowait": 0.09491803278688521, "user+system(%)": 1.3457377049180324}