{"Available Memory(Kb)": 10060563.866666667, "I/O wait(%)": 0.03333333333333333, "Idle(%)": 98.06666666666666, "user+system(%)": 1.55}