Device,kB_read/s,kB_wrtn/s
loop0,0.0,0.0
sda,1083.5965811965812,754.8341880341881
