{"Disk Write(KB/s)": 826.0888444444429, "Disk Read(KB/s)": 1218.532977777779}