{"%idle": 77.72977777777776, "%iowait": 14.471381215469632, "user+system(%)": 5.713756906077345}