{"user+system(%)": 7.944444444444445, "Available Memory(Kb)": 11947918.266666668, "Idle(%)": 77.59444444444445, "I/O wait(%)": 14.5}