{"Disk Write(KB/s)": 631.9766666666667, "Disk Read(KB/s)": 12.487999999999998}