{"user+system(%)": 98.19792792792789, "%idle": 0.1602727272727274, "%sys": 3.932702702702704, "%iowait": 0.016396396396396395, "%guest": 0.0}