{"Idle(%)": 0.14545454545454545, "sys(%)": 4.5181818181818185, "user+system(%)": 99.82727272727273, "Available Memory(Kb)": 6942637.527272727, "I/O wait(%)": 0.0}