{
  "AssignmentsList" : {
    "transaction" : "AssignmentsList",
    "sampleCount" : 70,
    "errorCount" : 0,
    "errorPct" : 0.0,
    "meanResTime" : 89.15714285714284,
    "medianResTime" : 67.5,
    "minResTime" : 36.0,
    "maxResTime" : 209.0,
    "pct1ResTime" : 171.7,
    "pct2ResTime" : 198.45,
    "pct3ResTime" : 209.0,
    "throughput" : 11.541632316570487,
    "receivedKBytesPerSec" : 4.439213211046991,
    "sentKBytesPerSec" : 3.753284727947238
  },
  "Get CSRF Token" : {
    "transaction" : "Get CSRF Token",
    "sampleCount" : 70,
    "errorCount" : 0,
    "errorPct" : 0.0,
    "meanResTime" : 1417.6714285714288,
    "medianResTime" : 346.0,
    "minResTime" : 49.0,
    "maxResTime" : 6275.0,
    "pct1ResTime" : 5379.599999999999,
    "pct2ResTime" : 5530.5,
    "pct3ResTime" : 6275.0,
    "throughput" : 10.558069381598793,
    "receivedKBytesPerSec" : 352.69519466440426,
    "sentKBytesPerSec" : 1.4125542043740573
  },
  "StudentCourses" : {
    "transaction" : "StudentCourses",
    "sampleCount" : 70,
    "errorCount" : 0,
    "errorPct" : 0.0,
    "meanResTime" : 95.55714285714286,
    "medianResTime" : 59.0,
    "minResTime" : 31.0,
    "maxResTime" : 633.0,
    "pct1ResTime" : 185.79999999999998,
    "pct2ResTime" : 251.70000000000013,
    "pct3ResTime" : 633.0,
    "throughput" : 11.321365033155427,
    "receivedKBytesPerSec" : 14.007978024421803,
    "sentKBytesPerSec" : 2.7640051350477117
  },
  "Total" : {
    "transaction" : "Total",
    "sampleCount" : 1920,
    "errorCount" : 1130,
    "errorPct" : 58.854168,
    "meanResTime" : 203.81875000000028,
    "medianResTime" : 3.0,
    "minResTime" : 1.0,
    "maxResTime" : 6275.0,
    "pct1ResTime" : 432.8000000000002,
    "pct2ResTime" : 761.7999999999993,
    "pct3ResTime" : 2386.6499999999987,
    "throughput" : 6.389861419880456,
    "receivedKBytesPerSec" : 99.02013739762077,
    "sentKBytesPerSec" : 1.902593197959238
  },
  "Upload" : {
    "transaction" : "Upload",
    "sampleCount" : 1570,
    "errorCount" : 1130,
    "errorPct" : 71.974525,
    "meanResTime" : 115.29426751592361,
    "medianResTime" : 3.0,
    "minResTime" : 1.0,
    "maxResTime" : 1011.0,
    "pct1ResTime" : 398.9000000000001,
    "pct2ResTime" : 450.89999999999964,
    "pct3ResTime" : 746.9599999999991,
    "throughput" : 5.715783572037076,
    "receivedKBytesPerSec" : 88.99380237382499,
    "sentKBytesPerSec" : 1.6764373875956575
  },
  "Course Page" : {
    "transaction" : "Course Page",
    "sampleCount" : 70,
    "errorCount" : 0,
    "errorPct" : 0.0,
    "meanResTime" : 278.20000000000005,
    "medianResTime" : 168.5,
    "minResTime" : 77.0,
    "maxResTime" : 1150.0,
    "pct1ResTime" : 599.3,
    "pct2ResTime" : 1019.4000000000001,
    "pct3ResTime" : 1150.0,
    "throughput" : 11.337868480725623,
    "receivedKBytesPerSec" : 443.2806046525753,
    "sentKBytesPerSec" : 3.3105690192743764
  },
  "Login" : {
    "transaction" : "Login",
    "sampleCount" : 70,
    "errorCount" : 0,
    "errorPct" : 0.0,
    "meanResTime" : 1123.9857142857138,
    "medianResTime" : 1173.5,
    "minResTime" : 133.0,
    "maxResTime" : 2513.0,
    "pct1ResTime" : 2144.4,
    "pct2ResTime" : 2401.65,
    "pct3ResTime" : 2513.0,
    "throughput" : 10.057471264367816,
    "receivedKBytesPerSec" : 17.215000897988507,
    "sentKBytesPerSec" : 5.9690979705459775
  }
}