{"Disk Read(KB/s)": 31.676333333333318, "Disk Write(KB/s)": 675.9569999999999}