{"%sys": 3.8954954954954975, "%idle": 1.0983636363636367, "%guest": 0.0, "user+system(%)": 97.23945945945941, "%iowait": 0.07765765765765761}