{"sys(%)": 4.445454545454545, "Available Memory(Kb)": 7045448.072727272, "I/O wait(%)": 0.09090909090909091, "user+system(%)": 98.38181818181818, "Idle(%)": 1.5272727272727273}