{"Disk Write(KB/s)": 302.74633333333327, "Disk Read(KB/s)": 47.49893333333328}