{"user+system(%)": 49.08126126126125, "%iowait": 2.2599099099099114, "%idle": 46.76663636363638}