{"Idle(%)": 46.04545454545455, "I/O wait(%)": 2.2545454545454544, "user+system(%)": 51.663636363636364, "Available Memory(Kb)": 9513853.054545455}