Device,kB_read/s,kB_wrtn/s
loop0,0.0,0.0
sda,3.39672131147541,120.20983606557377
Device,kB_read/s,kB_wrtn/s
loop0,0.0,0.0
sda,3.39672131147541,120.20983606557377
