{"Disk Read(KB/s)": 3.3773333333333335, "Disk Write(KB/s)": 118.40216666666667}