{"%iowait": 0.3105405405405405, "%sys": 6.0128828828828835, "%idle": 0.9377272727272727, "user+system(%)": 95.99630630630632, "%guest": 0.0}