{"Available Memory(Kb)": 3939411.309090909, "I/O wait(%)": 0.35454545454545455, "user+system(%)": 98.95454545454545, "Idle(%)": 0.9454545454545454, "sys(%)": 6.927272727272728}