{"%idle": 29.634, "%iowait": 2.3713812154696146, "user+system(%)": 56.25298342541435}