{"Available Memory(Kb)": 7222045.688888889, "user+system(%)": 67.62777777777778, "I/O wait(%)": 2.338888888888889, "Idle(%)": 29.93888888888889}