{"Disk Read(KB/s)": 4.567699999999999, "Disk Write(KB/s)": 859.3104333333338}