{"I/O wait(%)": 2.518181818181818, "Idle(%)": 29.59090909090909, "Available Memory(Kb)": 5361209.418181818, "user+system(%)": 67.87272727272727}