Device,kB_read/s,kB_wrtn/s
loop0,0.0,0.0
sda,3.422950819672131,173.62622950819673
