{"Disk Read(KB/s)": 36.94333333333337, "Disk Write(KB/s)": 284.37503333333336}