{"user+system(%)": 28.43558558558557, "%iowait": 1.4894594594594588, "%idle": 68.6938181818182}