{"user+system(%)": 29.245454545454546, "Idle(%)": 69.32727272727273, "Available Memory(Kb)": 4470927.090909091, "I/O wait(%)": 1.4}