Device,kB_read/s,kB_wrtn/s
loop0,0.0,0.0
sda,25.701657458563535,58.72707182320442
