{"I/O wait(%)": 0.6111111111111112, "user+system(%)": 7.5777777777777775, "Idle(%)": 91.85, "Available Memory(Kb)": 7079974.955555555}