Device,kB_read/s,kB_wrtn/s
loop0,0.0,0.0
sda,7.991919191919192,294.6989898989899
