{"Disk Read(KB/s)": 6.258566666666666, "Disk Write(KB/s)": 272.4829333333333}