{"user+system(%)": 41.10090090090089, "%idle": 55.32836363636364, "%iowait": 1.5199099099099103}