{"Idle(%)": 55.60909090909091, "Available Memory(Kb)": 674926.5454545454, "user+system(%)": 42.88181818181818, "I/O wait(%)": 1.4636363636363636}