Device,kB_read/s,kB_wrtn/s
loop0,0.0,0.0
sda,10.240883977900552,150.85082872928177
