{"Disk Read(KB/s)": 9.26378888888889, "Disk Write(KB/s)": 150.36230000000006}