{"%idle": 82.31127777777782, "user+system(%)": 13.322265193370157, "%iowait": 1.0769060773480656}