{"I/O wait(%)": 1.0555555555555556, "Available Memory(Kb)": 9251141.711111112, "user+system(%)": 16.733333333333334, "Idle(%)": 82.21666666666667}