Device,kB_read/s,kB_wrtn/s
loop0,0.0,0.0
sda,2.2950819672131146,64.24918032786886
