{"Disk Write(KB/s)": 60.049333333333344, "Disk Read(KB/s)": 2.292666666666667}