{"%idle": 82.1403636363636, "%iowait": 0.026306306306306298, "%sys": 1.5082882882882878, "user+system(%)": 17.35846846846847, "%guest": 0.0}