{"Idle(%)": 82.2, "Available Memory(Kb)": 2862539.090909091, "sys(%)": 1.709090909090909, "I/O wait(%)": 0.00909090909090909, "user+system(%)": 17.681818181818183}