Device,kB_read/s,kB_wrtn/s
loop0,0.0,0.0
sda,1316.0655737704917,134.36065573770492
