{"Disk Read(KB/s)": 1294.6553333333334, "Disk Write(KB/s)": 132.27433333333332}