{"user+system(%)": 1.0090990990990993, "%iowait": 42.19891891891893, "%idle": 47.02381818181817}