{"Idle(%)": 46.82727272727273, "Available Memory(Kb)": 6784110.4363636365, "user+system(%)": 10.236363636363636, "I/O wait(%)": 42.86363636363637}