{"Disk Read(KB/s)": 1.5791666666666668, "Disk Write(KB/s)": 233.65340000000006}