{"%iowait": 0.8767955801104976, "user+system(%)": 8.331491712707185, "%idle": 89.11772222222224}