{
  "AssignmentsList" : {
    "transaction" : "AssignmentsList",
    "sampleCount" : 150,
    "errorCount" : 0,
    "errorPct" : 0.0,
    "meanResTime" : 72.17333333333332,
    "medianResTime" : 57.0,
    "minResTime" : 32.0,
    "maxResTime" : 343.0,
    "pct1ResTime" : 136.9,
    "pct2ResTime" : 152.89999999999998,
    "pct3ResTime" : 285.370000000001,
    "throughput" : 16.659262549977786,
    "receivedKBytesPerSec" : 6.399065693025323,
    "sentKBytesPerSec" : 5.417514090959574
  },
  "Get CSRF Token" : {
    "transaction" : "Get CSRF Token",
    "sampleCount" : 150,
    "errorCount" : 0,
    "errorPct" : 0.0,
    "meanResTime" : 9279.759999999998,
    "medianResTime" : 10900.0,
    "minResTime" : 175.0,
    "maxResTime" : 12330.0,
    "pct1ResTime" : 11277.9,
    "pct2ResTime" : 11843.9,
    "pct3ResTime" : 12153.540000000003,
    "throughput" : 12.076322357298125,
    "receivedKBytesPerSec" : 403.4111207833508,
    "sentKBytesPerSec" : 1.615679846630706
  },
  "StudentCourses" : {
    "transaction" : "StudentCourses",
    "sampleCount" : 150,
    "errorCount" : 0,
    "errorPct" : 0.0,
    "meanResTime" : 174.9266666666667,
    "medianResTime" : 102.5,
    "minResTime" : 32.0,
    "maxResTime" : 761.0,
    "pct1ResTime" : 424.70000000000005,
    "pct2ResTime" : 571.8499999999995,
    "pct3ResTime" : 746.7200000000003,
    "throughput" : 15.257857796765334,
    "receivedKBytesPerSec" : 18.87861897314617,
    "sentKBytesPerSec" : 3.7250629386634118
  },
  "Total" : {
    "transaction" : "Total",
    "sampleCount" : 2942,
    "errorCount" : 19,
    "errorPct" : 0.6458192,
    "meanResTime" : 5430.796397008839,
    "medianResTime" : 4323.5,
    "minResTime" : 8.0,
    "maxResTime" : 34824.0,
    "pct1ResTime" : 11100.2,
    "pct2ResTime" : 13437.549999999997,
    "pct3ResTime" : 28381.820000000003,
    "throughput" : 9.68626637561774,
    "receivedKBytesPerSec" : 354.8599309026303,
    "sentKBytesPerSec" : 10.621857035795069
  },
  "Upload" : {
    "transaction" : "Upload",
    "sampleCount" : 2192,
    "errorCount" : 18,
    "errorPct" : 0.8211679,
    "meanResTime" : 6453.76368613139,
    "medianResTime" : 5501.5,
    "minResTime" : 8.0,
    "maxResTime" : 34824.0,
    "pct1ResTime" : 11579.4,
    "pct2ResTime" : 14682.349999999999,
    "pct3ResTime" : 29076.910000000018,
    "throughput" : 8.014332199919565,
    "receivedKBytesPerSec" : 352.4718481785401,
    "sentKBytesPerSec" : 10.924639124255055
  },
  "Course Page" : {
    "transaction" : "Course Page",
    "sampleCount" : 150,
    "errorCount" : 0,
    "errorPct" : 0.0,
    "meanResTime" : 474.6799999999999,
    "medianResTime" : 180.5,
    "minResTime" : 72.0,
    "maxResTime" : 3548.0,
    "pct1ResTime" : 1808.8000000000027,
    "pct2ResTime" : 2841.9999999999995,
    "pct3ResTime" : 3407.7500000000027,
    "throughput" : 16.361256544502616,
    "receivedKBytesPerSec" : 639.677304039867,
    "sentKBytesPerSec" : 4.777359088678011
  },
  "Login" : {
    "transaction" : "Login",
    "sampleCount" : 150,
    "errorCount" : 1,
    "errorPct" : 0.6666667,
    "meanResTime" : 2203.4800000000005,
    "medianResTime" : 2049.0,
    "minResTime" : 176.0,
    "maxResTime" : 6264.0,
    "pct1ResTime" : 4141.800000000007,
    "pct2ResTime" : 5700.499999999998,
    "pct3ResTime" : 6252.780000000001,
    "throughput" : 10.202693511086927,
    "receivedKBytesPerSec" : 17.557666473949123,
    "sentKBytesPerSec" : 6.04682292375187
  }
}