{
  "AssignmentsList" : {
    "transaction" : "AssignmentsList",
    "sampleCount" : 80,
    "errorCount" : 61,
    "errorPct" : 76.25,
    "meanResTime" : 422.7875,
    "medianResTime" : 0.0,
    "minResTime" : 0.0,
    "maxResTime" : 6807.0,
    "pct1ResTime" : 1752.1000000000004,
    "pct2ResTime" : 2600.1500000000005,
    "pct3ResTime" : 6807.0,
    "throughput" : 1.2975427783634743,
    "receivedKBytesPerSec" : 1.297606134944449,
    "sentKBytesPerSec" : 0.1002142719568567
  },
  "Get CSRF Token" : {
    "transaction" : "Get CSRF Token",
    "sampleCount" : 80,
    "errorCount" : 48,
    "errorPct" : 60.0,
    "meanResTime" : 43292.725000000006,
    "medianResTime" : 50005.0,
    "minResTime" : 28943.0,
    "maxResTime" : 50784.0,
    "pct1ResTime" : 50144.0,
    "pct2ResTime" : 50353.5,
    "pct3ResTime" : 50784.0,
    "throughput" : 1.540031185631509,
    "receivedKBytesPerSec" : 16.637525386451575,
    "sentKBytesPerSec" : 0.20603932854640306
  },
  "StudentCourses" : {
    "transaction" : "StudentCourses",
    "sampleCount" : 80,
    "errorCount" : 2,
    "errorPct" : 2.5,
    "meanResTime" : 4853.0750000000035,
    "medianResTime" : 5245.0,
    "minResTime" : 27.0,
    "maxResTime" : 17088.0,
    "pct1ResTime" : 10399.6,
    "pct2ResTime" : 11478.550000000003,
    "pct3ResTime" : 17088.0,
    "throughput" : 1.5643026143407441,
    "receivedKBytesPerSec" : 31.223820081979234,
    "sentKBytesPerSec" : 0.4857510974560529
  },
  "GetSubmissionId" : {
    "transaction" : "GetSubmissionId",
    "sampleCount" : 100,
    "errorCount" : 67,
    "errorPct" : 67.0,
    "meanResTime" : 3642.3900000000003,
    "medianResTime" : 0.0,
    "minResTime" : 0.0,
    "maxResTime" : 50024.0,
    "pct1ResTime" : 4011.7000000000053,
    "pct2ResTime" : 50003.0,
    "pct3ResTime" : 50023.81,
    "throughput" : 0.5074751083459356,
    "receivedKBytesPerSec" : 7.849589294051377,
    "sentKBytesPerSec" : 0.04619311996965299
  },
  "TestcasesResults" : {
    "transaction" : "TestcasesResults",
    "sampleCount" : 30,
    "errorCount" : 0,
    "errorPct" : 0.0,
    "meanResTime" : 34725.566666666666,
    "medianResTime" : 15726.5,
    "minResTime" : 5613.0,
    "maxResTime" : 107892.0,
    "pct1ResTime" : 88442.40000000001,
    "pct2ResTime" : 100898.74999999999,
    "pct3ResTime" : 107892.0,
    "throughput" : 0.17025720187963952,
    "receivedKBytesPerSec" : 4.929112261214274,
    "sentKBytesPerSec" : 0.04123416608022519
  },
  "Total" : {
    "transaction" : "Total",
    "sampleCount" : 730,
    "errorCount" : 437,
    "errorPct" : 59.863014,
    "meanResTime" : 10795.8205479452,
    "medianResTime" : 577.0,
    "minResTime" : 0.0,
    "maxResTime" : 107892.0,
    "pct1ResTime" : 50005.0,
    "pct2ResTime" : 50053.35,
    "pct3ResTime" : 67010.26999999977,
    "throughput" : 2.2598030566158056,
    "receivedKBytesPerSec" : 25.256827076890573,
    "sentKBytesPerSec" : 0.48182851345201944
  },
  "Upload" : {
    "transaction" : "Upload",
    "sampleCount" : 100,
    "errorCount" : 70,
    "errorPct" : 70.0,
    "meanResTime" : 7557.72,
    "medianResTime" : 0.0,
    "minResTime" : 0.0,
    "maxResTime" : 61772.0,
    "pct1ResTime" : 38711.70000000008,
    "pct2ResTime" : 50049.75,
    "pct3ResTime" : 61747.65999999999,
    "throughput" : 0.508086191741567,
    "receivedKBytesPerSec" : 7.237618336449595,
    "sentKBytesPerSec" : 0.2734585379438768
  },
  "Course Page" : {
    "transaction" : "Course Page",
    "sampleCount" : 80,
    "errorCount" : 61,
    "errorPct" : 76.25,
    "meanResTime" : 1009.4875000000002,
    "medianResTime" : 0.0,
    "minResTime" : 0.0,
    "maxResTime" : 43462.0,
    "pct1ResTime" : 1665.6000000000001,
    "pct2ResTime" : 4110.150000000001,
    "pct3ResTime" : 43462.0,
    "throughput" : 1.2840060990289703,
    "receivedKBytesPerSec" : 11.00671595377578,
    "sentKBytesPerSec" : 0.08904344053446754
  },
  "Login" : {
    "transaction" : "Login",
    "sampleCount" : 80,
    "errorCount" : 60,
    "errorPct" : 75.0,
    "meanResTime" : 19863.4125,
    "medianResTime" : 17095.0,
    "minResTime" : 4210.0,
    "maxResTime" : 58938.0,
    "pct1ResTime" : 50008.8,
    "pct2ResTime" : 50087.3,
    "pct3ResTime" : 58938.0,
    "throughput" : 1.2818663974747233,
    "receivedKBytesPerSec" : 1.761596133971062,
    "sentKBytesPerSec" : 0.4879604704449679
  },
  "RunPractice" : {
    "transaction" : "RunPractice",
    "sampleCount" : 100,
    "errorCount" : 68,
    "errorPct" : 68.0,
    "meanResTime" : 1638.5200000000004,
    "medianResTime" : 0.0,
    "minResTime" : 0.0,
    "maxResTime" : 50055.0,
    "pct1ResTime" : 3131.4,
    "pct2ResTime" : 8749.199999999972,
    "pct3ResTime" : 49671.3499999998,
    "throughput" : 0.5031978221598257,
    "receivedKBytesPerSec" : 4.942798201319384,
    "sentKBytesPerSec" : 0.038919206557674016
  }
}