{"Available Memory(Kb)": 6933727.745454545, "sys(%)": 4.290909090909091, "I/O wait(%)": 0.0, "user+system(%)": 99.98181818181818, "Idle(%)": 0.00909090909090909}