{"Disk Read(KB/s)": 51.19949999999999, "Disk Write(KB/s)": 943.9423333333332}