{"%idle": 8.012636363636357, "%iowait": 1.160900900900901, "user+system(%)": 89.23846846846848}