{"Available Memory(Kb)": 6615363.2, "Idle(%)": 8.454545454545455, "I/O wait(%)": 1.1818181818181819, "user+system(%)": 90.31818181818181}