Device,kB_read/s,kB_wrtn/s
loop0,0.0,0.0
sda,57.94838709677419,1008.8903225806451
