{"%iowait": 0.06576576576576577, "%idle": 0.34927272727272735, "user+system(%)": 97.62900900900902}