{"user+system(%)": 99.5909090909091, "Available Memory(Kb)": 2380201.6363636362, "Idle(%)": 0.33636363636363636, "I/O wait(%)": 0.02727272727272727}