{"%idle": 32.74700000000001, "%iowait": 2.8179279279279266, "user+system(%)": 62.596666666666664}