{"Disk Read(KB/s)": 1.4256666666666666, "Disk Write(KB/s)": 773.1044333333333}