Device,kB_read/s,kB_wrtn/s
loop0,0.0,0.0
sda,8.137777777777778,26.933333333333334
