{"Disk Read(KB/s)": 0.08280952380952382, "Disk Write(KB/s)": 32.81419047619047}