{"Disk Write(KB/s)": 17.400166666666657, "Disk Read(KB/s)": 43.55999999999999}