{"%idle": 99.50463636363642, "%iowait": 0.021261261261261263, "%sys": 0.12621621621621623, "user+system(%)": 0.37882882882882896, "%guest": 0.0}