{"user+system(%)": 0.22727272727272727, "I/O wait(%)": 0.0, "Available Memory(Kb)": 1142860.1818181819, "sys(%)": 0.0, "Idle(%)": 99.67272727272727}