{
  "AssignmentsList" : {
    "transaction" : "AssignmentsList",
    "sampleCount" : 60,
    "errorCount" : 0,
    "errorPct" : 0.0,
    "meanResTime" : 30.73333333333333,
    "medianResTime" : 29.0,
    "minResTime" : 25.0,
    "maxResTime" : 71.0,
    "pct1ResTime" : 36.9,
    "pct2ResTime" : 37.949999999999996,
    "pct3ResTime" : 71.0,
    "throughput" : 55.248618784530386,
    "receivedKBytesPerSec" : 21.320715354511968,
    "sentKBytesPerSec" : 17.858684392265193
  },
  "Get CSRF Token" : {
    "transaction" : "Get CSRF Token",
    "sampleCount" : 60,
    "errorCount" : 0,
    "errorPct" : 0.0,
    "meanResTime" : 41.61666666666665,
    "medianResTime" : 30.0,
    "minResTime" : 26.0,
    "maxResTime" : 131.0,
    "pct1ResTime" : 92.39999999999996,
    "pct2ResTime" : 131.0,
    "pct3ResTime" : 131.0,
    "throughput" : 50.89058524173028,
    "receivedKBytesPerSec" : 1360.0525471798132,
    "sentKBytesPerSec" : 6.709208015267175
  },
  "StudentCourses" : {
    "transaction" : "StudentCourses",
    "sampleCount" : 60,
    "errorCount" : 0,
    "errorPct" : 0.0,
    "meanResTime" : 30.733333333333327,
    "medianResTime" : 27.5,
    "minResTime" : 22.0,
    "maxResTime" : 90.0,
    "pct1ResTime" : 39.9,
    "pct2ResTime" : 49.79999999999998,
    "pct3ResTime" : 90.0,
    "throughput" : 54.34782608695652,
    "receivedKBytesPerSec" : 67.7932518115942,
    "sentKBytesPerSec" : 13.162364130434781
  },
  "GetSubmissionId" : {
    "transaction" : "GetSubmissionId",
    "sampleCount" : 642,
    "errorCount" : 2,
    "errorPct" : 0.31152648,
    "meanResTime" : 925.828660436137,
    "medianResTime" : 567.0,
    "minResTime" : 69.0,
    "maxResTime" : 21971.0,
    "pct1ResTime" : 1948.1000000000001,
    "pct2ResTime" : 2561.7000000000016,
    "pct3ResTime" : 5131.350000000033,
    "throughput" : 2.3625524398321924,
    "receivedKBytesPerSec" : 102.39877013643556,
    "sentKBytesPerSec" : 0.5450982556855818
  },
  "TestcasesResults" : {
    "transaction" : "TestcasesResults",
    "sampleCount" : 618,
    "errorCount" : 0,
    "errorPct" : 0.0,
    "meanResTime" : 7522.933656957926,
    "medianResTime" : 6381.0,
    "minResTime" : 5205.0,
    "maxResTime" : 29056.0,
    "pct1ResTime" : 10543.500000000005,
    "pct2ResTime" : 13204.949999999997,
    "pct3ResTime" : 16716.149999999998,
    "throughput" : 2.281318291890615,
    "receivedKBytesPerSec" : 66.1372317178456,
    "sentKBytesPerSec" : 0.5525067738172582
  },
  "Total" : {
    "transaction" : "Total",
    "sampleCount" : 2846,
    "errorCount" : 5,
    "errorPct" : 0.17568517,
    "meanResTime" : 2923.309908643714,
    "medianResTime" : 2081.0,
    "minResTime" : 20.0,
    "maxResTime" : 29056.0,
    "pct1ResTime" : 7209.900000000001,
    "pct2ResTime" : 8951.100000000002,
    "pct3ResTime" : 14078.780000000024,
    "throughput" : 9.26697751960197,
    "receivedKBytesPerSec" : 311.69801944709906,
    "sentKBytesPerSec" : 4.533177991661022
  },
  "Upload" : {
    "transaction" : "Upload",
    "sampleCount" : 644,
    "errorCount" : 1,
    "errorPct" : 0.1552795,
    "meanResTime" : 1925.8664596273304,
    "medianResTime" : 1091.5,
    "minResTime" : 20.0,
    "maxResTime" : 22287.0,
    "pct1ResTime" : 4403.5,
    "pct2ResTime" : 6662.75,
    "pct3ResTime" : 12021.699999999999,
    "throughput" : 2.3505536940922265,
    "receivedKBytesPerSec" : 102.53627515256699,
    "sentKBytesPerSec" : 3.1003073809758446
  },
  "Course Page" : {
    "transaction" : "Course Page",
    "sampleCount" : 60,
    "errorCount" : 0,
    "errorPct" : 0.0,
    "meanResTime" : 64.81666666666665,
    "medianResTime" : 59.0,
    "minResTime" : 54.0,
    "maxResTime" : 128.0,
    "pct1ResTime" : 77.8,
    "pct2ResTime" : 104.9499999999999,
    "pct3ResTime" : 128.0,
    "throughput" : 52.910052910052904,
    "receivedKBytesPerSec" : 1713.3435984347445,
    "sentKBytesPerSec" : 15.345982142857144
  },
  "Login" : {
    "transaction" : "Login",
    "sampleCount" : 60,
    "errorCount" : 0,
    "errorPct" : 0.0,
    "meanResTime" : 115.90000000000002,
    "medianResTime" : 114.0,
    "minResTime" : 75.0,
    "maxResTime" : 204.0,
    "pct1ResTime" : 159.5,
    "pct2ResTime" : 171.0,
    "pct3ResTime" : 204.0,
    "throughput" : 50.67567567567568,
    "receivedKBytesPerSec" : 86.85137774493244,
    "sentKBytesPerSec" : 29.98970650337838
  },
  "RunPractice" : {
    "transaction" : "RunPractice",
    "sampleCount" : 642,
    "errorCount" : 2,
    "errorPct" : 0.31152648,
    "meanResTime" : 2833.1760124610596,
    "medianResTime" : 2363.5,
    "minResTime" : 26.0,
    "maxResTime" : 13340.0,
    "pct1ResTime" : 4115.300000000001,
    "pct2ResTime" : 5273.55,
    "pct3ResTime" : 8626.100000000037,
    "throughput" : 2.354926270999927,
    "receivedKBytesPerSec" : 66.55455051903749,
    "sentKBytesPerSec" : 0.5510761316117673
  }
}