{
  "AssignmentsList" : {
    "transaction" : "AssignmentsList",
    "sampleCount" : 30,
    "errorCount" : 0,
    "errorPct" : 0.0,
    "meanResTime" : 38.400000000000006,
    "medianResTime" : 33.0,
    "minResTime" : 26.0,
    "maxResTime" : 81.0,
    "pct1ResTime" : 60.60000000000001,
    "pct2ResTime" : 73.85,
    "pct3ResTime" : 81.0,
    "throughput" : 65.64551422319474,
    "receivedKBytesPerSec" : 25.45045815098468,
    "sentKBytesPerSec" : 21.219399617067833
  },
  "Get CSRF Token" : {
    "transaction" : "Get CSRF Token",
    "sampleCount" : 30,
    "errorCount" : 0,
    "errorPct" : 0.0,
    "meanResTime" : 52.199999999999996,
    "medianResTime" : 32.5,
    "minResTime" : 26.0,
    "maxResTime" : 133.0,
    "pct1ResTime" : 132.0,
    "pct2ResTime" : 133.0,
    "pct3ResTime" : 133.0,
    "throughput" : 49.668874172185426,
    "receivedKBytesPerSec" : 1327.4863539942053,
    "sentKBytesPerSec" : 6.5481425910596025
  },
  "StudentCourses" : {
    "transaction" : "StudentCourses",
    "sampleCount" : 30,
    "errorCount" : 0,
    "errorPct" : 0.0,
    "meanResTime" : 34.53333333333334,
    "medianResTime" : 29.0,
    "minResTime" : 24.0,
    "maxResTime" : 64.0,
    "pct1ResTime" : 55.800000000000004,
    "pct2ResTime" : 60.699999999999996,
    "pct3ResTime" : 64.0,
    "throughput" : 65.35947712418302,
    "receivedKBytesPerSec" : 81.5078635620915,
    "sentKBytesPerSec" : 15.829248366013072
  },
  "GetSubmissionId" : {
    "transaction" : "GetSubmissionId",
    "sampleCount" : 350,
    "errorCount" : 0,
    "errorPct" : 0.0,
    "meanResTime" : 726.022857142857,
    "medianResTime" : 480.5,
    "minResTime" : 250.0,
    "maxResTime" : 6642.0,
    "pct1ResTime" : 1477.5000000000002,
    "pct2ResTime" : 1877.0,
    "pct3ResTime" : 4482.620000000003,
    "throughput" : 1.2875789101932105,
    "receivedKBytesPerSec" : 54.818898433706245,
    "sentKBytesPerSec" : 0.298004103238077
  },
  "TestcasesResults" : {
    "transaction" : "TestcasesResults",
    "sampleCount" : 333,
    "errorCount" : 0,
    "errorPct" : 0.0,
    "meanResTime" : 6540.978978978978,
    "medianResTime" : 5669.0,
    "minResTime" : 5216.0,
    "maxResTime" : 14884.0,
    "pct1ResTime" : 8722.400000000001,
    "pct2ResTime" : 9318.5,
    "pct3ResTime" : 11400.76,
    "throughput" : 1.2147255376893222,
    "receivedKBytesPerSec" : 35.21579432175088,
    "sentKBytesPerSec" : 0.29419134115913265
  },
  "Total" : {
    "transaction" : "Total",
    "sampleCount" : 1533,
    "errorCount" : 0,
    "errorPct" : 0.0,
    "meanResTime" : 2492.3065883887834,
    "medianResTime" : 1850.0,
    "minResTime" : 24.0,
    "maxResTime" : 14884.0,
    "pct1ResTime" : 5994.000000000002,
    "pct2ResTime" : 8326.8,
    "pct3ResTime" : 9414.100000000002,
    "throughput" : 4.955551963795054,
    "receivedKBytesPerSec" : 165.96756240403263,
    "sentKBytesPerSec" : 2.3885421296670435
  },
  "Upload" : {
    "transaction" : "Upload",
    "sampleCount" : 351,
    "errorCount" : 0,
    "errorPct" : 0.0,
    "meanResTime" : 1341.2905982905984,
    "medianResTime" : 926.0,
    "minResTime" : 482.0,
    "maxResTime" : 8445.0,
    "pct1ResTime" : 2730.2000000000007,
    "pct2ResTime" : 3785.599999999995,
    "pct3ResTime" : 6048.240000000003,
    "throughput" : 1.2851540903415728,
    "receivedKBytesPerSec" : 54.999166600685044,
    "sentKBytesPerSec" : 1.640571652146134
  },
  "Course Page" : {
    "transaction" : "Course Page",
    "sampleCount" : 30,
    "errorCount" : 0,
    "errorPct" : 0.0,
    "meanResTime" : 82.30000000000003,
    "medianResTime" : 69.5,
    "minResTime" : 53.0,
    "maxResTime" : 167.0,
    "pct1ResTime" : 158.70000000000002,
    "pct2ResTime" : 164.25,
    "pct3ResTime" : 167.0,
    "throughput" : 61.34969325153374,
    "receivedKBytesPerSec" : 1986.4259809560328,
    "sentKBytesPerSec" : 17.793807515337424
  },
  "Login" : {
    "transaction" : "Login",
    "sampleCount" : 30,
    "errorCount" : 0,
    "errorPct" : 0.0,
    "meanResTime" : 127.00000000000003,
    "medianResTime" : 108.5,
    "minResTime" : 80.0,
    "maxResTime" : 222.0,
    "pct1ResTime" : 212.90000000000003,
    "pct2ResTime" : 219.25,
    "pct3ResTime" : 222.0,
    "throughput" : 56.497175141242934,
    "receivedKBytesPerSec" : 96.82865466101694,
    "sentKBytesPerSec" : 33.43485169491525
  },
  "RunPractice" : {
    "transaction" : "RunPractice",
    "sampleCount" : 349,
    "errorCount" : 0,
    "errorPct" : 0.0,
    "meanResTime" : 2600.6475644699162,
    "medianResTime" : 2218.0,
    "minResTime" : 2070.0,
    "maxResTime" : 11665.0,
    "pct1ResTime" : 3636.0,
    "pct2ResTime" : 4598.5,
    "pct3ResTime" : 7103.0,
    "throughput" : 1.2830646495468834,
    "receivedKBytesPerSec" : 36.3665979830334,
    "sentKBytesPerSec" : 0.3007182772375508
  }
}