{
  "AssignmentsList" : {
    "transaction" : "AssignmentsList",
    "sampleCount" : 80,
    "errorCount" : 0,
    "errorPct" : 0.0,
    "meanResTime" : 33.11249999999998,
    "medianResTime" : 32.0,
    "minResTime" : 25.0,
    "maxResTime" : 67.0,
    "pct1ResTime" : 40.80000000000001,
    "pct2ResTime" : 53.95,
    "pct3ResTime" : 67.0,
    "throughput" : 50.92297899427117,
    "receivedKBytesPerSec" : 19.53746618395926,
    "sentKBytesPerSec" : 16.460455124124763
  },
  "Get CSRF Token" : {
    "transaction" : "Get CSRF Token",
    "sampleCount" : 80,
    "errorCount" : 0,
    "errorPct" : 0.0,
    "meanResTime" : 37.800000000000004,
    "medianResTime" : 30.0,
    "minResTime" : 25.0,
    "maxResTime" : 135.0,
    "pct1ResTime" : 50.30000000000004,
    "pct2ResTime" : 135.0,
    "pct3ResTime" : 135.0,
    "throughput" : 51.380860629415544,
    "receivedKBytesPerSec" : 1373.1942688262686,
    "sentKBytesPerSec" : 6.773843930635838
  },
  "StudentCourses" : {
    "transaction" : "StudentCourses",
    "sampleCount" : 80,
    "errorCount" : 0,
    "errorPct" : 0.0,
    "meanResTime" : 35.625,
    "medianResTime" : 29.0,
    "minResTime" : 22.0,
    "maxResTime" : 105.0,
    "pct1ResTime" : 57.80000000000001,
    "pct2ResTime" : 68.0,
    "pct3ResTime" : 105.0,
    "throughput" : 52.253429131286744,
    "receivedKBytesPerSec" : 65.20197175048988,
    "sentKBytesPerSec" : 12.655127367733508
  },
  "GetSubmissionId" : {
    "transaction" : "GetSubmissionId",
    "sampleCount" : 809,
    "errorCount" : 0,
    "errorPct" : 0.0,
    "meanResTime" : 1216.5451174289253,
    "medianResTime" : 787.0,
    "minResTime" : 258.0,
    "maxResTime" : 9645.0,
    "pct1ResTime" : 2606.0,
    "pct2ResTime" : 3541.5,
    "pct3ResTime" : 5434.699999999999,
    "throughput" : 2.9681429111281514,
    "receivedKBytesPerSec" : 132.22268435437388,
    "sentKBytesPerSec" : 0.6869627636107147
  },
  "TestcasesResults" : {
    "transaction" : "TestcasesResults",
    "sampleCount" : 773,
    "errorCount" : 3,
    "errorPct" : 0.38809833,
    "meanResTime" : 8025.644243208279,
    "medianResTime" : 8314.0,
    "minResTime" : 5212.0,
    "maxResTime" : 17457.0,
    "pct1ResTime" : 10447.2,
    "pct2ResTime" : 11444.499999999993,
    "pct3ResTime" : 14118.939999999999,
    "throughput" : 2.828072922573729,
    "receivedKBytesPerSec" : 81.6857475745982,
    "sentKBytesPerSec" : 0.6822657327562552
  },
  "Total" : {
    "transaction" : "Total",
    "sampleCount" : 3606,
    "errorCount" : 5,
    "errorPct" : 0.1386578,
    "meanResTime" : 3360.6871880199574,
    "medianResTime" : 2199.5,
    "minResTime" : 22.0,
    "maxResTime" : 17708.0,
    "pct1ResTime" : 8736.3,
    "pct2ResTime" : 9870.799999999988,
    "pct3ResTime" : 12479.59999999998,
    "throughput" : 11.616669243853408,
    "receivedKBytesPerSec" : 395.8630439676112,
    "sentKBytesPerSec" : 5.874088748042949
  },
  "Upload" : {
    "transaction" : "Upload",
    "sampleCount" : 825,
    "errorCount" : 0,
    "errorPct" : 0.0,
    "meanResTime" : 2666.0703030303057,
    "medianResTime" : 1548.0,
    "minResTime" : 514.0,
    "maxResTime" : 17708.0,
    "pct1ResTime" : 5659.4,
    "pct2ResTime" : 11221.7,
    "pct3ResTime" : 16224.68,
    "throughput" : 2.992068298945704,
    "receivedKBytesPerSec" : 133.9441627070874,
    "sentKBytesPerSec" : 4.1211774060762565
  },
  "Course Page" : {
    "transaction" : "Course Page",
    "sampleCount" : 80,
    "errorCount" : 0,
    "errorPct" : 0.0,
    "meanResTime" : 76.26250000000002,
    "medianResTime" : 66.0,
    "minResTime" : 53.0,
    "maxResTime" : 159.0,
    "pct1ResTime" : 120.0,
    "pct2ResTime" : 126.85000000000001,
    "pct3ResTime" : 159.0,
    "throughput" : 49.29143561306223,
    "receivedKBytesPerSec" : 1596.3607853897104,
    "sentKBytesPerSec" : 14.296441774491683
  },
  "Login" : {
    "transaction" : "Login",
    "sampleCount" : 80,
    "errorCount" : 0,
    "errorPct" : 0.0,
    "meanResTime" : 146.38750000000005,
    "medianResTime" : 126.0,
    "minResTime" : 76.0,
    "maxResTime" : 295.0,
    "pct1ResTime" : 245.00000000000006,
    "pct2ResTime" : 263.75,
    "pct3ResTime" : 295.0,
    "throughput" : 49.689440993788814,
    "receivedKBytesPerSec" : 85.16110248447204,
    "sentKBytesPerSec" : 29.406055900621116
  },
  "RunPractice" : {
    "transaction" : "RunPractice",
    "sampleCount" : 799,
    "errorCount" : 2,
    "errorPct" : 0.2503129,
    "meanResTime" : 3385.215269086354,
    "medianResTime" : 2798.0,
    "minResTime" : 1651.0,
    "maxResTime" : 14132.0,
    "pct1ResTime" : 5591.0,
    "pct2ResTime" : 6919.0,
    "pct3ResTime" : 9433.0,
    "throughput" : 2.924147825004941,
    "receivedKBytesPerSec" : 82.66428474461283,
    "sentKBytesPerSec" : 0.6844893903572656
  }
}