{
  "AssignmentsList" : {
    "transaction" : "AssignmentsList",
    "sampleCount" : 70,
    "errorCount" : 0,
    "errorPct" : 0.0,
    "meanResTime" : 32.91428571428573,
    "medianResTime" : 31.0,
    "minResTime" : 25.0,
    "maxResTime" : 73.0,
    "pct1ResTime" : 40.699999999999996,
    "pct2ResTime" : 51.35000000000001,
    "pct3ResTime" : 73.0,
    "throughput" : 60.08583690987125,
    "receivedKBytesPerSec" : 23.110582081545065,
    "sentKBytesPerSec" : 19.42227736051502
  },
  "Get CSRF Token" : {
    "transaction" : "Get CSRF Token",
    "sampleCount" : 70,
    "errorCount" : 0,
    "errorPct" : 0.0,
    "meanResTime" : 40.30000000000001,
    "medianResTime" : 31.0,
    "minResTime" : 25.0,
    "maxResTime" : 135.0,
    "pct1ResTime" : 50.9,
    "pct2ResTime" : 135.0,
    "pct3ResTime" : 135.0,
    "throughput" : 54.09582689335394,
    "receivedKBytesPerSec" : 1445.715501835394,
    "sentKBytesPerSec" : 7.131774053323029
  },
  "StudentCourses" : {
    "transaction" : "StudentCourses",
    "sampleCount" : 70,
    "errorCount" : 0,
    "errorPct" : 0.0,
    "meanResTime" : 32.885714285714286,
    "medianResTime" : 29.0,
    "minResTime" : 23.0,
    "maxResTime" : 85.0,
    "pct1ResTime" : 53.8,
    "pct2ResTime" : 60.45,
    "pct3ResTime" : 85.0,
    "throughput" : 61.29597197898424,
    "receivedKBytesPerSec" : 76.47459227232925,
    "sentKBytesPerSec" : 14.845118213660246
  },
  "GetSubmissionId" : {
    "transaction" : "GetSubmissionId",
    "sampleCount" : 737,
    "errorCount" : 0,
    "errorPct" : 0.0,
    "meanResTime" : 1251.1112618724574,
    "medianResTime" : 614.0,
    "minResTime" : 260.0,
    "maxResTime" : 18806.0,
    "pct1ResTime" : 3173.6000000000004,
    "pct2ResTime" : 4596.1,
    "pct3ResTime" : 7859.0,
    "throughput" : 2.717040674504426,
    "receivedKBytesPerSec" : 119.67764778977774,
    "sentKBytesPerSec" : 0.6288463279858877
  },
  "TestcasesResults" : {
    "transaction" : "TestcasesResults",
    "sampleCount" : 682,
    "errorCount" : 1,
    "errorPct" : 0.14662756,
    "meanResTime" : 7387.3695014662735,
    "medianResTime" : 6272.0,
    "minResTime" : 4658.0,
    "maxResTime" : 32593.0,
    "pct1ResTime" : 9973.2,
    "pct2ResTime" : 11985.350000000006,
    "pct3ResTime" : 21078.78,
    "throughput" : 2.3634763201851965,
    "receivedKBytesPerSec" : 68.42297248300169,
    "sentKBytesPerSec" : 0.571565118624332
  },
  "Total" : {
    "transaction" : "Total",
    "sampleCount" : 3242,
    "errorCount" : 7,
    "errorPct" : 0.2159161,
    "meanResTime" : 3181.6838371375675,
    "medianResTime" : 2109.0,
    "minResTime" : 23.0,
    "maxResTime" : 32593.0,
    "pct1ResTime" : 7599.200000000007,
    "pct2ResTime" : 9628.85,
    "pct3ResTime" : 16551.63000000001,
    "throughput" : 9.977717866331819,
    "receivedKBytesPerSec" : 338.254237673656,
    "sentKBytesPerSec" : 4.968451516739299
  },
  "Upload" : {
    "transaction" : "Upload",
    "sampleCount" : 737,
    "errorCount" : 0,
    "errorPct" : 0.0,
    "meanResTime" : 2672.9715061058364,
    "medianResTime" : 1231.0,
    "minResTime" : 498.0,
    "maxResTime" : 24292.0,
    "pct1ResTime" : 7409.0,
    "pct2ResTime" : 14112.300000000001,
    "pct3ResTime" : 17375.82,
    "throughput" : 2.7056396249550283,
    "receivedKBytesPerSec" : 119.7691306641299,
    "sentKBytesPerSec" : 3.6558336396451465
  },
  "Course Page" : {
    "transaction" : "Course Page",
    "sampleCount" : 70,
    "errorCount" : 0,
    "errorPct" : 0.0,
    "meanResTime" : 80.72857142857143,
    "medianResTime" : 66.5,
    "minResTime" : 53.0,
    "maxResTime" : 183.0,
    "pct1ResTime" : 151.8,
    "pct2ResTime" : 159.0,
    "pct3ResTime" : 183.0,
    "throughput" : 59.57446808510639,
    "receivedKBytesPerSec" : 1929.651761968085,
    "sentKBytesPerSec" : 17.278922872340424
  },
  "Login" : {
    "transaction" : "Login",
    "sampleCount" : 70,
    "errorCount" : 0,
    "errorPct" : 0.0,
    "meanResTime" : 124.98571428571428,
    "medianResTime" : 117.5,
    "minResTime" : 82.0,
    "maxResTime" : 199.0,
    "pct1ResTime" : 173.6,
    "pct2ResTime" : 189.8,
    "pct3ResTime" : 199.0,
    "throughput" : 57.23630417007359,
    "receivedKBytesPerSec" : 98.09542365085854,
    "sentKBytesPerSec" : 33.87226594439902
  },
  "RunPractice" : {
    "transaction" : "RunPractice",
    "sampleCount" : 736,
    "errorCount" : 6,
    "errorPct" : 0.8152174,
    "meanResTime" : 3210.539402173912,
    "medianResTime" : 2502.5,
    "minResTime" : 1501.0,
    "maxResTime" : 23903.0,
    "pct1ResTime" : 4806.400000000002,
    "pct2ResTime" : 6648.25,
    "pct3ResTime" : 15092.499999999998,
    "throughput" : 2.7217123120502333,
    "receivedKBytesPerSec" : 76.56119198449252,
    "sentKBytesPerSec" : 0.6379013231367734
  }
}