{
  "AssignmentsList" : {
    "transaction" : "AssignmentsList",
    "sampleCount" : 50,
    "errorCount" : 0,
    "errorPct" : 0.0,
    "meanResTime" : 34.5,
    "medianResTime" : 31.0,
    "minResTime" : 25.0,
    "maxResTime" : 71.0,
    "pct1ResTime" : 52.0,
    "pct2ResTime" : 56.34999999999999,
    "pct3ResTime" : 71.0,
    "throughput" : 60.45949214026602,
    "receivedKBytesPerSec" : 23.43986169891173,
    "sentKBytesPerSec" : 19.543058494558647
  },
  "Get CSRF Token" : {
    "transaction" : "Get CSRF Token",
    "sampleCount" : 50,
    "errorCount" : 0,
    "errorPct" : 0.0,
    "meanResTime" : 43.079999999999984,
    "medianResTime" : 32.0,
    "minResTime" : 26.0,
    "maxResTime" : 136.0,
    "pct1ResTime" : 113.89999999999992,
    "pct2ResTime" : 136.0,
    "pct3ResTime" : 136.0,
    "throughput" : 53.6480686695279,
    "receivedKBytesPerSec" : 1433.7687349114806,
    "sentKBytesPerSec" : 7.072743428111588
  },
  "StudentCourses" : {
    "transaction" : "StudentCourses",
    "sampleCount" : 50,
    "errorCount" : 0,
    "errorPct" : 0.0,
    "meanResTime" : 34.19999999999998,
    "medianResTime" : 30.0,
    "minResTime" : 24.0,
    "maxResTime" : 66.0,
    "pct1ResTime" : 49.8,
    "pct2ResTime" : 61.699999999999974,
    "pct3ResTime" : 66.0,
    "throughput" : 58.68544600938967,
    "receivedKBytesPerSec" : 73.18487749413146,
    "sentKBytesPerSec" : 14.212881455399062
  },
  "GetSubmissionId" : {
    "transaction" : "GetSubmissionId",
    "sampleCount" : 556,
    "errorCount" : 0,
    "errorPct" : 0.0,
    "meanResTime" : 908.6420863309353,
    "medianResTime" : 530.0,
    "minResTime" : 252.0,
    "maxResTime" : 27331.0,
    "pct1ResTime" : 1700.6000000000004,
    "pct2ResTime" : 2118.8499999999995,
    "pct3ResTime" : 4434.1799999999885,
    "throughput" : 2.0399926618968998,
    "receivedKBytesPerSec" : 86.85364855645753,
    "sentKBytesPerSec" : 0.47214673913043476
  },
  "TestcasesResults" : {
    "transaction" : "TestcasesResults",
    "sampleCount" : 536,
    "errorCount" : 0,
    "errorPct" : 0.0,
    "meanResTime" : 6775.319029850752,
    "medianResTime" : 6006.0,
    "minResTime" : 5217.0,
    "maxResTime" : 29922.0,
    "pct1ResTime" : 9067.8,
    "pct2ResTime" : 9727.05,
    "pct3ResTime" : 13663.35,
    "throughput" : 1.9691041678146985,
    "receivedKBytesPerSec" : 57.08826412997557,
    "sentKBytesPerSec" : 0.4768924156426223
  },
  "Total" : {
    "transaction" : "Total",
    "sampleCount" : 2456,
    "errorCount" : 1,
    "errorPct" : 0.04071661,
    "meanResTime" : 2701.422231270355,
    "medianResTime" : 2036.5,
    "minResTime" : 24.0,
    "maxResTime" : 29922.0,
    "pct1ResTime" : 6543.100000000001,
    "pct2ResTime" : 8349.6,
    "pct3ResTime" : 12098.319999999996,
    "throughput" : 7.991773939528043,
    "receivedKBytesPerSec" : 266.7526342236086,
    "sentKBytesPerSec" : 3.846699630836013
  },
  "Upload" : {
    "transaction" : "Upload",
    "sampleCount" : 561,
    "errorCount" : 1,
    "errorPct" : 0.17825311,
    "meanResTime" : 1705.8039215686256,
    "medianResTime" : 995.0,
    "minResTime" : 491.0,
    "maxResTime" : 15937.0,
    "pct1ResTime" : 3735.2000000000035,
    "pct2ResTime" : 5431.699999999997,
    "pct3ResTime" : 12295.02,
    "throughput" : 2.04758724145105,
    "receivedKBytesPerSec" : 87.48046169259912,
    "sentKBytesPerSec" : 2.6100050619386015
  },
  "Course Page" : {
    "transaction" : "Course Page",
    "sampleCount" : 50,
    "errorCount" : 0,
    "errorPct" : 0.0,
    "meanResTime" : 80.52000000000001,
    "medianResTime" : 69.5,
    "minResTime" : 54.0,
    "maxResTime" : 149.0,
    "pct1ResTime" : 119.39999999999999,
    "pct2ResTime" : 137.89999999999998,
    "pct3ResTime" : 149.0,
    "throughput" : 57.20823798627003,
    "receivedKBytesPerSec" : 1852.5804043907322,
    "sentKBytesPerSec" : 16.592623712814646
  },
  "Login" : {
    "transaction" : "Login",
    "sampleCount" : 50,
    "errorCount" : 0,
    "errorPct" : 0.0,
    "meanResTime" : 137.39999999999995,
    "medianResTime" : 128.0,
    "minResTime" : 86.0,
    "maxResTime" : 234.0,
    "pct1ResTime" : 210.39999999999998,
    "pct2ResTime" : 220.29999999999995,
    "pct3ResTime" : 234.0,
    "throughput" : 54.46623093681917,
    "receivedKBytesPerSec" : 93.34788602941175,
    "sentKBytesPerSec" : 32.232945261437905
  },
  "RunPractice" : {
    "transaction" : "RunPractice",
    "sampleCount" : 553,
    "errorCount" : 0,
    "errorPct" : 0.0,
    "meanResTime" : 2756.737793851717,
    "medianResTime" : 2336.0,
    "minResTime" : 148.0,
    "maxResTime" : 26615.0,
    "pct1ResTime" : 3842.4000000000005,
    "pct2ResTime" : 4730.499999999996,
    "pct3ResTime" : 6368.480000000003,
    "throughput" : 2.0237507090446654,
    "receivedKBytesPerSec" : 57.363400258000766,
    "sentKBytesPerSec" : 0.47431657243234343
  }
}