{
  "AssignmentsList" : {
    "transaction" : "AssignmentsList",
    "sampleCount" : 40,
    "errorCount" : 0,
    "errorPct" : 0.0,
    "meanResTime" : 31.650000000000006,
    "medianResTime" : 31.0,
    "minResTime" : 26.0,
    "maxResTime" : 49.0,
    "pct1ResTime" : 37.9,
    "pct2ResTime" : 41.84999999999999,
    "pct3ResTime" : 49.0,
    "throughput" : 54.869684499314126,
    "receivedKBytesPerSec" : 21.272719478737997,
    "sentKBytesPerSec" : 17.73619684499314
  },
  "Get CSRF Token" : {
    "transaction" : "Get CSRF Token",
    "sampleCount" : 40,
    "errorCount" : 0,
    "errorPct" : 0.0,
    "meanResTime" : 45.09999999999999,
    "medianResTime" : 31.5,
    "minResTime" : 26.0,
    "maxResTime" : 136.0,
    "pct1ResTime" : 132.09999999999997,
    "pct2ResTime" : 135.95,
    "pct3ResTime" : 136.0,
    "throughput" : 47.961630695443645,
    "receivedKBytesPerSec" : 1281.7956572242206,
    "sentKBytesPerSec" : 6.323066546762591
  },
  "StudentCourses" : {
    "transaction" : "StudentCourses",
    "sampleCount" : 40,
    "errorCount" : 0,
    "errorPct" : 0.0,
    "meanResTime" : 36.525000000000006,
    "medianResTime" : 29.0,
    "minResTime" : 24.0,
    "maxResTime" : 96.0,
    "pct1ResTime" : 63.79999999999998,
    "pct2ResTime" : 92.24999999999994,
    "pct3ResTime" : 96.0,
    "throughput" : 52.63157894736842,
    "receivedKBytesPerSec" : 65.63527960526315,
    "sentKBytesPerSec" : 12.74671052631579
  },
  "GetSubmissionId" : {
    "transaction" : "GetSubmissionId",
    "sampleCount" : 461,
    "errorCount" : 0,
    "errorPct" : 0.0,
    "meanResTime" : 724.0130151843819,
    "medianResTime" : 429.0,
    "minResTime" : 247.0,
    "maxResTime" : 4520.0,
    "pct1ResTime" : 1653.4,
    "pct2ResTime" : 2552.2,
    "pct3ResTime" : 3544.2199999999993,
    "throughput" : 1.6898826979472141,
    "receivedKBytesPerSec" : 71.94563253184567,
    "sentKBytesPerSec" : 0.39111542911473607
  },
  "TestcasesResults" : {
    "transaction" : "TestcasesResults",
    "sampleCount" : 438,
    "errorCount" : 0,
    "errorPct" : 0.0,
    "meanResTime" : 6639.082191780821,
    "medianResTime" : 5781.0,
    "minResTime" : 5211.0,
    "maxResTime" : 14856.0,
    "pct1ResTime" : 9239.2,
    "pct2ResTime" : 10759.999999999993,
    "pct3ResTime" : 12498.650000000003,
    "throughput" : 1.5845739196498019,
    "receivedKBytesPerSec" : 45.93868848696706,
    "sentKBytesPerSec" : 0.38376399616518636
  },
  "Total" : {
    "transaction" : "Total",
    "sampleCount" : 2020,
    "errorCount" : 0,
    "errorPct" : 0.0,
    "meanResTime" : 2552.5638613861456,
    "medianResTime" : 1960.5,
    "minResTime" : 24.0,
    "maxResTime" : 14856.0,
    "pct1ResTime" : 6097.600000000001,
    "pct2ResTime" : 8368.399999999998,
    "pct3ResTime" : 11000.479999999996,
    "throughput" : 6.4814428590222,
    "receivedKBytesPerSec" : 216.8739261099471,
    "sentKBytesPerSec" : 3.1200999379530194
  },
  "Upload" : {
    "transaction" : "Upload",
    "sampleCount" : 461,
    "errorCount" : 0,
    "errorPct" : 0.0,
    "meanResTime" : 1544.7483731019506,
    "medianResTime" : 850.0,
    "minResTime" : 484.0,
    "maxResTime" : 9606.0,
    "pct1ResTime" : 3184.0000000000005,
    "pct2ResTime" : 7533.9,
    "pct3ResTime" : 8893.76,
    "throughput" : 1.685847293684838,
    "receivedKBytesPerSec" : 72.1477745375805,
    "sentKBytesPerSec" : 2.152677973911422
  },
  "Course Page" : {
    "transaction" : "Course Page",
    "sampleCount" : 40,
    "errorCount" : 0,
    "errorPct" : 0.0,
    "meanResTime" : 80.425,
    "medianResTime" : 71.0,
    "minResTime" : 54.0,
    "maxResTime" : 145.0,
    "pct1ResTime" : 132.2,
    "pct2ResTime" : 144.95,
    "pct3ResTime" : 145.0,
    "throughput" : 51.15089514066496,
    "receivedKBytesPerSec" : 1656.322430466752,
    "sentKBytesPerSec" : 14.835757672634271
  },
  "Login" : {
    "transaction" : "Login",
    "sampleCount" : 40,
    "errorCount" : 0,
    "errorPct" : 0.0,
    "meanResTime" : 142.99999999999997,
    "medianResTime" : 112.5,
    "minResTime" : 76.0,
    "maxResTime" : 356.0,
    "pct1ResTime" : 278.5,
    "pct2ResTime" : 340.84999999999974,
    "pct3ResTime" : 356.0,
    "throughput" : 48.84004884004884,
    "receivedKBytesPerSec" : 83.70535714285715,
    "sentKBytesPerSec" : 28.90338827838828
  },
  "RunPractice" : {
    "transaction" : "RunPractice",
    "sampleCount" : 460,
    "errorCount" : 0,
    "errorPct" : 0.0,
    "meanResTime" : 2584.55217391304,
    "medianResTime" : 2244.5,
    "minResTime" : 2070.0,
    "maxResTime" : 9505.0,
    "pct1ResTime" : 3343.9000000000005,
    "pct2ResTime" : 4256.25,
    "pct3ResTime" : 6987.179999999998,
    "throughput" : 1.6823933874625119,
    "receivedKBytesPerSec" : 47.68695553658291,
    "sentKBytesPerSec" : 0.3943109501865262
  }
}