{"Available Memory(Kb)": 4050872.5090909093, "sys(%)": 11.118181818181819, "Idle(%)": 0.4636363636363636, "user+system(%)": 98.75454545454545, "I/O wait(%)": 1.009090909090909}