Device,kB_read/s,kB_wrtn/s
loop0,0.0,0.0
sda,31.745882352941177,215.7364705882353
