{"Disk Write(KB/s)": 215.43693333333326, "Disk Read(KB/s)": 38.22819999999997}