{"user+system(%)": 26.90936936936936, "%iowait": 1.3764864864864863, "%idle": 70.27527272727272}