{"I/O wait(%)": 1.3818181818181818, "Available Memory(Kb)": 9774630.436363636, "Idle(%)": 70.53636363636363, "user+system(%)": 28.136363636363637}