Device,kB_read/s,kB_wrtn/s
loop0,0.0,0.0
sda,31.582417582417584,452.83516483516485
