{"user+system(%)": 78.63795580110492, "%iowait": 1.3439226519337009, "%idle": 13.884222222222231}