Device,kB_read/s,kB_wrtn/s
loop0,0.0,0.0
sda,63.049723756906076,451.88950276243094
