{"Disk Read(KB/s)": 54.96176666666667, "Disk Write(KB/s)": 416.70518888888836}