Device,kB_read/s,kB_wrtn/s
loop0,0.0,0.0
sda,0.008888888888888889,115.34222222222222
