{"Disk Write(KB/s)": 111.59297777777778, "Disk Read(KB/s)": 0.007355555555555555}