{"Available Memory(Kb)": 7689187.066666666, "Idle(%)": 73.38888888888889, "I/O wait(%)": 0.7666666666666667, "user+system(%)": 25.883333333333333}