Device,kB_read/s,kB_wrtn/s
loop0,0.0,0.0
sda,16.459016393442624,476.2491803278688
