{"Disk Read(KB/s)": 15.866200000000012, "Disk Write(KB/s)": 462.3201000000001}