{"user+system(%)": 40.92720720720718, "%iowait": 1.8692792792792792, "%idle": 55.01999999999999}