{"I/O wait(%)": 1.8545454545454545, "user+system(%)": 43.763636363636365, "Available Memory(Kb)": 4422167.781818182, "Idle(%)": 54.32727272727273}