Device,kB_read/s,kB_wrtn/s
loop0,0.0,0.0
sda,5.573770491803279,112.02622950819672
