{"Disk Write(KB/s)": 111.43349999999997, "Disk Read(KB/s)": 5.5553333333333335}