{"%sys": 3.466666666666667, "%guest": 0.0, "%idle": 55.10890909090908, "%iowait": 0.030990990990990966, "user+system(%)": 43.8491891891892}