{"sys(%)": 3.981818181818182, "Idle(%)": 55.2, "Available Memory(Kb)": 3082721.8545454545, "user+system(%)": 44.78181818181818, "I/O wait(%)": 0.01818181818181818}