Device,kB_read/s,kB_wrtn/s
loop0,0.0,0.0
sda,3149.2125560538116,847.0959641255605
