{"Disk Read(KB/s)": 3281.631155555558, "Disk Write(KB/s)": 862.3976444444448}