{"%idle": 78.68238888888892, "%iowait": 6.8311602209944695, "user+system(%)": 13.828895027624313}