{"Available Memory(Kb)": 4770419.711111112, "user+system(%)": 14.416666666666666, "Idle(%)": 78.78333333333333, "I/O wait(%)": 6.794444444444444}