Device,kB_read/s,kB_wrtn/s
loop0,0.0,0.0
sda,1.6571428571428573,18.82857142857143
