{"user+system(%)": 1.5095617529880474, "%iowait": 0.2203187250996016, "%idle": 95.06360000000002}