{
  "AssignmentsList" : {
    "transaction" : "AssignmentsList",
    "sampleCount" : 100,
    "errorCount" : 0,
    "errorPct" : 0.0,
    "meanResTime" : 35.18999999999999,
    "medianResTime" : 32.0,
    "minResTime" : 25.0,
    "maxResTime" : 103.0,
    "pct1ResTime" : 54.60000000000002,
    "pct2ResTime" : 63.89999999999998,
    "pct3ResTime" : 102.72999999999986,
    "throughput" : 58.85815185403178,
    "receivedKBytesPerSec" : 22.502896924661563,
    "sentKBytesPerSec" : 19.025437757504413
  },
  "Get CSRF Token" : {
    "transaction" : "Get CSRF Token",
    "sampleCount" : 100,
    "errorCount" : 0,
    "errorPct" : 0.0,
    "meanResTime" : 37.55000000000001,
    "medianResTime" : 31.0,
    "minResTime" : 26.0,
    "maxResTime" : 139.0,
    "pct1ResTime" : 44.0,
    "pct2ResTime" : 113.49999999999943,
    "pct3ResTime" : 139.0,
    "throughput" : 55.46311702717693,
    "receivedKBytesPerSec" : 1482.3211314475875,
    "sentKBytesPerSec" : 7.312032029950084
  },
  "StudentCourses" : {
    "transaction" : "StudentCourses",
    "sampleCount" : 100,
    "errorCount" : 0,
    "errorPct" : 0.0,
    "meanResTime" : 37.960000000000015,
    "medianResTime" : 31.0,
    "minResTime" : 24.0,
    "maxResTime" : 123.0,
    "pct1ResTime" : 65.80000000000001,
    "pct2ResTime" : 74.84999999999997,
    "pct3ResTime" : 122.70999999999985,
    "throughput" : 57.273768613974795,
    "receivedKBytesPerSec" : 71.48034793814433,
    "sentKBytesPerSec" : 13.870990836197022
  },
  "GetSubmissionId" : {
    "transaction" : "GetSubmissionId",
    "sampleCount" : 832,
    "errorCount" : 1,
    "errorPct" : 0.120192304,
    "meanResTime" : 2959.545673076923,
    "medianResTime" : 1923.5,
    "minResTime" : 6.0,
    "maxResTime" : 19954.0,
    "pct1ResTime" : 7233.3,
    "pct2ResTime" : 9474.749999999969,
    "pct3ResTime" : 15708.759999999998,
    "throughput" : 3.029784382772471,
    "receivedKBytesPerSec" : 136.7432950202471,
    "sentKBytesPerSec" : 0.7003865694883961
  },
  "TestcasesResults" : {
    "transaction" : "TestcasesResults",
    "sampleCount" : 793,
    "errorCount" : 3,
    "errorPct" : 0.3783102,
    "meanResTime" : 9564.607818411107,
    "medianResTime" : 8901.0,
    "minResTime" : 4414.0,
    "maxResTime" : 23050.0,
    "pct1ResTime" : 14221.6,
    "pct2ResTime" : 16733.3,
    "pct3ResTime" : 19843.18,
    "throughput" : 2.8923976992125238,
    "receivedKBytesPerSec" : 83.54646116121744,
    "sentKBytesPerSec" : 0.6978524950121642
  },
  "Total" : {
    "transaction" : "Total",
    "sampleCount" : 3805,
    "errorCount" : 8,
    "errorPct" : 0.21024968,
    "meanResTime" : 4732.420762155047,
    "medianResTime" : 3064.0,
    "minResTime" : 6.0,
    "maxResTime" : 26855.0,
    "pct1ResTime" : 10483.600000000002,
    "pct2ResTime" : 13986.899999999994,
    "pct3ResTime" : 20488.000000000015,
    "throughput" : 12.253283912291606,
    "receivedKBytesPerSec" : 415.2401904290743,
    "sentKBytesPerSec" : 6.2802482819640035
  },
  "Upload" : {
    "transaction" : "Upload",
    "sampleCount" : 865,
    "errorCount" : 1,
    "errorPct" : 0.115606934,
    "meanResTime" : 4813.009248554912,
    "medianResTime" : 2992.0,
    "minResTime" : 232.0,
    "maxResTime" : 26855.0,
    "pct1ResTime" : 9883.0,
    "pct2ResTime" : 20138.2,
    "pct3ResTime" : 23401.16,
    "throughput" : 3.1180722022961986,
    "receivedKBytesPerSec" : 141.40496159859777,
    "sentKBytesPerSec" : 4.390833256357803
  },
  "Course Page" : {
    "transaction" : "Course Page",
    "sampleCount" : 100,
    "errorCount" : 0,
    "errorPct" : 0.0,
    "meanResTime" : 95.18000000000004,
    "medianResTime" : 71.0,
    "minResTime" : 54.0,
    "maxResTime" : 218.0,
    "pct1ResTime" : 179.60000000000002,
    "pct2ResTime" : 205.44999999999987,
    "pct3ResTime" : 217.96999999999997,
    "throughput" : 56.75368898978434,
    "receivedKBytesPerSec" : 1838.0435939273552,
    "sentKBytesPerSec" : 16.46078674801362
  },
  "Login" : {
    "transaction" : "Login",
    "sampleCount" : 100,
    "errorCount" : 0,
    "errorPct" : 0.0,
    "meanResTime" : 135.30999999999997,
    "medianResTime" : 116.5,
    "minResTime" : 78.0,
    "maxResTime" : 290.0,
    "pct1ResTime" : 216.70000000000002,
    "pct2ResTime" : 258.0499999999998,
    "pct3ResTime" : 290.0,
    "throughput" : 55.80357142857143,
    "receivedKBytesPerSec" : 95.63991001674107,
    "sentKBytesPerSec" : 33.024379185267854
  },
  "RunPractice" : {
    "transaction" : "RunPractice",
    "sampleCount" : 815,
    "errorCount" : 3,
    "errorPct" : 0.36809817,
    "meanResTime" : 4616.457668711656,
    "medianResTime" : 3343.0,
    "minResTime" : 84.0,
    "maxResTime" : 19683.0,
    "pct1ResTime" : 9554.4,
    "pct2ResTime" : 11222.399999999996,
    "pct3ResTime" : 15141.52,
    "throughput" : 2.9584402667315226,
    "receivedKBytesPerSec" : 83.54139238514718,
    "sentKBytesPerSec" : 0.6916828806133227
  }
}