{
  "AssignmentsList" : {
    "transaction" : "AssignmentsList",
    "sampleCount" : 140,
    "errorCount" : 0,
    "errorPct" : 0.0,
    "meanResTime" : 33.992857142857154,
    "medianResTime" : 32.0,
    "minResTime" : 25.0,
    "maxResTime" : 68.0,
    "pct1ResTime" : 47.0,
    "pct2ResTime" : 55.799999999999955,
    "pct3ResTime" : 67.18,
    "throughput" : 61.430451952610795,
    "receivedKBytesPerSec" : 23.580620612110575,
    "sentKBytesPerSec" : 19.85691366827556
  },
  "Get CSRF Token" : {
    "transaction" : "Get CSRF Token",
    "sampleCount" : 140,
    "errorCount" : 0,
    "errorPct" : 0.0,
    "meanResTime" : 35.464285714285694,
    "medianResTime" : 29.0,
    "minResTime" : 25.0,
    "maxResTime" : 129.0,
    "pct1ResTime" : 44.0,
    "pct2ResTime" : 84.89999999999998,
    "pct3ResTime" : 128.59,
    "throughput" : 58.23627287853577,
    "receivedKBytesPerSec" : 1556.447262375208,
    "sentKBytesPerSec" : 7.677633631447588
  },
  "StudentCourses" : {
    "transaction" : "StudentCourses",
    "sampleCount" : 140,
    "errorCount" : 0,
    "errorPct" : 0.0,
    "meanResTime" : 38.67142857142858,
    "medianResTime" : 31.0,
    "minResTime" : 24.0,
    "maxResTime" : 133.0,
    "pct1ResTime" : 60.900000000000006,
    "pct2ResTime" : 65.0,
    "pct3ResTime" : 116.19000000000014,
    "throughput" : 61.02877070619006,
    "receivedKBytesPerSec" : 76.14973844812555,
    "sentKBytesPerSec" : 14.780405405405405
  },
  "GetSubmissionId" : {
    "transaction" : "GetSubmissionId",
    "sampleCount" : 945,
    "errorCount" : 5,
    "errorPct" : 0.52910054,
    "meanResTime" : 4153.5280423280465,
    "medianResTime" : 3252.0,
    "minResTime" : 21.0,
    "maxResTime" : 20901.0,
    "pct1ResTime" : 8196.8,
    "pct2ResTime" : 11453.1,
    "pct3ResTime" : 18617.819999999974,
    "throughput" : 3.4871363414958156,
    "receivedKBytesPerSec" : 154.04186950637649,
    "sentKBytesPerSec" : 0.8028110885400523
  },
  "TestcasesResults" : {
    "transaction" : "TestcasesResults",
    "sampleCount" : 924,
    "errorCount" : 14,
    "errorPct" : 1.5151515,
    "meanResTime" : 12574.665584415592,
    "medianResTime" : 11902.0,
    "minResTime" : 5127.0,
    "maxResTime" : 36600.0,
    "pct1ResTime" : 18805.0,
    "pct2ResTime" : 21314.75,
    "pct3ResTime" : 26211.75,
    "throughput" : 3.3097756588208744,
    "receivedKBytesPerSec" : 94.59175095953047,
    "sentKBytesPerSec" : 0.7894410455165793
  },
  "Total" : {
    "transaction" : "Total",
    "sampleCount" : 4469,
    "errorCount" : 23,
    "errorPct" : 0.51465654,
    "meanResTime" : 6344.558961736414,
    "medianResTime" : 4708.0,
    "minResTime" : 0.0,
    "maxResTime" : 36600.0,
    "pct1ResTime" : 13912.0,
    "pct2ResTime" : 18112.5,
    "pct3ResTime" : 26300.000000000036,
    "throughput" : 14.09387930164497,
    "receivedKBytesPerSec" : 461.08249314366196,
    "sentKBytesPerSec" : 6.902359198195769
  },
  "Upload" : {
    "transaction" : "Upload",
    "sampleCount" : 956,
    "errorCount" : 0,
    "errorPct" : 0.0,
    "meanResTime" : 7416.9288702928825,
    "medianResTime" : 5398.0,
    "minResTime" : 528.0,
    "maxResTime" : 33477.0,
    "pct1ResTime" : 17533.000000000007,
    "pct2ResTime" : 25468.449999999997,
    "pct3ResTime" : 30247.089999999997,
    "throughput" : 3.469210754553339,
    "receivedKBytesPerSec" : 154.8168646656258,
    "sentKBytesPerSec" : 4.751364771316958
  },
  "Course Page" : {
    "transaction" : "Course Page",
    "sampleCount" : 140,
    "errorCount" : 0,
    "errorPct" : 0.0,
    "meanResTime" : 79.85000000000007,
    "medianResTime" : 69.5,
    "minResTime" : 54.0,
    "maxResTime" : 167.0,
    "pct1ResTime" : 117.9,
    "pct2ResTime" : 125.89999999999998,
    "pct3ResTime" : 157.57000000000008,
    "throughput" : 60.26689625484288,
    "receivedKBytesPerSec" : 1951.7759732834697,
    "sentKBytesPerSec" : 17.47975408953939
  },
  "Login" : {
    "transaction" : "Login",
    "sampleCount" : 140,
    "errorCount" : 0,
    "errorPct" : 0.0,
    "meanResTime" : 140.8928571428572,
    "medianResTime" : 120.0,
    "minResTime" : 78.0,
    "maxResTime" : 340.0,
    "pct1ResTime" : 216.0,
    "pct2ResTime" : 250.89999999999998,
    "pct3ResTime" : 326.0600000000001,
    "throughput" : 59.42275042444822,
    "receivedKBytesPerSec" : 101.8427021434635,
    "sentKBytesPerSec" : 35.16619800509338
  },
  "RunPractice" : {
    "transaction" : "RunPractice",
    "sampleCount" : 944,
    "errorCount" : 4,
    "errorPct" : 0.42372882,
    "meanResTime" : 6009.67478813559,
    "medianResTime" : 4557.5,
    "minResTime" : 0.0,
    "maxResTime" : 31719.0,
    "pct1ResTime" : 12575.0,
    "pct2ResTime" : 15050.0,
    "pct3ResTime" : 19618.3,
    "throughput" : 3.4834333959416526,
    "receivedKBytesPerSec" : 98.32237750210334,
    "sentKBytesPerSec" : 0.8129702542832578
  }
}