{
  "AssignmentsList" : {
    "transaction" : "AssignmentsList",
    "sampleCount" : 180,
    "errorCount" : 0,
    "errorPct" : 0.0,
    "meanResTime" : 34.15555555555553,
    "medianResTime" : 32.5,
    "minResTime" : 25.0,
    "maxResTime" : 73.0,
    "pct1ResTime" : 42.80000000000001,
    "pct2ResTime" : 56.849999999999966,
    "pct3ResTime" : 64.89999999999998,
    "throughput" : 63.09148264984227,
    "receivedKBytesPerSec" : 24.159054065895546,
    "sentKBytesPerSec" : 20.39382886435331
  },
  "Get CSRF Token" : {
    "transaction" : "Get CSRF Token",
    "sampleCount" : 180,
    "errorCount" : 0,
    "errorPct" : 0.0,
    "meanResTime" : 33.616666666666674,
    "medianResTime" : 29.0,
    "minResTime" : 25.0,
    "maxResTime" : 133.0,
    "pct1ResTime" : 38.0,
    "pct2ResTime" : 51.89999999999998,
    "pct3ResTime" : 133.0,
    "throughput" : 60.60606060606061,
    "receivedKBytesPerSec" : 1619.7735821759259,
    "sentKBytesPerSec" : 7.9900568181818175
  },
  "StudentCourses" : {
    "transaction" : "StudentCourses",
    "sampleCount" : 180,
    "errorCount" : 0,
    "errorPct" : 0.0,
    "meanResTime" : 34.15555555555556,
    "medianResTime" : 30.0,
    "minResTime" : 23.0,
    "maxResTime" : 83.0,
    "pct1ResTime" : 49.0,
    "pct2ResTime" : 60.0,
    "pct3ResTime" : 76.51999999999998,
    "throughput" : 63.424947145877375,
    "receivedKBytesPerSec" : 79.15042503523608,
    "sentKBytesPerSec" : 15.360729386892178
  },
  "GetSubmissionId" : {
    "transaction" : "GetSubmissionId",
    "sampleCount" : 1051,
    "errorCount" : 2,
    "errorPct" : 0.19029495,
    "meanResTime" : 4804.8125594671765,
    "medianResTime" : 3856.0,
    "minResTime" : 274.0,
    "maxResTime" : 28089.0,
    "pct1ResTime" : 10194.800000000003,
    "pct2ResTime" : 12308.999999999998,
    "pct3ResTime" : 15697.2,
    "throughput" : 3.8455065018696994,
    "receivedKBytesPerSec" : 172.1690163966854,
    "sentKBytesPerSec" : 0.8883307823922637
  },
  "TestcasesResults" : {
    "transaction" : "TestcasesResults",
    "sampleCount" : 960,
    "errorCount" : 22,
    "errorPct" : 2.2916667,
    "meanResTime" : 16412.677083333343,
    "medianResTime" : 14805.5,
    "minResTime" : 5398.0,
    "maxResTime" : 43171.0,
    "pct1ResTime" : 26395.199999999997,
    "pct2ResTime" : 30489.799999999985,
    "pct3ResTime" : 37311.34,
    "throughput" : 3.445318135652224,
    "receivedKBytesPerSec" : 97.74230935345554,
    "sentKBytesPerSec" : 0.8152910217162709
  },
  "Total" : {
    "transaction" : "Total",
    "sampleCount" : 5029,
    "errorCount" : 42,
    "errorPct" : 0.8351561,
    "meanResTime" : 7973.679260290306,
    "medianResTime" : 5699.0,
    "minResTime" : 9.0,
    "maxResTime" : 55778.0,
    "pct1ResTime" : 17843.0,
    "pct2ResTime" : 23578.0,
    "pct3ResTime" : 39156.799999999974,
    "throughput" : 15.758320198788592,
    "receivedKBytesPerSec" : 512.0472584608142,
    "sentKBytesPerSec" : 7.90588044404684
  },
  "Upload" : {
    "transaction" : "Upload",
    "sampleCount" : 1107,
    "errorCount" : 13,
    "errorPct" : 1.1743451,
    "meanResTime" : 10141.626016260185,
    "medianResTime" : 6532.0,
    "minResTime" : 20.0,
    "maxResTime" : 55778.0,
    "pct1ResTime" : 23011.600000000002,
    "pct2ResTime" : 38177.399999999994,
    "pct3ResTime" : 49362.12,
    "throughput" : 3.9791945995104188,
    "receivedKBytesPerSec" : 177.42744251937475,
    "sentKBytesPerSec" : 5.510662604871728
  },
  "Course Page" : {
    "transaction" : "Course Page",
    "sampleCount" : 180,
    "errorCount" : 0,
    "errorPct" : 0.0,
    "meanResTime" : 82.26111111111112,
    "medianResTime" : 69.5,
    "minResTime" : 53.0,
    "maxResTime" : 153.0,
    "pct1ResTime" : 126.9,
    "pct2ResTime" : 136.95,
    "pct3ResTime" : 150.57,
    "throughput" : 61.94081211286993,
    "receivedKBytesPerSec" : 2005.902053402443,
    "sentKBytesPerSec" : 17.965255075705436
  },
  "Login" : {
    "transaction" : "Login",
    "sampleCount" : 180,
    "errorCount" : 0,
    "errorPct" : 0.0,
    "meanResTime" : 129.55,
    "medianResTime" : 122.5,
    "minResTime" : 78.0,
    "maxResTime" : 224.0,
    "pct1ResTime" : 188.9,
    "pct2ResTime" : 199.89999999999998,
    "pct3ResTime" : 217.51999999999998,
    "throughput" : 61.81318681318682,
    "receivedKBytesPerSec" : 105.93959263392857,
    "sentKBytesPerSec" : 36.58085078983517
  },
  "RunPractice" : {
    "transaction" : "RunPractice",
    "sampleCount" : 1011,
    "errorCount" : 5,
    "errorPct" : 0.49455985,
    "meanResTime" : 7923.196834817002,
    "medianResTime" : 6529.0,
    "minResTime" : 9.0,
    "maxResTime" : 35177.0,
    "pct1ResTime" : 15099.000000000002,
    "pct2ResTime" : 18318.199999999997,
    "pct3ResTime" : 25034.68,
    "throughput" : 3.712680401013551,
    "receivedKBytesPerSec" : 104.73291942661857,
    "sentKBytesPerSec" : 0.8658560096948331
  }
}