{
  "AssignmentsList" : {
    "transaction" : "AssignmentsList",
    "sampleCount" : 1,
    "errorCount" : 0,
    "errorPct" : 0.0,
    "meanResTime" : 54.0,
    "medianResTime" : 54.0,
    "minResTime" : 54.0,
    "maxResTime" : 54.0,
    "pct1ResTime" : 54.0,
    "pct2ResTime" : 54.0,
    "pct3ResTime" : 54.0,
    "throughput" : 18.51851851851852,
    "receivedKBytesPerSec" : 7.179542824074074,
    "sentKBytesPerSec" : 5.985966435185185
  },
  "Get CSRF Token" : {
    "transaction" : "Get CSRF Token",
    "sampleCount" : 1,
    "errorCount" : 0,
    "errorPct" : 0.0,
    "meanResTime" : 1939.0,
    "medianResTime" : 1939.0,
    "minResTime" : 1939.0,
    "maxResTime" : 1939.0,
    "pct1ResTime" : 1939.0,
    "pct2ResTime" : 1939.0,
    "pct3ResTime" : 1939.0,
    "throughput" : 0.5157297576070139,
    "receivedKBytesPerSec" : 13.782676315110882,
    "sentKBytesPerSec" : 0.06799171609076844
  },
  "StudentCourses" : {
    "transaction" : "StudentCourses",
    "sampleCount" : 1,
    "errorCount" : 0,
    "errorPct" : 0.0,
    "meanResTime" : 47.0,
    "medianResTime" : 47.0,
    "minResTime" : 47.0,
    "maxResTime" : 47.0,
    "pct1ResTime" : 47.0,
    "pct2ResTime" : 47.0,
    "pct3ResTime" : 47.0,
    "throughput" : 21.27659574468085,
    "receivedKBytesPerSec" : 26.53341090425532,
    "sentKBytesPerSec" : 5.152925531914893
  },
  "GetSubmissionId" : {
    "transaction" : "GetSubmissionId",
    "sampleCount" : 12,
    "errorCount" : 0,
    "errorPct" : 0.0,
    "meanResTime" : 321.6666666666667,
    "medianResTime" : 314.0,
    "minResTime" : 306.0,
    "maxResTime" : 366.0,
    "pct1ResTime" : 363.6,
    "pct2ResTime" : 366.0,
    "pct3ResTime" : 366.0,
    "throughput" : 0.04633526654362079,
    "receivedKBytesPerSec" : 1.9724389026071307,
    "sentKBytesPerSec" : 0.010724080244959107
  },
  "TestcasesResults" : {
    "transaction" : "TestcasesResults",
    "sampleCount" : 12,
    "errorCount" : 0,
    "errorPct" : 0.0,
    "meanResTime" : 6060.083333333334,
    "medianResTime" : 5363.5,
    "minResTime" : 5320.0,
    "maxResTime" : 7714.0,
    "pct1ResTime" : 7614.700000000001,
    "pct2ResTime" : 7714.0,
    "pct3ResTime" : 7714.0,
    "throughput" : 0.04558006328032119,
    "receivedKBytesPerSec" : 1.3213767173238424,
    "sentKBytesPerSec" : 0.011038921575702786
  },
  "Total" : {
    "transaction" : "Total",
    "sampleCount" : 53,
    "errorCount" : 0,
    "errorPct" : 0.0,
    "meanResTime" : 2185.471698113207,
    "medianResTime" : 1939.0,
    "minResTime" : 47.0,
    "maxResTime" : 7714.0,
    "pct1ResTime" : 5696.6,
    "pct2ResTime" : 7344.5,
    "pct3ResTime" : 7714.0,
    "throughput" : 0.17692733961369753,
    "receivedKBytesPerSec" : 5.924748008941507,
    "sentKBytesPerSec" : 0.08481245702000949
  },
  "Upload" : {
    "transaction" : "Upload",
    "sampleCount" : 12,
    "errorCount" : 0,
    "errorPct" : 0.0,
    "meanResTime" : 955.3333333333335,
    "medianResTime" : 635.5,
    "minResTime" : 609.0,
    "maxResTime" : 2579.0,
    "pct1ResTime" : 2560.7000000000003,
    "pct2ResTime" : 2579.0,
    "pct3ResTime" : 2579.0,
    "throughput" : 0.04627290991050048,
    "receivedKBytesPerSec" : 1.9800911708877842,
    "sentKBytesPerSec" : 0.05911770936563696
  },
  "Course Page" : {
    "transaction" : "Course Page",
    "sampleCount" : 1,
    "errorCount" : 0,
    "errorPct" : 0.0,
    "meanResTime" : 101.0,
    "medianResTime" : 101.0,
    "minResTime" : 101.0,
    "maxResTime" : 101.0,
    "pct1ResTime" : 101.0,
    "pct2ResTime" : 101.0,
    "pct3ResTime" : 101.0,
    "throughput" : 9.900990099009901,
    "receivedKBytesPerSec" : 320.5832301980198,
    "sentKBytesPerSec" : 2.8716738861386135
  },
  "Login" : {
    "transaction" : "Login",
    "sampleCount" : 1,
    "errorCount" : 0,
    "errorPct" : 0.0,
    "meanResTime" : 140.0,
    "medianResTime" : 140.0,
    "minResTime" : 140.0,
    "maxResTime" : 140.0,
    "pct1ResTime" : 140.0,
    "pct2ResTime" : 140.0,
    "pct3ResTime" : 140.0,
    "throughput" : 7.142857142857142,
    "receivedKBytesPerSec" : 12.241908482142856,
    "sentKBytesPerSec" : 4.227120535714286
  },
  "RunPractice" : {
    "transaction" : "RunPractice",
    "sampleCount" : 12,
    "errorCount" : 0,
    "errorPct" : 0.0,
    "meanResTime" : 2125.333333333333,
    "medianResTime" : 2129.0,
    "minResTime" : 2097.0,
    "maxResTime" : 2156.0,
    "pct1ResTime" : 2155.7,
    "pct2ResTime" : 2156.0,
    "pct3ResTime" : 2156.0,
    "throughput" : 0.04610596688054712,
    "receivedKBytesPerSec" : 1.3068947931475008,
    "sentKBytesPerSec" : 0.010806085987628233
  }
}