{
  "AssignmentsList" : {
    "transaction" : "AssignmentsList",
    "sampleCount" : 20,
    "errorCount" : 0,
    "errorPct" : 0.0,
    "meanResTime" : 36.45,
    "medianResTime" : 34.5,
    "minResTime" : 27.0,
    "maxResTime" : 72.0,
    "pct1ResTime" : 47.40000000000001,
    "pct2ResTime" : 70.79999999999998,
    "pct3ResTime" : 72.0,
    "throughput" : 10.080645161290322,
    "receivedKBytesPerSec" : 3.9082188760080645,
    "sentKBytesPerSec" : 3.258489793346774
  },
  "Get CSRF Token" : {
    "transaction" : "Get CSRF Token",
    "sampleCount" : 20,
    "errorCount" : 0,
    "errorPct" : 0.0,
    "meanResTime" : 148.55,
    "medianResTime" : 39.5,
    "minResTime" : 26.0,
    "maxResTime" : 1977.0,
    "pct1ResTime" : 127.0,
    "pct2ResTime" : 1884.4999999999986,
    "pct3ResTime" : 1977.0,
    "throughput" : 10.116337885685383,
    "receivedKBytesPerSec" : 270.3635756512392,
    "sentKBytesPerSec" : 1.3336968892261
  },
  "StudentCourses" : {
    "transaction" : "StudentCourses",
    "sampleCount" : 20,
    "errorCount" : 0,
    "errorPct" : 0.0,
    "meanResTime" : 34.5,
    "medianResTime" : 33.0,
    "minResTime" : 22.0,
    "maxResTime" : 65.0,
    "pct1ResTime" : 60.10000000000004,
    "pct2ResTime" : 64.85,
    "pct3ResTime" : 65.0,
    "throughput" : 10.005002501250624,
    "receivedKBytesPerSec" : 12.476941595797898,
    "sentKBytesPerSec" : 2.4230865432716358
  },
  "GetSubmissionId" : {
    "transaction" : "GetSubmissionId",
    "sampleCount" : 240,
    "errorCount" : 0,
    "errorPct" : 0.0,
    "meanResTime" : 514.3625000000002,
    "medianResTime" : 433.5,
    "minResTime" : 271.0,
    "maxResTime" : 1812.0,
    "pct1ResTime" : 824.9000000000001,
    "pct2ResTime" : 1031.1999999999998,
    "pct3ResTime" : 1640.72,
    "throughput" : 0.9288572733394742,
    "receivedKBytesPerSec" : 39.549424398758426,
    "sentKBytesPerSec" : 0.2149796618959525
  },
  "TestcasesResults" : {
    "transaction" : "TestcasesResults",
    "sampleCount" : 240,
    "errorCount" : 0,
    "errorPct" : 0.0,
    "meanResTime" : 5608.116666666666,
    "medianResTime" : 5390.5,
    "minResTime" : 5219.0,
    "maxResTime" : 10325.0,
    "pct1ResTime" : 6123.0,
    "pct2ResTime" : 6462.499999999999,
    "pct3ResTime" : 9532.160000000007,
    "throughput" : 0.9152445419010392,
    "receivedKBytesPerSec" : 26.536133091810466,
    "sentKBytesPerSec" : 0.2216607874916579
  },
  "Total" : {
    "transaction" : "Total",
    "sampleCount" : 1060,
    "errorCount" : 0,
    "errorPct" : 0.0,
    "meanResTime" : 2113.84433962264,
    "medianResTime" : 1097.0,
    "minResTime" : 22.0,
    "maxResTime" : 10325.0,
    "pct1ResTime" : 5426.7,
    "pct2ResTime" : 5678.9,
    "pct3ResTime" : 6552.56000000002,
    "throughput" : 3.569852928794905,
    "receivedKBytesPerSec" : 119.55760226597258,
    "sentKBytesPerSec" : 1.711206817619245
  },
  "Upload" : {
    "transaction" : "Upload",
    "sampleCount" : 240,
    "errorCount" : 0,
    "errorPct" : 0.0,
    "meanResTime" : 895.7833333333336,
    "medianResTime" : 816.0,
    "minResTime" : 507.0,
    "maxResTime" : 2962.0,
    "pct1ResTime" : 1270.4,
    "pct2ResTime" : 1552.1999999999998,
    "pct3ResTime" : 2397.54,
    "throughput" : 0.9265836859499027,
    "receivedKBytesPerSec" : 39.65503322550537,
    "sentKBytesPerSec" : 1.183735542640223
  },
  "Course Page" : {
    "transaction" : "Course Page",
    "sampleCount" : 20,
    "errorCount" : 0,
    "errorPct" : 0.0,
    "meanResTime" : 78.35000000000001,
    "medianResTime" : 73.5,
    "minResTime" : 60.0,
    "maxResTime" : 142.0,
    "pct1ResTime" : 105.50000000000003,
    "pct2ResTime" : 140.24999999999997,
    "pct3ResTime" : 142.0,
    "throughput" : 9.813542688910697,
    "receivedKBytesPerSec" : 317.763278949951,
    "sentKBytesPerSec" : 2.8463107212953878
  },
  "Login" : {
    "transaction" : "Login",
    "sampleCount" : 20,
    "errorCount" : 0,
    "errorPct" : 0.0,
    "meanResTime" : 212.20000000000005,
    "medianResTime" : 109.5,
    "minResTime" : 73.0,
    "maxResTime" : 2034.0,
    "pct1ResTime" : 221.9000000000001,
    "pct2ResTime" : 1943.6499999999987,
    "pct3ResTime" : 2034.0,
    "throughput" : 9.629272989889264,
    "receivedKBytesPerSec" : 16.50329501685123,
    "sentKBytesPerSec" : 5.698573663938372
  },
  "RunPractice" : {
    "transaction" : "RunPractice",
    "sampleCount" : 240,
    "errorCount" : 0,
    "errorPct" : 0.0,
    "meanResTime" : 2275.379166666668,
    "medianResTime" : 2145.0,
    "minResTime" : 2076.0,
    "maxResTime" : 3591.0,
    "pct1ResTime" : 2750.0,
    "pct2ResTime" : 2954.45,
    "pct3ResTime" : 3355.3600000000006,
    "throughput" : 0.9252940700216288,
    "receivedKBytesPerSec" : 26.22703797826137,
    "sentKBytesPerSec" : 0.21686579766131922
  }
}