{
  "AssignmentsList" : {
    "transaction" : "AssignmentsList",
    "sampleCount" : 160,
    "errorCount" : 0,
    "errorPct" : 0.0,
    "meanResTime" : 36.97499999999998,
    "medianResTime" : 34.0,
    "minResTime" : 25.0,
    "maxResTime" : 103.0,
    "pct1ResTime" : 53.900000000000006,
    "pct2ResTime" : 62.94999999999999,
    "pct3ResTime" : 90.18999999999971,
    "throughput" : 59.67922417008579,
    "receivedKBytesPerSec" : 22.896948433420366,
    "sentKBytesPerSec" : 19.290842969041403
  },
  "Get CSRF Token" : {
    "transaction" : "Get CSRF Token",
    "sampleCount" : 160,
    "errorCount" : 0,
    "errorPct" : 0.0,
    "meanResTime" : 32.256249999999994,
    "medianResTime" : 28.0,
    "minResTime" : 25.0,
    "maxResTime" : 133.0,
    "pct1ResTime" : 36.900000000000006,
    "pct2ResTime" : 47.849999999999966,
    "pct3ResTime" : 133.0,
    "throughput" : 59.325176121616614,
    "receivedKBytesPerSec" : 1585.4903162078235,
    "sentKBytesPerSec" : 7.8211902113459395
  },
  "StudentCourses" : {
    "transaction" : "StudentCourses",
    "sampleCount" : 160,
    "errorCount" : 0,
    "errorPct" : 0.0,
    "meanResTime" : 39.66250000000001,
    "medianResTime" : 31.5,
    "minResTime" : 23.0,
    "maxResTime" : 141.0,
    "pct1ResTime" : 63.80000000000001,
    "pct2ResTime" : 73.94999999999999,
    "pct3ResTime" : 141.0,
    "throughput" : 61.39677666922486,
    "receivedKBytesPerSec" : 76.61106580967,
    "sentKBytesPerSec" : 14.869531849577898
  },
  "GetSubmissionId" : {
    "transaction" : "GetSubmissionId",
    "sampleCount" : 1023,
    "errorCount" : 2,
    "errorPct" : 0.19550343,
    "meanResTime" : 5114.073313782991,
    "medianResTime" : 4741.0,
    "minResTime" : 281.0,
    "maxResTime" : 20380.0,
    "pct1ResTime" : 9718.800000000001,
    "pct2ResTime" : 10928.599999999999,
    "pct3ResTime" : 15378.959999999997,
    "throughput" : 3.780236347914773,
    "receivedKBytesPerSec" : 168.21303316621584,
    "sentKBytesPerSec" : 0.873207488276833
  },
  "TestcasesResults" : {
    "transaction" : "TestcasesResults",
    "sampleCount" : 907,
    "errorCount" : 7,
    "errorPct" : 0.77177507,
    "meanResTime" : 14583.615214994472,
    "medianResTime" : 13335.0,
    "minResTime" : 5235.0,
    "maxResTime" : 33604.0,
    "pct1ResTime" : 23609.2,
    "pct2ResTime" : 26992.399999999994,
    "pct3ResTime" : 30297.399999999994,
    "throughput" : 3.2434326746339965,
    "receivedKBytesPerSec" : 93.34642875980718,
    "sentKBytesPerSec" : 0.7794564121269337
  },
  "Total" : {
    "transaction" : "Total",
    "sampleCount" : 4755,
    "errorCount" : 13,
    "errorPct" : 0.27339643,
    "meanResTime" : 7408.491062039956,
    "medianResTime" : 5921.0,
    "minResTime" : 23.0,
    "maxResTime" : 33604.0,
    "pct1ResTime" : 16397.800000000003,
    "pct2ResTime" : 21458.199999999983,
    "pct3ResTime" : 28147.039999999983,
    "throughput" : 14.69383971199456,
    "receivedKBytesPerSec" : 482.87613552305277,
    "sentKBytesPerSec" : 7.377821727105576
  },
  "Upload" : {
    "transaction" : "Upload",
    "sampleCount" : 1056,
    "errorCount" : 1,
    "errorPct" : 0.09469697,
    "meanResTime" : 9024.636363636357,
    "medianResTime" : 7614.5,
    "minResTime" : 536.0,
    "maxResTime" : 30132.0,
    "pct1ResTime" : 18222.700000000004,
    "pct2ResTime" : 26402.1,
    "pct3ResTime" : 28177.88,
    "throughput" : 3.811421270329385,
    "receivedKBytesPerSec" : 170.58339562196366,
    "sentKBytesPerSec" : 5.2485114737405345
  },
  "Course Page" : {
    "transaction" : "Course Page",
    "sampleCount" : 160,
    "errorCount" : 0,
    "errorPct" : 0.0,
    "meanResTime" : 109.05624999999999,
    "medianResTime" : 70.0,
    "minResTime" : 54.0,
    "maxResTime" : 400.0,
    "pct1ResTime" : 211.20000000000005,
    "pct2ResTime" : 258.9,
    "pct3ResTime" : 360.9599999999991,
    "throughput" : 58.78030859662013,
    "receivedKBytesPerSec" : 1903.592257531227,
    "sentKBytesPerSec" : 17.048585598824396
  },
  "Login" : {
    "transaction" : "Login",
    "sampleCount" : 160,
    "errorCount" : 0,
    "errorPct" : 0.0,
    "meanResTime" : 160.16250000000002,
    "medianResTime" : 142.0,
    "minResTime" : 81.0,
    "maxResTime" : 413.0,
    "pct1ResTime" : 284.30000000000007,
    "pct2ResTime" : 333.0,
    "pct3ResTime" : 385.5499999999994,
    "throughput" : 59.25925925925926,
    "receivedKBytesPerSec" : 101.5625,
    "sentKBytesPerSec" : 35.06944444444444
  },
  "RunPractice" : {
    "transaction" : "RunPractice",
    "sampleCount" : 969,
    "errorCount" : 3,
    "errorPct" : 0.30959752,
    "meanResTime" : 7407.456140350884,
    "medianResTime" : 5623.0,
    "minResTime" : 66.0,
    "maxResTime" : 29144.0,
    "pct1ResTime" : 15697.0,
    "pct2ResTime" : 19685.0,
    "pct3ResTime" : 25034.3,
    "throughput" : 3.6120461178891334,
    "receivedKBytesPerSec" : 102.06546050209863,
    "sentKBytesPerSec" : 0.8439523388837323
  }
}