{
  "AssignmentsList" : {
    "transaction" : "AssignmentsList",
    "sampleCount" : 80,
    "errorCount" : 0,
    "errorPct" : 0.0,
    "meanResTime" : 34.02499999999999,
    "medianResTime" : 32.0,
    "minResTime" : 26.0,
    "maxResTime" : 79.0,
    "pct1ResTime" : 40.900000000000006,
    "pct2ResTime" : 56.80000000000001,
    "pct3ResTime" : 79.0,
    "throughput" : 55.517002081887576,
    "receivedKBytesPerSec" : 21.300041204024982,
    "sentKBytesPerSec" : 17.945437196391396
  },
  "Get CSRF Token" : {
    "transaction" : "Get CSRF Token",
    "sampleCount" : 80,
    "errorCount" : 0,
    "errorPct" : 0.0,
    "meanResTime" : 38.487500000000004,
    "medianResTime" : 32.0,
    "minResTime" : 26.0,
    "maxResTime" : 128.0,
    "pct1ResTime" : 48.0,
    "pct2ResTime" : 125.05000000000011,
    "pct3ResTime" : 128.0,
    "throughput" : 51.446945337620576,
    "receivedKBytesPerSec" : 1374.9861836816722,
    "sentKBytesPerSec" : 6.782556270096463
  },
  "StudentCourses" : {
    "transaction" : "StudentCourses",
    "sampleCount" : 80,
    "errorCount" : 0,
    "errorPct" : 0.0,
    "meanResTime" : 36.825,
    "medianResTime" : 30.0,
    "minResTime" : 22.0,
    "maxResTime" : 95.0,
    "pct1ResTime" : 65.40000000000003,
    "pct2ResTime" : 77.75000000000001,
    "pct3ResTime" : 95.0,
    "throughput" : 55.02063273727648,
    "receivedKBytesPerSec" : 68.65489597661623,
    "sentKBytesPerSec" : 13.325309491059148
  },
  "GetSubmissionId" : {
    "transaction" : "GetSubmissionId",
    "sampleCount" : 808,
    "errorCount" : 0,
    "errorPct" : 0.0,
    "meanResTime" : 1596.3985148514848,
    "medianResTime" : 921.0,
    "minResTime" : 252.0,
    "maxResTime" : 12571.0,
    "pct1ResTime" : 3164.8,
    "pct2ResTime" : 5195.4999999999945,
    "pct3ResTime" : 11885.279999999988,
    "throughput" : 2.961594569432532,
    "receivedKBytesPerSec" : 131.92037275475028,
    "sentKBytesPerSec" : 0.6854471806206153
  },
  "TestcasesResults" : {
    "transaction" : "TestcasesResults",
    "sampleCount" : 778,
    "errorCount" : 2,
    "errorPct" : 0.2570694,
    "meanResTime" : 7623.9280205655605,
    "medianResTime" : 7113.0,
    "minResTime" : 5212.0,
    "maxResTime" : 25562.0,
    "pct1ResTime" : 10153.3,
    "pct2ResTime" : 11801.349999999993,
    "pct3ResTime" : 14132.560000000005,
    "throughput" : 2.8454184374337106,
    "receivedKBytesPerSec" : 82.28756452937218,
    "sentKBytesPerSec" : 0.6873532488241618
  },
  "Total" : {
    "transaction" : "Total",
    "sampleCount" : 3607,
    "errorCount" : 3,
    "errorPct" : 0.08317161,
    "meanResTime" : 3415.7488217355085,
    "medianResTime" : 2237.0,
    "minResTime" : 22.0,
    "maxResTime" : 25562.0,
    "pct1ResTime" : 8422.400000000005,
    "pct2ResTime" : 9727.399999999998,
    "pct3ResTime" : 14892.360000000037,
    "throughput" : 11.636609994515597,
    "receivedKBytesPerSec" : 396.7127583667371,
    "sentKBytesPerSec" : 5.889541099743523
  },
  "Upload" : {
    "transaction" : "Upload",
    "sampleCount" : 826,
    "errorCount" : 0,
    "errorPct" : 0.0,
    "meanResTime" : 2859.4176755447934,
    "medianResTime" : 1472.5,
    "minResTime" : 514.0,
    "maxResTime" : 23792.0,
    "pct1ResTime" : 5419.200000000008,
    "pct2ResTime" : 9916.05,
    "pct3ResTime" : 22202.49,
    "throughput" : 2.997151617409605,
    "receivedKBytesPerSec" : 134.18565115930986,
    "sentKBytesPerSec" : 4.129173214998458
  },
  "Course Page" : {
    "transaction" : "Course Page",
    "sampleCount" : 80,
    "errorCount" : 0,
    "errorPct" : 0.0,
    "meanResTime" : 87.38750000000002,
    "medianResTime" : 68.5,
    "minResTime" : 55.0,
    "maxResTime" : 243.0,
    "pct1ResTime" : 160.70000000000002,
    "pct2ResTime" : 180.70000000000002,
    "pct3ResTime" : 243.0,
    "throughput" : 53.94470667565745,
    "receivedKBytesPerSec" : 1747.0024865138232,
    "sentKBytesPerSec" : 15.646072151045178
  },
  "Login" : {
    "transaction" : "Login",
    "sampleCount" : 80,
    "errorCount" : 0,
    "errorPct" : 0.0,
    "meanResTime" : 146.61249999999998,
    "medianResTime" : 110.5,
    "minResTime" : 78.0,
    "maxResTime" : 295.0,
    "pct1ResTime" : 255.10000000000005,
    "pct2ResTime" : 285.85,
    "pct3ResTime" : 295.0,
    "throughput" : 51.746442432082794,
    "receivedKBytesPerSec" : 88.6865297542044,
    "sentKBytesPerSec" : 30.623382923673997
  },
  "RunPractice" : {
    "transaction" : "RunPractice",
    "sampleCount" : 795,
    "errorCount" : 1,
    "errorPct" : 0.12578617,
    "meanResTime" : 3408.7471698113227,
    "medianResTime" : 2789.0,
    "minResTime" : 1181.0,
    "maxResTime" : 11542.0,
    "pct1ResTime" : 5554.2,
    "pct2ResTime" : 7119.599999999999,
    "pct3ResTime" : 9955.759999999998,
    "throughput" : 2.9178916306059306,
    "receivedKBytesPerSec" : 82.58582432273717,
    "sentKBytesPerSec" : 0.683880850923265
  }
}