{
  "AssignmentsList" : {
    "transaction" : "AssignmentsList",
    "sampleCount" : 60,
    "errorCount" : 0,
    "errorPct" : 0.0,
    "meanResTime" : 35.08333333333333,
    "medianResTime" : 30.5,
    "minResTime" : 24.0,
    "maxResTime" : 83.0,
    "pct1ResTime" : 56.09999999999999,
    "pct2ResTime" : 65.79999999999998,
    "pct3ResTime" : 83.0,
    "throughput" : 56.33802816901409,
    "receivedKBytesPerSec" : 21.74112382629108,
    "sentKBytesPerSec" : 18.210827464788732
  },
  "Get CSRF Token" : {
    "transaction" : "Get CSRF Token",
    "sampleCount" : 60,
    "errorCount" : 0,
    "errorPct" : 0.0,
    "meanResTime" : 41.300000000000004,
    "medianResTime" : 31.0,
    "minResTime" : 25.0,
    "maxResTime" : 137.0,
    "pct1ResTime" : 69.99999999999997,
    "pct2ResTime" : 137.0,
    "pct3ResTime" : 137.0,
    "throughput" : 52.40174672489083,
    "receivedKBytesPerSec" : 1400.5458515283842,
    "sentKBytesPerSec" : 6.908433406113537
  },
  "StudentCourses" : {
    "transaction" : "StudentCourses",
    "sampleCount" : 60,
    "errorCount" : 0,
    "errorPct" : 0.0,
    "meanResTime" : 32.699999999999996,
    "medianResTime" : 30.0,
    "minResTime" : 24.0,
    "maxResTime" : 96.0,
    "pct1ResTime" : 47.19999999999999,
    "pct2ResTime" : 52.89999999999999,
    "pct3ResTime" : 96.0,
    "throughput" : 61.47540983606557,
    "receivedKBytesPerSec" : 76.68417008196721,
    "sentKBytesPerSec" : 14.888575819672132
  },
  "GetSubmissionId" : {
    "transaction" : "GetSubmissionId",
    "sampleCount" : 692,
    "errorCount" : 0,
    "errorPct" : 0.0,
    "meanResTime" : 746.309248554914,
    "medianResTime" : 538.0,
    "minResTime" : 260.0,
    "maxResTime" : 4657.0,
    "pct1ResTime" : 1536.4,
    "pct2ResTime" : 1935.8000000000002,
    "pct3ResTime" : 3196.8900000000062,
    "throughput" : 2.541902827315905,
    "receivedKBytesPerSec" : 110.46277577074386,
    "sentKBytesPerSec" : 0.5883114942127631
  },
  "TestcasesResults" : {
    "transaction" : "TestcasesResults",
    "sampleCount" : 664,
    "errorCount" : 0,
    "errorPct" : 0.0,
    "meanResTime" : 6284.043674698802,
    "medianResTime" : 5952.0,
    "minResTime" : 5207.0,
    "maxResTime" : 12322.0,
    "pct1ResTime" : 8161.0,
    "pct2ResTime" : 8756.25,
    "pct3ResTime" : 9666.45,
    "throughput" : 2.4341960554292834,
    "receivedKBytesPerSec" : 70.57067795017964,
    "sentKBytesPerSec" : 0.5895318571742797
  },
  "Total" : {
    "transaction" : "Total",
    "sampleCount" : 3040,
    "errorCount" : 1,
    "errorPct" : 0.032894738,
    "meanResTime" : 2524.335197368421,
    "medianResTime" : 1871.5,
    "minResTime" : 24.0,
    "maxResTime" : 14494.0,
    "pct1ResTime" : 6197.9,
    "pct2ResTime" : 7096.349999999998,
    "pct3ResTime" : 9449.110000000004,
    "throughput" : 9.848546205556007,
    "receivedKBytesPerSec" : 333.4809853861262,
    "sentKBytesPerSec" : 4.848524059488135
  },
  "Upload" : {
    "transaction" : "Upload",
    "sampleCount" : 696,
    "errorCount" : 0,
    "errorPct" : 0.0,
    "meanResTime" : 1683.74856321839,
    "medianResTime" : 1032.0,
    "minResTime" : 506.0,
    "maxResTime" : 14494.0,
    "pct1ResTime" : 2561.000000000001,
    "pct2ResTime" : 6184.399999999996,
    "pct3ResTime" : 14274.42,
    "throughput" : 2.5354544692849363,
    "receivedKBytesPerSec" : 110.72510502919779,
    "sentKBytesPerSec" : 3.3501856566954578
  },
  "Course Page" : {
    "transaction" : "Course Page",
    "sampleCount" : 60,
    "errorCount" : 0,
    "errorPct" : 0.0,
    "meanResTime" : 94.0166666666667,
    "medianResTime" : 79.5,
    "minResTime" : 53.0,
    "maxResTime" : 196.0,
    "pct1ResTime" : 155.9,
    "pct2ResTime" : 165.7,
    "pct3ResTime" : 196.0,
    "throughput" : 55.65862708719852,
    "receivedKBytesPerSec" : 1802.5078994666046,
    "sentKBytesPerSec" : 16.143176020408163
  },
  "Login" : {
    "transaction" : "Login",
    "sampleCount" : 60,
    "errorCount" : 0,
    "errorPct" : 0.0,
    "meanResTime" : 113.91666666666669,
    "medianResTime" : 108.5,
    "minResTime" : 76.0,
    "maxResTime" : 190.0,
    "pct1ResTime" : 157.0,
    "pct2ResTime" : 177.59999999999997,
    "pct3ResTime" : 190.0,
    "throughput" : 56.022408963585434,
    "receivedKBytesPerSec" : 96.01496848739497,
    "sentKBytesPerSec" : 33.15388655462185
  },
  "RunPractice" : {
    "transaction" : "RunPractice",
    "sampleCount" : 688,
    "errorCount" : 1,
    "errorPct" : 0.14534883,
    "meanResTime" : 2607.5843023255807,
    "medianResTime" : 2306.5,
    "minResTime" : 1102.0,
    "maxResTime" : 6276.0,
    "pct1ResTime" : 3568.100000000001,
    "pct2ResTime" : 4001.75,
    "pct3ResTime" : 4905.350000000001,
    "throughput" : 2.5257994999798083,
    "receivedKBytesPerSec" : 71.48799674477493,
    "sentKBytesPerSec" : 0.5919842578077675
  }
}