{
  "AssignmentsList" : {
    "transaction" : "AssignmentsList",
    "sampleCount" : 40,
    "errorCount" : 0,
    "errorPct" : 0.0,
    "meanResTime" : 34.87500000000001,
    "medianResTime" : 34.5,
    "minResTime" : 25.0,
    "maxResTime" : 61.0,
    "pct1ResTime" : 40.699999999999996,
    "pct2ResTime" : 59.74999999999998,
    "pct3ResTime" : 61.0,
    "throughput" : 54.34782608695652,
    "receivedKBytesPerSec" : 21.07039741847826,
    "sentKBytesPerSec" : 17.56751019021739
  },
  "Get CSRF Token" : {
    "transaction" : "Get CSRF Token",
    "sampleCount" : 40,
    "errorCount" : 0,
    "errorPct" : 0.0,
    "meanResTime" : 43.75000000000001,
    "medianResTime" : 32.0,
    "minResTime" : 26.0,
    "maxResTime" : 132.0,
    "pct1ResTime" : 127.89999999999995,
    "pct2ResTime" : 131.95,
    "pct3ResTime" : 132.0,
    "throughput" : 53.12084993359894,
    "receivedKBytesPerSec" : 1419.7286375332005,
    "sentKBytesPerSec" : 7.003237051792829
  },
  "StudentCourses" : {
    "transaction" : "StudentCourses",
    "sampleCount" : 40,
    "errorCount" : 0,
    "errorPct" : 0.0,
    "meanResTime" : 38.55000000000001,
    "medianResTime" : 31.5,
    "minResTime" : 23.0,
    "maxResTime" : 123.0,
    "pct1ResTime" : 78.89999999999998,
    "pct2ResTime" : 91.64999999999998,
    "pct3ResTime" : 123.0,
    "throughput" : 52.21932114882506,
    "receivedKBytesPerSec" : 65.12116514360314,
    "sentKBytesPerSec" : 12.64686684073107
  },
  "GetSubmissionId" : {
    "transaction" : "GetSubmissionId",
    "sampleCount" : 483,
    "errorCount" : 0,
    "errorPct" : 0.0,
    "meanResTime" : 552.635610766045,
    "medianResTime" : 364.0,
    "minResTime" : 256.0,
    "maxResTime" : 4326.0,
    "pct1ResTime" : 1052.0000000000014,
    "pct2ResTime" : 1425.9999999999998,
    "pct3ResTime" : 3027.4399999999996,
    "throughput" : 1.7805663896896728,
    "receivedKBytesPerSec" : 75.81087426547029,
    "sentKBytesPerSec" : 0.41210374448872306
  },
  "TestcasesResults" : {
    "transaction" : "TestcasesResults",
    "sampleCount" : 480,
    "errorCount" : 0,
    "errorPct" : 0.0,
    "meanResTime" : 5632.8520833333305,
    "medianResTime" : 5376.0,
    "minResTime" : 5210.0,
    "maxResTime" : 8517.0,
    "pct1ResTime" : 6292.3,
    "pct2ResTime" : 6835.45,
    "pct3ResTime" : 8397.59,
    "throughput" : 1.7725062130035487,
    "receivedKBytesPerSec" : 51.39241340222413,
    "sentKBytesPerSec" : 0.429278848461797
  },
  "Total" : {
    "transaction" : "Total",
    "sampleCount" : 2132,
    "errorCount" : 0,
    "errorPct" : 0.0,
    "meanResTime" : 2182.0605065666014,
    "medianResTime" : 1325.5,
    "minResTime" : 23.0,
    "maxResTime" : 8517.0,
    "pct1ResTime" : 5474.5,
    "pct2ResTime" : 5907.7,
    "pct3ResTime" : 7660.370000000001,
    "throughput" : 6.978929002818414,
    "receivedKBytesPerSec" : 233.94975284153216,
    "sentKBytesPerSec" : 3.354950641958356
  },
  "Upload" : {
    "transaction" : "Upload",
    "sampleCount" : 486,
    "errorCount" : 0,
    "errorPct" : 0.0,
    "meanResTime" : 1167.1790123456778,
    "medianResTime" : 705.0,
    "minResTime" : 509.0,
    "maxResTime" : 7886.0,
    "pct1ResTime" : 1719.0,
    "pct2ResTime" : 3851.45,
    "pct3ResTime" : 7741.43,
    "throughput" : 1.772247910497834,
    "receivedKBytesPerSec" : 75.84493090033658,
    "sentKBytesPerSec" : 2.262722818694663
  },
  "Course Page" : {
    "transaction" : "Course Page",
    "sampleCount" : 40,
    "errorCount" : 0,
    "errorPct" : 0.0,
    "meanResTime" : 83.675,
    "medianResTime" : 74.0,
    "minResTime" : 55.0,
    "maxResTime" : 139.0,
    "pct1ResTime" : 127.6,
    "pct2ResTime" : 136.54999999999995,
    "pct3ResTime" : 139.0,
    "throughput" : 50.63291139240506,
    "receivedKBytesPerSec" : 1639.814082278481,
    "sentKBytesPerSec" : 14.685522151898734
  },
  "Login" : {
    "transaction" : "Login",
    "sampleCount" : 40,
    "errorCount" : 0,
    "errorPct" : 0.0,
    "meanResTime" : 134.45,
    "medianResTime" : 115.0,
    "minResTime" : 83.0,
    "maxResTime" : 306.0,
    "pct1ResTime" : 222.8,
    "pct2ResTime" : 296.3999999999997,
    "pct3ResTime" : 306.0,
    "throughput" : 48.721071863580995,
    "receivedKBytesPerSec" : 83.50144640682096,
    "sentKBytesPerSec" : 28.832978075517662
  },
  "RunPractice" : {
    "transaction" : "RunPractice",
    "sampleCount" : 483,
    "errorCount" : 0,
    "errorPct" : 0.0,
    "meanResTime" : 2279.089026915117,
    "medianResTime" : 2118.0,
    "minResTime" : 2070.0,
    "maxResTime" : 4162.0,
    "pct1ResTime" : 2694.0,
    "pct2ResTime" : 2984.8,
    "pct3ResTime" : 3700.679999999992,
    "throughput" : 1.7734532770332294,
    "receivedKBytesPerSec" : 50.26787968147604,
    "sentKBytesPerSec" : 0.4156531118046631
  }
}