{"Disk Read(KB/s)": 6.552322222222222, "Disk Write(KB/s)": 93.50611111111103}