{"%iowait": 0.6885635359116015, "user+system(%)": 9.668563535911607, "%idle": 85.34038888888895}