{"Disk Write(KB/s)": 427.0788888888882, "Disk Read(KB/s)": 7.719855555555552}