{"%iowait": 3.480386740331493, "user+system(%)": 71.36740331491711, "%idle": 17.024277777777765}