{"Disk Write(KB/s)": 760.0606666666663, "Disk Read(KB/s)": 29.781666666666673}