{"I/O wait(%)": 2.0090909090909093, "user+system(%)": 69.0, "Available Memory(Kb)": 1790304.8363636364, "Idle(%)": 28.963636363636365}