Device,kB_read/s,kB_wrtn/s
loop0,0.0,0.0
sda,5.739890710382514,186.2032786885246
