{"Disk Write(KB/s)": 139.86177777777777, "Disk Read(KB/s)": 24.516966666666672}