Device,kB_read/s,kB_wrtn/s
loop0,0.0,0.0
sda,0.29613259668508285,269.7149171270718
