{"Disk Write(KB/s)": 255.3408333333335, "Disk Read(KB/s)": 0.2575777777777778}