{"%iowait": 1.3020441988950269, "%idle": 66.31588888888889, "user+system(%)": 28.934143646408845}