{"Available Memory(Kb)": 7214452.733333333, "Idle(%)": 66.23333333333333, "user+system(%)": 32.56666666666667, "I/O wait(%)": 1.2777777777777777}