Device,kB_read/s,kB_wrtn/s
loop0,0.0,0.0
sda,0.5245901639344263,541.311475409836
