Device,kB_read/s,kB_wrtn/s
loop0,0.0,0.0
sda,10.04040404040404,273.9191919191919
