{"Disk Read(KB/s)": 9.594455555555554, "Disk Write(KB/s)": 263.1959555555553}