{"%idle": 78.70211111111108, "user+system(%)": 17.339668508287296, "%iowait": 1.565248618784531}