{"Idle(%)": 78.83333333333333, "user+system(%)": 19.616666666666667, "I/O wait(%)": 1.5277777777777777, "Available Memory(Kb)": 8377273.688888889}