Device,kB_read/s,kB_wrtn/s
loop0,0.0,0.0
sda,120.90847457627119,12.94915254237288
