{"Disk Read(KB/s)": 107.76433333333333, "Disk Write(KB/s)": 12.536666666666669}