{"user+system(%)": 9.016396396396386, "%sys": 2.0509909909909907, "%iowait": 0.3858558558558559, "%guest": 0.0, "%idle": 89.12472727272721}