{"Idle(%)": 88.91818181818182, "user+system(%)": 10.99090909090909, "I/O wait(%)": 0.4636363636363636, "Available Memory(Kb)": 9040599.745454546, "sys(%)": 2.3454545454545452}