Device,kB_read/s,kB_wrtn/s
loop0,0.0,0.0
sda,13.289795918367346,304.0489795918367
