{"Disk Read(KB/s)": 5.280533333333328, "Disk Write(KB/s)": 242.25276666666667}