{"%iowait": 0.7563063063063056, "%idle": 79.64318181818183, "user+system(%)": 18.778738738738756}