{"Idle(%)": 79.66363636363636, "user+system(%)": 19.636363636363637, "I/O wait(%)": 0.6545454545454545, "Available Memory(Kb)": 4192433.672727273}