{"Disk Read(KB/s)": 34.03550000000001, "Disk Write(KB/s)": 415.6253777777775}