{"user+system(%)": 15.183204419889497, "%iowait": 1.7776795580110507, "%idle": 81.18772222222215}