{"Disk Write(KB/s)": 411.9177666666666, "Disk Read(KB/s)": 6.612722222222221}