{"Idle(%)": 13.71111111111111, "Available Memory(Kb)": 8633097.777777778, "user+system(%)": 84.94444444444444, "I/O wait(%)": 1.3777777777777778}