Device,kB_read/s,kB_wrtn/s
loop0,0.0,0.0
sda,961.8386740331491,430.98342541436466
