{"Disk Read(KB/s)": 817.3143444444443, "Disk Write(KB/s)": 396.9683111111113}