{"user+system(%)": 75.67222222222222, "Idle(%)": 10.555555555555555, "Available Memory(Kb)": 2336116.644444444, "I/O wait(%)": 13.783333333333333}