Device,kB_read/s,kB_wrtn/s
loop0,0.0,0.0
sda,4.795321637426901,221.32397660818714
