{"Disk Write(KB/s)": 203.44613333333345, "Disk Read(KB/s)": 24.85817777777778}