{"%idle": 65.23727777777776, "user+system(%)": 28.883204419889527, "%iowait": 1.4875138121546951}