{"Idle(%)": 65.19444444444444, "I/O wait(%)": 1.4277777777777778, "Available Memory(Kb)": 7259864.111111111, "user+system(%)": 33.31111111111111}