{
  "Login_user1" : {
    "transaction" : "Login_user1",
    "sampleCount" : 1,
    "errorCount" : 0,
    "errorPct" : 0.0,
    "meanResTime" : 122.0,
    "medianResTime" : 122.0,
    "minResTime" : 122.0,
    "maxResTime" : 122.0,
    "pct1ResTime" : 122.0,
    "pct2ResTime" : 122.0,
    "pct3ResTime" : 122.0,
    "throughput" : 8.196721311475411,
    "receivedKBytesPerSec" : 14.016073258196721,
    "sentKBytesPerSec" : 4.818775614754099
  },
  "GetSubmissionId_2_user1" : {
    "transaction" : "GetSubmissionId_2_user1",
    "sampleCount" : 7,
    "errorCount" : 0,
    "errorPct" : 0.0,
    "meanResTime" : 275.14285714285717,
    "medianResTime" : 281.0,
    "minResTime" : 243.0,
    "maxResTime" : 302.0,
    "pct1ResTime" : 302.0,
    "pct2ResTime" : 302.0,
    "pct3ResTime" : 302.0,
    "throughput" : 0.009180990104204237,
    "receivedKBytesPerSec" : 0.390704411465745,
    "sentKBytesPerSec" : 0.0021248971237269572
  },
  "AssignmentsList_6_user1" : {
    "transaction" : "AssignmentsList_6_user1",
    "sampleCount" : 1,
    "errorCount" : 0,
    "errorPct" : 0.0,
    "meanResTime" : 41.0,
    "medianResTime" : 41.0,
    "minResTime" : 41.0,
    "maxResTime" : 41.0,
    "pct1ResTime" : 41.0,
    "pct2ResTime" : 41.0,
    "pct3ResTime" : 41.0,
    "throughput" : 24.390243902439025,
    "receivedKBytesPerSec" : 9.455983231707316,
    "sentKBytesPerSec" : 7.883955792682927
  },
  "Course Page_6_user1" : {
    "transaction" : "Course Page_6_user1",
    "sampleCount" : 1,
    "errorCount" : 0,
    "errorPct" : 0.0,
    "meanResTime" : 93.0,
    "medianResTime" : 93.0,
    "minResTime" : 93.0,
    "maxResTime" : 93.0,
    "pct1ResTime" : 93.0,
    "pct2ResTime" : 93.0,
    "pct3ResTime" : 93.0,
    "throughput" : 10.752688172043012,
    "receivedKBytesPerSec" : 348.10777889784947,
    "sentKBytesPerSec" : 3.1186995967741935
  },
  "RunPractice_2_111182_user1 1628456283407" : {
    "transaction" : "RunPractice_2_111182_user1 1628456283407",
    "sampleCount" : 1,
    "errorCount" : 0,
    "errorPct" : 0.0,
    "meanResTime" : 2098.0,
    "medianResTime" : 2098.0,
    "minResTime" : 2098.0,
    "maxResTime" : 2098.0,
    "pct1ResTime" : 2098.0,
    "pct2ResTime" : 2098.0,
    "pct3ResTime" : 2098.0,
    "throughput" : 0.47664442326024786,
    "receivedKBytesPerSec" : 13.506632060295521,
    "sentKBytesPerSec" : 0.1117135367016206
  },
  "RunPractice_2_111177_user1 1628455647881" : {
    "transaction" : "RunPractice_2_111177_user1 1628455647881",
    "sampleCount" : 1,
    "errorCount" : 0,
    "errorPct" : 0.0,
    "meanResTime" : 2111.0,
    "medianResTime" : 2111.0,
    "minResTime" : 2111.0,
    "maxResTime" : 2111.0,
    "pct1ResTime" : 2111.0,
    "pct2ResTime" : 2111.0,
    "pct3ResTime" : 2111.0,
    "throughput" : 0.4737091425864519,
    "receivedKBytesPerSec" : 13.423455264092846,
    "sentKBytesPerSec" : 0.11102558029369966
  },
  "TestcasesResults_2_111178_user1" : {
    "transaction" : "TestcasesResults_2_111178_user1",
    "sampleCount" : 1,
    "errorCount" : 0,
    "errorPct" : 0.0,
    "meanResTime" : 5335.0,
    "medianResTime" : 5335.0,
    "minResTime" : 5335.0,
    "maxResTime" : 5335.0,
    "pct1ResTime" : 5335.0,
    "pct2ResTime" : 5335.0,
    "pct3ResTime" : 5335.0,
    "throughput" : 0.18744142455482662,
    "receivedKBytesPerSec" : 7.48868761715089,
    "sentKBytesPerSec" : 0.04539597000937207
  },
  "TestcasesResults_2_111179_user1" : {
    "transaction" : "TestcasesResults_2_111179_user1",
    "sampleCount" : 1,
    "errorCount" : 0,
    "errorPct" : 0.0,
    "meanResTime" : 5348.0,
    "medianResTime" : 5348.0,
    "minResTime" : 5348.0,
    "maxResTime" : 5348.0,
    "pct1ResTime" : 5348.0,
    "pct2ResTime" : 5348.0,
    "pct3ResTime" : 5348.0,
    "throughput" : 0.1869857890800299,
    "receivedKBytesPerSec" : 7.470484001028422,
    "sentKBytesPerSec" : 0.045285620792819746
  },
  "TestcasesResults_2_111181_user1" : {
    "transaction" : "TestcasesResults_2_111181_user1",
    "sampleCount" : 1,
    "errorCount" : 0,
    "errorPct" : 0.0,
    "meanResTime" : 5326.0,
    "medianResTime" : 5326.0,
    "minResTime" : 5326.0,
    "maxResTime" : 5326.0,
    "pct1ResTime" : 5326.0,
    "pct2ResTime" : 5326.0,
    "pct3ResTime" : 5326.0,
    "throughput" : 0.1877581674802854,
    "receivedKBytesPerSec" : 7.5013421775253475,
    "sentKBytesPerSec" : 0.04547268118663162
  },
  "RunPractice_2_111178_user1 1628455776732" : {
    "transaction" : "RunPractice_2_111178_user1 1628455776732",
    "sampleCount" : 1,
    "errorCount" : 0,
    "errorPct" : 0.0,
    "meanResTime" : 2090.0,
    "medianResTime" : 2090.0,
    "minResTime" : 2090.0,
    "maxResTime" : 2090.0,
    "pct1ResTime" : 2090.0,
    "pct2ResTime" : 2090.0,
    "pct3ResTime" : 2090.0,
    "throughput" : 0.4784688995215311,
    "receivedKBytesPerSec" : 13.558332087320576,
    "sentKBytesPerSec" : 0.11214114832535886
  },
  "Upload_2_user1-0" : {
    "transaction" : "Upload_2_user1-0",
    "sampleCount" : 7,
    "errorCount" : 0,
    "errorPct" : 0.0,
    "meanResTime" : 257.7142857142857,
    "medianResTime" : 267.0,
    "minResTime" : 217.0,
    "maxResTime" : 280.0,
    "pct1ResTime" : 280.0,
    "pct2ResTime" : 280.0,
    "pct3ResTime" : 280.0,
    "throughput" : 0.009181471789927925,
    "receivedKBytesPerSec" : 0.0020981097644952487,
    "sentKBytesPerSec" : 0.009573426361317148
  },
  "Upload_2_user1-1" : {
    "transaction" : "Upload_2_user1-1",
    "sampleCount" : 7,
    "errorCount" : 0,
    "errorPct" : 0.0,
    "meanResTime" : 283.0,
    "medianResTime" : 282.0,
    "minResTime" : 230.0,
    "maxResTime" : 345.0,
    "pct1ResTime" : 345.0,
    "pct2ResTime" : 345.0,
    "pct3ResTime" : 345.0,
    "throughput" : 0.009180845608342503,
    "receivedKBytesPerSec" : 0.39065215317060503,
    "sentKBytesPerSec" : 0.002124863680837083
  },
  "RunPractice_2_111179_user1 1628455903417" : {
    "transaction" : "RunPractice_2_111179_user1 1628455903417",
    "sampleCount" : 1,
    "errorCount" : 0,
    "errorPct" : 0.0,
    "meanResTime" : 2103.0,
    "medianResTime" : 2103.0,
    "minResTime" : 2103.0,
    "maxResTime" : 2103.0,
    "pct1ResTime" : 2103.0,
    "pct2ResTime" : 2103.0,
    "pct3ResTime" : 2103.0,
    "throughput" : 0.47551117451260105,
    "receivedKBytesPerSec" : 13.474519287922014,
    "sentKBytesPerSec" : 0.11144793152639086
  },
  "RunPractice_2_111181_user1 1628456156675" : {
    "transaction" : "RunPractice_2_111181_user1 1628456156675",
    "sampleCount" : 1,
    "errorCount" : 0,
    "errorPct" : 0.0,
    "meanResTime" : 2094.0,
    "medianResTime" : 2094.0,
    "minResTime" : 2094.0,
    "maxResTime" : 2094.0,
    "pct1ResTime" : 2094.0,
    "pct2ResTime" : 2094.0,
    "pct3ResTime" : 2094.0,
    "throughput" : 0.4775549188156638,
    "receivedKBytesPerSec" : 13.53243269460363,
    "sentKBytesPerSec" : 0.11192693409742122
  },
  "TestcasesResults_2_111183_user1" : {
    "transaction" : "TestcasesResults_2_111183_user1",
    "sampleCount" : 1,
    "errorCount" : 0,
    "errorPct" : 0.0,
    "meanResTime" : 5364.0,
    "medianResTime" : 5364.0,
    "minResTime" : 5364.0,
    "maxResTime" : 5364.0,
    "pct1ResTime" : 5364.0,
    "pct2ResTime" : 5364.0,
    "pct3ResTime" : 5364.0,
    "throughput" : 0.18642803877703204,
    "receivedKBytesPerSec" : 7.448200678131991,
    "sentKBytesPerSec" : 0.04515054064131246
  },
  "TestcasesResults_2_111180_user1" : {
    "transaction" : "TestcasesResults_2_111180_user1",
    "sampleCount" : 1,
    "errorCount" : 0,
    "errorPct" : 0.0,
    "meanResTime" : 5354.0,
    "medianResTime" : 5354.0,
    "minResTime" : 5354.0,
    "maxResTime" : 5354.0,
    "pct1ResTime" : 5354.0,
    "pct2ResTime" : 5354.0,
    "pct3ResTime" : 5354.0,
    "throughput" : 0.1867762420620097,
    "receivedKBytesPerSec" : 7.462294546133732,
    "sentKBytesPerSec" : 0.04523487112439298
  },
  "Upload_2_user1" : {
    "transaction" : "Upload_2_user1",
    "sampleCount" : 7,
    "errorCount" : 0,
    "errorPct" : 0.0,