Device,kB_read/s,kB_wrtn/s
loop0,0.0,0.0
sda,14.154838709677419,920.9806451612903
