{"Disk Read(KB/s)": 14.256333333333332, "Disk Write(KB/s)": 898.0641666666667}