{"%iowait": 0.09108108108108101, "user+system(%)": 97.62909909909908, "%idle": 0.7433636363636367}