{"user+system(%)": 99.16363636363636, "I/O wait(%)": 0.07272727272727272, "Available Memory(Kb)": 6101016.218181818, "Idle(%)": 0.7363636363636363}