{
  "RunPractice_2_137169_user1 1628936384823" : {
    "transaction" : "RunPractice_2_137169_user1 1628936384823",
    "sampleCount" : 1,
    "errorCount" : 0,
    "errorPct" : 0.0,
    "meanResTime" : 2131.0,
    "medianResTime" : 2131.0,
    "minResTime" : 2131.0,
    "maxResTime" : 2131.0,
    "pct1ResTime" : 2131.0,
    "pct2ResTime" : 2131.0,
    "pct3ResTime" : 2131.0,
    "throughput" : 0.46926325668700136,
    "receivedKBytesPerSec" : 13.293806458235572,
    "sentKBytesPerSec" : 0.10998357578601596
  },
  "Login_user1" : {
    "transaction" : "Login_user1",
    "sampleCount" : 1,
    "errorCount" : 0,
    "errorPct" : 0.0,
    "meanResTime" : 119.0,
    "medianResTime" : 119.0,
    "minResTime" : 119.0,
    "maxResTime" : 119.0,
    "pct1ResTime" : 119.0,
    "pct2ResTime" : 119.0,
    "pct3ResTime" : 119.0,
    "throughput" : 8.403361344537815,
    "receivedKBytesPerSec" : 14.369419642857144,
    "sentKBytesPerSec" : 4.940257352941177
  },
  "RunPractice_2_137172_user1 1628936765430" : {
    "transaction" : "RunPractice_2_137172_user1 1628936765430",
    "sampleCount" : 1,
    "errorCount" : 0,
    "errorPct" : 0.0,
    "meanResTime" : 2183.0,
    "medianResTime" : 2183.0,
    "minResTime" : 2183.0,
    "maxResTime" : 2183.0,
    "pct1ResTime" : 2183.0,
    "pct2ResTime" : 2183.0,
    "pct3ResTime" : 2183.0,
    "throughput" : 0.45808520384791573,
    "receivedKBytesPerSec" : 12.97714226408612,
    "sentKBytesPerSec" : 0.10736371965185525
  },
  "TestcasesResults_2_137169_user1" : {
    "transaction" : "TestcasesResults_2_137169_user1",
    "sampleCount" : 1,
    "errorCount" : 0,
    "errorPct" : 0.0,
    "meanResTime" : 5324.0,
    "medianResTime" : 5324.0,
    "minResTime" : 5324.0,
    "maxResTime" : 5324.0,
    "pct1ResTime" : 5324.0,
    "pct2ResTime" : 5324.0,
    "pct3ResTime" : 5324.0,
    "throughput" : 0.18782870022539444,
    "receivedKBytesPerSec" : 5.443363777235161,
    "sentKBytesPerSec" : 0.045489763335837714
  },
  "GetSubmissionId_2_user1" : {
    "transaction" : "GetSubmissionId_2_user1",
    "sampleCount" : 7,
    "errorCount" : 0,
    "errorPct" : 0.0,
    "meanResTime" : 323.57142857142856,
    "medianResTime" : 294.0,
    "minResTime" : 288.0,
    "maxResTime" : 438.0,
    "pct1ResTime" : 438.0,
    "pct2ResTime" : 438.0,
    "pct3ResTime" : 438.0,
    "throughput" : 0.009119428029473992,
    "receivedKBytesPerSec" : 0.3881723725787919,
    "sentKBytesPerSec" : 0.002110648870102867
  },
  "AssignmentsList_6_user1" : {
    "transaction" : "AssignmentsList_6_user1",
    "sampleCount" : 1,
    "errorCount" : 0,
    "errorPct" : 0.0,
    "meanResTime" : 28.0,
    "medianResTime" : 28.0,
    "minResTime" : 28.0,
    "maxResTime" : 28.0,
    "pct1ResTime" : 28.0,
    "pct2ResTime" : 28.0,
    "pct3ResTime" : 28.0,
    "throughput" : 35.714285714285715,
    "receivedKBytesPerSec" : 13.846261160714285,
    "sentKBytesPerSec" : 11.544363839285714
  },
  "Course Page_6_user1" : {
    "transaction" : "Course Page_6_user1",
    "sampleCount" : 1,
    "errorCount" : 0,
    "errorPct" : 0.0,
    "meanResTime" : 81.0,
    "medianResTime" : 81.0,
    "minResTime" : 81.0,
    "maxResTime" : 81.0,
    "pct1ResTime" : 81.0,
    "pct2ResTime" : 81.0,
    "pct3ResTime" : 81.0,
    "throughput" : 12.345679012345679,
    "receivedKBytesPerSec" : 399.67930169753083,
    "sentKBytesPerSec" : 3.5807291666666665
  },
  "TestcasesResults_2_137171_user1" : {
    "transaction" : "TestcasesResults_2_137171_user1",
    "sampleCount" : 1,
    "errorCount" : 0,
    "errorPct" : 0.0,
    "meanResTime" : 5311.0,
    "medianResTime" : 5311.0,
    "minResTime" : 5311.0,
    "maxResTime" : 5311.0,
    "pct1ResTime" : 5311.0,
    "pct2ResTime" : 5311.0,
    "pct3ResTime" : 5311.0,
    "throughput" : 0.18828845791752966,
    "receivedKBytesPerSec" : 5.456687770664658,
    "sentKBytesPerSec" : 0.04560111090190171
  },
  "TestcasesResults_2_137168_user1" : {
    "transaction" : "TestcasesResults_2_137168_user1",
    "sampleCount" : 1,
    "errorCount" : 0,
    "errorPct" : 0.0,
    "meanResTime" : 5363.0,
    "medianResTime" : 5363.0,
    "minResTime" : 5363.0,
    "maxResTime" : 5363.0,
    "pct1ResTime" : 5363.0,
    "pct2ResTime" : 5363.0,
    "pct3ResTime" : 5363.0,
    "throughput" : 0.18646280067126608,
    "receivedKBytesPerSec" : 5.403779367891105,
    "sentKBytesPerSec" : 0.04515895953757225
  },
  "Upload_2_user1-0" : {
    "transaction" : "Upload_2_user1-0",
    "sampleCount" : 7,
    "errorCount" : 0,
    "errorPct" : 0.0,
    "meanResTime" : 427.42857142857144,
    "medianResTime" : 354.0,
    "minResTime" : 286.0,
    "maxResTime" : 843.0,
    "pct1ResTime" : 843.0,
    "pct2ResTime" : 843.0,
    "pct3ResTime" : 843.0,
    "throughput" : 0.009112933987208045,
    "receivedKBytesPerSec" : 0.0020824478056705883,
    "sentKBytesPerSec" : 0.009476535985023543
  },
  "Upload_2_user1-1" : {
    "transaction" : "Upload_2_user1-1",
    "sampleCount" : 7,
    "errorCount" : 0,
    "errorPct" : 0.0,
    "meanResTime" : 345.5714285714286,
    "medianResTime" : 303.0,
    "minResTime" : 287.0,
    "maxResTime" : 455.0,
    "pct1ResTime" : 455.0,
    "pct2ResTime" : 455.0,
    "pct3ResTime" : 455.0,
    "throughput" : 0.009119356746630397,
    "receivedKBytesPerSec" : 0.388017942822936,
    "sentKBytesPerSec" : 0.002110632372022856
  },
  "RunPractice_2_137170_user1 1628936511751" : {
    "transaction" : "RunPractice_2_137170_user1 1628936511751",
    "sampleCount" : 1,
    "errorCount" : 0,
    "errorPct" : 0.0,
    "meanResTime" : 2122.0,
    "medianResTime" : 2122.0,
    "minResTime" : 2122.0,
    "maxResTime" : 2122.0,
    "pct1ResTime" : 2122.0,
    "pct2ResTime" : 2122.0,
    "pct3ResTime" : 2122.0,
    "throughput" : 0.471253534401508,
    "receivedKBytesPerSec" : 13.35018923774741,
    "sentKBytesPerSec" : 0.11045004712535345
  },
  "RunPractice_2_137168_user1 1628936257662" : {
    "transaction" : "RunPractice_2_137168_user1 1628936257662",
    "sampleCount" : 1,
    "errorCount" : 0,
    "errorPct" : 0.0,
    "meanResTime" : 2157.0,
    "medianResTime" : 2157.0,
    "minResTime" : 2157.0,
    "maxResTime" : 2157.0,
    "pct1ResTime" : 2157.0,
    "pct2ResTime" : 2157.0,
    "pct3ResTime" : 2157.0,
    "throughput" : 0.46360686138154844,
    "receivedKBytesPerSec" : 13.133565861149744,
    "sentKBytesPerSec" : 0.10865785813630041
  },
  "TestcasesResults_2_137170_user1" : {
    "transaction" : "TestcasesResults_2_137170_user1",
    "sampleCount" : 1,
    "errorCount" : 0,
    "errorPct" : 0.0,
    "meanResTime" : 5351.0,
    "medianResTime" : 5351.0,
    "minResTime" : 5351.0,
    "maxResTime" : 5351.0,
    "pct1ResTime" : 5351.0,
    "pct2ResTime" : 5351.0,
    "pct3ResTime" : 5351.0,
    "throughput" : 0.18688095683049896,
    "receivedKBytesPerSec" : 5.415897729396375,
    "sentKBytesPerSec" : 0.04526023173238647
  },
  "Upload_2_user1" : {
    "transaction" : "Upload_2_user1",
    "sampleCount" : 7,
    "errorCount" : 0,
    "errorPct" : 0.0,
    "meanResTime" : 773.8571428571429,
    "medianResTime" : 777.0,
    "minResTime" : 589.0,
    "maxResTime" : 1142.0,
    "pct1ResTime" : 1142.0,
    "pct2ResTime" : 1142.0,
    "pct3ResTime" : 1142.0,
    "throughput" : 0.009109340717972208,
    "receivedKBytesPerSec" : 0.389673399228569,
    "sentKBytesPerSec" : 0.011581113555089388
  },
  "Get CSRF Token" : {
    "transaction" : "Get CSRF Token",
    "sampleCount" : 1,
    "errorCount" : 0,
    "errorPct" : 0.0,
    "meanResTime" : 178.0,
    "medianResTime" : 178.0,
    "minResTime" : 178.0,
    "maxResTime" : 178.0,
    "pct1ResTime" : 178.0,
    "pct2ResTime" : 178.0,
    "pct3ResTime" : 178.0,
    "throughput" : 5.617977528089887,
    "receivedKBytesPerSec" : 150.13825491573036,
    "sentKBytesPerSec" : 0.740651334269663
  },
  "Login_user1-0" : {
    "transaction" : "Login_user1-0",
    "sampleCount" : 1,
    "errorCount" : 0,
    "errorPct" : 0.0,
    "meanResTime" : 80.0,
    "medianResTime" : 80.0,
    "minResTime" : 80.0,