Device,kB_read/s,kB_wrtn/s
loop0,0.0,0.0
sda,24.503867403314917,170.21436464088399
