{"Disk Read(KB/s)": 21.349311111111117, "Disk Write(KB/s)": 170.08294444444456}