{"user+system(%)": 17.198011049723757, "%idle": 78.4232222222222, "%iowait": 1.0277900552486188}