{"Available Memory(Kb)": 7211214.933333334, "Idle(%)": 78.47222222222223, "user+system(%)": 20.583333333333332, "I/O wait(%)": 0.9888888888888889}