Device,kB_read/s,kB_wrtn/s
loop0,0.0,0.0
sda,0.5392265193370166,64.56132596685083
