{"Disk Write(KB/s)": 70.52055555555557, "Disk Read(KB/s)": 0.47309999999999997}