{"%idle": 89.65816666666667, "%iowait": 0.3729281767955803, "user+system(%)": 5.654198895027626}