{"Idle(%)": 89.80555555555556, "user+system(%)": 9.716666666666667, "Available Memory(Kb)": 7185631.155555556, "I/O wait(%)": 0.2777777777777778}