Device,kB_read/s,kB_wrtn/s
loop0,0.0,0.0
sda,18.73777777777778,335.32444444444445
