{"Disk Read(KB/s)": 15.132833333333346, "Disk Write(KB/s)": 302.66793333333334}