{"%idle": 65.89845454545456, "user+system(%)": 31.162882882882887, "%iowait": 1.4714414414414405}