{"Idle(%)": 65.96363636363637, "I/O wait(%)": 1.4454545454545455, "user+system(%)": 32.6, "Available Memory(Kb)": 4356638.072727272}