Device,kB_read/s,kB_wrtn/s
loop0,0.0,0.0
sda,36.95737704918033,545.8754098360656
