{"Disk Read(KB/s)": 37.293966666666684, "Disk Write(KB/s)": 545.9817666666669}