{"user+system(%)": 94.53414414414415, "%iowait": 0.9054954954954955, "%idle": 1.546636363636364}