{"user+system(%)": 97.50909090909092, "I/O wait(%)": 0.8727272727272727, "Available Memory(Kb)": 9572683.054545455, "Idle(%)": 1.509090909090909}