Device,kB_read/s,kB_wrtn/s
loop0,0.0,0.0
sda,119.9431693989071,744.9573770491803
