{"Disk Write(KB/s)": 637.0311111111116, "Disk Read(KB/s)": 160.36340000000007}