{"user+system(%)": 44.35220994475138, "%iowait": 1.3143646408839782, "%idle": 52.36561111111113}