{"user+system(%)": 45.92777777777778, "Available Memory(Kb)": 7153028.844444444, "I/O wait(%)": 1.3111111111111111, "Idle(%)": 52.827777777777776}