Device,kB_read/s,kB_wrtn/s
loop0,0.0,0.0
sda,1367.5322404371584,527.5540983606558
