{"user+system(%)": 61.483370165745825, "%idle": 18.86577777777779, "%iowait": 11.97740331491712}