Device,kB_read/s,kB_wrtn/s
loop0,0.0,0.0
sda,5.458064516129032,94.47741935483872
