{
  "AssignmentsList" : {
    "transaction" : "AssignmentsList",
    "sampleCount" : 140,
    "errorCount" : 4,
    "errorPct" : 2.857143,
    "meanResTime" : 105.12857142857142,
    "medianResTime" : 82.5,
    "minResTime" : 0.0,
    "maxResTime" : 251.0,
    "pct1ResTime" : 235.8,
    "pct2ResTime" : 244.0,
    "pct3ResTime" : 250.59,
    "throughput" : 38.033143167617496,
    "receivedKBytesPerSec" : 15.54275757267047,
    "sentKBytesPerSec" : 11.942661640858462
  },
  "Get CSRF Token" : {
    "transaction" : "Get CSRF Token",
    "sampleCount" : 140,
    "errorCount" : 0,
    "errorPct" : 0.0,
    "meanResTime" : 8821.56428571429,
    "medianResTime" : 8848.5,
    "minResTime" : 5559.0,
    "maxResTime" : 10588.0,
    "pct1ResTime" : 9697.6,
    "pct2ResTime" : 9822.05,
    "pct3ResTime" : 10290.340000000002,
    "throughput" : 12.881854987118146,
    "receivedKBytesPerSec" : 344.26451940329406,
    "sentKBytesPerSec" : 1.6982914289657711
  },
  "StudentCourses" : {
    "transaction" : "StudentCourses",
    "sampleCount" : 140,
    "errorCount" : 0,
    "errorPct" : 0.0,
    "meanResTime" : 95.24999999999997,
    "medianResTime" : 73.0,
    "minResTime" : 22.0,
    "maxResTime" : 382.0,
    "pct1ResTime" : 213.40000000000003,
    "pct2ResTime" : 224.79999999999995,
    "pct3ResTime" : 318.8600000000005,
    "throughput" : 40.02287021154945,
    "receivedKBytesPerSec" : 79.41284528659233,
    "sentKBytesPerSec" : 9.896280017152659
  },
  "GetSubmissionId" : {
    "transaction" : "GetSubmissionId",
    "sampleCount" : 894,
    "errorCount" : 5,
    "errorPct" : 0.5592841,
    "meanResTime" : 1692.4407158836698,
    "medianResTime" : 1259.5,
    "minResTime" : 0.0,
    "maxResTime" : 26493.0,
    "pct1ResTime" : 2947.5,
    "pct2ResTime" : 4344.5,
    "pct3ResTime" : 7606.999999999953,
    "throughput" : 3.3544078194473106,
    "receivedKBytesPerSec" : 148.03927179872616,
    "sentKBytesPerSec" : 0.772019896863216
  },
  "TestcasesResults" : {
    "transaction" : "TestcasesResults",
    "sampleCount" : 814,
    "errorCount" : 1,
    "errorPct" : 0.12285012,
    "meanResTime" : 17824.856265356255,
    "medianResTime" : 18398.5,
    "minResTime" : 6131.0,
    "maxResTime" : 36183.0,
    "pct1ResTime" : 21867.5,
    "pct2ResTime" : 22673.0,
    "pct3ResTime" : 26257.400000000012,
    "throughput" : 2.9875725789284377,
    "receivedKBytesPerSec" : 86.50380961955246,
    "sentKBytesPerSec" : 0.7226638485366768
  },
  "Total" : {
    "transaction" : "Total",
    "sampleCount" : 4196,
    "errorCount" : 28,
    "errorPct" : 0.6673022,
    "meanResTime" : 6298.214013346037,
    "medianResTime" : 2446.5,
    "minResTime" : 0.0,
    "maxResTime" : 45344.0,
    "pct1ResTime" : 19123.9,
    "pct2ResTime" : 21376.15,
    "pct3ResTime" : 40115.119999999995,
    "throughput" : 12.972638738599475,
    "receivedKBytesPerSec" : 422.53661090392643,
    "sentKBytesPerSec" : 6.33698939171433
  },
  "Upload" : {
    "transaction" : "Upload",
    "sampleCount" : 897,
    "errorCount" : 4,
    "errorPct" : 0.44593087,
    "meanResTime" : 6496.633221850612,
    "medianResTime" : 2686.0,
    "minResTime" : 0.0,
    "maxResTime" : 45344.0,
    "pct1ResTime" : 25505.60000000001,
    "pct2ResTime" : 39563.099999999984,
    "pct3ResTime" : 44693.28,
    "throughput" : 3.3677112703817866,
    "receivedKBytesPerSec" : 149.5468603049806,
    "sentKBytesPerSec" : 4.590371348126358
  },
  "Course Page" : {
    "transaction" : "Course Page",
    "sampleCount" : 140,
    "errorCount" : 4,
    "errorPct" : 2.857143,
    "meanResTime" : 299.9571428571429,
    "medianResTime" : 306.0,
    "minResTime" : 0.0,
    "maxResTime" : 703.0,
    "pct1ResTime" : 492.70000000000005,
    "pct2ResTime" : 593.7999999999995,
    "pct3ResTime" : 700.95,
    "throughput" : 38.45097500686625,
    "receivedKBytesPerSec" : 1210.9291854057951,
    "sentKBytesPerSec" : 10.833648036253777
  },
  "Login" : {
    "transaction" : "Login",
    "sampleCount" : 140,
    "errorCount" : 4,
    "errorPct" : 2.857143,
    "meanResTime" : 563.5714285714288,
    "medianResTime" : 523.5,
    "minResTime" : 84.0,
    "maxResTime" : 2217.0,
    "pct1ResTime" : 950.5000000000001,
    "pct2ResTime" : 1384.149999999996,
    "pct3ResTime" : 1901.3000000000027,
    "throughput" : 30.803080308030804,
    "receivedKBytesPerSec" : 53.06311881188119,
    "sentKBytesPerSec" : 17.708333333333332
  },
  "RunPractice" : {
    "transaction" : "RunPractice",
    "sampleCount" : 891,
    "errorCount" : 6,
    "errorPct" : 0.6734007,
    "meanResTime" : 3584.0460157126845,
    "medianResTime" : 2544.0,
    "minResTime" : 0.0,
    "maxResTime" : 32834.0,
    "pct1ResTime" : 6017.000000000003,
    "pct2ResTime" : 7824.2,
    "pct3ResTime" : 16174.280000000063,
    "throughput" : 3.338879395629103,
    "receivedKBytesPerSec" : 94.00910436597829,
    "sentKBytesPerSec" : 0.7772801623347424
  }
}