Device,kB_read/s,kB_wrtn/s
loop0,0.0,0.0
sda,12.27403314917127,189.5513812154696
