{"Disk Write(KB/s)": 173.6271777777778, "Disk Read(KB/s)": 10.402866666666661}