{"%idle": 93.00711111111113, "%iowait": 0.43591160220994524, "user+system(%)": 5.685801104972377}