{"user+system(%)": 6.433333333333334, "Idle(%)": 93.13333333333334, "I/O wait(%)": 0.4111111111111111, "Available Memory(Kb)": 8572040.688888889}