Device,kB_read/s,kB_wrtn/s
loop0,0.0,0.0
sda,1.521311475409836,807.1213114754098
