{"%iowait": 1.7817117117117114, "%idle": 16.51563636363636, "user+system(%)": 79.21099099099094}