{"user+system(%)": 81.52727272727273, "I/O wait(%)": 1.790909090909091, "Idle(%)": 16.636363636363637, "Available Memory(Kb)": 3540437.381818182}