Device,kB_read/s,kB_wrtn/s
loop0,0.0,0.0
sda,228.25263157894736,369.7894736842105
