{"Disk Write(KB/s)": 393.2857555555556, "Disk Read(KB/s)": 265.630233333333}