{"%iowait": 2.3240331491712714, "user+system(%)": 11.113867403314924, "%idle": 85.9571666666667}