{"I/O wait(%)": 2.2777777777777777, "user+system(%)": 11.65, "Available Memory(Kb)": 10098298.266666668, "Idle(%)": 86.02777777777777}