Device,kB_read/s,kB_wrtn/s
loop0,0.0,0.0
sda,39.08196721311475,1037.272131147541
Device,kB_read/s,kB_wrtn/s
loop0,0.0,0.0
sda,39.08196721311475,1037.272131147541
