{"%idle": 5.003, "user+system(%)": 1.4996396396396385, "%guest": 91.05441441441437, "%sys": 1.2072072072072064, "%iowait": 1.2909909909909913}