{"user+system(%)": 93.57272727272728, "Idle(%)": 4.990909090909091, "sys(%)": 1.190909090909091, "I/O wait(%)": 1.3181818181818181, "Available Memory(Kb)": 2572680.3636363638}