Device,kB_read/s,kB_wrtn/s
loop0,0.0,0.0
sda,4.283870967741936,1043.8709677419354
