{"Disk Read(KB/s)": 3.4041666666666672, "Disk Write(KB/s)": 1023.7576666666669}