{"%iowait": 0.1198198198198198, "%sys": 7.433243243243244, "%idle": 0.30663636363636365, "user+system(%)": 97.68918918918922, "%guest": 0.0}