{"Idle(%)": 0.3, "user+system(%)": 99.57272727272728, "I/O wait(%)": 0.1, "sys(%)": 8.2, "Available Memory(Kb)": 5875581.090909091}