Device,kB_read/s,kB_wrtn/s
loop0,0.0,0.0
sda,0.03934426229508197,532.4459016393442
