{"%idle": 64.91727272727275, "user+system(%)": 31.95675675675676, "%iowait": 1.9987387387387379}