{"user+system(%)": 33.236363636363635, "I/O wait(%)": 2.0272727272727273, "Available Memory(Kb)": 8879236.61818182, "Idle(%)": 64.74545454545455}