Device,kB_read/s,kB_wrtn/s
loop0,0.0,0.0
sda,6.916129032258064,105.66451612903226
