{"Disk Write(KB/s)": 96.61866666666666, "Disk Read(KB/s)": 6.993666666666667}