{"Idle(%)": 0.0, "I/O wait(%)": 0.0, "Available Memory(Kb)": 2207592.981818182, "user+system(%)": 100.32727272727273, "sys(%)": 5.2727272727272725}