{"sys(%)": 11.954545454545455, "Available Memory(Kb)": 4016116.1818181816, "Idle(%)": 0.2727272727272727, "user+system(%)": 99.43636363636364, "I/O wait(%)": 0.6}