Device,kB_read/s,kB_wrtn/s
loop0,0.0,0.0
sda,0.8918032786885246,51.80327868852459
