{"Disk Write(KB/s)": 51.07016666666667, "Disk Read(KB/s)": 0.8763333333333334}