{"%sys": 0.7450450450450451, "user+system(%)": 1.4964864864864862, "%iowait": 0.07099099099099093, "%idle": 97.92654545454548, "%guest": 0.0}