{"user+system(%)": 1.9090909090909092, "Idle(%)": 97.99090909090908, "Available Memory(Kb)": 6635535.745454545, "sys(%)": 0.7545454545454545, "I/O wait(%)": 0.02727272727272727}