Device,kB_read/s,kB_wrtn/s
loop0,0.0,0.0
sda,144.35555555555555,1104.9650793650794
Device,kB_read/s,kB_wrtn/s
loop0,0.0,0.0
sda,144.35555555555555,1104.9650793650794
