{"%sys": 2.7728828828828815, "%iowait": 9.897657657657657, "%idle": 67.04672727272725, "user+system(%)": 5.596846846846848, "%guest": 16.96828828828829}