Device,kB_read/s,kB_wrtn/s
loop0,0.0,0.0
sda,0.08235294117647059,233.10588235294117
Device,kB_read/s,kB_wrtn/s
loop0,0.0,0.0
sda,0.08235294117647059,233.10588235294117
