{"%iowait": 0.7293693693693694, "%idle": 1.5949090909090908, "user+system(%)": 91.53801801801802}