{"user+system(%)": 97.0, "I/O wait(%)": 0.7636363636363637, "Idle(%)": 2.4454545454545453, "Available Memory(Kb)": 3188235.272727273}