{"Disk Read(KB/s)": 29.465999999999983, "Disk Write(KB/s)": 734.1386666666665}