Device,kB_read/s,kB_wrtn/s
loop0,0.0,0.0
sda,7.670329670329671,699.1120879120879
