{"Disk Write(KB/s)": 638.3255777777773, "Disk Read(KB/s)": 7.114933333333335}