{"%iowait": 1.2885082872928182, "%idle": 15.818944444444437, "user+system(%)": 78.53657458563539}