{"user+system(%)": 82.52777777777777, "Idle(%)": 16.205555555555556, "Available Memory(Kb)": 7008302.466666667, "I/O wait(%)": 1.2666666666666666}