Device,kB_read/s,kB_wrtn/s
loop0,0.0,0.0
sda,26.610989010989012,546.0131868131868
