{"user+system(%)": 79.85149171270722, "%iowait": 0.895248618784531, "%idle": 13.943944444444464}