{"I/O wait(%)": 0.8722222222222222, "user+system(%)": 84.76666666666667, "Idle(%)": 14.338888888888889, "Available Memory(Kb)": 7086227.066666666}