{
  "TestcasesResults_2_91682_user1" : {
    "transaction" : "TestcasesResults_2_91682_user1",
    "sampleCount" : 1,
    "errorCount" : 0,
    "errorPct" : 0.0,
    "meanResTime" : 6509.0,
    "medianResTime" : 6509.0,
    "minResTime" : 6509.0,
    "maxResTime" : 6509.0,
    "pct1ResTime" : 6509.0,
    "pct2ResTime" : 6509.0,
    "pct3ResTime" : 6509.0,
    "throughput" : 0.15363343063450607,
    "receivedKBytesPerSec" : 6.137985625672146,
    "sentKBytesPerSec" : 0.03705806383469043
  },
  "Login_user1" : {
    "transaction" : "Login_user1",
    "sampleCount" : 1,
    "errorCount" : 0,
    "errorPct" : 0.0,
    "meanResTime" : 127.0,
    "medianResTime" : 127.0,
    "minResTime" : 127.0,
    "maxResTime" : 127.0,
    "pct1ResTime" : 127.0,
    "pct2ResTime" : 127.0,
    "pct3ResTime" : 127.0,
    "throughput" : 7.874015748031496,
    "receivedKBytesPerSec" : 13.4642593503937,
    "sentKBytesPerSec" : 4.629060039370079
  },
  "Upload_2_user1-0" : {
    "transaction" : "Upload_2_user1-0",
    "sampleCount" : 2,
    "errorCount" : 0,
    "errorPct" : 0.0,
    "meanResTime" : 284.0,
    "medianResTime" : 284.0,
    "minResTime" : 283.0,
    "maxResTime" : 285.0,
    "pct1ResTime" : 285.0,
    "pct2ResTime" : 285.0,
    "pct3ResTime" : 285.0,
    "throughput" : 0.015464555239391315,
    "receivedKBytesPerSec" : 0.003533892505876531,
    "sentKBytesPerSec" : 0.016189456266237783
  },
  "Upload_2_user1-1" : {
    "transaction" : "Upload_2_user1-1",
    "sampleCount" : 2,
    "errorCount" : 0,
    "errorPct" : 0.0,
    "meanResTime" : 297.5,
    "medianResTime" : 297.5,
    "minResTime" : 264.0,
    "maxResTime" : 331.0,
    "pct1ResTime" : 331.0,
    "pct2ResTime" : 331.0,
    "pct3ResTime" : 331.0,
    "throughput" : 0.015467186364128502,
    "receivedKBytesPerSec" : 0.6580577878250042,
    "sentKBytesPerSec" : 0.0035798077815414595
  },
  "TestcasesResults_2_91683_user1" : {
    "transaction" : "TestcasesResults_2_91683_user1",
    "sampleCount" : 1,
    "errorCount" : 0,
    "errorPct" : 0.0,
    "meanResTime" : 5349.0,
    "medianResTime" : 5349.0,
    "minResTime" : 5349.0,
    "maxResTime" : 5349.0,
    "pct1ResTime" : 5349.0,
    "pct2ResTime" : 5349.0,
    "pct3ResTime" : 5349.0,
    "throughput" : 0.1869508319312021,
    "receivedKBytesPerSec" : 7.469087387829501,
    "sentKBytesPerSec" : 0.04509458543653019
  },
  "RunPractice_2_91683_user1 1628175111320" : {
    "transaction" : "RunPractice_2_91683_user1 1628175111320",
    "sampleCount" : 1,
    "errorCount" : 0,
    "errorPct" : 0.0,
    "meanResTime" : 2095.0,
    "medianResTime" : 2095.0,
    "minResTime" : 2095.0,
    "maxResTime" : 2095.0,
    "pct1ResTime" : 2095.0,
    "pct2ResTime" : 2095.0,
    "pct3ResTime" : 2095.0,
    "throughput" : 0.47732696897374705,
    "receivedKBytesPerSec" : 13.520845763723148,
    "sentKBytesPerSec" : 0.11140736873508353
  },
  "GetSubmissionId_2_user1" : {
    "transaction" : "GetSubmissionId_2_user1",
    "sampleCount" : 2,
    "errorCount" : 0,
    "errorPct" : 0.0,
    "meanResTime" : 269.5,
    "medianResTime" : 269.5,
    "minResTime" : 269.0,
    "maxResTime" : 270.0,
    "pct1ResTime" : 270.0,
    "pct2ResTime" : 270.0,
    "pct3ResTime" : 270.0,
    "throughput" : 0.015474845638414756,
    "receivedKBytesPerSec" : 0.6584365473298154,
    "sentKBytesPerSec" : 0.0035815804846721657
  },
  "AssignmentsList_6_user1" : {
    "transaction" : "AssignmentsList_6_user1",
    "sampleCount" : 1,
    "errorCount" : 0,
    "errorPct" : 0.0,
    "meanResTime" : 43.0,
    "medianResTime" : 43.0,
    "minResTime" : 43.0,
    "maxResTime" : 43.0,
    "pct1ResTime" : 43.0,
    "pct2ResTime" : 43.0,
    "pct3ResTime" : 43.0,
    "throughput" : 23.25581395348837,
    "receivedKBytesPerSec" : 9.016170058139535,
    "sentKBytesPerSec" : 7.517260174418605
  },
  "Course Page_6_user1" : {
    "transaction" : "Course Page_6_user1",
    "sampleCount" : 1,
    "errorCount" : 0,
    "errorPct" : 0.0,
    "meanResTime" : 96.0,
    "medianResTime" : 96.0,
    "minResTime" : 96.0,
    "maxResTime" : 96.0,
    "pct1ResTime" : 96.0,
    "pct2ResTime" : 96.0,
    "pct3ResTime" : 96.0,
    "throughput" : 10.416666666666666,
    "receivedKBytesPerSec" : 337.2294108072917,
    "sentKBytesPerSec" : 3.021240234375
  },
  "Upload_2_user1" : {
    "transaction" : "Upload_2_user1",
    "sampleCount" : 2,
    "errorCount" : 0,
    "errorPct" : 0.0,
    "meanResTime" : 582.0,
    "medianResTime" : 582.0,
    "minResTime" : 547.0,
    "maxResTime" : 617.0,
    "pct1ResTime" : 617.0,
    "pct2ResTime" : 617.0,
    "pct3ResTime" : 617.0,
    "throughput" : 0.01543305142292734,
    "receivedKBytesPerSec" : 0.6601321961425087,
    "sentKBytesPerSec" : 0.019728383117785048
  },
  "Get CSRF Token" : {
    "transaction" : "Get CSRF Token",
    "sampleCount" : 1,
    "errorCount" : 0,
    "errorPct" : 0.0,
    "meanResTime" : 100.0,
    "medianResTime" : 100.0,
    "minResTime" : 100.0,
    "maxResTime" : 100.0,
    "pct1ResTime" : 100.0,
    "pct2ResTime" : 100.0,
    "pct3ResTime" : 100.0,
    "throughput" : 10.0,
    "receivedKBytesPerSec" : 267.24609375,
    "sentKBytesPerSec" : 1.318359375
  },
  "Login_user1-0" : {
    "transaction" : "Login_user1-0",
    "sampleCount" : 1,
    "errorCount" : 0,
    "errorPct" : 0.0,
    "meanResTime" : 95.0,
    "medianResTime" : 95.0,
    "minResTime" : 95.0,
    "maxResTime" : 95.0,
    "pct1ResTime" : 95.0,
    "pct2ResTime" : 95.0,
    "pct3ResTime" : 95.0,
    "throughput" : 10.526315789473683,
    "receivedKBytesPerSec" : 5.098684210526316,
    "sentKBytesPerSec" : 3.6389802631578947
  },
  "StudentCourses_user1" : {
    "transaction" : "StudentCourses_user1",
    "sampleCount" : 1,
    "errorCount" : 0,
    "errorPct" : 0.0,
    "meanResTime" : 34.0,
    "medianResTime" : 34.0,
    "minResTime" : 34.0,
    "maxResTime" : 34.0,
    "pct1ResTime" : 34.0,
    "pct2ResTime" : 34.0,
    "pct3ResTime" : 34.0,
    "throughput" : 29.41176470588235,
    "receivedKBytesPerSec" : 36.506204044117645,
    "sentKBytesPerSec" : 7.123161764705882
  },
  "Login_user1-1" : {
    "transaction" : "Login_user1-1",
    "sampleCount" : 1,
    "errorCount" : 0,
    "errorPct" : 0.0,
    "meanResTime" : 28.0,
    "medianResTime" : 28.0,
    "minResTime" : 28.0,
    "maxResTime" : 28.0,
    "pct1ResTime" : 28.0,
    "pct2ResTime" : 28.0,
    "pct3ResTime" : 28.0,
    "throughput" : 35.714285714285715,
    "receivedKBytesPerSec" : 43.770926339285715,
    "sentKBytesPerSec" : 8.649553571428571
  },
  "Total" : {
    "transaction" : "Total",
    "sampleCount" : 20,
    "errorCount" : 0,
    "errorPct" : 0.0,
    "meanResTime" : 973.6500000000001,
    "medianResTime" : 269.5,
    "minResTime" : 19.0,
    "maxResTime" : 6509.0,
    "pct1ResTime" : 5025.300000000007,
    "pct2ResTime" : 6450.999999999999,
    "pct3ResTime" : 6509.0,
    "throughput" : 0.07369767004816143,
    "receivedKBytesPerSec" : 1.6836139161007297,
    "sentKBytesPerSec" : 0.03201602394621544
  },
  "Get solutions folder" : {
    "transaction" : "Get solutions folder",
    "sampleCount" : 1,
    "errorCount" : 0,
    "errorPct" : 0.0,
    "meanResTime" : 19.0,
    "medianResTime" : 19.0,
    "minResTime" : 19.0,
    "maxResTime" : 19.0,
    "pct1ResTime" : 19.0,
    "pct2ResTime" : 19.0,
    "pct3ResTime" : 19.0,
    "throughput" : 52.63157894736842,
    "receivedKBytesPerSec" : 0.0,
    "sentKBytesPerSec" : 0.0
  },
  "RunPractice_2_91682_user1 1628174982348" : {
    "transaction" : "RunPractice_2_91682_user1 1628174982348",
    "sampleCount" : 1,
    "errorCount" : 0,
    "errorPct" : 0.0,
    "meanResTime" : 2112.0,
    "medianResTime" : 2112.0,
    "minResTime" : 2112.0,
    "maxResTime" : 2112.0,
    "pct1ResTime" : 2112.0,
    "pct2ResTime" : 2112.0,
    "pct3ResTime" : 2112.0,
    "throughput" : 0.4734848484848485,
    "receivedKBytesPerSec" : 13.41201319839015,
    "sentKBytesPerSec" : 0.11051062381628787
  }
}