Device,kB_read/s,kB_wrtn/s
loop0,0.0,0.0
sda,392.23225806451615,964.4516129032259
