{"Disk Write(KB/s)": 940.2024999999999, "Disk Read(KB/s)": 388.7316666666668}