{"%iowait": 8.631351351351348, "user+system(%)": 9.05036036036036, "%idle": 31.297454545454542}