{"Available Memory(Kb)": 2955155.6363636362, "Idle(%)": 31.536363636363635, "I/O wait(%)": 8.645454545454545, "user+system(%)": 59.75454545454546}