{"%iowait": 3.6690607734806626, "%idle": 70.12077777777779, "user+system(%)": 22.581325966850823}