Device,kB_read/s,kB_wrtn/s
loop0,0.0,0.0
sda,4.554838709677419,885.341935483871
