{"user+system(%)": 88.52315315315319, "%iowait": 1.0133333333333334, "%idle": 8.12518181818182}