{"Idle(%)": 8.10909090909091, "user+system(%)": 90.85454545454546, "Available Memory(Kb)": 3270133.1272727274, "I/O wait(%)": 0.9727272727272728}