Device,kB_read/s,kB_wrtn/s
loop0,0.0,0.0
sda,12.619354838709677,988.2838709677419
