{"Disk Read(KB/s)": 12.177500000000002, "Disk Write(KB/s)": 966.9491666666668}