{"%iowait": 0.17279279279279283, "user+system(%)": 96.99972972972974, "%idle": 1.1560000000000006}