{"Available Memory(Kb)": 6238227.2, "Idle(%)": 1.1545454545454545, "I/O wait(%)": 0.15454545454545454, "user+system(%)": 98.61818181818182}