{"Disk Write(KB/s)": 31.249047619047605, "Disk Read(KB/s)": 0.03290476190476191}