{"%idle": 94.38595238095236, "%iowait": 0.29691943127962084, "user+system(%)": 2.091848341232227}