{"Disk Read(KB/s)": 1.7161888888888879, "Disk Write(KB/s)": 294.3158333333334}