{"%iowait": 0.6529834254143647, "user+system(%)": 8.30513812154696, "%idle": 90.55455555555558}