{"Available Memory(Kb)": 2741912.8444444444, "user+system(%)": 8.605555555555556, "Idle(%)": 90.56111111111112, "I/O wait(%)": 0.6555555555555556}