{"Disk Read(KB/s)": 480.92383333333333, "Disk Write(KB/s)": 753.930866666667}