{"user+system(%)": 63.64545454545455, "I/O wait(%)": 2.4909090909090907, "Available Memory(Kb)": 3773563.5636363635, "Idle(%)": 33.872727272727275}