Device,kB_read/s,kB_wrtn/s
loop0,0.0,0.0
sda,56.52154696132597,183.95580110497238
