{"I/O wait(%)": 0.7333333333333333, "Available Memory(Kb)": 6604522.311111111, "Idle(%)": 9.055555555555555, "user+system(%)": 90.17777777777778}