{"Disk Read(KB/s)": 6.725166666666665, "Disk Write(KB/s)": 68.05066666666669}