{"Disk Read(KB/s)": 5.670466666666667, "Disk Write(KB/s)": 311.3704222222221}