{"%iowait": 1.1796685082872926, "user+system(%)": 78.40132596685078, "%idle": 12.51650000000001}