{"Disk Write(KB/s)": 458.62045555555534, "Disk Read(KB/s)": 5.128166666666662}