{"Disk Write(KB/s)": 133.6966444444444, "Disk Read(KB/s)": 4.159188888888889}