{"user+system(%)": 44.96666666666667, "Available Memory(Kb)": 7124825.466666667, "Idle(%)": 53.516666666666666, "I/O wait(%)": 1.4388888888888889}