Device,kB_read/s,kB_wrtn/s
loop0,0.0,0.0
sda,4.413793103448276,142.41379310344828
