{"%iowait": 1.4471823204419896, "%idle": 53.408333333333324, "user+system(%)": 32.67303867403316}