{"Disk Write(KB/s)": 94.56339999999997, "Disk Read(KB/s)": 0.06316666666666668}