{"user+system(%)": 17.24135135135134, "%iowait": 1.2053153153153158, "%idle": 77.05354545454544}