{"I/O wait(%)": 1.309090909090909, "Idle(%)": 77.08181818181818, "user+system(%)": 21.972727272727273, "Available Memory(Kb)": 4364546.1454545455}