{"Disk Read(KB/s)": 13.696911111111113, "Disk Write(KB/s)": 125.90805555555563}