{"%idle": 18.11583333333333, "%iowait": 1.8028176795580102, "user+system(%)": 68.6602762430939}