Device,kB_read/s,kB_wrtn/s
loop0,0.0,0.0
sda,6.038709677419355,856.3483870967742
