{"user+system(%)": 84.309009009009, "%iowait": 0.8861261261261261, "%idle": 12.562090909090914}