{"user+system(%)": 87.10909090909091, "Idle(%)": 12.027272727272727, "I/O wait(%)": 0.8818181818181818, "Available Memory(Kb)": 2057029.4545454546}