{"Disk Read(KB/s)": 27.709377777777817, "Disk Write(KB/s)": 328.5782555555555}