{"%idle": 10.964666666666666, "user+system(%)": 80.55381215469617, "%iowait": 0.6806077348066295}