Device,kB_read/s,kB_wrtn/s
loop0,0.0,0.0
sda,4.434567901234568,317.28395061728395
