{"Disk Write(KB/s)": 260.80039999999985, "Disk Read(KB/s)": 5.4229666666666665}