{"user+system(%)": 11.420596026490069, "%iowait": 0.4808609271523179, "%idle": 87.5562}