{"I/O wait(%)": 0.36666666666666664, "user+system(%)": 11.846666666666666, "Available Memory(Kb)": 1499982.3466666667, "Idle(%)": 87.58}