Device,kB_read/s,kB_wrtn/s
loop0,0.0,0.0
sda,0.6557377049180327,499.3967213114754
