{"%idle": 4.753818181818181, "%iowait": 1.3548648648648642, "user+system(%)": 89.60729729729727}