Device,kB_read/s,kB_wrtn/s
loop0,0.0,0.0
sda,3.4360655737704917,96.02622950819672
