{"Disk Write(KB/s)": 95.6256666666667, "Disk Read(KB/s)": 3.4414999999999996}