{"%sys": 0.8482882882882885, "user+system(%)": 21.9009009009009, "%iowait": 0.029009009009008997, "%idle": 77.33563636363633, "%guest": 0.0}