{"sys(%)": 1.3363636363636364, "user+system(%)": 22.636363636363637, "Available Memory(Kb)": 2366664.581818182, "I/O wait(%)": 0.00909090909090909, "Idle(%)": 77.31818181818181}