{"Disk Write(KB/s)": 528.2643333333334, "Disk Read(KB/s)": 233.34000000000003}