{"I/O wait(%)": 2.9545454545454546, "sys(%)": 6.409090909090909, "user+system(%)": 40.56363636363636, "Available Memory(Kb)": 1726159.8181818181, "Idle(%)": 56.372727272727275}