Device,kB_read/s,kB_wrtn/s
loop0,0.0,0.0
sda,44.9038961038961,398.94025974025976
