{"Disk Read(KB/s)": 47.45393333333337, "Disk Write(KB/s)": 365.57736666666665}