{"user+system(%)": 32.78279279279279, "%iowait": 1.619369369369369, "%idle": 64.23127272727272}