{"Idle(%)": 64.94545454545455, "user+system(%)": 33.40909090909091, "Available Memory(Kb)": 5102260.4, "I/O wait(%)": 1.6090909090909091}