Device,kB_read/s,kB_wrtn/s
loop0,0.0,0.0
sda,31.548387096774192,146.9806451612903
