{"%iowait": 0.013873873873873878, "%idle": 46.08236363636362, "user+system(%)": 52.844954954954964, "%sys": 2.6214414414414406, "%guest": 0.0}