{"Available Memory(Kb)": 3000618.690909091, "sys(%)": 3.018181818181818, "user+system(%)": 53.88181818181818, "Idle(%)": 45.972727272727276, "I/O wait(%)": 0.0}