{"Disk Read(KB/s)": 0.49093333333333344, "Disk Write(KB/s)": 276.0942000000001}