{"%idle": 88.73320000000002, "%iowait": 0.7233112582781456, "user+system(%)": 10.005562913907283}