{"user+system(%)": 10.386666666666667, "Available Memory(Kb)": 1344900.5333333334, "I/O wait(%)": 0.6866666666666666, "Idle(%)": 88.8}