{
  "AssignmentsList" : {
    "transaction" : "AssignmentsList",
    "sampleCount" : 180,
    "errorCount" : 0,
    "errorPct" : 0.0,
    "meanResTime" : 67.08888888888889,
    "medianResTime" : 37.0,
    "minResTime" : 24.0,
    "maxResTime" : 636.0,
    "pct1ResTime" : 76.9,
    "pct2ResTime" : 385.04999999999933,
    "pct3ResTime" : 517.7399999999997,
    "throughput" : 27.535566773749427,
    "receivedKBytesPerSec" : 10.543946955790117,
    "sentKBytesPerSec" : 8.900656837999083
  },
  "Get CSRF Token" : {
    "transaction" : "Get CSRF Token",
    "sampleCount" : 180,
    "errorCount" : 0,
    "errorPct" : 0.0,
    "meanResTime" : 3627.477777777779,
    "medianResTime" : 4131.5,
    "minResTime" : 28.0,
    "maxResTime" : 7088.0,
    "pct1ResTime" : 6638.900000000001,
    "pct2ResTime" : 6846.849999999999,
    "pct3ResTime" : 7014.29,
    "throughput" : 21.757524477215036,
    "receivedKBytesPerSec" : 581.4731468330715,
    "sentKBytesPerSec" : 2.868423637132842
  },
  "StudentCourses" : {
    "transaction" : "StudentCourses",
    "sampleCount" : 180,
    "errorCount" : 0,
    "errorPct" : 0.0,
    "meanResTime" : 86.46111111111107,
    "medianResTime" : 41.0,
    "minResTime" : 22.0,
    "maxResTime" : 572.0,
    "pct1ResTime" : 236.10000000000005,
    "pct2ResTime" : 351.6499999999999,
    "pct3ResTime" : 511.24999999999983,
    "throughput" : 23.958471981898043,
    "receivedKBytesPerSec" : 29.898696426194597,
    "sentKBytesPerSec" : 5.8024424331159326
  },
  "GetSubmissionId" : {
    "transaction" : "GetSubmissionId",
    "sampleCount" : 1016,
    "errorCount" : 1,
    "errorPct" : 0.098425195,
    "meanResTime" : 2334.774606299213,
    "medianResTime" : 1547.5,
    "minResTime" : 24.0,
    "maxResTime" : 40253.0,
    "pct1ResTime" : 4006.500000000001,
    "pct2ResTime" : 5760.3,
    "pct3ResTime" : 20021.410000000145,
    "throughput" : 3.83726375900775,
    "receivedKBytesPerSec" : 172.2206430497277,
    "sentKBytesPerSec" : 0.8872425792285439
  },
  "TestcasesResults" : {
    "transaction" : "TestcasesResults",
    "sampleCount" : 918,
    "errorCount" : 1,
    "errorPct" : 0.108932465,
    "meanResTime" : 22131.73311546843,
    "medianResTime" : 23360.0,
    "minResTime" : 5410.0,
    "maxResTime" : 65100.0,
    "pct1ResTime" : 28621.2,
    "pct2ResTime" : 31120.49999999999,
    "pct3ResTime" : 47487.25999999998,
    "throughput" : 3.28218182858287,
    "receivedKBytesPerSec" : 95.04547147509582,
    "sentKBytesPerSec" : 0.7940375037541295
  },
  "Total" : {
    "transaction" : "Total",
    "sampleCount" : 4875,
    "errorCount" : 16,
    "errorPct" : 0.32820514,
    "meanResTime" : 7697.8352820512855,
    "medianResTime" : 2945.0,
    "minResTime" : 22.0,
    "maxResTime" : 65100.0,
    "pct1ResTime" : 24921.000000000036,
    "pct2ResTime" : 28021.399999999998,
    "pct3ResTime" : 52886.35999999997,
    "throughput" : 14.785765629691637,
    "receivedKBytesPerSec" : 479.6612611897916,
    "sentKBytesPerSec" : 7.3372407088523515
  },
  "Upload" : {
    "transaction" : "Upload",
    "sampleCount" : 1036,
    "errorCount" : 9,
    "errorPct" : 0.8687259,
    "meanResTime" : 8989.35038610039,
    "medianResTime" : 3509.5,
    "minResTime" : 484.0,
    "maxResTime" : 63589.0,
    "pct1ResTime" : 30479.300000000014,
    "pct2ResTime" : 49618.55,
    "pct3ResTime" : 60645.589999999844,
    "throughput" : 3.7738323340205886,
    "receivedKBytesPerSec" : 168.94997258871786,
    "sentKBytesPerSec" : 5.254954378656356
  },
  "Course Page" : {
    "transaction" : "Course Page",
    "sampleCount" : 180,
    "errorCount" : 0,
    "errorPct" : 0.0,
    "meanResTime" : 133.91666666666677,
    "medianResTime" : 71.5,
    "minResTime" : 51.0,
    "maxResTime" : 1538.0,
    "pct1ResTime" : 169.60000000000008,
    "pct2ResTime" : 408.74999999999994,
    "pct3ResTime" : 1494.2599999999998,
    "throughput" : 25.72163475278651,
    "receivedKBytesPerSec" : 832.9641337257074,
    "sentKBytesPerSec" : 7.460278829665619
  },
  "Login" : {
    "transaction" : "Login",
    "sampleCount" : 180,
    "errorCount" : 0,
    "errorPct" : 0.0,
    "meanResTime" : 561.0888888888887,
    "medianResTime" : 187.5,
    "minResTime" : 86.0,
    "maxResTime" : 2898.0,
    "pct1ResTime" : 1969.2000000000012,
    "pct2ResTime" : 2265.1499999999987,
    "pct3ResTime" : 2792.7,
    "throughput" : 20.60911380810625,
    "receivedKBytesPerSec" : 35.321283919166476,
    "sentKBytesPerSec" : 12.19640914815663
  },
  "RunPractice" : {
    "transaction" : "RunPractice",
    "sampleCount" : 1005,
    "errorCount" : 5,
    "errorPct" : 0.49751243,
    "meanResTime" : 4695.75323383085,
    "medianResTime" : 3302.0,
    "minResTime" : 182.0,
    "maxResTime" : 50003.0,
    "pct1ResTime" : 7829.799999999999,
    "pct2ResTime" : 9630.3,
    "pct3ResTime" : 33996.69999999998,
    "throughput" : 3.7939990637693852,
    "receivedKBytesPerSec" : 107.00144643264991,
    "sentKBytesPerSec" : 0.8883337360131677
  }
}