{"user+system(%)": 96.48864864864859, "%iowait": 0.24666666666666698, "%idle": 1.286272727272728}