{"Idle(%)": 1.2545454545454546, "user+system(%)": 98.46363636363637, "Available Memory(Kb)": 533145.490909091, "I/O wait(%)": 0.21818181818181817}