Device,kB_read/s,kB_wrtn/s
loop0,0.0,0.0
sda,46.7016393442623,747.7901639344262
