{"Disk Write(KB/s)": 719.8655999999997, "Disk Read(KB/s)": 43.85336666666665}