{"Disk Write(KB/s)": 461.2023555555555, "Disk Read(KB/s)": 1.2033777777777779}