{"Idle(%)": 76.69444444444444, "I/O wait(%)": 0.8666666666666667, "Available Memory(Kb)": 7504810.644444444, "user+system(%)": 22.416666666666668}