Device,kB_read/s,kB_wrtn/s
loop0,0.0,0.0
sda,1.0838709677419356,850.6838709677419
