{"%iowait": 2.2948648648648624, "%idle": 29.192636363636353, "user+system(%)": 66.49720720720724}