{"user+system(%)": 19.849729729729734, "%idle": 77.80727272727272, "%iowait": 1.4701801801801802}