{"Available Memory(Kb)": 9550855.6, "I/O wait(%)": 1.5, "user+system(%)": 21.254545454545454, "Idle(%)": 77.19090909090909}