{"Idle(%)": 8.309090909090909, "I/O wait(%)": 1.8363636363636364, "user+system(%)": 89.71818181818182, "Available Memory(Kb)": 638450.1090909091}