Device,kB_read/s,kB_wrtn/s
loop0,0.0,0.0
sda,251.34585635359116,249.2950276243094
