{"Idle(%)": 0.8166666666666667, "I/O wait(%)": 9.155555555555555, "Available Memory(Kb)": 4799094.177777777, "user+system(%)": 90.0}