{
  "AssignmentsList" : {
    "transaction" : "AssignmentsList",
    "sampleCount" : 180,
    "errorCount" : 2,
    "errorPct" : 1.1111112,
    "meanResTime" : 40.77777777777777,
    "medianResTime" : 34.0,
    "minResTime" : 0.0,
    "maxResTime" : 340.0,
    "pct1ResTime" : 64.9,
    "pct2ResTime" : 70.94999999999999,
    "pct3ResTime" : 199.0599999999996,
    "throughput" : 22.655758338577723,
    "receivedKBytesPerSec" : 8.896613436123348,
    "sentKBytesPerSec" : 7.241926919446192
  },
  "Get CSRF Token" : {
    "transaction" : "Get CSRF Token",
    "sampleCount" : 180,
    "errorCount" : 0,
    "errorPct" : 0.0,
    "meanResTime" : 4643.816666666666,
    "medianResTime" : 5237.0,
    "minResTime" : 53.0,
    "maxResTime" : 8304.0,
    "pct1ResTime" : 7055.900000000001,
    "pct2ResTime" : 7286.75,
    "pct3ResTime" : 7751.579999999998,
    "throughput" : 21.34218638842779,
    "receivedKBytesPerSec" : 570.3687733430164,
    "sentKBytesPerSec" : 2.8136671508181172
  },
  "StudentCourses" : {
    "transaction" : "StudentCourses",
    "sampleCount" : 180,
    "errorCount" : 0,
    "errorPct" : 0.0,
    "meanResTime" : 63.06666666666666,
    "medianResTime" : 39.5,
    "minResTime" : 22.0,
    "maxResTime" : 410.0,
    "pct1ResTime" : 123.9,
    "pct2ResTime" : 161.74999999999994,
    "pct3ResTime" : 374.3599999999999,
    "throughput" : 22.083179977916817,
    "receivedKBytesPerSec" : 33.88268118942461,
    "sentKBytesPerSec" : 5.391880597472703
  },
  "GetSubmissionId" : {
    "transaction" : "GetSubmissionId",
    "sampleCount" : 1051,
    "errorCount" : 4,
    "errorPct" : 0.3805899,
    "meanResTime" : 2352.5156993339633,
    "medianResTime" : 1627.0,
    "minResTime" : 0.0,
    "maxResTime" : 39468.0,
    "pct1ResTime" : 3943.4000000000005,
    "pct2ResTime" : 4876.599999999999,
    "pct3ResTime" : 16377.560000000005,
    "throughput" : 3.8686214677203847,
    "receivedKBytesPerSec" : 173.1261271305485,
    "sentKBytesPerSec" : 0.8919666002418348
  },
  "TestcasesResults" : {
    "transaction" : "TestcasesResults",
    "sampleCount" : 942,
    "errorCount" : 0,
    "errorPct" : 0.0,
    "meanResTime" : 23970.890658174107,
    "medianResTime" : 25029.0,
    "minResTime" : 8889.0,
    "maxResTime" : 36695.0,
    "pct1ResTime" : 28052.2,
    "pct2ResTime" : 28935.949999999997,
    "pct3ResTime" : 31092.169999999987,
    "throughput" : 3.3458833558286565,
    "receivedKBytesPerSec" : 96.98716906345456,
    "sentKBytesPerSec" : 0.8103311252397527
  },
  "Total" : {
    "transaction" : "Total",
    "sampleCount" : 4997,
    "errorCount" : 19,
    "errorPct" : 0.38022813,
    "meanResTime" : 7186.673604162516,
    "medianResTime" : 2842.0,
    "minResTime" : 0.0,
    "maxResTime" : 41505.0,
    "pct1ResTime" : 25239.6,
    "pct2ResTime" : 26972.19999999997,
    "pct3ResTime" : 30892.47999999999,
    "throughput" : 15.226400146261199,
    "receivedKBytesPerSec" : 495.65836762123683,
    "sentKBytesPerSec" : 7.5324189707249065
  },
  "Upload" : {
    "transaction" : "Upload",
    "sampleCount" : 1059,
    "errorCount" : 4,
    "errorPct" : 0.3777148,
    "meanResTime" : 5591.365439093493,
    "medianResTime" : 3087.0,
    "minResTime" : 0.0,
    "maxResTime" : 41505.0,
    "pct1ResTime" : 12618.0,
    "pct2ResTime" : 23085.0,
    "pct3ResTime" : 35428.60000000043,
    "throughput" : 3.8782969186033736,
    "receivedKBytesPerSec" : 174.37553116576882,
    "sentKBytesPerSec" : 5.403091730969245
  },
  "Course Page" : {
    "transaction" : "Course Page",
    "sampleCount" : 180,
    "errorCount" : 2,
    "errorPct" : 1.1111112,
    "meanResTime" : 176.4555555555556,
    "medianResTime" : 69.0,
    "minResTime" : 0.0,
    "maxResTime" : 3054.0,
    "pct1ResTime" : 201.8,
    "pct2ResTime" : 323.39999999999986,
    "pct3ResTime" : 2832.8699999999994,
    "throughput" : 22.11302211302211,
    "receivedKBytesPerSec" : 708.4502648955773,
    "sentKBytesPerSec" : 6.342377533783783
  },
  "Login" : {
    "transaction" : "Login",
    "sampleCount" : 180,
    "errorCount" : 2,
    "errorPct" : 1.1111112,
    "meanResTime" : 304.80000000000007,
    "medianResTime" : 184.0,
    "minResTime" : 4.0,
    "maxResTime" : 1242.0,
    "pct1ResTime" : 713.9000000000001,
    "pct2ResTime" : 957.3499999999999,
    "pct3ResTime" : 1240.38,
    "throughput" : 21.364985163204746,
    "receivedKBytesPerSec" : 36.68977188427299,
    "sentKBytesPerSec" : 12.503245548961424
  },
  "RunPractice" : {
    "transaction" : "RunPractice",
    "sampleCount" : 1045,
    "errorCount" : 5,
    "errorPct" : 0.4784689,
    "meanResTime" : 3824.185645933012,
    "medianResTime" : 3113.0,
    "minResTime" : 0.0,
    "maxResTime" : 30031.0,
    "pct1ResTime" : 6109.2,
    "pct2ResTime" : 7530.3999999999905,
    "pct3ResTime" : 11652.419999999991,
    "throughput" : 3.833230624761569,
    "receivedKBytesPerSec" : 108.12945438249223,
    "sentKBytesPerSec" : 0.8949745246060393
  }
}