Device,kB_read/s,kB_wrtn/s
loop0,0.0,0.0
sda,640.5835294117647,949.8823529411765
