{"Disk Write(KB/s)": 875.3718333333333, "Disk Read(KB/s)": 625.5126666666672}