{
  "AssignmentsList" : {
    "transaction" : "AssignmentsList",
    "sampleCount" : 180,
    "errorCount" : 0,
    "errorPct" : 0.0,
    "meanResTime" : 53.3555555555556,
    "medianResTime" : 36.0,
    "minResTime" : 24.0,
    "maxResTime" : 420.0,
    "pct1ResTime" : 79.80000000000001,
    "pct2ResTime" : 118.89999999999998,
    "pct3ResTime" : 394.0799999999999,
    "throughput" : 37.759597230962875,
    "receivedKBytesPerSec" : 14.458942993496958,
    "sentKBytesPerSec" : 12.20549480805538
  },
  "Get CSRF Token" : {
    "transaction" : "Get CSRF Token",
    "sampleCount" : 180,
    "errorCount" : 0,
    "errorPct" : 0.0,
    "meanResTime" : 1092.8611111111109,
    "medianResTime" : 1224.0,
    "minResTime" : 26.0,
    "maxResTime" : 3116.0,
    "pct1ResTime" : 1689.3000000000002,
    "pct2ResTime" : 2593.1499999999905,
    "pct3ResTime" : 2988.8299999999995,
    "throughput" : 54.91153142159853,
    "receivedKBytesPerSec" : 1467.5827724603416,
    "sentKBytesPerSec" : 7.239313224527151
  },
  "StudentCourses" : {
    "transaction" : "StudentCourses",
    "sampleCount" : 180,
    "errorCount" : 0,
    "errorPct" : 0.0,
    "meanResTime" : 90.25,
    "medianResTime" : 46.0,
    "minResTime" : 24.0,
    "maxResTime" : 1146.0,
    "pct1ResTime" : 172.0,
    "pct2ResTime" : 272.5499999999999,
    "pct3ResTime" : 820.3799999999991,
    "throughput" : 39.49100482667837,
    "receivedKBytesPerSec" : 49.28234011627907,
    "sentKBytesPerSec" : 9.564227731461168
  },
  "GetSubmissionId" : {
    "transaction" : "GetSubmissionId",
    "sampleCount" : 949,
    "errorCount" : 5,
    "errorPct" : 0.52687037,
    "meanResTime" : 4569.736564805057,
    "medianResTime" : 3420.0,
    "minResTime" : 58.0,
    "maxResTime" : 50004.0,
    "pct1ResTime" : 10408.0,
    "pct2ResTime" : 12627.0,
    "pct3ResTime" : 15795.5,
    "throughput" : 3.5898017854440916,
    "receivedKBytesPerSec" : 160.0877103547246,
    "sentKBytesPerSec" : 0.8290918101736269
  },
  "TestcasesResults" : {
    "transaction" : "TestcasesResults",
    "sampleCount" : 847,
    "errorCount" : 11,
    "errorPct" : 1.2987013,
    "meanResTime" : 13644.064935064935,
    "medianResTime" : 12188.0,
    "minResTime" : 4235.0,
    "maxResTime" : 61058.0,
    "pct1ResTime" : 21953.600000000002,
    "pct2ResTime" : 25684.19999999999,
    "pct3ResTime" : 39947.87999999999,
    "throughput" : 3.0445722501797268,
    "receivedKBytesPerSec" : 87.18329116305716,
    "sentKBytesPerSec" : 0.7286518242271747
  },
  "Total" : {
    "transaction" : "Total",
    "sampleCount" : 4594,
    "errorCount" : 108,
    "errorPct" : 2.3508925,
    "meanResTime" : 7542.3210709621235,
    "medianResTime" : 4638.0,
    "minResTime" : 0.0,
    "maxResTime" : 80065.0,
    "pct1ResTime" : 15870.0,
    "pct2ResTime" : 22519.5,
    "pct3ResTime" : 50006.0,
    "throughput" : 14.108383340192002,
    "receivedKBytesPerSec" : 440.91451982187164,
    "sentKBytesPerSec" : 6.859456190767208
  },
  "Upload" : {
    "transaction" : "Upload",
    "sampleCount" : 949,
    "errorCount" : 79,
    "errorPct" : 8.324553,
    "meanResTime" : 12368.879873551125,
    "medianResTime" : 6759.0,
    "minResTime" : 61.0,
    "maxResTime" : 80065.0,
    "pct1ResTime" : 33082.0,
    "pct2ResTime" : 50005.0,
    "pct3ResTime" : 76727.0,
    "throughput" : 3.484486873508353,
    "receivedKBytesPerSec" : 143.93077611529282,
    "sentKBytesPerSec" : 4.799273109050853
  },
  "Course Page" : {
    "transaction" : "Course Page",
    "sampleCount" : 180,
    "errorCount" : 3,
    "errorPct" : 1.6666666,
    "meanResTime" : 300.50000000000006,
    "medianResTime" : 162.5,
    "minResTime" : 4.0,
    "maxResTime" : 1052.0,
    "pct1ResTime" : 923.4000000000003,
    "pct2ResTime" : 1003.6999999999999,
    "pct3ResTime" : 1051.19,
    "throughput" : 36.94581280788178,
    "receivedKBytesPerSec" : 1177.6806560447455,
    "sentKBytesPerSec" : 10.537133428263546
  },
  "Login" : {
    "transaction" : "Login",
    "sampleCount" : 180,
    "errorCount" : 0,
    "errorPct" : 0.0,
    "meanResTime" : 1097.922222222222,
    "medianResTime" : 1096.5,
    "minResTime" : 93.0,
    "maxResTime" : 2510.0,
    "pct1ResTime" : 2058.9,
    "pct2ResTime" : 2431.7999999999997,
    "pct3ResTime" : 2497.04,
    "throughput" : 33.9943342776204,
    "receivedKBytesPerSec" : 58.26177407932011,
    "sentKBytesPerSec" : 20.117740793201133
  },
  "RunPractice" : {
    "transaction" : "RunPractice",
    "sampleCount" : 949,
    "errorCount" : 10,
    "errorPct" : 1.0537407,
    "meanResTime" : 6895.545837723919,
    "medianResTime" : 4863.0,
    "minResTime" : 0.0,
    "maxResTime" : 50004.0,
    "pct1ResTime" : 14286.0,
    "pct2ResTime" : 17677.0,
    "pct3ResTime" : 28800.0,
    "throughput" : 3.595841100956365,
    "receivedKBytesPerSec" : 100.96506055667334,
    "sentKBytesPerSec" : 0.8383349247487837
  }
}