{"Disk Read(KB/s)": 2.958166666666668, "Disk Write(KB/s)": 182.08173333333332}