{"%idle": 65.23372222222223, "%iowait": 3.0553038674033153, "user+system(%)": 25.207624309392266}