{"Disk Read(KB/s)": 542.5179333333335, "Disk Write(KB/s)": 831.3318666666668}