{"%idle": 1.2706363636363638, "%iowait": 0.15378378378378382, "user+system(%)": 96.22522522522523}