{"user+system(%)": 98.33636363636364, "Available Memory(Kb)": 953414.1454545455, "I/O wait(%)": 0.13636363636363635, "Idle(%)": 1.490909090909091}