{"Disk Read(KB/s)": 477.64983333333345, "Disk Write(KB/s)": 66.16233333333335}