{"%iowait": 0.06396396396396396, "user+system(%)": 12.417477477477476, "%guest": 67.99909909909913, "%sys": 5.045135135135136, "%idle": 18.471454545454545}