{"sys(%)": 5.127272727272727, "Available Memory(Kb)": 2800819.9272727272, "I/O wait(%)": 0.0, "user+system(%)": 81.39090909090909, "Idle(%)": 18.51818181818182}