{"Disk Write(KB/s)": 670.6757666666668, "Disk Read(KB/s)": 39.93543333333336}