{"%idle": 49.26372727272728, "user+system(%)": 46.57720720720718, "%iowait": 2.6927927927927917}