{"Idle(%)": 49.36363636363637, "Available Memory(Kb)": 5935992.327272727, "I/O wait(%)": 2.7636363636363637, "user+system(%)": 47.96363636363636}