Device,kB_read/s,kB_wrtn/s
loop0,0.0,0.0
sda,20.904918032786885,890.8459016393442
