{"Disk Write(KB/s)": 877.4688333333335, "Disk Read(KB/s)": 20.60733333333333}