{"%iowait": 1.582432432432432, "%guest": 0.0, "%idle": 16.816, "user+system(%)": 80.01351351351352, "%sys": 7.573423423423423}