{"I/O wait(%)": 1.5727272727272728, "Idle(%)": 16.745454545454546, "user+system(%)": 81.65454545454546, "Available Memory(Kb)": 6451894.909090909, "sys(%)": 8.3}