Device,kB_read/s,kB_wrtn/s
loop0,0.0,0.0
sda,28.717241379310344,303.95402298850576
