{"Disk Write(KB/s)": 275.13349999999997, "Disk Read(KB/s)": 34.11726666666673}