{"user+system(%)": 28.285765765765767, "%iowait": 1.5367567567567562, "%idle": 68.71036363636367}