{"I/O wait(%)": 1.518181818181818, "Available Memory(Kb)": 4851336.545454546, "Idle(%)": 68.76363636363637, "user+system(%)": 29.672727272727272}