Device,kB_read/s,kB_wrtn/s
loop0,0.0,0.0
sda,46.218666666666664,337.89866666666666
