{"Disk Read(KB/s)": 48.32910000000006, "Disk Write(KB/s)": 311.5825333333333}