{"%idle": 70.55045454545454, "%iowait": 1.40972972972973, "user+system(%)": 26.804504504504504}