{"user+system(%)": 27.2, "I/O wait(%)": 1.4090909090909092, "Available Memory(Kb)": 5270406.036363636, "Idle(%)": 71.38181818181818}