{
  "AssignmentsList" : {
    "transaction" : "AssignmentsList",
    "sampleCount" : 90,
    "errorCount" : 0,
    "errorPct" : 0.0,
    "meanResTime" : 31.311111111111106,
    "medianResTime" : 27.0,
    "minResTime" : 22.0,
    "maxResTime" : 125.0,
    "pct1ResTime" : 42.900000000000006,
    "pct2ResTime" : 58.45,
    "pct3ResTime" : 125.0,
    "throughput" : 38.26530612244898,
    "receivedKBytesPerSec" : 14.577852625425171,
    "sentKBytesPerSec" : 12.44369818239796
  },
  "Get CSRF Token" : {
    "transaction" : "Get CSRF Token",
    "sampleCount" : 90,
    "errorCount" : 0,
    "errorPct" : 0.0,
    "meanResTime" : 49.36666666666667,
    "medianResTime" : 36.0,
    "minResTime" : 28.0,
    "maxResTime" : 241.0,
    "pct1ResTime" : 61.50000000000003,
    "pct2ResTime" : 187.75000000000028,
    "pct3ResTime" : 241.0,
    "throughput" : 35.70011900039667,
    "receivedKBytesPerSec" : 954.0554653411345,
    "sentKBytesPerSec" : 4.776285452201508
  },
  "StudentCourses" : {
    "transaction" : "StudentCourses",
    "sampleCount" : 90,
    "errorCount" : 0,
    "errorPct" : 0.0,
    "meanResTime" : 37.54444444444446,
    "medianResTime" : 31.0,
    "minResTime" : 23.0,
    "maxResTime" : 114.0,
    "pct1ResTime" : 66.9,
    "pct2ResTime" : 80.50000000000003,
    "pct3ResTime" : 114.0,
    "throughput" : 37.7992440151197,
    "receivedKBytesPerSec" : 46.76918180386393,
    "sentKBytesPerSec" : 9.228331058378833
  },
  "GetSubmissionId" : {
    "transaction" : "GetSubmissionId",
    "sampleCount" : 455,
    "errorCount" : 0,
    "errorPct" : 0.0,
    "meanResTime" : 720.536263736265,
    "medianResTime" : 290.0,
    "minResTime" : 192.0,
    "maxResTime" : 20483.0,
    "pct1ResTime" : 740.2000000000007,
    "pct2ResTime" : 1529.599999999999,
    "pct3ResTime" : 19686.559999999998,
    "throughput" : 1.6629752271514515,
    "receivedKBytesPerSec" : 74.05800976700986,
    "sentKBytesPerSec" : 0.3881358196183563
  },
  "TestcasesResults" : {
    "transaction" : "TestcasesResults",
    "sampleCount" : 391,
    "errorCount" : 1,
    "errorPct" : 0.25575447,
    "meanResTime" : 35904.53708439898,
    "medianResTime" : 38661.0,
    "minResTime" : 10004.0,
    "maxResTime" : 44177.0,
    "pct1ResTime" : 41550.8,
    "pct2ResTime" : 41708.0,
    "pct3ResTime" : 42361.23999999999,
    "throughput" : 1.3568991903719152,
    "receivedKBytesPerSec" : 39.18881121554396,
    "sentKBytesPerSec" : 0.3261093887186499
  },
  "Total" : {
    "transaction" : "Total",
    "sampleCount" : 2206,
    "errorCount" : 4,
    "errorPct" : 0.18132366,
    "meanResTime" : 8122.375339981864,
    "medianResTime" : 564.0,
    "minResTime" : 22.0,
    "maxResTime" : 44177.0,
    "pct1ResTime" : 38610.6,
    "pct2ResTime" : 38895.5,
    "pct3ResTime" : 41701.72,
    "throughput" : 6.496087918042104,
    "receivedKBytesPerSec" : 207.20155294801216,
    "sentKBytesPerSec" : 3.1987023744143657
  },
  "Upload" : {
    "transaction" : "Upload",
    "sampleCount" : 456,
    "errorCount" : 0,
    "errorPct" : 0.0,
    "meanResTime" : 5027.625000000003,
    "medianResTime" : 533.5,
    "minResTime" : 338.0,
    "maxResTime" : 37505.0,
    "pct1ResTime" : 34772.100000000006,
    "pct2ResTime" : 36901.3,
    "pct3ResTime" : 37444.01,
    "throughput" : 1.6576995783044932,
    "receivedKBytesPerSec" : 74.21397511064963,
    "sentKBytesPerSec" : 2.318249605796496
  },
  "Course Page" : {
    "transaction" : "Course Page",
    "sampleCount" : 90,
    "errorCount" : 0,
    "errorPct" : 0.0,
    "meanResTime" : 78.21111111111107,
    "medianResTime" : 68.5,
    "minResTime" : 55.0,
    "maxResTime" : 178.0,
    "pct1ResTime" : 124.9,
    "pct2ResTime" : 152.85000000000002,
    "pct3ResTime" : 178.0,
    "throughput" : 37.328909166321026,
    "receivedKBytesPerSec" : 1208.2949891124015,
    "sentKBytesPerSec" : 10.899749844462878
  },
  "Login" : {
    "transaction" : "Login",
    "sampleCount" : 90,
    "errorCount" : 0,
    "errorPct" : 0.0,
    "meanResTime" : 157.13333333333327,
    "medianResTime" : 104.0,
    "minResTime" : 76.0,
    "maxResTime" : 608.0,
    "pct1ResTime" : 354.10000000000014,
    "pct2ResTime" : 428.8,
    "pct3ResTime" : 608.0,
    "throughput" : 36.42250101173614,
    "receivedKBytesPerSec" : 62.345077903682714,
    "sentKBytesPerSec" : 21.618746205989478
  },
  "RunPractice" : {
    "transaction" : "RunPractice",
    "sampleCount" : 454,
    "errorCount" : 3,
    "errorPct" : 0.66079295,
    "meanResTime" : 2702.6960352422893,
    "medianResTime" : 2102.0,
    "minResTime" : 1320.0,
    "maxResTime" : 27357.0,
    "pct1ResTime" : 4659.5,
    "pct2ResTime" : 6095.25,
    "pct3ResTime" : 9068.949999999999,
    "throughput" : 1.6565111103002883,
    "receivedKBytesPerSec" : 46.61316280968366,
    "sentKBytesPerSec" : 0.38454620398073486
  }
}