Device,kB_read/s,kB_wrtn/s
loop0,0.0,0.0
sda,123.9072463768116,389.31787439613527
