{"Disk Write(KB/s)": 383.0512111111115, "Disk Read(KB/s)": 115.60950000000008}