{"%iowait": 2.028950276243094, "%idle": 82.17305555555555, "user+system(%)": 14.639668508287304}