{"user+system(%)": 15.71111111111111, "Idle(%)": 82.23333333333333, "I/O wait(%)": 2.011111111111111, "Available Memory(Kb)": 7681564.4}