Device,kB_read/s,kB_wrtn/s
loop0,0.0,0.0
sda,1468.616393442623,608.0786885245901
