{"Disk Read(KB/s)": 1435.7381666666665, "Disk Write(KB/s)": 598.5253333333332}