{"Idle(%)": 12.563636363636364, "I/O wait(%)": 1.8, "sys(%)": 5.790909090909091, "user+system(%)": 85.7090909090909, "Available Memory(Kb)": 1873299.3818181818}