Device,kB_read/s,kB_wrtn/s
loop0,0.0,0.0
sda,27.211940298507464,750.3761194029851
