{"Disk Write(KB/s)": 759.5939999999998, "Disk Read(KB/s)": 29.588499999999986}