{"user+system(%)": 98.40126126126128, "%iowait": 0.001081081081081081, "%sys": 3.6767567567567587, "%guest": 0.0, "%idle": 0.004090909090909092}