{"sys(%)": 4.2272727272727275, "Idle(%)": 0.0, "user+system(%)": 100.01818181818182, "I/O wait(%)": 0.0, "Available Memory(Kb)": 6571827.345454546}