Device,kB_read/s,kB_wrtn/s
loop0,0.0,0.0
sda,7.344262295081967,89.21967213114755
