{"Disk Write(KB/s)": 88.68499999999999, "Disk Read(KB/s)": 7.347666666666666}