{"user+system(%)": 4.1489189189189215, "%iowait": 0.23918918918918908, "%idle": 95.39409090909089}