{"Available Memory(Kb)": 7658033.636363637, "user+system(%)": 4.254545454545455, "Idle(%)": 95.38181818181818, "I/O wait(%)": 0.17272727272727273}