{
  "AssignmentsList" : {
    "transaction" : "AssignmentsList",
    "sampleCount" : 90,
    "errorCount" : 0,
    "errorPct" : 0.0,
    "meanResTime" : 95.97777777777779,
    "medianResTime" : 78.5,
    "minResTime" : 33.0,
    "maxResTime" : 343.0,
    "pct1ResTime" : 187.80000000000007,
    "pct2ResTime" : 196.25,
    "pct3ResTime" : 343.0,
    "throughput" : 26.572187776793623,
    "receivedKBytesPerSec" : 10.175048900206672,
    "sentKBytesPerSec" : 8.641150907883082
  },
  "Get CSRF Token" : {
    "transaction" : "Get CSRF Token",
    "sampleCount" : 90,
    "errorCount" : 0,
    "errorPct" : 0.0,
    "meanResTime" : 107.86666666666669,
    "medianResTime" : 39.5,
    "minResTime" : 32.0,
    "maxResTime" : 2239.0,
    "pct1ResTime" : 159.9000000000004,
    "pct2ResTime" : 590.45,
    "pct3ResTime" : 2239.0,
    "throughput" : 33.987915407854985,
    "receivedKBytesPerSec" : 1135.3840899971676,
    "sentKBytesPerSec" : 4.547211338746223
  },
  "StudentCourses" : {
    "transaction" : "StudentCourses",
    "sampleCount" : 90,
    "errorCount" : 0,
    "errorPct" : 0.0,
    "meanResTime" : 206.7444444444444,
    "medianResTime" : 135.5,
    "minResTime" : 33.0,
    "maxResTime" : 1373.0,
    "pct1ResTime" : 423.3000000000002,
    "pct2ResTime" : 775.6000000000004,
    "pct3ResTime" : 1373.0,
    "throughput" : 25.66295979469632,
    "receivedKBytesPerSec" : 31.752900449101794,
    "sentKBytesPerSec" : 6.265371043627032
  },
  "GetSubmissionId" : {
    "transaction" : "GetSubmissionId",
    "sampleCount" : 422,
    "errorCount" : 4,
    "errorPct" : 0.9478673,
    "meanResTime" : 2165.040284360188,
    "medianResTime" : 908.5,
    "minResTime" : 259.0,
    "maxResTime" : 50004.0,
    "pct1ResTime" : 3425.1,
    "pct2ResTime" : 5352.599999999997,
    "pct3ResTime" : 47829.64999999983,
    "throughput" : 1.576921639699563,
    "receivedKBytesPerSec" : 69.2285123407197,
    "sentKBytesPerSec" : 0.3680510467658159
  },
  "TestcasesResults" : {
    "transaction" : "TestcasesResults",
    "sampleCount" : 366,
    "errorCount" : 2,
    "errorPct" : 0.5464481,
    "meanResTime" : 15192.450819672142,
    "medianResTime" : 12928.5,
    "minResTime" : 4833.0,
    "maxResTime" : 80179.0,
    "pct1ResTime" : 19537.4,
    "pct2ResTime" : 27570.35,
    "pct3ResTime" : 67207.91999999994,
    "throughput" : 1.4441686757446741,
    "receivedKBytesPerSec" : 38.33265504344344,
    "sentKBytesPerSec" : 0.3497596011569133
  },
  "Total" : {
    "transaction" : "Total",
    "sampleCount" : 2083,
    "errorCount" : 64,
    "errorPct" : 3.0724916,
    "meanResTime" : 6313.063850216045,
    "medianResTime" : 2428.0,
    "minResTime" : 0.0,
    "maxResTime" : 80197.0,
    "pct1ResTime" : 14863.400000000005,
    "pct2ResTime" : 26221.399999999954,
    "pct3ResTime" : 55313.159999999945,
    "throughput" : 6.671235860054574,
    "receivedKBytesPerSec" : 203.28852877410839,
    "sentKBytesPerSec" : 3.221990687732997
  },
  "Upload" : {
    "transaction" : "Upload",
    "sampleCount" : 427,
    "errorCount" : 53,
    "errorPct" : 12.412178,
    "meanResTime" : 11846.28103044496,
    "medianResTime" : 3606.0,
    "minResTime" : 1835.0,
    "maxResTime" : 80197.0,
    "pct1ResTime" : 50005.0,
    "pct2ResTime" : 50006.0,
    "pct3ResTime" : 75894.52,
    "throughput" : 1.5483356298498805,
    "receivedKBytesPerSec" : 60.32155882292952,
    "sentKBytesPerSec" : 2.098164609244688
  },
  "Course Page" : {
    "transaction" : "Course Page",
    "sampleCount" : 90,
    "errorCount" : 0,
    "errorPct" : 0.0,
    "meanResTime" : 254.84444444444446,
    "medianResTime" : 189.5,
    "minResTime" : 72.0,
    "maxResTime" : 770.0,
    "pct1ResTime" : 574.4000000000001,
    "pct2ResTime" : 667.3000000000001,
    "pct3ResTime" : 770.0,
    "throughput" : 25.53191489361702,
    "receivedKBytesPerSec" : 998.1737588652483,
    "sentKBytesPerSec" : 7.455119680851064
  },
  "Login" : {
    "transaction" : "Login",
    "sampleCount" : 90,
    "errorCount" : 0,
    "errorPct" : 0.0,
    "meanResTime" : 1868.4666666666667,
    "medianResTime" : 1816.5,
    "minResTime" : 569.0,
    "maxResTime" : 4009.0,
    "pct1ResTime" : 2711.4,
    "pct2ResTime" : 2919.9,
    "pct3ResTime" : 4009.0,
    "throughput" : 20.29769959404601,
    "receivedKBytesPerSec" : 34.74395297699594,
    "sentKBytesPerSec" : 12.047794739512854
  },
  "RunPractice" : {
    "transaction" : "RunPractice",
    "sampleCount" : 418,
    "errorCount" : 5,
    "errorPct" : 1.1961722,
    "meanResTime" : 3324.4377990430626,
    "medianResTime" : 2378.5,
    "minResTime" : 0.0,
    "maxResTime" : 50003.0,
    "pct1ResTime" : 5480.900000000002,
    "pct2ResTime" : 6804.149999999999,
    "pct3ResTime" : 11073.470000000003,
    "throughput" : 1.5551983808078103,
    "receivedKBytesPerSec" : 43.800715297078234,
    "sentKBytesPerSec" : 0.3619162948421734
  }
}