Device,kB_read/s,kB_wrtn/s
loop0,0.0,0.0
sda,7.608510638297872,203.34468085106383
