{"Disk Read(KB/s)": 6.882411111111107, "Disk Write(KB/s)": 191.85601111111106}