{"%idle": 83.13244444444443, "user+system(%)": 13.157513812154695, "%iowait": 0.9807182320441995}