{"Available Memory(Kb)": 9703167.155555556, "Idle(%)": 83.22222222222223, "I/O wait(%)": 0.95, "user+system(%)": 15.916666666666666}