Device,kB_read/s,kB_wrtn/s
loop0,0.0,0.0
sda,0.8707182320441988,230.89944751381216
