Device,kB_read/s,kB_wrtn/s
loop0,0.0,0.0
sda,11.151381215469613,174.92596685082873
