{"Disk Write(KB/s)": 170.3892666666667, "Disk Read(KB/s)": 9.75321111111111}