{"%idle": 79.07822222222224, "%iowait": 1.1883977900552483, "user+system(%)": 16.4453591160221}