{"Available Memory(Kb)": 9155745.577777777, "user+system(%)": 19.81111111111111, "I/O wait(%)": 1.1722222222222223, "Idle(%)": 79.07222222222222}