Device,kB_read/s,kB_wrtn/s
loop0,0.0,0.0
sda,0.11933701657458563,170.47513812154696
