{"Disk Read(KB/s)": 0.1192888888888889, "Disk Write(KB/s)": 171.038688888889}