{"user+system(%)": 17.271160220994496, "%iowait": 0.7724309392265194, "%idle": 78.65316666666668}