{"Available Memory(Kb)": 7230636.533333333, "Idle(%)": 78.54444444444445, "I/O wait(%)": 0.7333333333333333, "user+system(%)": 20.8}