Device,kB_read/s,kB_wrtn/s
loop0,0.0,0.0
sda,65.02983425414365,124.63204419889503
