{"Disk Read(KB/s)": 75.56754444444447, "Disk Write(KB/s)": 131.8308555555555}