{"%idle": 85.41616666666668, "user+system(%)": 10.67635359116022, "%iowait": 0.6351933701657453}