{"Idle(%)": 85.38888888888889, "I/O wait(%)": 0.5611111111111111, "Available Memory(Kb)": 7248594.488888889, "user+system(%)": 14.055555555555555}