Device,kB_read/s,kB_wrtn/s
loop0,0.0,0.0
sda,39.536842105263155,313.90526315789475
