{"Disk Read(KB/s)": 38.30710000000001, "Disk Write(KB/s)": 250.67926666666665}