{"%iowait": 1.4687387387387398, "user+system(%)": 23.352702702702704, "%idle": 73.87145454545457}