{"I/O wait(%)": 1.481818181818182, "Available Memory(Kb)": 5042463.927272728, "Idle(%)": 74.57272727272728, "user+system(%)": 23.927272727272726}