Device,kB_read/s,kB_wrtn/s
loop0,0.0,0.0
sda,4.387096774193548,862.6064516129032
