{"Disk Read(KB/s)": 4.095366666666666, "Disk Write(KB/s)": 827.6483000000003}