{"%iowait": 1.178018018018018, "user+system(%)": 83.4428828828829, "%idle": 13.227909090909082}