Device,kB_read/s,kB_wrtn/s
loop0,0.0,0.0
sda,58.81318681318681,743.6175824175824
