{"Disk Read(KB/s)": 50.016577777777805, "Disk Write(KB/s)": 641.0983222222222}