{"%idle": 53.0002777777778, "%iowait": 1.2379005524861875, "user+system(%)": 43.858839779005514}