{"Available Memory(Kb)": 6843497.044444445, "user+system(%)": 45.266666666666666, "I/O wait(%)": 1.2444444444444445, "Idle(%)": 53.477777777777774}