Device,kB_read/s,kB_wrtn/s
loop0,0.0,0.0
sda,1263.9191489361701,981.2127659574468
