{"user+system(%)": 53.329005524861856, "%idle": 31.199277777777763, "%iowait": 10.398784530386738}