{"user+system(%)": 58.016666666666666, "Idle(%)": 31.594444444444445, "Available Memory(Kb)": 4012724.533333333, "I/O wait(%)": 10.383333333333333}