Device,kB_read/s,kB_wrtn/s
loop0,0.0,0.0
sda,279.85573770491806,1351.6459016393442
Device,kB_read/s,kB_wrtn/s
loop0,0.0,0.0
sda,279.85573770491806,1351.6459016393442
