{"Disk Read(KB/s)": 252.01066666666657, "Disk Write(KB/s)": 1335.7066666666665}