{"%idle": 21.553727272727276, "%guest": 61.628738738738754, "%iowait": 5.979819819819821, "user+system(%)": 9.90423423423424, "%sys": 4.998828828828828}