{"Available Memory(Kb)": 2518408.4727272727, "user+system(%)": 72.05454545454545, "sys(%)": 5.072727272727272, "Idle(%)": 21.881818181818183, "I/O wait(%)": 6.090909090909091}