Device,kB_read/s,kB_wrtn/s
loop0,0.0,0.0
sda,26.923076923076923,286.73846153846154
