{"Disk Write(KB/s)": 264.34146666666675, "Disk Read(KB/s)": 30.567333333333377}