{"%iowait": 1.6512612612612607, "%idle": 64.8449090909091, "user+system(%)": 31.905585585585595}