{"Available Memory(Kb)": 4977658.945454545, "user+system(%)": 33.28181818181818, "I/O wait(%)": 1.6636363636363636, "Idle(%)": 65.08181818181818}