Device,kB_read/s,kB_wrtn/s
loop0,0.0,0.0
sda,129.09677419354838,787.3032258064516
