{"Disk Write(KB/s)": 767.4631666666664, "Disk Read(KB/s)": 130.06549999999996}