{"user+system(%)": 38.6, "I/O wait(%)": 4.381818181818182, "Available Memory(Kb)": 4499329.381818182, "Idle(%)": 56.93636363636364}