{"Disk Write(KB/s)": 123.70505555555543, "Disk Read(KB/s)": 3.391144444444443}