{"Idle(%)": 13.588888888888889, "I/O wait(%)": 1.5777777777777777, "Available Memory(Kb)": 9096962.222222222, "user+system(%)": 84.78333333333333}