{"%idle": 14.777454545454543, "user+system(%)": 82.00603603603604, "%iowait": 1.0783783783783782}