{"user+system(%)": 84.19090909090909, "Available Memory(Kb)": 7653317.636363637, "Idle(%)": 14.690909090909091, "I/O wait(%)": 1.1}