Device,kB_read/s,kB_wrtn/s
loop0,0.0,0.0
sda,0.06666666666666667,70.65333333333334
Device,kB_read/s,kB_wrtn/s
loop0,0.0,0.0
sda,0.06666666666666667,70.65333333333334
Device,kB_read/s,kB_wrtn/s
loop0,0.0,0.0
sda,0.06666666666666667,70.65333333333334
