{"%guest": 0.0, "user+system(%)": 17.24135135135134, "%sys": 3.368648648648647, "%iowait": 1.2053153153153158, "%idle": 77.05354545454544}