{"user+system(%)": 21.972727272727273, "sys(%)": 3.7454545454545456, "Idle(%)": 77.08181818181818, "I/O wait(%)": 1.309090909090909, "Available Memory(Kb)": 4364546.1454545455}