Device,kB_read/s,kB_wrtn/s
loop0,0.0,0.0
sda,167.09685534591196,434.35974842767297
