{"Disk Read(KB/s)": 242.61078888888903, "Disk Write(KB/s)": 450.4706444444445}