{"user+system(%)": 14.568453038674022, "%idle": 81.3880555555556, "%iowait": 2.8182872928176796}