{"Idle(%)": 81.36666666666666, "Available Memory(Kb)": 10319165.333333334, "user+system(%)": 15.805555555555555, "I/O wait(%)": 2.827777777777778}