{"%iowait": 9.711049723756908, "user+system(%)": 50.842872928176796, "%idle": 35.04172222222222}