{"%idle": 73.41672222222222, "user+system(%)": 19.32618784530389, "%iowait": 0.8488950276243092}