{"%guest": 0.0, "%iowait": 1.2049549549549552, "%sys": 5.979009009009008, "%idle": 19.510727272727276, "user+system(%)": 76.71333333333334}