{"I/O wait(%)": 1.2636363636363637, "Idle(%)": 19.536363636363635, "sys(%)": 6.7727272727272725, "user+system(%)": 79.48181818181818, "Available Memory(Kb)": 7706860.218181818}