{
  "AssignmentsList" : {
    "transaction" : "AssignmentsList",
    "sampleCount" : 90,
    "errorCount" : 0,
    "errorPct" : 0.0,
    "meanResTime" : 59.833333333333314,
    "medianResTime" : 42.5,
    "minResTime" : 23.0,
    "maxResTime" : 180.0,
    "pct1ResTime" : 114.80000000000001,
    "pct2ResTime" : 140.9,
    "pct3ResTime" : 180.0,
    "throughput" : 28.855402372555304,
    "receivedKBytesPerSec" : 11.049339732285988,
    "sentKBytesPerSec" : 9.327283384097466
  },
  "Get CSRF Token" : {
    "transaction" : "Get CSRF Token",
    "sampleCount" : 90,
    "errorCount" : 0,
    "errorPct" : 0.0,
    "meanResTime" : 35.96666666666667,
    "medianResTime" : 28.0,
    "minResTime" : 23.0,
    "maxResTime" : 125.0,
    "pct1ResTime" : 46.900000000000006,
    "pct2ResTime" : 113.9,
    "pct3ResTime" : 125.0,
    "throughput" : 54.7112462006079,
    "receivedKBytesPerSec" : 1462.1283719604862,
    "sentKBytesPerSec" : 7.212908434650456
  },
  "StudentCourses" : {
    "transaction" : "StudentCourses",
    "sampleCount" : 90,
    "errorCount" : 0,
    "errorPct" : 0.0,
    "meanResTime" : 191.71111111111114,
    "medianResTime" : 118.5,
    "minResTime" : 29.0,
    "maxResTime" : 807.0,
    "pct1ResTime" : 497.0000000000001,
    "pct2ResTime" : 747.0000000000001,
    "pct3ResTime" : 807.0,
    "throughput" : 36.644951140065146,
    "receivedKBytesPerSec" : 45.73064052320847,
    "sentKBytesPerSec" : 8.874949104234528
  },
  "GetSubmissionId" : {
    "transaction" : "GetSubmissionId",
    "sampleCount" : 540,
    "errorCount" : 0,
    "errorPct" : 0.0,
    "meanResTime" : 1243.6425925925928,
    "medianResTime" : 465.5,
    "minResTime" : 204.0,
    "maxResTime" : 34327.0,
    "pct1ResTime" : 3258.900000000003,
    "pct2ResTime" : 4628.09999999999,
    "pct3ResTime" : 10723.86000000003,
    "throughput" : 0.7338482048578033,
    "receivedKBytesPerSec" : 32.91995854352196,
    "sentKBytesPerSec" : 0.1698457271008783
  },
  "TestcasesResults" : {
    "transaction" : "TestcasesResults",
    "sampleCount" : 540,
    "errorCount" : 0,
    "errorPct" : 0.0,
    "meanResTime" : 10721.11666666667,
    "medianResTime" : 6062.0,
    "minResTime" : 5192.0,
    "maxResTime" : 27728.0,
    "pct1ResTime" : 22273.600000000006,
    "pct2ResTime" : 24327.95,
    "pct3ResTime" : 26884.370000000006,
    "throughput" : 0.7321894906401777,
    "receivedKBytesPerSec" : 21.218815952137856,
    "sentKBytesPerSec" : 0.17732714226441804
  },
  "Total" : {
    "transaction" : "Total",
    "sampleCount" : 2610,
    "errorCount" : 1,
    "errorPct" : 0.038314175,
    "meanResTime" : 4000.0758620689617,
    "medianResTime" : 2072.5,
    "minResTime" : 23.0,
    "maxResTime" : 35335.0,
    "pct1ResTime" : 11344.400000000001,
    "pct2ResTime" : 20558.249999999996,
    "pct3ResTime" : 27330.019999999986,
    "throughput" : 2.9444613666362067,
    "receivedKBytesPerSec" : 96.0131822992464,
    "sentKBytesPerSec" : 1.441322344132512
  },
  "Upload" : {
    "transaction" : "Upload",
    "sampleCount" : 540,
    "errorCount" : 0,
    "errorPct" : 0.0,
    "meanResTime" : 4264.390740740728,
    "medianResTime" : 832.0,
    "minResTime" : 406.0,
    "maxResTime" : 35335.0,
    "pct1ResTime" : 16156.200000000003,
    "pct2ResTime" : 25566.299999999992,
    "pct3ResTime" : 35021.05,
    "throughput" : 0.7327200195392005,
    "receivedKBytesPerSec" : 33.03074842812899,
    "sentKBytesPerSec" : 1.0222157169292247
  },
  "Course Page" : {
    "transaction" : "Course Page",
    "sampleCount" : 90,
    "errorCount" : 0,
    "errorPct" : 0.0,
    "meanResTime" : 379.2777777777777,
    "medianResTime" : 158.0,
    "minResTime" : 51.0,
    "maxResTime" : 1200.0,
    "pct1ResTime" : 941.8,
    "pct2ResTime" : 994.35,
    "pct3ResTime" : 1200.0,
    "throughput" : 28.409090909090907,
    "receivedKBytesPerSec" : 919.8109019886364,
    "sentKBytesPerSec" : 8.23974609375
  },
  "Login" : {
    "transaction" : "Login",
    "sampleCount" : 90,
    "errorCount" : 0,
    "errorPct" : 0.0,
    "meanResTime" : 852.6888888888889,
    "medianResTime" : 892.0,
    "minResTime" : 118.0,
    "maxResTime" : 1731.0,
    "pct1ResTime" : 1412.6000000000001,
    "pct2ResTime" : 1562.15,
    "pct3ResTime" : 1731.0,
    "throughput" : 35.36345776031434,
    "receivedKBytesPerSec" : 60.532293713163064,
    "sentKBytesPerSec" : 20.852007612966602
  },
  "RunPractice" : {
    "transaction" : "RunPractice",
    "sampleCount" : 540,
    "errorCount" : 1,
    "errorPct" : 0.18518518,
    "meanResTime" : 2851.303703703704,
    "medianResTime" : 2235.0,
    "minResTime" : 1074.0,
    "maxResTime" : 12851.0,
    "pct1ResTime" : 4584.900000000004,
    "pct2ResTime" : 5694.6999999999925,
    "pct3ResTime" : 9310.720000000001,
    "throughput" : 0.7354843981967012,
    "receivedKBytesPerSec" : 20.798985633793464,
    "sentKBytesPerSec" : 0.17237915582735183
  }
}