{
  "AssignmentsList" : {
    "transaction" : "AssignmentsList",
    "sampleCount" : 60,
    "errorCount" : 0,
    "errorPct" : 0.0,
    "meanResTime" : 67.63333333333335,
    "medianResTime" : 59.0,
    "minResTime" : 24.0,
    "maxResTime" : 335.0,
    "pct1ResTime" : 118.79999999999998,
    "pct2ResTime" : 142.85,
    "pct3ResTime" : 335.0,
    "throughput" : 30.503304524656837,
    "receivedKBytesPerSec" : 11.771376143873919,
    "sentKBytesPerSec" : 9.859954880528724
  },
  "Get CSRF Token" : {
    "transaction" : "Get CSRF Token",
    "sampleCount" : 60,
    "errorCount" : 0,
    "errorPct" : 0.0,
    "meanResTime" : 37.1,
    "medianResTime" : 29.0,
    "minResTime" : 23.0,
    "maxResTime" : 131.0,
    "pct1ResTime" : 54.29999999999999,
    "pct2ResTime" : 118.74999999999997,
    "pct3ResTime" : 131.0,
    "throughput" : 53.956834532374096,
    "receivedKBytesPerSec" : 1441.9762041928955,
    "sentKBytesPerSec" : 7.113449865107913
  },
  "StudentCourses" : {
    "transaction" : "StudentCourses",
    "sampleCount" : 60,
    "errorCount" : 0,
    "errorPct" : 0.0,
    "meanResTime" : 155.2333333333333,
    "medianResTime" : 128.5,
    "minResTime" : 25.0,
    "maxResTime" : 828.0,
    "pct1ResTime" : 296.8,
    "pct2ResTime" : 402.84999999999997,
    "pct3ResTime" : 828.0,
    "throughput" : 37.10575139146568,
    "receivedKBytesPerSec" : 46.285559678416824,
    "sentKBytesPerSec" : 8.986549165120593
  },
  "GetSubmissionId" : {
    "transaction" : "GetSubmissionId",
    "sampleCount" : 357,
    "errorCount" : 0,
    "errorPct" : 0.0,
    "meanResTime" : 1184.3809523809525,
    "medianResTime" : 482.0,
    "minResTime" : 200.0,
    "maxResTime" : 8483.0,
    "pct1ResTime" : 3386.1999999999975,
    "pct2ResTime" : 5557.2,
    "pct3ResTime" : 7757.7400000000125,
    "throughput" : 0.4653672881992241,
    "receivedKBytesPerSec" : 20.185388870503406,
    "sentKBytesPerSec" : 0.107707077444547
  },
  "TestcasesResults" : {
    "transaction" : "TestcasesResults",
    "sampleCount" : 355,
    "errorCount" : 0,
    "errorPct" : 0.0,
    "meanResTime" : 8466.704225352112,
    "medianResTime" : 6488.0,
    "minResTime" : 5212.0,
    "maxResTime" : 19163.0,
    "pct1ResTime" : 14353.800000000001,
    "pct2ResTime" : 14892.8,
    "pct3ResTime" : 17949.24,
    "throughput" : 0.501475467961368,
    "receivedKBytesPerSec" : 14.534279821192213,
    "sentKBytesPerSec" : 0.12145108989689382
  },
  "Total" : {
    "transaction" : "Total",
    "sampleCount" : 1727,
    "errorCount" : 3,
    "errorPct" : 0.17371164,
    "meanResTime" : 3333.317892298782,
    "medianResTime" : 1952.0,
    "minResTime" : 23.0,
    "maxResTime" : 23177.0,
    "pct1ResTime" : 9216.4,
    "pct2ResTime" : 13197.39999999998,
    "pct3ResTime" : 21171.56,
    "throughput" : 1.9168506377107897,
    "receivedKBytesPerSec" : 61.24570764580052,
    "sentKBytesPerSec" : 0.9100663672766847
  },
  "Upload" : {
    "transaction" : "Upload",
    "sampleCount" : 359,
    "errorCount" : 0,
    "errorPct" : 0.0,
    "meanResTime" : 3440.3704735375986,
    "medianResTime" : 882.0,
    "minResTime" : 395.0,
    "maxResTime" : 23177.0,
    "pct1ResTime" : 14877.0,
    "pct2ResTime" : 21119.0,
    "pct3ResTime" : 23087.0,
    "throughput" : 0.46698761767372526,
    "receivedKBytesPerSec" : 20.356506713109606,
    "sentKBytesPerSec" : 0.6159471352781178
  },
  "Course Page" : {
    "transaction" : "Course Page",
    "sampleCount" : 60,
    "errorCount" : 0,
    "errorPct" : 0.0,
    "meanResTime" : 237.0666666666667,
    "medianResTime" : 143.5,
    "minResTime" : 55.0,
    "maxResTime" : 855.0,
    "pct1ResTime" : 539.3,
    "pct2ResTime" : 583.65,
    "pct3ResTime" : 855.0,
    "throughput" : 29.615004935834158,
    "receivedKBytesPerSec" : 958.7949430836625,
    "sentKBytesPerSec" : 8.589508267522213
  },
  "Login" : {
    "transaction" : "Login",
    "sampleCount" : 60,
    "errorCount" : 0,
    "errorPct" : 0.0,
    "meanResTime" : 622.0000000000001,
    "medianResTime" : 596.0,
    "minResTime" : 153.0,
    "maxResTime" : 1164.0,
    "pct1ResTime" : 960.5,
    "pct2ResTime" : 1078.9999999999995,
    "pct3ResTime" : 1164.0,
    "throughput" : 34.364261168384886,
    "receivedKBytesPerSec" : 58.81859428694158,
    "sentKBytesPerSec" : 20.259477018900345
  },
  "RunPractice" : {
    "transaction" : "RunPractice",
    "sampleCount" : 356,
    "errorCount" : 3,
    "errorPct" : 0.8426966,
    "meanResTime" : 2881.744382022474,
    "medianResTime" : 2218.5,
    "minResTime" : 633.0,
    "maxResTime" : 14534.0,
    "pct1ResTime" : 4722.6,
    "pct2ResTime" : 5923.299999999997,
    "pct3ResTime" : 11545.900000000007,
    "throughput" : 0.5069607418715395,
    "receivedKBytesPerSec" : 14.254618963286642,
    "sentKBytesPerSec" : 0.11848516285401808
  }
}