{
  "AssignmentsList" : {
    "transaction" : "AssignmentsList",
    "sampleCount" : 150,
    "errorCount" : 0,
    "errorPct" : 0.0,
    "meanResTime" : 71.53333333333336,
    "medianResTime" : 47.5,
    "minResTime" : 22.0,
    "maxResTime" : 506.0,
    "pct1ResTime" : 158.8,
    "pct2ResTime" : 182.34999999999997,
    "pct3ResTime" : 419.30000000000155,
    "throughput" : 28.457598178713717,
    "receivedKBytesPerSec" : 10.930978467084046,
    "sentKBytesPerSec" : 9.198696286283438
  },
  "Get CSRF Token" : {
    "transaction" : "Get CSRF Token",
    "sampleCount" : 150,
    "errorCount" : 0,
    "errorPct" : 0.0,
    "meanResTime" : 33.54666666666668,
    "medianResTime" : 29.0,
    "minResTime" : 22.0,
    "maxResTime" : 125.0,
    "pct1ResTime" : 42.80000000000001,
    "pct2ResTime" : 66.6499999999998,
    "pct3ResTime" : 123.98000000000002,
    "throughput" : 55.84512285927029,
    "receivedKBytesPerSec" : 1492.4354581626956,
    "sentKBytesPerSec" : 7.362394126954579
  },
  "StudentCourses" : {
    "transaction" : "StudentCourses",
    "sampleCount" : 150,
    "errorCount" : 0,
    "errorPct" : 0.0,
    "meanResTime" : 271.85999999999996,
    "medianResTime" : 193.5,
    "minResTime" : 28.0,
    "maxResTime" : 1581.0,
    "pct1ResTime" : 594.2,
    "pct2ResTime" : 777.25,
    "pct3ResTime" : 1471.350000000002,
    "throughput" : 35.88516746411483,
    "receivedKBytesPerSec" : 44.77468974282297,
    "sentKBytesPerSec" : 8.690938995215312
  },
  "GetSubmissionId" : {
    "transaction" : "GetSubmissionId",
    "sampleCount" : 845,
    "errorCount" : 2,
    "errorPct" : 0.2366864,
    "meanResTime" : 1724.1644970414209,
    "medianResTime" : 670.0,
    "minResTime" : 193.0,
    "maxResTime" : 50004.0,
    "pct1ResTime" : 3560.2,
    "pct2ResTime" : 6055.099999999998,
    "pct3ResTime" : 20704.31999999991,
    "throughput" : 1.101470887277164,
    "receivedKBytesPerSec" : 48.710723285501906,
    "sentKBytesPerSec" : 0.2546285810838995
  },
  "TestcasesResults" : {
    "transaction" : "TestcasesResults",
    "sampleCount" : 841,
    "errorCount" : 1,
    "errorPct" : 0.118906066,
    "meanResTime" : 16038.117717003543,
    "medianResTime" : 13669.0,
    "minResTime" : 5195.0,
    "maxResTime" : 59258.0,
    "pct1ResTime" : 34352.600000000006,
    "pct2ResTime" : 36128.8,
    "pct3ResTime" : 37972.88000000001,
    "throughput" : 1.1113342882967645,
    "receivedKBytesPerSec" : 32.17385573078818,
    "sentKBytesPerSec" : 0.26883123576144236
  },
  "Total" : {
    "transaction" : "Total",
    "sampleCount" : 4126,
    "errorCount" : 11,
    "errorPct" : 0.26660204,
    "meanResTime" : 5869.835191468737,
    "medianResTime" : 2087.0,
    "minResTime" : 0.0,
    "maxResTime" : 61719.0,
    "pct1ResTime" : 20158.900000000023,
    "pct2ResTime" : 31089.499999999975,
    "pct3ResTime" : 47070.540000000015,
    "throughput" : 4.554013514139958,
    "receivedKBytesPerSec" : 146.07620297361575,
    "sentKBytesPerSec" : 2.1938978298762493
  },
  "Upload" : {
    "transaction" : "Upload",
    "sampleCount" : 845,
    "errorCount" : 6,
    "errorPct" : 0.71005917,
    "meanResTime" : 7082.304142011829,
    "medianResTime" : 1267.0,
    "minResTime" : 390.0,
    "maxResTime" : 61719.0,
    "pct1ResTime" : 32964.79999999999,
    "pct2ResTime" : 45230.09999999998,
    "pct3ResTime" : 57996.81999999998,
    "throughput" : 1.099284229369232,
    "receivedKBytesPerSec" : 48.626003462745324,
    "sentKBytesPerSec" : 1.5021717469805458
  },
  "Course Page" : {
    "transaction" : "Course Page",
    "sampleCount" : 150,
    "errorCount" : 0,
    "errorPct" : 0.0,
    "meanResTime" : 485.46666666666675,
    "medianResTime" : 185.5,
    "minResTime" : 50.0,
    "maxResTime" : 1921.0,
    "pct1ResTime" : 1345.7000000000003,
    "pct2ResTime" : 1543.7999999999997,
    "pct3ResTime" : 1846.5400000000013,
    "throughput" : 28.206092515983453,
    "receivedKBytesPerSec" : 913.2754471840918,
    "sentKBytesPerSec" : 8.180868630124108
  },
  "Login" : {
    "transaction" : "Login",
    "sampleCount" : 150,
    "errorCount" : 0,
    "errorPct" : 0.0,
    "meanResTime" : 1356.506666666667,
    "medianResTime" : 1384.5,
    "minResTime" : 134.0,
    "maxResTime" : 2795.0,
    "pct1ResTime" : 2268.4,
    "pct2ResTime" : 2554.999999999999,
    "pct3ResTime" : 2785.82,
    "throughput" : 34.84320557491289,
    "receivedKBytesPerSec" : 59.66762848432056,
    "sentKBytesPerSec" : 20.571101916376307
  },
  "RunPractice" : {
    "transaction" : "RunPractice",
    "sampleCount" : 845,
    "errorCount" : 2,
    "errorPct" : 0.2366864,
    "meanResTime" : 3498.911242603549,
    "medianResTime" : 2356.0,
    "minResTime" : 0.0,
    "maxResTime" : 45720.0,
    "pct1ResTime" : 6780.4,
    "pct2ResTime" : 8734.499999999998,
    "pct3ResTime" : 15079.339999999978,
    "throughput" : 1.103017961570593,
    "receivedKBytesPerSec" : 31.179252503410215,
    "sentKBytesPerSec" : 0.2579079534774436
  }
}