{
  "AssignmentsList" : {
    "transaction" : "AssignmentsList",
    "sampleCount" : 100,
    "errorCount" : 0,
    "errorPct" : 0.0,
    "meanResTime" : 87.85000000000001,
    "medianResTime" : 66.5,
    "minResTime" : 23.0,
    "maxResTime" : 317.0,
    "pct1ResTime" : 185.00000000000006,
    "pct2ResTime" : 246.5999999999999,
    "pct3ResTime" : 316.7599999999999,
    "throughput" : 27.862914460852604,
    "receivedKBytesPerSec" : 10.65266700334355,
    "sentKBytesPerSec" : 9.00646942045138
  },
  "Get CSRF Token" : {
    "transaction" : "Get CSRF Token",
    "sampleCount" : 100,
    "errorCount" : 0,
    "errorPct" : 0.0,
    "meanResTime" : 36.739999999999974,
    "medianResTime" : 29.0,
    "minResTime" : 24.0,
    "maxResTime" : 130.0,
    "pct1ResTime" : 58.60000000000002,
    "pct2ResTime" : 96.94999999999976,
    "pct3ResTime" : 129.92999999999995,
    "throughput" : 54.794520547945204,
    "receivedKBytesPerSec" : 1464.3626926369864,
    "sentKBytesPerSec" : 7.22388698630137
  },
  "StudentCourses" : {
    "transaction" : "StudentCourses",
    "sampleCount" : 100,
    "errorCount" : 0,
    "errorPct" : 0.0,
    "meanResTime" : 219.81000000000006,
    "medianResTime" : 152.5,
    "minResTime" : 24.0,
    "maxResTime" : 911.0,
    "pct1ResTime" : 494.4000000000002,
    "pct2ResTime" : 794.75,
    "pct3ResTime" : 910.4499999999997,
    "throughput" : 33.886818027787186,
    "receivedKBytesPerSec" : 42.292337343273466,
    "sentKBytesPerSec" : 8.20696374110471
  },
  "GetSubmissionId" : {
    "transaction" : "GetSubmissionId",
    "sampleCount" : 595,
    "errorCount" : 2,
    "errorPct" : 0.33613446,
    "meanResTime" : 1279.0638655462162,
    "medianResTime" : 500.0,
    "minResTime" : 17.0,
    "maxResTime" : 25069.0,
    "pct1ResTime" : 3332.599999999997,
    "pct2ResTime" : 5345.199999999992,
    "pct3ResTime" : 10887.599999999999,
    "throughput" : 0.7911276693910709,
    "receivedKBytesPerSec" : 35.57865826326203,
    "sentKBytesPerSec" : 0.1824873191043371
  },
  "TestcasesResults" : {
    "transaction" : "TestcasesResults",
    "sampleCount" : 593,
    "errorCount" : 1,
    "errorPct" : 0.16863406,
    "meanResTime" : 12098.047217537942,
    "medianResTime" : 7356.0,
    "minResTime" : 5186.0,
    "maxResTime" : 37675.0,
    "pct1ResTime" : 26143.6,
    "pct2ResTime" : 27863.999999999996,
    "pct3ResTime" : 30302.219999999954,
    "throughput" : 0.7895623321514309,
    "receivedKBytesPerSec" : 22.84535945723914,
    "sentKBytesPerSec" : 0.1908996616732064
  },
  "Total" : {
    "transaction" : "Total",
    "sampleCount" : 2878,
    "errorCount" : 3,
    "errorPct" : 0.104239054,
    "meanResTime" : 4403.093467685885,
    "medianResTime" : 2075.0,
    "minResTime" : 17.0,
    "maxResTime" : 40231.0,
    "pct1ResTime" : 13214.399999999998,
    "pct2ResTime" : 22869.699999999968,
    "pct3ResTime" : 30979.190000000006,
    "throughput" : 3.1862682687315043,
    "receivedKBytesPerSec" : 104.06346703636365,
    "sentKBytesPerSec" : 1.5668369814287502
  },
  "Upload" : {
    "transaction" : "Upload",
    "sampleCount" : 595,
    "errorCount" : 0,
    "errorPct" : 0.0,
    "meanResTime" : 4609.408403361347,
    "medianResTime" : 906.0,
    "minResTime" : 394.0,
    "maxResTime" : 40231.0,
    "pct1ResTime" : 19027.199999999997,
    "pct2ResTime" : 28538.99999999999,
    "pct3ResTime" : 36199.15999999996,
    "throughput" : 0.7893853540492816,
    "receivedKBytesPerSec" : 35.794006979343976,
    "sentKBytesPerSec" : 1.1110733601016782
  },
  "Course Page" : {
    "transaction" : "Course Page",
    "sampleCount" : 100,
    "errorCount" : 0,
    "errorPct" : 0.0,
    "meanResTime" : 530.7900000000001,
    "medianResTime" : 490.0,
    "minResTime" : 51.0,
    "maxResTime" : 1652.0,
    "pct1ResTime" : 1153.4,
    "pct2ResTime" : 1331.5999999999997,
    "pct3ResTime" : 1650.7899999999993,
    "throughput" : 27.449903925336262,
    "receivedKBytesPerSec" : 888.7533669022783,
    "sentKBytesPerSec" : 7.9615444002196
  },
  "Login" : {
    "transaction" : "Login",
    "sampleCount" : 100,
    "errorCount" : 0,
    "errorPct" : 0.0,
    "meanResTime" : 1035.92,
    "medianResTime" : 1091.0,
    "minResTime" : 137.0,
    "maxResTime" : 2056.0,
    "pct1ResTime" : 1587.8000000000002,
    "pct2ResTime" : 1831.5499999999986,
    "pct3ResTime" : 2055.41,
    "throughput" : 32.701111837802486,
    "receivedKBytesPerSec" : 55.97638366579464,
    "sentKBytesPerSec" : 19.283436886854155
  },
  "RunPractice" : {
    "transaction" : "RunPractice",
    "sampleCount" : 595,
    "errorCount" : 0,
    "errorPct" : 0.0,
    "meanResTime" : 3030.6033613445384,
    "medianResTime" : 2257.0,
    "minResTime" : 81.0,
    "maxResTime" : 13245.0,
    "pct1ResTime" : 5105.599999999999,
    "pct2ResTime" : 6892.399999999999,
    "pct3ResTime" : 9577.359999999988,
    "throughput" : 0.7960984486115107,
    "receivedKBytesPerSec" : 22.551509900638216,
    "sentKBytesPerSec" : 0.1865855738933228
  }
}