{
  "AssignmentsList" : {
    "transaction" : "AssignmentsList",
    "sampleCount" : 300,
    "errorCount" : 6,
    "errorPct" : 2.0,
    "meanResTime" : 256.78,
    "medianResTime" : 129.5,
    "minResTime" : 0.0,
    "maxResTime" : 1659.0,
    "pct1ResTime" : 717.3000000000002,
    "pct2ResTime" : 946.6499999999999,
    "pct3ResTime" : 1512.6400000000003,
    "throughput" : 24.505799705930404,
    "receivedKBytesPerSec" : 10.109998493914393,
    "sentKBytesPerSec" : 7.762882137314164
  },
  "Get CSRF Token" : {
    "transaction" : "Get CSRF Token",
    "sampleCount" : 300,
    "errorCount" : 0,
    "errorPct" : 0.0,
    "meanResTime" : 31.523333333333348,
    "medianResTime" : 27.5,
    "minResTime" : 22.0,
    "maxResTime" : 130.0,
    "pct1ResTime" : 42.0,
    "pct2ResTime" : 56.0,
    "pct3ResTime" : 112.0,
    "throughput" : 59.606596463341944,
    "receivedKBytesPerSec" : 1592.9550513485992,
    "sentKBytesPerSec" : 7.858291525928869
  },
  "StudentCourses" : {
    "transaction" : "StudentCourses",
    "sampleCount" : 300,
    "errorCount" : 0,
    "errorPct" : 0.0,
    "meanResTime" : 717.5666666666666,
    "medianResTime" : 638.5,
    "minResTime" : 30.0,
    "maxResTime" : 2806.0,
    "pct1ResTime" : 1551.0,
    "pct2ResTime" : 1866.6499999999999,
    "pct3ResTime" : 2422.560000000002,
    "throughput" : 24.543892661376095,
    "receivedKBytesPerSec" : 32.74076983453325,
    "sentKBytesPerSec" : 5.958764982001145
  },
  "GetSubmissionId" : {
    "transaction" : "GetSubmissionId",
    "sampleCount" : 1104,
    "errorCount" : 17,
    "errorPct" : 1.5398551,
    "meanResTime" : 5605.83876811595,
    "medianResTime" : 1276.0,
    "minResTime" : 0.0,
    "maxResTime" : 50005.0,
    "pct1ResTime" : 20096.5,
    "pct2ResTime" : 30081.25,
    "pct3ResTime" : 46089.00000000001,
    "throughput" : 1.430472431660605,
    "receivedKBytesPerSec" : 63.68606513427523,
    "sentKBytesPerSec" : 0.32837714870499485
  },
  "TestcasesResults" : {
    "transaction" : "TestcasesResults",
    "sampleCount" : 994,
    "errorCount" : 7,
    "errorPct" : 0.70422536,
    "meanResTime" : 53873.11167002016,
    "medianResTime" : 61026.5,
    "minResTime" : 4135.0,
    "maxResTime" : 100743.0,
    "pct1ResTime" : 79753.5,
    "pct2ResTime" : 82043.5,
    "pct3ResTime" : 88500.8,
    "throughput" : 1.2749637648628196,
    "receivedKBytesPerSec" : 36.70985280076767,
    "sentKBytesPerSec" : 0.3066057777407232
  },
  "Total" : {
    "transaction" : "Total",
    "sampleCount" : 5808,
    "errorCount" : 236,
    "errorPct" : 4.0633607,
    "meanResTime" : 14542.976584022012,
    "medianResTime" : 2400.0,
    "minResTime" : 0.0,
    "maxResTime" : 100743.0,
    "pct1ResTime" : 60441.70000000004,
    "pct2ResTime" : 73369.15000000001,
    "pct3ResTime" : 81918.70999999998,
    "throughput" : 6.188381229003135,
    "receivedKBytesPerSec" : 180.5609552770787,
    "sentKBytesPerSec" : 2.9334146431851624
  },
  "Upload" : {
    "transaction" : "Upload",
    "sampleCount" : 1106,
    "errorCount" : 169,
    "errorPct" : 15.28029,
    "meanResTime" : 13940.11301989152,
    "medianResTime" : 1992.5,
    "minResTime" : 0.0,
    "maxResTime" : 89496.0,
    "pct1ResTime" : 51595.80000000002,
    "pct2ResTime" : 63333.699999999975,
    "pct3ResTime" : 78242.61000000003,
    "throughput" : 1.4337586644525078,
    "receivedKBytesPerSec" : 55.24173854905179,
    "sentKBytesPerSec" : 1.9921356461604176
  },
  "Course Page" : {
    "transaction" : "Course Page",
    "sampleCount" : 300,
    "errorCount" : 7,
    "errorPct" : 2.3333333,
    "meanResTime" : 1802.7533333333329,
    "medianResTime" : 1313.0,
    "minResTime" : 0.0,
    "maxResTime" : 7300.0,
    "pct1ResTime" : 4409.400000000001,
    "pct2ResTime" : 5002.299999999999,
    "pct3ResTime" : 6781.5500000000075,
    "throughput" : 24.5740498034076,
    "receivedKBytesPerSec" : 778.2240001433486,
    "sentKBytesPerSec" : 6.961127564916448
  },
  "Login" : {
    "transaction" : "Login",
    "sampleCount" : 300,
    "errorCount" : 1,
    "errorPct" : 0.33333334,
    "meanResTime" : 3022.4800000000005,
    "medianResTime" : 3034.5,
    "minResTime" : 42.0,
    "maxResTime" : 7640.0,
    "pct1ResTime" : 5740.500000000004,
    "pct2ResTime" : 6621.399999999999,
    "pct3ResTime" : 7373.31,
    "throughput" : 24.295432458697768,
    "receivedKBytesPerSec" : 41.6471322531989,
    "sentKBytesPerSec" : 14.313109916585681
  },
  "RunPractice" : {
    "transaction" : "RunPractice",
    "sampleCount" : 1104,
    "errorCount" : 29,
    "errorPct" : 2.6268115,
    "meanResTime" : 6847.638586956517,
    "medianResTime" : 3298.0,
    "minResTime" : 0.0,
    "maxResTime" : 50014.0,
    "pct1ResTime" : 15609.5,
    "pct2ResTime" : 26735.5,
    "pct3ResTime" : 49974.10000000003,
    "throughput" : 1.4273893256102606,
    "receivedKBytesPerSec" : 39.46212749615354,
    "sentKBytesPerSec" : 0.32939287468969797
  }
}