{
  "AssignmentsList" : {
    "transaction" : "AssignmentsList",
    "sampleCount" : 80,
    "errorCount" : 0,
    "errorPct" : 0.0,
    "meanResTime" : 63.275000000000006,
    "medianResTime" : 53.0,
    "minResTime" : 24.0,
    "maxResTime" : 195.0,
    "pct1ResTime" : 108.10000000000005,
    "pct2ResTime" : 160.85000000000002,
    "pct3ResTime" : 195.0,
    "throughput" : 29.197080291970803,
    "receivedKBytesPerSec" : 11.201955976277372,
    "sentKBytesPerSec" : 9.43772810218978
  },
  "Get CSRF Token" : {
    "transaction" : "Get CSRF Token",
    "sampleCount" : 80,
    "errorCount" : 0,
    "errorPct" : 0.0,
    "meanResTime" : 39.400000000000006,
    "medianResTime" : 30.0,
    "minResTime" : 23.0,
    "maxResTime" : 174.0,
    "pct1ResTime" : 42.900000000000006,
    "pct2ResTime" : 165.40000000000003,
    "pct3ResTime" : 174.0,
    "throughput" : 52.980132450331126,
    "receivedKBytesPerSec" : 1415.8597630380796,
    "sentKBytesPerSec" : 6.984685430463576
  },
  "StudentCourses" : {
    "transaction" : "StudentCourses",
    "sampleCount" : 80,
    "errorCount" : 0,
    "errorPct" : 0.0,
    "meanResTime" : 186.31250000000003,
    "medianResTime" : 137.0,
    "minResTime" : 26.0,
    "maxResTime" : 958.0,
    "pct1ResTime" : 378.50000000000045,
    "pct2ResTime" : 523.0000000000001,
    "pct3ResTime" : 958.0,
    "throughput" : 35.90664272890485,
    "receivedKBytesPerSec" : 44.80440697935368,
    "sentKBytesPerSec" : 8.696140035906643
  },
  "GetSubmissionId" : {
    "transaction" : "GetSubmissionId",
    "sampleCount" : 482,
    "errorCount" : 1,
    "errorPct" : 0.20746888,
    "meanResTime" : 1123.431535269708,
    "medianResTime" : 458.5,
    "minResTime" : 14.0,
    "maxResTime" : 29275.0,
    "pct1ResTime" : 2287.4999999999995,
    "pct2ResTime" : 4009.399999999999,
    "pct3ResTime" : 11672.26000000001,
    "throughput" : 0.6286248635479744,
    "receivedKBytesPerSec" : 27.909821615468083,
    "sentKBytesPerSec" : 0.1451904267899832
  },
  "TestcasesResults" : {
    "transaction" : "TestcasesResults",
    "sampleCount" : 477,
    "errorCount" : 2,
    "errorPct" : 0.4192872,
    "meanResTime" : 8603.02725366877,
    "medianResTime" : 6309.0,
    "minResTime" : 5195.0,
    "maxResTime" : 25988.0,
    "pct1ResTime" : 14712.599999999999,
    "pct2ResTime" : 17388.1,
    "pct3ResTime" : 22836.039999999994,
    "throughput" : 0.6542626514782632,
    "receivedKBytesPerSec" : 18.88681907648838,
    "sentKBytesPerSec" : 0.15778985755728225
  },
  "Total" : {
    "transaction" : "Total",
    "sampleCount" : 2323,
    "errorCount" : 5,
    "errorPct" : 0.21523891,
    "meanResTime" : 3522.332759362891,
    "medianResTime" : 1828.0,
    "minResTime" : 14.0,
    "maxResTime" : 40750.0,
    "pct1ResTime" : 9141.59999999998,
    "pct2ResTime" : 13727.599999999999,
    "pct3ResTime" : 33761.11999999982,
    "throughput" : 2.573094492270748,
    "receivedKBytesPerSec" : 83.43014794912573,
    "sentKBytesPerSec" : 1.2499436218298767
  },
  "Upload" : {
    "transaction" : "Upload",
    "sampleCount" : 482,
    "errorCount" : 0,
    "errorPct" : 0.0,
    "meanResTime" : 4249.134854771784,
    "medianResTime" : 876.0,
    "minResTime" : 401.0,
    "maxResTime" : 40750.0,
    "pct1ResTime" : 14734.9,
    "pct2ResTime" : 33175.1,
    "pct3ResTime" : 40339.83,
    "throughput" : 0.6275502365682116,
    "receivedKBytesPerSec" : 28.059596532475723,
    "sentKBytesPerSec" : 0.8631638386219413
  },
  "Course Page" : {
    "transaction" : "Course Page",
    "sampleCount" : 80,
    "errorCount" : 0,
    "errorPct" : 0.0,
    "meanResTime" : 381.1499999999999,
    "medianResTime" : 261.5,
    "minResTime" : 55.0,
    "maxResTime" : 1046.0,
    "pct1ResTime" : 854.0,
    "pct2ResTime" : 1020.0500000000002,
    "pct3ResTime" : 1046.0,
    "throughput" : 28.61230329041488,
    "receivedKBytesPerSec" : 926.3533563572962,
    "sentKBytesPerSec" : 8.298685622317597
  },
  "Login" : {
    "transaction" : "Login",
    "sampleCount" : 80,
    "errorCount" : 0,
    "errorPct" : 0.0,
    "meanResTime" : 829.2624999999996,
    "medianResTime" : 863.0,
    "minResTime" : 159.0,
    "maxResTime" : 1828.0,
    "pct1ResTime" : 1270.5,
    "pct2ResTime" : 1366.6,
    "pct3ResTime" : 1828.0,
    "throughput" : 33.4448160535117,
    "receivedKBytesPerSec" : 57.24730220526756,
    "sentKBytesPerSec" : 19.71986700459866
  },
  "RunPractice" : {
    "transaction" : "RunPractice",
    "sampleCount" : 482,
    "errorCount" : 2,
    "errorPct" : 0.41493776,
    "meanResTime" : 2840.6763485477154,
    "medianResTime" : 2209.0,
    "minResTime" : 137.0,
    "maxResTime" : 21975.0,
    "pct1ResTime" : 4408.8,
    "pct2ResTime" : 5934.499999999998,
    "pct3ResTime" : 9459.300000000001,
    "throughput" : 0.6281775422618823,
    "receivedKBytesPerSec" : 17.73012302122445,
    "sentKBytesPerSec" : 0.14722911146762865
  }
}