{
  "AssignmentsList" : {
    "transaction" : "AssignmentsList",
    "sampleCount" : 10,
    "errorCount" : 0,
    "errorPct" : 0.0,
    "meanResTime" : 50.1,
    "medianResTime" : 47.0,
    "minResTime" : 29.0,
    "maxResTime" : 87.0,
    "pct1ResTime" : 84.5,
    "pct2ResTime" : 87.0,
    "pct3ResTime" : 87.0,
    "throughput" : 46.948356807511736,
    "receivedKBytesPerSec" : 18.201657863849764,
    "sentKBytesPerSec" : 15.17568955399061
  },
  "Get CSRF Token" : {
    "transaction" : "Get CSRF Token",
    "sampleCount" : 10,
    "errorCount" : 0,
    "errorPct" : 0.0,
    "meanResTime" : 79.60000000000001,
    "medianResTime" : 80.5,
    "minResTime" : 25.0,
    "maxResTime" : 133.0,
    "pct1ResTime" : 131.8,
    "pct2ResTime" : 133.0,
    "pct3ResTime" : 133.0,
    "throughput" : 54.054054054054056,
    "receivedKBytesPerSec" : 1444.5734797297298,
    "sentKBytesPerSec" : 7.126266891891892
  },
  "StudentCourses" : {
    "transaction" : "StudentCourses",
    "sampleCount" : 10,
    "errorCount" : 0,
    "errorPct" : 0.0,
    "meanResTime" : 56.9,
    "medianResTime" : 54.0,
    "minResTime" : 29.0,
    "maxResTime" : 112.0,
    "pct1ResTime" : 108.60000000000001,
    "pct2ResTime" : 112.0,
    "pct3ResTime" : 112.0,
    "throughput" : 40.0,
    "receivedKBytesPerSec" : 49.8828125,
    "sentKBytesPerSec" : 9.6875
  },
  "GetSubmissionId" : {
    "transaction" : "GetSubmissionId",
    "sampleCount" : 67,
    "errorCount" : 0,
    "errorPct" : 0.0,
    "meanResTime" : 435.776119402985,
    "medianResTime" : 345.0,
    "minResTime" : 205.0,
    "maxResTime" : 1382.0,
    "pct1ResTime" : 728.8000000000003,
    "pct2ResTime" : 1190.7999999999997,
    "pct3ResTime" : 1382.0,
    "throughput" : 0.08730255939831597,
    "receivedKBytesPerSec" : 3.7157515602074933,
    "sentKBytesPerSec" : 0.02020576814199305
  },
  "TestcasesResults" : {
    "transaction" : "TestcasesResults",
    "sampleCount" : 60,
    "errorCount" : 0,
    "errorPct" : 0.0,
    "meanResTime" : 5714.0,
    "medianResTime" : 5336.5,
    "minResTime" : 5225.0,
    "maxResTime" : 9462.0,
    "pct1ResTime" : 6137.0,
    "pct2ResTime" : 8853.099999999999,
    "pct3ResTime" : 9462.0,
    "throughput" : 0.0928965132842014,
    "receivedKBytesPerSec" : 2.692181476241717,
    "sentKBytesPerSec" : 0.022498374311017526
  },
  "Total" : {
    "transaction" : "Total",
    "sampleCount" : 311,
    "errorCount" : 0,
    "errorPct" : 0.0,
    "meanResTime" : 1857.3054662379411,
    "medianResTime" : 762.0,
    "minResTime" : 25.0,
    "maxResTime" : 9462.0,
    "pct1ResTime" : 5332.4,
    "pct2ResTime" : 5655.6,
    "pct3ResTime" : 8818.239999999998,
    "throughput" : 0.34531613636767394,
    "receivedKBytesPerSec" : 11.113091364292979,
    "sentKBytesPerSec" : 0.16566313501805416
  },
  "Upload" : {
    "transaction" : "Upload",
    "sampleCount" : 69,
    "errorCount" : 0,
    "errorPct" : 0.0,
    "meanResTime" : 817.2318840579708,
    "medianResTime" : 686.0,
    "minResTime" : 453.0,
    "maxResTime" : 2204.0,
    "pct1ResTime" : 1328.0,
    "pct2ResTime" : 2109.0,
    "pct3ResTime" : 2204.0,
    "throughput" : 0.08975084385304276,
    "receivedKBytesPerSec" : 3.839746016899824,
    "sentKBytesPerSec" : 0.11469094898510007
  },
  "Course Page" : {
    "transaction" : "Course Page",
    "sampleCount" : 10,
    "errorCount" : 0,
    "errorPct" : 0.0,
    "meanResTime" : 115.1,
    "medianResTime" : 107.0,
    "minResTime" : 64.0,
    "maxResTime" : 175.0,
    "pct1ResTime" : 173.20000000000002,
    "pct2ResTime" : 175.0,
    "pct3ResTime" : 175.0,
    "throughput" : 34.96503496503497,
    "receivedKBytesPerSec" : 1131.9861778846155,
    "sentKBytesPerSec" : 10.141225961538462
  },
  "Login" : {
    "transaction" : "Login",
    "sampleCount" : 10,
    "errorCount" : 0,
    "errorPct" : 0.0,
    "meanResTime" : 251.70000000000002,
    "medianResTime" : 256.5,
    "minResTime" : 125.0,
    "maxResTime" : 348.0,
    "pct1ResTime" : 345.6,
    "pct2ResTime" : 348.0,
    "pct3ResTime" : 348.0,
    "throughput" : 28.735632183908045,
    "receivedKBytesPerSec" : 49.1424209770115,
    "sentKBytesPerSec" : 16.899021192528735
  },
  "RunPractice" : {
    "transaction" : "RunPractice",
    "sampleCount" : 65,
    "errorCount" : 0,
    "errorPct" : 0.0,
    "meanResTime" : 2210.1846153846163,
    "medianResTime" : 2130.0,
    "minResTime" : 2071.0,
    "maxResTime" : 2977.0,
    "pct1ResTime" : 2590.7999999999997,
    "pct2ResTime" : 2781.4999999999995,
    "pct3ResTime" : 2977.0,
    "throughput" : 0.08477162524159913,
    "receivedKBytesPerSec" : 2.4020771065585853,
    "sentKBytesPerSec" : 0.019868349665999797
  }
}