{
  "AssignmentsList" : {
    "transaction" : "AssignmentsList",
    "sampleCount" : 70,
    "errorCount" : 0,
    "errorPct" : 0.0,
    "meanResTime" : 63.028571428571425,
    "medianResTime" : 56.0,
    "minResTime" : 28.0,
    "maxResTime" : 266.0,
    "pct1ResTime" : 91.6,
    "pct2ResTime" : 135.6000000000002,
    "pct3ResTime" : 266.0,
    "throughput" : 27.60252365930599,
    "receivedKBytesPerSec" : 10.61665146884858,
    "sentKBytesPerSec" : 8.922300128154575
  },
  "Get CSRF Token" : {
    "transaction" : "Get CSRF Token",
    "sampleCount" : 70,
    "errorCount" : 0,
    "errorPct" : 0.0,
    "meanResTime" : 38.32857142857143,
    "medianResTime" : 29.5,
    "minResTime" : 23.0,
    "maxResTime" : 146.0,
    "pct1ResTime" : 52.699999999999996,
    "pct2ResTime" : 128.00000000000006,
    "pct3ResTime" : 146.0,
    "throughput" : 53.2319391634981,
    "receivedKBytesPerSec" : 1422.5923835551332,
    "sentKBytesPerSec" : 7.017882604562738
  },
  "StudentCourses" : {
    "transaction" : "StudentCourses",
    "sampleCount" : 70,
    "errorCount" : 0,
    "errorPct" : 0.0,
    "meanResTime" : 186.5714285714285,
    "medianResTime" : 150.0,
    "minResTime" : 24.0,
    "maxResTime" : 613.0,
    "pct1ResTime" : 395.3,
    "pct2ResTime" : 498.55000000000007,
    "pct3ResTime" : 613.0,
    "throughput" : 37.07627118644068,
    "receivedKBytesPerSec" : 46.2574069782839,
    "sentKBytesPerSec" : 8.979409427966102
  },
  "GetSubmissionId" : {
    "transaction" : "GetSubmissionId",
    "sampleCount" : 420,
    "errorCount" : 0,
    "errorPct" : 0.0,
    "meanResTime" : 971.6666666666671,
    "medianResTime" : 456.0,
    "minResTime" : 199.0,
    "maxResTime" : 16945.0,
    "pct1ResTime" : 2545.2000000000007,
    "pct2ResTime" : 3441.5999999999995,
    "pct3ResTime" : 5740.64000000001,
    "throughput" : 0.5914868147730873,
    "receivedKBytesPerSec" : 26.049499887775937,
    "sentKBytesPerSec" : 0.1368968506847868
  },
  "TestcasesResults" : {
    "transaction" : "TestcasesResults",
    "sampleCount" : 420,
    "errorCount" : 0,
    "errorPct" : 0.0,
    "meanResTime" : 9161.169047619062,
    "medianResTime" : 6814.0,
    "minResTime" : 5197.0,
    "maxResTime" : 22255.0,
    "pct1ResTime" : 16344.6,
    "pct2ResTime" : 17456.15,
    "pct3ResTime" : 20687.040000000005,
    "throughput" : 0.5866200350295964,
    "receivedKBytesPerSec" : 17.000864588018146,
    "sentKBytesPerSec" : 0.14207203973373037
  },
  "Total" : {
    "transaction" : "Total",
    "sampleCount" : 2030,
    "errorCount" : 1,
    "errorPct" : 0.049261082,
    "meanResTime" : 3485.082758620684,
    "medianResTime" : 1917.5,
    "minResTime" : 23.0,
    "maxResTime" : 29427.0,
    "pct1ResTime" : 9591.500000000018,
    "pct2ResTime" : 15440.399999999998,
    "pct3ResTime" : 25515.21000000003,
    "throughput" : 2.3545950560463216,
    "receivedKBytesPerSec" : 75.97668573927325,
    "sentKBytesPerSec" : 1.1318813638585898
  },
  "Upload" : {
    "transaction" : "Upload",
    "sampleCount" : 420,
    "errorCount" : 0,
    "errorPct" : 0.0,
    "meanResTime" : 3655.2119047619026,
    "medianResTime" : 785.5,
    "minResTime" : 386.0,
    "maxResTime" : 29427.0,
    "pct1ResTime" : 12448.100000000002,
    "pct2ResTime" : 25163.65,
    "pct3ResTime" : 28550.29,
    "throughput" : 0.590071623455628,
    "receivedKBytesPerSec" : 26.11651682037798,
    "sentKBytesPerSec" : 0.7981401965395108
  },
  "Course Page" : {
    "transaction" : "Course Page",
    "sampleCount" : 70,
    "errorCount" : 0,
    "errorPct" : 0.0,
    "meanResTime" : 384.28571428571433,
    "medianResTime" : 298.5,
    "minResTime" : 47.0,
    "maxResTime" : 1016.0,
    "pct1ResTime" : 822.9,
    "pct2ResTime" : 930.8500000000001,
    "pct3ResTime" : 1016.0,
    "throughput" : 27.429467084639498,
    "receivedKBytesPerSec" : 888.0500434708072,
    "sentKBytesPerSec" : 7.955616918103448
  },
  "Login" : {
    "transaction" : "Login",
    "sampleCount" : 70,
    "errorCount" : 0,
    "errorPct" : 0.0,
    "meanResTime" : 732.7000000000002,
    "medianResTime" : 793.5,
    "minResTime" : 117.0,
    "maxResTime" : 1489.0,
    "pct1ResTime" : 1133.5,
    "pct2ResTime" : 1359.4500000000005,
    "pct3ResTime" : 1489.0,
    "throughput" : 34.51676528599606,
    "receivedKBytesPerSec" : 59.08106817061144,
    "sentKBytesPerSec" : 20.350830559664693
  },
  "RunPractice" : {
    "transaction" : "RunPractice",
    "sampleCount" : 420,
    "errorCount" : 1,
    "errorPct" : 0.23809524,
    "meanResTime" : 2822.3666666666645,
    "medianResTime" : 2237.0,
    "minResTime" : 2069.0,
    "maxResTime" : 9229.0,
    "pct1ResTime" : 4580.300000000003,
    "pct2ResTime" : 6083.8499999999985,
    "pct3ResTime" : 8287.550000000005,
    "throughput" : 0.5912461780157778,
    "receivedKBytesPerSec" : 16.714606987579607,
    "sentKBytesPerSec" : 0.13857332297244793
  }
}