{
  "AssignmentsList" : {
    "transaction" : "AssignmentsList",
    "sampleCount" : 400,
    "errorCount" : 7,
    "errorPct" : 1.75,
    "meanResTime" : 657.3949999999996,
    "medianResTime" : 380.5,
    "minResTime" : 0.0,
    "maxResTime" : 3281.0,
    "pct1ResTime" : 1857.5000000000005,
    "pct2ResTime" : 2169.35,
    "pct3ResTime" : 3043.7300000000005,
    "throughput" : 19.65698560125805,
    "receivedKBytesPerSec" : 8.041319598014644,
    "sentKBytesPerSec" : 6.242772602462037
  },
  "Get CSRF Token" : {
    "transaction" : "Get CSRF Token",
    "sampleCount" : 400,
    "errorCount" : 0,
    "errorPct" : 0.0,
    "meanResTime" : 1109.6750000000002,
    "medianResTime" : 29.0,
    "minResTime" : 22.0,
    "maxResTime" : 16863.0,
    "pct1ResTime" : 3799.1000000000026,
    "pct2ResTime" : 8149.299999999999,
    "pct3ResTime" : 11769.840000000004,
    "throughput" : 17.064118424981867,
    "receivedKBytesPerSec" : 456.02739990828036,
    "sentKBytesPerSec" : 2.249664050168508
  },
  "StudentCourses" : {
    "transaction" : "StudentCourses",
    "sampleCount" : 400,
    "errorCount" : 1,
    "errorPct" : 0.25,
    "meanResTime" : 978.4025,
    "medianResTime" : 920.0,
    "minResTime" : 20.0,
    "maxResTime" : 3543.0,
    "pct1ResTime" : 1896.7,
    "pct2ResTime" : 2174.8,
    "pct3ResTime" : 3082.99,
    "throughput" : 17.205041077035574,
    "receivedKBytesPerSec" : 21.50592330584111,
    "sentKBytesPerSec" : 4.156428771129941
  },
  "GetSubmissionId" : {
    "transaction" : "GetSubmissionId",
    "sampleCount" : 1187,
    "errorCount" : 126,
    "errorPct" : 10.614996,
    "meanResTime" : 11514.497893850055,
    "medianResTime" : 2040.0,
    "minResTime" : 0.0,
    "maxResTime" : 50037.0,
    "pct1ResTime" : 48688.40000000001,
    "pct2ResTime" : 50003.0,
    "pct3ResTime" : 50004.0,
    "throughput" : 1.5472712886671178,
    "receivedKBytesPerSec" : 62.53041363273749,
    "sentKBytesPerSec" : 0.3547900723059295
  },
  "TestcasesResults" : {
    "transaction" : "TestcasesResults",
    "sampleCount" : 966,
    "errorCount" : 10,
    "errorPct" : 1.0351967,
    "meanResTime" : 69935.9544513458,
    "medianResTime" : 77135.0,
    "minResTime" : 5225.0,
    "maxResTime" : 141596.0,
    "pct1ResTime" : 95247.50000000001,
    "pct2ResTime" : 98577.5,
    "pct3ResTime" : 117661.6100000004,
    "throughput" : 1.2036588237786165,
    "receivedKBytesPerSec" : 34.54385980777905,
    "sentKBytesPerSec" : 0.2893987219535657
  },
  "Total" : {
    "transaction" : "Total",
    "sampleCount" : 6528,
    "errorCount" : 638,
    "errorPct" : 9.773284,
    "meanResTime" : 18277.359834558887,
    "medianResTime" : 2865.5,
    "minResTime" : 0.0,
    "maxResTime" : 141596.0,
    "pct1ResTime" : 69083.20000000006,
    "pct2ResTime" : 88326.29999999999,
    "pct3ResTime" : 97613.46,
    "throughput" : 6.60560930370928,
    "receivedKBytesPerSec" : 171.95654004524155,
    "sentKBytesPerSec" : 3.0659475995976733
  },
  "Upload" : {
    "transaction" : "Upload",
    "sampleCount" : 1189,
    "errorCount" : 272,
    "errorPct" : 22.876368,
    "meanResTime" : 18874.984020185053,
    "medianResTime" : 2436.0,
    "minResTime" : 0.0,
    "maxResTime" : 99714.0,
    "pct1ResTime" : 63735.0,
    "pct2ResTime" : 78229.5,
    "pct3ResTime" : 94249.79999999994,
    "throughput" : 1.545936682906153,
    "receivedKBytesPerSec" : 54.3059157005375,
    "sentKBytesPerSec" : 2.149689957376224
  },
  "Course Page" : {
    "transaction" : "Course Page",
    "sampleCount" : 400,
    "errorCount" : 18,
    "errorPct" : 4.5,
    "meanResTime" : 3166.0575000000013,
    "medianResTime" : 2419.5,
    "minResTime" : 0.0,
    "maxResTime" : 15742.0,
    "pct1ResTime" : 6943.7,
    "pct2ResTime" : 8061.6,
    "pct3ResTime" : 12389.620000000004,
    "throughput" : 17.23692148582263,
    "receivedKBytesPerSec" : 534.5513165372103,
    "sentKBytesPerSec" : 4.774408423468069
  },
  "Login" : {
    "transaction" : "Login",
    "sampleCount" : 400,
    "errorCount" : 1,
    "errorPct" : 0.25,
    "meanResTime" : 4372.12,
    "medianResTime" : 4241.0,
    "minResTime" : 95.0,
    "maxResTime" : 11344.0,
    "pct1ResTime" : 7437.5,
    "pct2ResTime" : 8480.5,
    "pct3ResTime" : 10391.100000000004,
    "throughput" : 17.097670442402222,
    "receivedKBytesPerSec" : 29.348468556315453,
    "sentKBytesPerSec" : 10.09897948279547
  },
  "RunPractice" : {
    "transaction" : "RunPractice",
    "sampleCount" : 1186,
    "errorCount" : 203,
    "errorPct" : 17.116358,
    "meanResTime" : 9724.239460370994,
    "medianResTime" : 3407.0,
    "minResTime" : 0.0,
    "maxResTime" : 50025.0,
    "pct1ResTime" : 33239.19999999998,
    "pct2ResTime" : 50002.0,
    "pct3ResTime" : 50004.0,
    "throughput" : 1.5485859034288252,
    "receivedKBytesPerSec" : 36.599569744307054,
    "sentKBytesPerSec" : 0.32469625649596534
  }
}