{
  "AssignmentsList" : {
    "transaction" : "AssignmentsList",
    "sampleCount" : 450,
    "errorCount" : 21,
    "errorPct" : 4.6666665,
    "meanResTime" : 634.6888888888883,
    "medianResTime" : 393.5,
    "minResTime" : 0.0,
    "maxResTime" : 4083.0,
    "pct1ResTime" : 1582.5000000000002,
    "pct2ResTime" : 2217.349999999999,
    "pct3ResTime" : 3809.98,
    "throughput" : 19.426696598169574,
    "receivedKBytesPerSec" : 8.528058423091867,
    "sentKBytesPerSec" : 5.986483268757555
  },
  "Get CSRF Token" : {
    "transaction" : "Get CSRF Token",
    "sampleCount" : 450,
    "errorCount" : 0,
    "errorPct" : 0.0,
    "meanResTime" : 2007.0577777777773,
    "medianResTime" : 33.0,
    "minResTime" : 23.0,
    "maxResTime" : 14049.0,
    "pct1ResTime" : 9005.700000000004,
    "pct2ResTime" : 11395.549999999997,
    "pct3ResTime" : 13210.380000000001,
    "throughput" : 21.912738605375925,
    "receivedKBytesPerSec" : 585.6005821332051,
    "sentKBytesPerSec" : 2.8888864372321774
  },
  "StudentCourses" : {
    "transaction" : "StudentCourses",
    "sampleCount" : 450,
    "errorCount" : 7,
    "errorPct" : 1.5555556,
    "meanResTime" : 1065.5511111111105,
    "medianResTime" : 888.0,
    "minResTime" : 31.0,
    "maxResTime" : 6567.0,
    "pct1ResTime" : 2099.0,
    "pct2ResTime" : 2864.7,
    "pct3ResTime" : 4626.360000000001,
    "throughput" : 18.739068876488716,
    "receivedKBytesPerSec" : 28.977359235758307,
    "sentKBytesPerSec" : 4.504777811901391
  },
  "GetSubmissionId" : {
    "transaction" : "GetSubmissionId",
    "sampleCount" : 1204,
    "errorCount" : 183,
    "errorPct" : 15.199335,
    "meanResTime" : 13006.897009966786,
    "medianResTime" : 2072.0,
    "minResTime" : 0.0,
    "maxResTime" : 50028.0,
    "pct1ResTime" : 50002.0,
    "pct2ResTime" : 50003.0,
    "pct3ResTime" : 50004.0,
    "throughput" : 1.5657165298832085,
    "receivedKBytesPerSec" : 59.42015866737562,
    "sentKBytesPerSec" : 0.3551542747702467
  },
  "TestcasesResults" : {
    "transaction" : "TestcasesResults",
    "sampleCount" : 950,
    "errorCount" : 13,
    "errorPct" : 1.3684211,
    "meanResTime" : 59265.4494736842,
    "medianResTime" : 65902.0,
    "minResTime" : 5239.0,
    "maxResTime" : 150893.0,
    "pct1ResTime" : 83363.5,
    "pct2ResTime" : 91036.79999999999,
    "pct3ResTime" : 118139.86,
    "throughput" : 1.2265471278139572,
    "receivedKBytesPerSec" : 35.08651282726214,
    "sentKBytesPerSec" : 0.2945528719278222
  },
  "Total" : {
    "transaction" : "Total",
    "sampleCount" : 6814,
    "errorCount" : 882,
    "errorPct" : 12.943939,
    "meanResTime" : 16508.057088347505,
    "medianResTime" : 2814.0,
    "minResTime" : 0.0,
    "maxResTime" : 150893.0,
    "pct1ResTime" : 60244.5,
    "pct2ResTime" : 76451.75,
    "pct3ResTime" : 91479.50000000004,
    "throughput" : 7.214681782134398,
    "receivedKBytesPerSec" : 175.8096691337432,
    "sentKBytesPerSec" : 3.2281313147656396
  },
  "Upload" : {
    "transaction" : "Upload",
    "sampleCount" : 1207,
    "errorCount" : 324,
    "errorPct" : 26.843414,
    "meanResTime" : 19308.06545153277,
    "medianResTime" : 2432.0,
    "minResTime" : 0.0,
    "maxResTime" : 99632.0,
    "pct1ResTime" : 62135.60000000001,
    "pct2ResTime" : 75668.99999999999,
    "pct3ResTime" : 95319.04000000002,
    "throughput" : 1.568971030581286,
    "receivedKBytesPerSec" : 51.75861477780276,
    "sentKBytesPerSec" : 2.1090410899474064
  },
  "Course Page" : {
    "transaction" : "Course Page",
    "sampleCount" : 450,
    "errorCount" : 36,
    "errorPct" : 8.0,
    "meanResTime" : 3491.386666666666,
    "medianResTime" : 2465.0,
    "minResTime" : 0.0,
    "maxResTime" : 18214.0,
    "pct1ResTime" : 8463.300000000001,
    "pct2ResTime" : 9862.399999999998,
    "pct3ResTime" : 14632.210000000012,
    "throughput" : 18.765638031693076,
    "receivedKBytesPerSec" : 561.6521661931818,
    "sentKBytesPerSec" : 5.007346616972477
  },
  "Login" : {
    "transaction" : "Login",
    "sampleCount" : 450,
    "errorCount" : 10,
    "errorPct" : 2.2222223,
    "meanResTime" : 4382.380000000005,
    "medianResTime" : 4258.5,
    "minResTime" : 41.0,
    "maxResTime" : 13743.0,
    "pct1ResTime" : 7739.700000000001,
    "pct2ResTime" : 8536.7,
    "pct3ResTime" : 12276.260000000004,
    "throughput" : 18.644348690752405,
    "receivedKBytesPerSec" : 32.2723236943777,
    "sentKBytesPerSec" : 10.852160025480611
  },
  "RunPractice" : {
    "transaction" : "RunPractice",
    "sampleCount" : 1203,
    "errorCount" : 288,
    "errorPct" : 23.94015,
    "meanResTime" : 9980.969243557789,
    "medianResTime" : 3369.0,
    "minResTime" : 0.0,
    "maxResTime" : 50006.0,
    "pct1ResTime" : 41607.40000000001,
    "pct2ResTime" : 50002.0,
    "pct3ResTime" : 50004.0,
    "throughput" : 1.5620597374233416,
    "receivedKBytesPerSec" : 34.01100048798136,
    "sentKBytesPerSec" : 0.3076765887108398
  }
}