{
  "AssignmentsList" : {
    "transaction" : "AssignmentsList",
    "sampleCount" : 350,
    "errorCount" : 13,
    "errorPct" : 3.7142856,
    "meanResTime" : 413.16000000000025,
    "medianResTime" : 260.5,
    "minResTime" : 0.0,
    "maxResTime" : 2284.0,
    "pct1ResTime" : 1022.6000000000015,
    "pct2ResTime" : 1185.5499999999995,
    "pct3ResTime" : 1681.3500000000001,
    "throughput" : 23.26045058815711,
    "receivedKBytesPerSec" : 10.122449657739084,
    "sentKBytesPerSec" : 7.239490741509935
  },
  "Get CSRF Token" : {
    "transaction" : "Get CSRF Token",
    "sampleCount" : 350,
    "errorCount" : 0,
    "errorPct" : 0.0,
    "meanResTime" : 597.0628571428571,
    "medianResTime" : 29.0,
    "minResTime" : 23.0,
    "maxResTime" : 10220.0,
    "pct1ResTime" : 1770.7000000000005,
    "pct2ResTime" : 5123.099999999999,
    "pct3ResTime" : 9557.690000000002,
    "throughput" : 21.4119662302704,
    "receivedKBytesPerSec" : 572.2206981065705,
    "sentKBytesPerSec" : 2.8228666416860393
  },
  "StudentCourses" : {
    "transaction" : "StudentCourses",
    "sampleCount" : 350,
    "errorCount" : 0,
    "errorPct" : 0.0,
    "meanResTime" : 901.6942857142858,
    "medianResTime" : 858.0,
    "minResTime" : 46.0,
    "maxResTime" : 3109.0,
    "pct1ResTime" : 1659.3000000000002,
    "pct2ResTime" : 2034.7499999999995,
    "pct3ResTime" : 2623.1200000000017,
    "throughput" : 19.819921852879553,
    "receivedKBytesPerSec" : 30.571621145733054,
    "sentKBytesPerSec" : 4.840396540007928
  },
  "GetSubmissionId" : {
    "transaction" : "GetSubmissionId",
    "sampleCount" : 1075,
    "errorCount" : 27,
    "errorPct" : 2.511628,
    "meanResTime" : 7208.403720930232,
    "medianResTime" : 1438.0,
    "minResTime" : 0.0,
    "maxResTime" : 50014.0,
    "pct1ResTime" : 29340.59999999999,
    "pct2ResTime" : 38187.59999999999,
    "pct3ResTime" : 50001.0,
    "throughput" : 1.3990473463650797,
    "receivedKBytesPerSec" : 61.15797832168003,
    "sentKBytesPerSec" : 0.31928476958015567
  },
  "TestcasesResults" : {
    "transaction" : "TestcasesResults",
    "sampleCount" : 867,
    "errorCount" : 9,
    "errorPct" : 1.0380623,
    "meanResTime" : 104646.83852364474,
    "medianResTime" : 110068.0,
    "minResTime" : 13334.0,
    "maxResTime" : 159754.0,
    "pct1ResTime" : 131986.8,
    "pct2ResTime" : 133813.8,
    "pct3ResTime" : 139030.5199999999,
    "throughput" : 0.9963238293769585,
    "receivedKBytesPerSec" : 28.59270439685348,
    "sentKBytesPerSec" : 0.2396273007668361
  },
  "Total" : {
    "transaction" : "Total",
    "sampleCount" : 5842,
    "errorCount" : 339,
    "errorPct" : 5.8028073,
    "meanResTime" : 22088.190688120536,
    "medianResTime" : 2498.0,
    "minResTime" : 0.0,
    "maxResTime" : 159754.0,
    "pct1ResTime" : 96468.09999999998,
    "pct2ResTime" : 123660.49999999997,
    "pct3ResTime" : 133098.53999999998,
    "throughput" : 5.635101609312484,
    "receivedKBytesPerSec" : 155.4107278038899,
    "sentKBytesPerSec" : 2.606450018616478
  },
  "Upload" : {
    "transaction" : "Upload",
    "sampleCount" : 1075,
    "errorCount" : 220,
    "errorPct" : 20.465117,
    "meanResTime" : 17104.642790697686,
    "medianResTime" : 2167.0,
    "minResTime" : 0.0,
    "maxResTime" : 99979.0,
    "pct1ResTime" : 56778.399999999994,
    "pct2ResTime" : 73543.59999999998,
    "pct3ResTime" : 93424.6,
    "throughput" : 1.398175738334337,
    "receivedKBytesPerSec" : 50.21196969104543,
    "sentKBytesPerSec" : 1.9011354203111364
  },
  "Course Page" : {
    "transaction" : "Course Page",
    "sampleCount" : 350,
    "errorCount" : 13,
    "errorPct" : 3.7142856,
    "meanResTime" : 2874.759999999999,
    "medianResTime" : 2285.0,
    "minResTime" : 0.0,
    "maxResTime" : 12671.0,
    "pct1ResTime" : 5834.000000000003,
    "pct2ResTime" : 7465.65,
    "pct3ResTime" : 10564.310000000009,
    "throughput" : 19.819921852879553,
    "receivedKBytesPerSec" : 619.2287196861374,
    "sentKBytesPerSec" : 5.535033923919815
  },
  "Login" : {
    "transaction" : "Login",
    "sampleCount" : 350,
    "errorCount" : 5,
    "errorPct" : 1.4285715,
    "meanResTime" : 3320.0628571428574,
    "medianResTime" : 3173.0,
    "minResTime" : 15.0,
    "maxResTime" : 7344.0,
    "pct1ResTime" : 5640.8,
    "pct2ResTime" : 6113.699999999999,
    "pct3ResTime" : 6911.25,
    "throughput" : 20.154324542208915,
    "receivedKBytesPerSec" : 34.673760868939304,
    "sentKBytesPerSec" : 11.764862014856616
  },
  "RunPractice" : {
    "transaction" : "RunPractice",
    "sampleCount" : 1075,
    "errorCount" : 52,
    "errorPct" : 4.837209,
    "meanResTime" : 8685.132093023256,
    "medianResTime" : 3808.0,
    "minResTime" : 0.0,
    "maxResTime" : 50015.0,
    "pct1ResTime" : 22667.199999999993,
    "pct2ResTime" : 33866.6,
    "pct3ResTime" : 50002.0,
    "throughput" : 1.3961582918815019,
    "receivedKBytesPerSec" : 37.73413554261854,
    "sentKBytesPerSec" : 0.3168751704611868
  }
}