{
  "AssignmentsList" : {
    "transaction" : "AssignmentsList",
    "sampleCount" : 250,
    "errorCount" : 2,
    "errorPct" : 0.8,
    "meanResTime" : 135.0920000000001,
    "medianResTime" : 79.5,
    "minResTime" : 27.0,
    "maxResTime" : 799.0,
    "pct1ResTime" : 317.70000000000005,
    "pct2ResTime" : 424.3999999999994,
    "pct3ResTime" : 721.900000000001,
    "throughput" : 31.617554066017455,
    "receivedKBytesPerSec" : 12.535372138611358,
    "sentKBytesPerSec" : 10.138366320981408
  },
  "Get CSRF Token" : {
    "transaction" : "Get CSRF Token",
    "sampleCount" : 250,
    "errorCount" : 0,
    "errorPct" : 0.0,
    "meanResTime" : 31.727999999999987,
    "medianResTime" : 28.0,
    "minResTime" : 22.0,
    "maxResTime" : 129.0,
    "pct1ResTime" : 39.900000000000006,
    "pct2ResTime" : 55.349999999999966,
    "pct3ResTime" : 119.37000000000012,
    "throughput" : 58.32944470368642,
    "receivedKBytesPerSec" : 1558.822282941554,
    "sentKBytesPerSec" : 7.68991702636491
  },
  "StudentCourses" : {
    "transaction" : "StudentCourses",
    "sampleCount" : 250,
    "errorCount" : 0,
    "errorPct" : 0.0,
    "meanResTime" : 533.7839999999998,
    "medianResTime" : 439.0,
    "minResTime" : 35.0,
    "maxResTime" : 2535.0,
    "pct1ResTime" : 1012.0,
    "pct2ResTime" : 1275.0999999999985,
    "pct3ResTime" : 2457.6000000000013,
    "throughput" : 30.525030525030523,
    "receivedKBytesPerSec" : 38.09070703601954,
    "sentKBytesPerSec" : 7.392780830280831
  },
  "GetSubmissionId" : {
    "transaction" : "GetSubmissionId",
    "sampleCount" : 1107,
    "errorCount" : 7,
    "errorPct" : 0.63233966,
    "meanResTime" : 3100.9674796747927,
    "medianResTime" : 971.0,
    "minResTime" : 0.0,
    "maxResTime" : 50003.0,
    "pct1ResTime" : 8337.000000000004,
    "pct2ResTime" : 14273.999999999989,
    "pct3ResTime" : 34025.20000000004,
    "throughput" : 1.4408415451756538,
    "receivedKBytesPerSec" : 63.85992919563751,
    "sentKBytesPerSec" : 0.3328735356487887
  },
  "TestcasesResults" : {
    "transaction" : "TestcasesResults",
    "sampleCount" : 1038,
    "errorCount" : 3,
    "errorPct" : 0.28901735,
    "meanResTime" : 30912.901734104013,
    "medianResTime" : 29934.5,
    "minResTime" : 4407.0,
    "maxResTime" : 85710.0,
    "pct1ResTime" : 61452.9,
    "pct2ResTime" : 67921.0,
    "pct3ResTime" : 71894.59999999999,
    "throughput" : 1.3550188566930492,
    "receivedKBytesPerSec" : 39.16739963575709,
    "sentKBytesPerSec" : 0.32722016510865604
  },
  "Total" : {
    "transaction" : "Total",
    "sampleCount" : 5614,
    "errorCount" : 134,
    "errorPct" : 2.38689,
    "meanResTime" : 9554.503384396116,
    "medianResTime" : 2170.0,
    "minResTime" : 0.0,
    "maxResTime" : 97425.0,
    "pct1ResTime" : 36207.5,
    "pct2ResTime" : 50007.5,
    "pct3ResTime" : 70087.75,
    "throughput" : 6.1178275718523265,
    "receivedKBytesPerSec" : 186.13145925825427,
    "sentKBytesPerSec" : 2.9184346074085217
  },
  "Upload" : {
    "transaction" : "Upload",
    "sampleCount" : 1112,
    "errorCount" : 104,
    "errorPct" : 9.352518,
    "meanResTime" : 11210.120503597109,
    "medianResTime" : 1649.5,
    "minResTime" : 0.0,
    "maxResTime" : 97425.0,
    "pct1ResTime" : 50004.0,
    "pct2ResTime" : 58524.54999999994,
    "pct3ResTime" : 81698.99999999994,
    "throughput" : 1.441981635482085,
    "receivedKBytesPerSec" : 58.67050875643997,
    "sentKBytesPerSec" : 1.9746036232219992
  },
  "Course Page" : {
    "transaction" : "Course Page",
    "sampleCount" : 250,
    "errorCount" : 8,
    "errorPct" : 3.2,
    "meanResTime" : 847.7760000000003,
    "medianResTime" : 613.0,
    "minResTime" : 10.0,
    "maxResTime" : 3589.0,
    "pct1ResTime" : 1842.6000000000001,
    "pct2ResTime" : 2150.45,
    "pct3ResTime" : 3069.3500000000004,
    "throughput" : 28.74885004599816,
    "receivedKBytesPerSec" : 902.9250158118675,
    "sentKBytesPerSec" : 8.071464250804969
  },
  "Login" : {
    "transaction" : "Login",
    "sampleCount" : 250,
    "errorCount" : 0,
    "errorPct" : 0.0,
    "meanResTime" : 2264.6839999999997,
    "medianResTime" : 2315.5,
    "minResTime" : 110.0,
    "maxResTime" : 5022.0,
    "pct1ResTime" : 4062.2000000000007,
    "pct2ResTime" : 4252.75,
    "pct3ResTime" : 4958.34,
    "throughput" : 30.19688368160406,
    "receivedKBytesPerSec" : 51.72796948604904,
    "sentKBytesPerSec" : 17.844942776905423
  },
  "RunPractice" : {
    "transaction" : "RunPractice",
    "sampleCount" : 1107,
    "errorCount" : 10,
    "errorPct" : 0.90334237,
    "meanResTime" : 4245.437217705507,
    "medianResTime" : 2739.0,
    "minResTime" : 0.0,
    "maxResTime" : 33540.0,
    "pct1ResTime" : 8303.000000000004,
    "pct2ResTime" : 12002.599999999991,
    "pct3ResTime" : 23665.320000000007,
    "throughput" : 1.4364050169072784,
    "receivedKBytesPerSec" : 40.37844177223443,
    "sentKBytesPerSec" : 0.33392037359506094
  }
}