{
  "AssignmentsList" : {
    "transaction" : "AssignmentsList",
    "sampleCount" : 30,
    "errorCount" : 0,
    "errorPct" : 0.0,
    "meanResTime" : 70.63333333333331,
    "medianResTime" : 55.0,
    "minResTime" : 23.0,
    "maxResTime" : 189.0,
    "pct1ResTime" : 145.90000000000003,
    "pct2ResTime" : 173.59999999999997,
    "pct3ResTime" : 189.0,
    "throughput" : 30.425963488843813,
    "receivedKBytesPerSec" : 11.796003422920892,
    "sentKBytesPerSec" : 9.834954994929006
  },
  "Get CSRF Token" : {
    "transaction" : "Get CSRF Token",
    "sampleCount" : 30,
    "errorCount" : 0,
    "errorPct" : 0.0,
    "meanResTime" : 48.500000000000014,
    "medianResTime" : 30.0,
    "minResTime" : 24.0,
    "maxResTime" : 132.0,
    "pct1ResTime" : 131.0,
    "pct2ResTime" : 131.45,
    "pct3ResTime" : 132.0,
    "throughput" : 52.72407732864675,
    "receivedKBytesPerSec" : 1409.0303712653779,
    "sentKBytesPerSec" : 6.95092816344464
  },
  "StudentCourses" : {
    "transaction" : "StudentCourses",
    "sampleCount" : 30,
    "errorCount" : 0,
    "errorPct" : 0.0,
    "meanResTime" : 120.80000000000001,
    "medianResTime" : 89.0,
    "minResTime" : 29.0,
    "maxResTime" : 424.0,
    "pct1ResTime" : 276.3000000000002,
    "pct2ResTime" : 348.0999999999999,
    "pct3ResTime" : 424.0,
    "throughput" : 35.54502369668246,
    "receivedKBytesPerSec" : 44.327143809241704,
    "sentKBytesPerSec" : 8.608560426540285
  },
  "GetSubmissionId" : {
    "transaction" : "GetSubmissionId",
    "sampleCount" : 181,
    "errorCount" : 0,
    "errorPct" : 0.0,
    "meanResTime" : 740.127071823205,
    "medianResTime" : 417.0,
    "minResTime" : 205.0,
    "maxResTime" : 3417.0,
    "pct1ResTime" : 1613.0000000000005,
    "pct2ResTime" : 3081.6,
    "pct3ResTime" : 3393.2200000000003,
    "throughput" : 0.23590131244542337,
    "receivedKBytesPerSec" : 10.04150673817561,
    "sentKBytesPerSec" : 0.05459825297809116
  },
  "TestcasesResults" : {
    "transaction" : "TestcasesResults",
    "sampleCount" : 180,
    "errorCount" : 0,
    "errorPct" : 0.0,
    "meanResTime" : 7259.311111111113,
    "medianResTime" : 6537.5,
    "minResTime" : 5206.0,
    "maxResTime" : 12789.0,
    "pct1ResTime" : 9551.7,
    "pct2ResTime" : 11526.849999999999,
    "pct3ResTime" : 12503.07,
    "throughput" : 0.2659660922784133,
    "receivedKBytesPerSec" : 7.708529075450147,
    "sentKBytesPerSec" : 0.06441366297367822
  },
  "Total" : {
    "transaction" : "Total",
    "sampleCount" : 873,
    "errorCount" : 0,
    "errorPct" : 0.0,
    "meanResTime" : 2566.199312714773,
    "medianResTime" : 1274.0,
    "minResTime" : 23.0,
    "maxResTime" : 12789.0,
    "pct1ResTime" : 8348.0,
    "pct2ResTime" : 8985.9,
    "pct3ResTime" : 11544.96,
    "throughput" : 0.9692030996736017,
    "receivedKBytesPerSec" : 30.73319836329018,
    "sentKBytesPerSec" : 0.4521607754457446
  },
  "Upload" : {
    "transaction" : "Upload",
    "sampleCount" : 182,
    "errorCount" : 0,
    "errorPct" : 0.0,
    "meanResTime" : 1874.3241758241763,
    "medianResTime" : 778.5,
    "minResTime" : 417.0,
    "maxResTime" : 10536.0,
    "pct1ResTime" : 8316.2,
    "pct2ResTime" : 10159.9,
    "pct3ResTime" : 10511.93,
    "throughput" : 0.2368795415469796,
    "receivedKBytesPerSec" : 10.13509088950871,
    "sentKBytesPerSec" : 0.30235925556374077
  },
  "Course Page" : {
    "transaction" : "Course Page",
    "sampleCount" : 30,
    "errorCount" : 0,
    "errorPct" : 0.0,
    "meanResTime" : 286.0,
    "medianResTime" : 289.5,
    "minResTime" : 57.0,
    "maxResTime" : 491.0,
    "pct1ResTime" : 479.20000000000005,
    "pct2ResTime" : 487.7,
    "pct3ResTime" : 491.0,
    "throughput" : 28.46299810246679,
    "receivedKBytesPerSec" : 921.4914166271346,
    "sentKBytesPerSec" : 8.255381285578748
  },
  "Login" : {
    "transaction" : "Login",
    "sampleCount" : 30,
    "errorCount" : 0,
    "errorPct" : 0.0,
    "meanResTime" : 437.9,
    "medianResTime" : 457.0,
    "minResTime" : 135.0,
    "maxResTime" : 698.0,
    "pct1ResTime" : 681.7,
    "pct2ResTime" : 693.6,
    "pct3ResTime" : 698.0,
    "throughput" : 31.645569620253166,
    "receivedKBytesPerSec" : 54.15595332278481,
    "sentKBytesPerSec" : 18.647399129746837
  },
  "RunPractice" : {
    "transaction" : "RunPractice",
    "sampleCount" : 180,
    "errorCount" : 0,
    "errorPct" : 0.0,
    "meanResTime" : 2386.7277777777767,
    "medianResTime" : 2182.0,
    "minResTime" : 2066.0,
    "maxResTime" : 5521.0,
    "pct1ResTime" : 2864.6,
    "pct2ResTime" : 3427.7,
    "pct3ResTime" : 4764.459999999998,
    "throughput" : 0.26798635056187803,
    "receivedKBytesPerSec" : 7.594010867963124,
    "sentKBytesPerSec" : 0.06280930091294017
  }
}