{
  "AssignmentsList" : {
    "transaction" : "AssignmentsList",
    "sampleCount" : 20,
    "errorCount" : 0,
    "errorPct" : 0.0,
    "meanResTime" : 55.8,
    "medianResTime" : 46.0,
    "minResTime" : 23.0,
    "maxResTime" : 212.0,
    "pct1ResTime" : 72.80000000000001,
    "pct2ResTime" : 205.0499999999999,
    "pct3ResTime" : 212.0,
    "throughput" : 38.83495145631068,
    "receivedKBytesPerSec" : 15.056128640776699,
    "sentKBytesPerSec" : 12.553094660194175
  },
  "Get CSRF Token" : {
    "transaction" : "Get CSRF Token",
    "sampleCount" : 20,
    "errorCount" : 0,
    "errorPct" : 0.0,
    "meanResTime" : 53.7,
    "medianResTime" : 29.0,
    "minResTime" : 23.0,
    "maxResTime" : 131.0,
    "pct1ResTime" : 127.60000000000001,
    "pct2ResTime" : 130.85,
    "pct3ResTime" : 131.0,
    "throughput" : 53.05039787798409,
    "receivedKBytesPerSec" : 1417.7330280172414,
    "sentKBytesPerSec" : 6.993948938992043
  },
  "StudentCourses" : {
    "transaction" : "StudentCourses",
    "sampleCount" : 20,
    "errorCount" : 0,
    "errorPct" : 0.0,
    "meanResTime" : 93.05000000000001,
    "medianResTime" : 95.0,
    "minResTime" : 25.0,
    "maxResTime" : 225.0,
    "pct1ResTime" : 212.4000000000001,
    "pct2ResTime" : 224.6,
    "pct3ResTime" : 225.0,
    "throughput" : 46.29629629629629,
    "receivedKBytesPerSec" : 57.73473668981482,
    "sentKBytesPerSec" : 11.21238425925926
  },
  "GetSubmissionId" : {
    "transaction" : "GetSubmissionId",
    "sampleCount" : 121,
    "errorCount" : 0,
    "errorPct" : 0.0,
    "meanResTime" : 640.0247933884298,
    "medianResTime" : 525.0,
    "minResTime" : 203.0,
    "maxResTime" : 3051.0,
    "pct1ResTime" : 1207.3999999999999,
    "pct2ResTime" : 1719.9999999999998,
    "pct3ResTime" : 2860.040000000001,
    "throughput" : 0.1586094798657718,
    "receivedKBytesPerSec" : 6.751168014219143,
    "sentKBytesPerSec" : 0.036709420632996016
  },
  "TestcasesResults" : {
    "transaction" : "TestcasesResults",
    "sampleCount" : 120,
    "errorCount" : 0,
    "errorPct" : 0.0,
    "meanResTime" : 7197.525000000002,
    "medianResTime" : 7235.5,
    "minResTime" : 5205.0,
    "maxResTime" : 11891.0,
    "pct1ResTime" : 9246.900000000001,
    "pct2ResTime" : 9590.9,
    "pct3ResTime" : 11510.479999999985,
    "throughput" : 0.18114684064814338,
    "receivedKBytesPerSec" : 5.2501920911289375,
    "sentKBytesPerSec" : 0.043871500469472226
  },
  "Total" : {
    "transaction" : "Total",
    "sampleCount" : 583,
    "errorCount" : 0,
    "errorPct" : 0.0,
    "meanResTime" : 2439.8250428816486,
    "medianResTime" : 1350.0,
    "minResTime" : 23.0,
    "maxResTime" : 11891.0,
    "pct1ResTime" : 8243.600000000002,
    "pct2ResTime" : 8604.599999999999,
    "pct3ResTime" : 9643.39999999999,
    "throughput" : 0.648701817477785,
    "receivedKBytesPerSec" : 20.565906319126245,
    "sentKBytesPerSec" : 0.30201766398080376
  },
  "Upload" : {
    "transaction" : "Upload",
    "sampleCount" : 121,
    "errorCount" : 0,
    "errorPct" : 0.0,
    "meanResTime" : 1383.702479338843,
    "medianResTime" : 873.0,
    "minResTime" : 407.0,
    "maxResTime" : 8446.0,
    "pct1ResTime" : 2768.7999999999993,
    "pct2ResTime" : 5425.999999999996,
    "pct3ResTime" : 8119.300000000002,
    "throughput" : 0.15836494088145142,
    "receivedKBytesPerSec" : 6.775657236999678,
    "sentKBytesPerSec" : 0.2021791048585317
  },
  "Course Page" : {
    "transaction" : "Course Page",
    "sampleCount" : 20,
    "errorCount" : 0,
    "errorPct" : 0.0,
    "meanResTime" : 256.8,
    "medianResTime" : 236.0,
    "minResTime" : 101.0,
    "maxResTime" : 446.0,
    "pct1ResTime" : 405.50000000000006,
    "pct2ResTime" : 444.15,
    "pct3ResTime" : 446.0,
    "throughput" : 33.67003367003367,
    "receivedKBytesPerSec" : 1090.060763888889,
    "sentKBytesPerSec" : 9.765625
  },
  "Login" : {
    "transaction" : "Login",
    "sampleCount" : 20,
    "errorCount" : 0,
    "errorPct" : 0.0,
    "meanResTime" : 357.7499999999999,
    "medianResTime" : 365.5,
    "minResTime" : 208.0,
    "maxResTime" : 573.0,
    "pct1ResTime" : 553.1000000000003,
    "pct2ResTime" : 572.5,
    "pct3ResTime" : 573.0,
    "throughput" : 32.467532467532465,
    "receivedKBytesPerSec" : 55.55308948863637,
    "sentKBytesPerSec" : 19.12223518668831
  },
  "RunPractice" : {
    "transaction" : "RunPractice",
    "sampleCount" : 121,
    "errorCount" : 0,
    "errorPct" : 0.0,
    "meanResTime" : 2458.694214876033,
    "medianResTime" : 2222.0,
    "minResTime" : 2069.0,
    "maxResTime" : 4906.0,
    "pct1ResTime" : 3203.8,
    "pct2ResTime" : 3706.7,
    "pct3ResTime" : 4800.84,
    "throughput" : 0.15840910132291236,
    "receivedKBytesPerSec" : 4.488813584562313,
    "sentKBytesPerSec" : 0.03712713312255759
  }
}