{
  "AssignmentsList" : {
    "transaction" : "AssignmentsList",
    "sampleCount" : 50,
    "errorCount" : 0,
    "errorPct" : 0.0,
    "meanResTime" : 67.76,
    "medianResTime" : 54.5,
    "minResTime" : 22.0,
    "maxResTime" : 283.0,
    "pct1ResTime" : 123.99999999999997,
    "pct2ResTime" : 157.94999999999987,
    "pct3ResTime" : 283.0,
    "throughput" : 30.656039239730227,
    "receivedKBytesPerSec" : 11.885202713059472,
    "sentKBytesPerSec" : 9.909325183936236
  },
  "Get CSRF Token" : {
    "transaction" : "Get CSRF Token",
    "sampleCount" : 50,
    "errorCount" : 0,
    "errorPct" : 0.0,
    "meanResTime" : 42.29999999999999,
    "medianResTime" : 30.0,
    "minResTime" : 24.0,
    "maxResTime" : 129.0,
    "pct1ResTime" : 119.09999999999994,
    "pct2ResTime" : 129.0,
    "pct3ResTime" : 129.0,
    "throughput" : 52.798310454065465,
    "receivedKBytesPerSec" : 1411.021441063886,
    "sentKBytesPerSec" : 6.960714757127772
  },
  "StudentCourses" : {
    "transaction" : "StudentCourses",
    "sampleCount" : 50,
    "errorCount" : 0,
    "errorPct" : 0.0,
    "meanResTime" : 148.42000000000002,
    "medianResTime" : 105.5,
    "minResTime" : 24.0,
    "maxResTime" : 699.0,
    "pct1ResTime" : 256.7,
    "pct2ResTime" : 416.8499999999995,
    "pct3ResTime" : 699.0,
    "throughput" : 40.551500405515,
    "receivedKBytesPerSec" : 50.57057228304947,
    "sentKBytesPerSec" : 9.821066504460664
  },
  "GetSubmissionId" : {
    "transaction" : "GetSubmissionId",
    "sampleCount" : 303,
    "errorCount" : 0,
    "errorPct" : 0.0,
    "meanResTime" : 903.2640264026398,
    "medianResTime" : 450.0,
    "minResTime" : 200.0,
    "maxResTime" : 17394.0,
    "pct1ResTime" : 1991.0000000000018,
    "pct2ResTime" : 3341.000000000002,
    "pct3ResTime" : 8523.75999999999,
    "throughput" : 0.3958559241210823,
    "receivedKBytesPerSec" : 16.84986936468717,
    "sentKBytesPerSec" : 0.09161899806318018
  },
  "TestcasesResults" : {
    "transaction" : "TestcasesResults",
    "sampleCount" : 300,
    "errorCount" : 0,
    "errorPct" : 0.0,
    "meanResTime" : 7385.283333333324,
    "medianResTime" : 5955.0,
    "minResTime" : 5199.0,
    "maxResTime" : 19014.0,
    "pct1ResTime" : 11381.400000000001,
    "pct2ResTime" : 11907.35,
    "pct3ResTime" : 14715.170000000006,
    "throughput" : 0.4323215088597088,
    "receivedKBytesPerSec" : 12.530615174142707,
    "sentKBytesPerSec" : 0.10470286542696072
  },
  "Total" : {
    "transaction" : "Total",
    "sampleCount" : 1459,
    "errorCount" : 0,
    "errorPct" : 0.0,
    "meanResTime" : 2898.9629883481834,
    "medianResTime" : 1564.0,
    "minResTime" : 22.0,
    "maxResTime" : 23752.0,
    "pct1ResTime" : 8361.0,
    "pct2ResTime" : 10292.0,
    "pct3ResTime" : 20809.800000000032,
    "throughput" : 1.6188806533220896,
    "receivedKBytesPerSec" : 51.33541486937442,
    "sentKBytesPerSec" : 0.7538257619363321
  },
  "Upload" : {
    "transaction" : "Upload",
    "sampleCount" : 303,
    "errorCount" : 0,
    "errorPct" : 0.0,
    "meanResTime" : 2990.2706270627077,
    "medianResTime" : 809.0,
    "minResTime" : 393.0,
    "maxResTime" : 23752.0,
    "pct1ResTime" : 10591.200000000019,
    "pct2ResTime" : 20473.20000000001,
    "pct3ResTime" : 22683.92,
    "throughput" : 0.3952677449779472,
    "receivedKBytesPerSec" : 16.911891605240363,
    "sentKBytesPerSec" : 0.504505506027507
  },
  "Course Page" : {
    "transaction" : "Course Page",
    "sampleCount" : 50,
    "errorCount" : 0,
    "errorPct" : 0.0,
    "meanResTime" : 314.3400000000001,
    "medianResTime" : 273.0,
    "minResTime" : 56.0,
    "maxResTime" : 832.0,
    "pct1ResTime" : 635.4,
    "pct2ResTime" : 750.7499999999999,
    "pct3ResTime" : 832.0,
    "throughput" : 29.850746268656717,
    "receivedKBytesPerSec" : 966.4622201492537,
    "sentKBytesPerSec" : 8.657882462686567
  },
  "Login" : {
    "transaction" : "Login",
    "sampleCount" : 50,
    "errorCount" : 0,
    "errorPct" : 0.0,
    "meanResTime" : 632.56,
    "medianResTime" : 629.0,
    "minResTime" : 203.0,
    "maxResTime" : 1043.0,
    "pct1ResTime" : 984.3,
    "pct2ResTime" : 1025.95,
    "pct3ResTime" : 1043.0,
    "throughput" : 33.692722371967655,
    "receivedKBytesPerSec" : 57.66720013477089,
    "sentKBytesPerSec" : 19.861596613881403
  },
  "RunPractice" : {
    "transaction" : "RunPractice",
    "sampleCount" : 303,
    "errorCount" : 0,
    "errorPct" : 0.0,
    "meanResTime" : 2554.42904290429,
    "medianResTime" : 2180.0,
    "minResTime" : 2065.0,
    "maxResTime" : 15071.0,
    "pct1ResTime" : 3238.8,
    "pct2ResTime" : 4220.400000000001,
    "pct3ResTime" : 6633.279999999999,
    "throughput" : 0.39523784056653366,
    "receivedKBytesPerSec" : 11.20007421715515,
    "sentKBytesPerSec" : 0.09263386888278133
  }
}