{
  "AssignmentsList" : {
    "transaction" : "AssignmentsList",
    "sampleCount" : 200,
    "errorCount" : 0,
    "errorPct" : 0.0,
    "meanResTime" : 125.92999999999996,
    "medianResTime" : 63.0,
    "minResTime" : 23.0,
    "maxResTime" : 844.0,
    "pct1ResTime" : 345.8,
    "pct2ResTime" : 447.6499999999999,
    "pct3ResTime" : 658.2600000000007,
    "throughput" : 27.514100976750587,
    "receivedKBytesPerSec" : 10.519307160544779,
    "sentKBytesPerSec" : 8.893718186820745
  },
  "Get CSRF Token" : {
    "transaction" : "Get CSRF Token",
    "sampleCount" : 200,
    "errorCount" : 0,
    "errorPct" : 0.0,
    "meanResTime" : 32.139999999999986,
    "medianResTime" : 28.0,
    "minResTime" : 22.0,
    "maxResTime" : 130.0,
    "pct1ResTime" : 41.0,
    "pct2ResTime" : 50.0,
    "pct3ResTime" : 122.0,
    "throughput" : 60.79027355623101,
    "receivedKBytesPerSec" : 1624.5948304521276,
    "sentKBytesPerSec" : 8.014342705167174
  },
  "StudentCourses" : {
    "transaction" : "StudentCourses",
    "sampleCount" : 200,
    "errorCount" : 0,
    "errorPct" : 0.0,
    "meanResTime" : 432.07000000000005,
    "medianResTime" : 334.5,
    "minResTime" : 34.0,
    "maxResTime" : 2096.0,
    "pct1ResTime" : 916.1000000000003,
    "pct2ResTime" : 1371.599999999999,
    "pct3ResTime" : 1855.7300000000002,
    "throughput" : 34.52442603141723,
    "receivedKBytesPerSec" : 43.08810201967892,
    "sentKBytesPerSec" : 8.36138442948386
  },
  "GetSubmissionId" : {
    "transaction" : "GetSubmissionId",
    "sampleCount" : 1016,
    "errorCount" : 3,
    "errorPct" : 0.2952756,
    "meanResTime" : 1965.2185039370079,
    "medianResTime" : 864.0,
    "minResTime" : 202.0,
    "maxResTime" : 50002.0,
    "pct1ResTime" : 4371.300000000012,
    "pct2ResTime" : 7586.15,
    "pct3ResTime" : 17356.93000000001,
    "throughput" : 1.3242788806193873,
    "receivedKBytesPerSec" : 59.53455616576621,
    "sentKBytesPerSec" : 0.3058947965680843
  },
  "TestcasesResults" : {
    "transaction" : "TestcasesResults",
    "sampleCount" : 1005,
    "errorCount" : 4,
    "errorPct" : 0.39800996,
    "meanResTime" : 26347.845771144293,
    "medianResTime" : 28261.0,
    "minResTime" : 5204.0,
    "maxResTime" : 60662.0,
    "pct1ResTime" : 50652.0,
    "pct2ResTime" : 53197.5,
    "pct3ResTime" : 57909.69999999999,
    "throughput" : 1.3331370106690754,
    "receivedKBytesPerSec" : 38.49432988765502,
    "sentKBytesPerSec" : 0.32158406854844596
  },
  "Total" : {
    "transaction" : "Total",
    "sampleCount" : 5054,
    "errorCount" : 68,
    "errorPct" : 1.3454689,
    "meanResTime" : 8484.112584091845,
    "medianResTime" : 2115.0,
    "minResTime" : 0.0,
    "maxResTime" : 82211.0,
    "pct1ResTime" : 35491.0,
    "pct2ResTime" : 43412.75,
    "pct3ResTime" : 58858.94999999993,
    "throughput" : 5.581754928488597,
    "receivedKBytesPerSec" : 176.02353284278536,
    "sentKBytesPerSec" : 2.7154844017477497
  },
  "Upload" : {
    "transaction" : "Upload",
    "sampleCount" : 1017,
    "errorCount" : 55,
    "errorPct" : 5.408063,
    "meanResTime" : 9739.626352015734,
    "medianResTime" : 1510.0,
    "minResTime" : 150.0,
    "maxResTime" : 82211.0,
    "pct1ResTime" : 42879.40000000001,
    "pct2ResTime" : 58018.79999999996,
    "pct3ResTime" : 78585.63999999998,
    "throughput" : 1.3224210838391561,
    "receivedKBytesPerSec" : 56.665951950164754,
    "sentKBytesPerSec" : 1.8586032219872985
  },
  "Course Page" : {
    "transaction" : "Course Page",
    "sampleCount" : 200,
    "errorCount" : 1,
    "errorPct" : 0.5,
    "meanResTime" : 943.5500000000001,
    "medianResTime" : 535.5,
    "minResTime" : 13.0,
    "maxResTime" : 3159.0,
    "pct1ResTime" : 2234.5,
    "pct2ResTime" : 2602.75,
    "pct3ResTime" : 3113.4100000000017,
    "throughput" : 26.80965147453083,
    "receivedKBytesPerSec" : 863.9967849363271,
    "sentKBytesPerSec" : 7.736966948726542
  },
  "Login" : {
    "transaction" : "Login",
    "sampleCount" : 200,
    "errorCount" : 0,
    "errorPct" : 0.0,
    "meanResTime" : 1825.1050000000002,
    "medianResTime" : 1777.0,
    "minResTime" : 153.0,
    "maxResTime" : 4114.0,
    "pct1ResTime" : 3291.4,
    "pct2ResTime" : 3736.5,
    "pct3ResTime" : 4091.4900000000007,
    "throughput" : 33.96162336559688,
    "receivedKBytesPerSec" : 58.1698930208864,
    "sentKBytesPerSec" : 20.06256367804381
  },
  "RunPractice" : {
    "transaction" : "RunPractice",
    "sampleCount" : 1016,
    "errorCount" : 5,
    "errorPct" : 0.492126,
    "meanResTime" : 3765.2549212598415,
    "medianResTime" : 2559.5,
    "minResTime" : 0.0,
    "maxResTime" : 34592.0,
    "pct1ResTime" : 6711.300000000001,
    "pct2ResTime" : 9890.599999999995,
    "pct3ResTime" : 18832.470000000016,
    "throughput" : 1.3315352365375366,
    "receivedKBytesPerSec" : 37.545161291379486,
    "sentKBytesPerSec" : 0.3105427513239995
  }
}