Device,kB_read/s,kB_wrtn/s
loop0,0.0,0.0
sda,8.747540983606557,717.5868852459016
Device,kB_read/s,kB_wrtn/s
loop0,0.0,0.0
sda,8.747540983606557,717.5868852459016
