{"Disk Write(KB/s)": 702.4043333333333, "Disk Read(KB/s)": 8.661499999999998}