{"%idle": 0.12081818181818181, "%guest": 0.0, "%iowait": 0.023153153153153153, "%sys": 7.66756756756757, "user+system(%)": 98.03495495495493}