{"sys(%)": 8.50909090909091, "Available Memory(Kb)": 5713592.69090909, "user+system(%)": 99.82727272727273, "Idle(%)": 0.10909090909090909, "I/O wait(%)": 0.00909090909090909}