Device,kB_read/s,kB_wrtn/s
loop0,0.0,0.0
sda,6.2824858757062145,146.3186440677966
