{"Disk Write(KB/s)": 151.4416222222222, "Disk Read(KB/s)": 5.279166666666665}