{"%iowait": 0.3080662983425413, "user+system(%)": 3.2484530386740325, "%idle": 95.57394444444444}