{"Idle(%)": 95.57777777777778, "I/O wait(%)": 0.2833333333333333, "Available Memory(Kb)": 9112950.555555556, "user+system(%)": 4.0777777777777775}