{
  "AssignmentsList" : {
    "transaction" : "AssignmentsList",
    "sampleCount" : 90,
    "errorCount" : 0,
    "errorPct" : 0.0,
    "meanResTime" : 45.94444444444446,
    "medianResTime" : 41.0,
    "minResTime" : 32.0,
    "maxResTime" : 85.0,
    "pct1ResTime" : 63.900000000000006,
    "pct2ResTime" : 69.25000000000001,
    "pct3ResTime" : 85.0,
    "throughput" : 39.52569169960474,
    "receivedKBytesPerSec" : 15.135217665788318,
    "sentKBytesPerSec" : 12.85356966403162
  },
  "Get CSRF Token" : {
    "transaction" : "Get CSRF Token",
    "sampleCount" : 90,
    "errorCount" : 0,
    "errorPct" : 0.0,
    "meanResTime" : 71.95555555555556,
    "medianResTime" : 40.0,
    "minResTime" : 30.0,
    "maxResTime" : 726.0,
    "pct1ResTime" : 83.30000000000004,
    "pct2ResTime" : 247.45,
    "pct3ResTime" : 726.0,
    "throughput" : 33.557046979865774,
    "receivedKBytesPerSec" : 1120.9816018829233,
    "sentKBytesPerSec" : 4.489565855704698
  },
  "StudentCourses" : {
    "transaction" : "StudentCourses",
    "sampleCount" : 90,
    "errorCount" : 0,
    "errorPct" : 0.0,
    "meanResTime" : 59.76666666666668,
    "medianResTime" : 55.0,
    "minResTime" : 30.0,
    "maxResTime" : 129.0,
    "pct1ResTime" : 89.9,
    "pct2ResTime" : 106.35000000000001,
    "pct3ResTime" : 129.0,
    "throughput" : 38.56041131105398,
    "receivedKBytesPerSec" : 47.710977667095115,
    "sentKBytesPerSec" : 9.414162917737789
  },
  "GetSubmissionId" : {
    "transaction" : "GetSubmissionId",
    "sampleCount" : 449,
    "errorCount" : 5,
    "errorPct" : 1.1135857,
    "meanResTime" : 2442.256124721604,
    "medianResTime" : 917.0,
    "minResTime" : 225.0,
    "maxResTime" : 50003.0,
    "pct1ResTime" : 5621.0,
    "pct2ResTime" : 10395.0,
    "pct3ResTime" : 17182.5,
    "throughput" : 1.6592879474349405,
    "receivedKBytesPerSec" : 73.19374155804921,
    "sentKBytesPerSec" : 0.3872752142938972
  },
  "TestcasesResults" : {
    "transaction" : "TestcasesResults",
    "sampleCount" : 400,
    "errorCount" : 8,
    "errorPct" : 2.0,
    "meanResTime" : 14273.727500000006,
    "medianResTime" : 11802.5,
    "minResTime" : 3834.0,
    "maxResTime" : 115204.0,
    "pct1ResTime" : 19317.300000000007,
    "pct2ResTime" : 29056.3,
    "pct3ResTime" : 73242.46000000006,
    "throughput" : 1.6038106541141754,
    "receivedKBytesPerSec" : 45.96100412705589,
    "sentKBytesPerSec" : 0.38648077832931044
  },
  "Total" : {
    "transaction" : "Total",
    "sampleCount" : 2205,
    "errorCount" : 88,
    "errorPct" : 3.9909296,
    "meanResTime" : 6594.853514739231,
    "medianResTime" : 2879.0,
    "minResTime" : 0.0,
    "maxResTime" : 115204.0,
    "pct1ResTime" : 14117.200000000003,
    "pct2ResTime" : 23618.699999999797,
    "pct3ResTime" : 50007.0,
    "throughput" : 7.010682945440672,
    "receivedKBytesPerSec" : 216.85590902903633,
    "sentKBytesPerSec" : 3.3892357302397307
  },
  "Upload" : {
    "transaction" : "Upload",
    "sampleCount" : 458,
    "errorCount" : 66,
    "errorPct" : 14.4104805,
    "meanResTime" : 12462.539301310046,
    "medianResTime" : 3966.5,
    "minResTime" : 4.0,
    "maxResTime" : 81883.0,
    "pct1ResTime" : 50005.0,
    "pct2ResTime" : 50006.0,
    "pct3ResTime" : 66605.39999999992,
    "throughput" : 1.6523022197850565,
    "receivedKBytesPerSec" : 63.17300932306116,
    "sentKBytesPerSec" : 2.2286343602650174
  },
  "Course Page" : {
    "transaction" : "Course Page",
    "sampleCount" : 90,
    "errorCount" : 0,
    "errorPct" : 0.0,
    "meanResTime" : 113.04444444444442,
    "medianResTime" : 94.5,
    "minResTime" : 68.0,
    "maxResTime" : 247.0,
    "pct1ResTime" : 179.60000000000002,
    "pct2ResTime" : 225.45,
    "pct3ResTime" : 247.0,
    "throughput" : 38.08717731696995,
    "receivedKBytesPerSec" : 1489.0325790837917,
    "sentKBytesPerSec" : 11.121158220482437
  },
  "Login" : {
    "transaction" : "Login",
    "sampleCount" : 90,
    "errorCount" : 0,
    "errorPct" : 0.0,
    "meanResTime" : 232.55555555555554,
    "medianResTime" : 218.5,
    "minResTime" : 120.0,
    "maxResTime" : 554.0,
    "pct1ResTime" : 330.70000000000016,
    "pct2ResTime" : 399.15000000000015,
    "pct3ResTime" : 554.0,
    "throughput" : 34.87020534676482,
    "receivedKBytesPerSec" : 59.68798430840759,
    "sentKBytesPerSec" : 20.69737383765982
  },
  "RunPractice" : {
    "transaction" : "RunPractice",
    "sampleCount" : 448,
    "errorCount" : 9,
    "errorPct" : 2.0089285,
    "meanResTime" : 4421.095982142859,
    "medianResTime" : 3428.5,
    "minResTime" : 0.0,
    "maxResTime" : 50002.0,
    "pct1ResTime" : 7737.200000000001,
    "pct2ResTime" : 10594.999999999993,
    "pct3ResTime" : 16515.389999999996,
    "throughput" : 1.6370678944675876,
    "receivedKBytesPerSec" : 46.045075321566905,
    "sentKBytesPerSec" : 0.38026200394650295
  }
}