Device,kB_read/s,kB_wrtn/s
loop0,0.0,0.0
sda,7.330526315789474,228.54736842105262
