{"Disk Read(KB/s)": 6.721677777777769, "Disk Write(KB/s)": 221.2689444444444}