{"%idle": 83.88005555555557, "user+system(%)": 12.689889502762437, "%iowait": 1.1339226519337002}