{"Idle(%)": 83.91666666666667, "Available Memory(Kb)": 8767263.422222223, "I/O wait(%)": 1.0944444444444446, "user+system(%)": 14.988888888888889}