{"%guest": 0.0, "%idle": 0.02736363636363636, "%iowait": 0.04936936936936937, "%sys": 6.893513513513513, "user+system(%)": 97.29495495495493}