{"Available Memory(Kb)": 7676484.545454546, "I/O wait(%)": 0.05454545454545454, "sys(%)": 7.6454545454545455, "Idle(%)": 0.02727272727272727, "user+system(%)": 100.16363636363636}