{"Disk Write(KB/s)": 362.8122333333333, "Disk Read(KB/s)": 25.095966666666687}