{"%idle": 1.2509090909090907, "%iowait": 1.1768468468468467, "user+system(%)": 93.63837837837836}