{"Idle(%)": 1.290909090909091, "I/O wait(%)": 1.190909090909091, "user+system(%)": 97.64545454545454, "Available Memory(Kb)": 10160604.727272727}