{"Disk Read(KB/s)": 0.056677777777777785, "Disk Write(KB/s)": 52.873755555555555}