{"%iowait": 0.5565745856353599, "%idle": 81.22527777777779, "user+system(%)": 5.526464088397787}