{"user+system(%)": 17.88888888888889, "Idle(%)": 81.5111111111111, "I/O wait(%)": 0.4, "Available Memory(Kb)": 7208019.577777778}