Device,kB_read/s,kB_wrtn/s
loop0,0.0,0.0
sda,24.380487804878047,303.54146341463417
