{"Disk Write(KB/s)": 261.66873333333336, "Disk Read(KB/s)": 26.873733333333334}