{"%idle": 57.5398181818182, "user+system(%)": 38.73216216216217, "%iowait": 1.8084684684684667}