{"Idle(%)": 58.22727272727273, "user+system(%)": 40.10909090909091, "I/O wait(%)": 1.8363636363636364, "Available Memory(Kb)": 9786474.4}