Device,kB_read/s,kB_wrtn/s
loop0,0.0,0.0
sda,58.74537444933921,41.61762114537445
