{"Disk Write(KB/s)": 92.86773333333328, "Disk Read(KB/s)": 126.66080000000002}