{"%idle": 98.43281818181822, "user+system(%)": 1.0925225225225221, "%iowait": 0.08531531531531528}