{"user+system(%)": 1.4636363636363636, "Available Memory(Kb)": 220564.72727272726, "Idle(%)": 98.2909090909091, "I/O wait(%)": 0.01818181818181818}