Device,kB_read/s,kB_wrtn/s
loop0,0.0,0.0
sda,17.641269841269843,361.4349206349206
