{"Disk Read(KB/s)": 19.459944444444425, "Disk Write(KB/s)": 397.2934111111113}