{"%idle": 65.85994444444447, "user+system(%)": 29.552762430939218, "%iowait": 1.916740331491713}