{"Idle(%)": 65.91111111111111, "Available Memory(Kb)": 10021272.777777778, "I/O wait(%)": 1.9166666666666667, "user+system(%)": 32.166666666666664}