Device,kB_read/s,kB_wrtn/s
loop0,0.0,0.0
sda,0.3540983606557377,666.7147540983607
