{"%iowait": 1.1012612612612607, "%idle": 29.989454545454546, "user+system(%)": 67.68567567567565}