{"user+system(%)": 68.35454545454546, "Idle(%)": 30.509090909090908, "I/O wait(%)": 1.0818181818181818, "Available Memory(Kb)": 5489410.4363636365}