Device,kB_read/s,kB_wrtn/s
loop0,0.0,0.0
sda,37.54838709677419,881.4064516129032
