{"Disk Write(KB/s)": 873.3626666666668, "Disk Read(KB/s)": 36.95006666666667}