{"Idle(%)": 80.41818181818182, "I/O wait(%)": 0.8, "Available Memory(Kb)": 8328640.909090909, "user+system(%)": 18.636363636363637}