{"Disk Write(KB/s)": 58.91925555555555, "Disk Read(KB/s)": 45.276788888888895}