{"%idle": 81.05083333333332, "user+system(%)": 5.365303867403315, "%iowait": 0.7318232044198909}