Device,kB_read/s,kB_wrtn/s
loop0,0.0,0.0
sda,1.4344827586206896,40.55172413793103
