{"user+system(%)": 2.518199052132701, "%iowait": 0.30308056872037914, "%idle": 93.87376190476186}