{
  "Login_user1" : {
    "transaction" : "Login_user1",
    "sampleCount" : 1,
    "errorCount" : 0,
    "errorPct" : 0.0,
    "meanResTime" : 139.0,
    "medianResTime" : 139.0,
    "minResTime" : 139.0,
    "maxResTime" : 139.0,
    "pct1ResTime" : 139.0,
    "pct2ResTime" : 139.0,
    "pct3ResTime" : 139.0,
    "throughput" : 7.194244604316547,
    "receivedKBytesPerSec" : 12.301877248201437,
    "sentKBytesPerSec" : 4.229428956834532
  },
  "RunPractice_2_141111_user1 1629280188200" : {
    "transaction" : "RunPractice_2_141111_user1 1629280188200",
    "sampleCount" : 1,
    "errorCount" : 0,
    "errorPct" : 0.0,
    "meanResTime" : 2135.0,
    "medianResTime" : 2135.0,
    "minResTime" : 2135.0,
    "maxResTime" : 2135.0,
    "pct1ResTime" : 2135.0,
    "pct2ResTime" : 2135.0,
    "pct3ResTime" : 2135.0,
    "throughput" : 0.468384074941452,
    "receivedKBytesPerSec" : 13.268900029274006,
    "sentKBytesPerSec" : 0.10977751756440282
  },
  "TestcasesResults_2_141110_user1" : {
    "transaction" : "TestcasesResults_2_141110_user1",
    "sampleCount" : 1,
    "errorCount" : 0,
    "errorPct" : 0.0,
    "meanResTime" : 5367.0,
    "medianResTime" : 5367.0,
    "minResTime" : 5367.0,
    "maxResTime" : 5367.0,
    "pct1ResTime" : 5367.0,
    "pct2ResTime" : 5367.0,
    "pct3ResTime" : 5367.0,
    "throughput" : 0.1863238308179616,
    "receivedKBytesPerSec" : 5.399751956400223,
    "sentKBytesPerSec" : 0.045125302776225076
  },
  "RunPractice_2_141109_user1 1629279934449" : {
    "transaction" : "RunPractice_2_141109_user1 1629279934449",
    "sampleCount" : 1,
    "errorCount" : 0,
    "errorPct" : 0.0,
    "meanResTime" : 2115.0,
    "medianResTime" : 2115.0,
    "minResTime" : 2115.0,
    "maxResTime" : 2115.0,
    "pct1ResTime" : 2115.0,
    "pct2ResTime" : 2115.0,
    "pct3ResTime" : 2115.0,
    "throughput" : 0.47281323877068554,
    "receivedKBytesPerSec" : 13.394374261229313,
    "sentKBytesPerSec" : 0.11081560283687943
  },
  "GetSubmissionId_2_user1" : {
    "transaction" : "GetSubmissionId_2_user1",
    "sampleCount" : 7,
    "errorCount" : 0,
    "errorPct" : 0.0,
    "meanResTime" : 304.2857142857143,
    "medianResTime" : 294.0,
    "minResTime" : 288.0,
    "maxResTime" : 339.0,
    "pct1ResTime" : 339.0,
    "pct2ResTime" : 339.0,
    "pct3ResTime" : 339.0,
    "throughput" : 0.009181423619081096,
    "receivedKBytesPerSec" : 0.3908086797080045,
    "sentKBytesPerSec" : 0.0021249974587131053
  },
  "AssignmentsList_6_user1" : {
    "transaction" : "AssignmentsList_6_user1",
    "sampleCount" : 1,
    "errorCount" : 0,
    "errorPct" : 0.0,
    "meanResTime" : 46.0,
    "medianResTime" : 46.0,
    "minResTime" : 46.0,
    "maxResTime" : 46.0,
    "pct1ResTime" : 46.0,
    "pct2ResTime" : 46.0,
    "pct3ResTime" : 46.0,
    "throughput" : 21.73913043478261,
    "receivedKBytesPerSec" : 8.428158967391305,
    "sentKBytesPerSec" : 7.027004076086957
  },
  "TestcasesResults_2_141112_user1" : {
    "transaction" : "TestcasesResults_2_141112_user1",
    "sampleCount" : 1,
    "errorCount" : 0,
    "errorPct" : 0.0,
    "meanResTime" : 5326.0,
    "medianResTime" : 5326.0,
    "minResTime" : 5326.0,
    "maxResTime" : 5326.0,
    "pct1ResTime" : 5326.0,
    "pct2ResTime" : 5326.0,
    "pct3ResTime" : 5326.0,
    "throughput" : 0.1877581674802854,
    "receivedKBytesPerSec" : 5.441319705219677,
    "sentKBytesPerSec" : 0.04547268118663162
  },
  "RunPractice_2_141113_user1 1629280441792" : {
    "transaction" : "RunPractice_2_141113_user1 1629280441792",
    "sampleCount" : 1,
    "errorCount" : 0,
    "errorPct" : 0.0,
    "meanResTime" : 2131.0,
    "medianResTime" : 2131.0,
    "minResTime" : 2131.0,
    "maxResTime" : 2131.0,
    "pct1ResTime" : 2131.0,
    "pct2ResTime" : 2131.0,
    "pct3ResTime" : 2131.0,
    "throughput" : 0.46926325668700136,
    "receivedKBytesPerSec" : 13.293806458235572,
    "sentKBytesPerSec" : 0.10998357578601596
  },
  "Course Page_6_user1" : {
    "transaction" : "Course Page_6_user1",
    "sampleCount" : 1,
    "errorCount" : 0,
    "errorPct" : 0.0,
    "meanResTime" : 80.0,
    "medianResTime" : 80.0,
    "minResTime" : 80.0,
    "maxResTime" : 80.0,
    "pct1ResTime" : 80.0,
    "pct2ResTime" : 80.0,
    "pct3ResTime" : 80.0,
    "throughput" : 12.5,
    "receivedKBytesPerSec" : 404.67529296875,
    "sentKBytesPerSec" : 3.62548828125
  },
  "TestcasesResults_2_141113_user1" : {
    "transaction" : "TestcasesResults_2_141113_user1",
    "sampleCount" : 1,
    "errorCount" : 0,
    "errorPct" : 0.0,
    "meanResTime" : 5330.0,
    "medianResTime" : 5330.0,
    "minResTime" : 5330.0,
    "maxResTime" : 5330.0,
    "pct1ResTime" : 5330.0,
    "pct2ResTime" : 5330.0,
    "pct3ResTime" : 5330.0,
    "throughput" : 0.18761726078799248,
    "receivedKBytesPerSec" : 5.437236163227017,
    "sentKBytesPerSec" : 0.04543855534709193
  },
  "RunPractice_2_141110_user1 1629280061357" : {
    "transaction" : "RunPractice_2_141110_user1 1629280061357",
    "sampleCount" : 1,
    "errorCount" : 0,
    "errorPct" : 0.0,
    "meanResTime" : 2123.0,
    "medianResTime" : 2123.0,
    "minResTime" : 2123.0,
    "maxResTime" : 2123.0,
    "pct1ResTime" : 2123.0,
    "pct2ResTime" : 2123.0,
    "pct3ResTime" : 2123.0,
    "throughput" : 0.4710315591144607,
    "receivedKBytesPerSec" : 13.343900877296278,
    "sentKBytesPerSec" : 0.1103980216674517
  },
  "TestcasesResults_2_141108_user1" : {
    "transaction" : "TestcasesResults_2_141108_user1",
    "sampleCount" : 1,
    "errorCount" : 0,
    "errorPct" : 0.0,
    "meanResTime" : 5560.0,
    "medianResTime" : 5560.0,
    "minResTime" : 5560.0,
    "maxResTime" : 5560.0,
    "pct1ResTime" : 5560.0,
    "pct2ResTime" : 5560.0,
    "pct3ResTime" : 5560.0,
    "throughput" : 0.17985611510791366,
    "receivedKBytesPerSec" : 5.212314523381296,
    "sentKBytesPerSec" : 0.04355890287769784
  },
  "RunPractice_2_141112_user1 1629280314935" : {
    "transaction" : "RunPractice_2_141112_user1 1629280314935",
    "sampleCount" : 1,
    "errorCount" : 0,
    "errorPct" : 0.0,
    "meanResTime" : 2112.0,
    "medianResTime" : 2112.0,
    "minResTime" : 2112.0,
    "maxResTime" : 2112.0,
    "pct1ResTime" : 2112.0,
    "pct2ResTime" : 2112.0,
    "pct3ResTime" : 2112.0,
    "throughput" : 0.4734848484848485,
    "receivedKBytesPerSec" : 13.413400361032195,
    "sentKBytesPerSec" : 0.11097301136363635
  },
  "RunPractice_2_141114_user1 1629280568532" : {
    "transaction" : "RunPractice_2_141114_user1 1629280568532",
    "sampleCount" : 1,
    "errorCount" : 0,
    "errorPct" : 0.0,
    "meanResTime" : 2189.0,
    "medianResTime" : 2189.0,
    "minResTime" : 2189.0,
    "maxResTime" : 2189.0,
    "pct1ResTime" : 2189.0,
    "pct2ResTime" : 2189.0,
    "pct3ResTime" : 2189.0,
    "throughput" : 0.4568296025582458,
    "receivedKBytesPerSec" : 12.941572207629054,
    "sentKBytesPerSec" : 0.10706943809958885
  },
  "Upload_2_user1-0" : {
    "transaction" : "Upload_2_user1-0",
    "sampleCount" : 7,
    "errorCount" : 0,
    "errorPct" : 0.0,
    "meanResTime" : 298.7142857142857,
    "medianResTime" : 283.0,
    "minResTime" : 277.0,
    "maxResTime" : 363.0,
    "pct1ResTime" : 363.0,
    "pct2ResTime" : 363.0,
    "pct3ResTime" : 363.0,
    "throughput" : 0.009180701117029021,
    "receivedKBytesPerSec" : 0.0020979336536960844,
    "sentKBytesPerSec" : 0.009612327271666126
  },
  "Upload_2_user1-1" : {
    "transaction" : "Upload_2_user1-1",
    "sampleCount" : 7,
    "errorCount" : 0,
    "errorPct" : 0.0,
    "meanResTime" : 356.7142857142857,
    "medianResTime" : 386.0,
    "minResTime" : 295.0,
    "maxResTime" : 408.0,
    "pct1ResTime" : 408.0,
    "pct2ResTime" : 408.0,
    "pct3ResTime" : 408.0,
    "throughput" : 0.009181519961280218,
    "receivedKBytesPerSec" : 0.3906629147587687,
    "sentKBytesPerSec" : 0.002125019756663488
  },
  "TestcasesResults_2_141111_user1" : {
    "transaction" : "TestcasesResults_2_141111_user1",
    "sampleCount" : 1,
    "errorCount" : 0,