Device,kB_read/s,kB_wrtn/s
loop0,0.0,0.0
sda,16.347826086956523,107.48985507246377
