{"Disk Read(KB/s)": 17.428166666666666, "Disk Write(KB/s)": 110.06783333333337}