{"user+system(%)": 97.12207207207207, "%sys": 4.919189189189189, "%guest": 0.0, "%idle": 0.0, "%iowait": 0.0}