{"Idle(%)": 0.0, "user+system(%)": 100.30909090909091, "Available Memory(Kb)": 7362354.654545454, "sys(%)": 5.8090909090909095, "I/O wait(%)": 0.0}