Device,kB_read/s,kB_wrtn/s
loop0,0.0,0.0
sda,7.818784530386741,322.5723756906077
