{"Disk Read(KB/s)": 6.495111111111108, "Disk Write(KB/s)": 291.84945555555555}