{"%iowait": 4.938287292817678, "user+system(%)": 42.13386740331494, "%idle": 46.197500000000005}