{"Idle(%)": 46.23888888888889, "user+system(%)": 48.8, "Available Memory(Kb)": 9974649.51111111, "I/O wait(%)": 4.933333333333334}