{"Disk Read(KB/s)": 0.2721666666666667, "Disk Write(KB/s)": 79.20492222222228}