{"user+system(%)": 2.17353591160221, "%idle": 96.00616666666667, "%iowait": 0.20690607734806588}