{"Available Memory(Kb)": 8786810.555555556, "user+system(%)": 3.8333333333333335, "I/O wait(%)": 0.11666666666666667, "Idle(%)": 96.05555555555556}