{"Idle(%)": 24.854545454545455, "Available Memory(Kb)": 1905392.0363636364, "I/O wait(%)": 1.0363636363636364, "user+system(%)": 74.14545454545454}