Device,kB_read/s,kB_wrtn/s
loop0,0.0,0.0
sda,428.0516129032258,74.10322580645162
