{"%iowait": 0.5400000000000001, "%idle": 92.21318181818174, "user+system(%)": 5.801261261261263}