{"Idle(%)": 92.05454545454545, "Available Memory(Kb)": 10656588.8, "I/O wait(%)": 0.7, "user+system(%)": 7.263636363636364}