Device,kB_read/s,kB_wrtn/s
loop0,0.0,0.0
sda,20.258181818181818,427.57454545454544
