{"Disk Write(KB/s)": 430.27987777777764, "Disk Read(KB/s)": 20.551822222222217}