{"%idle": 55.007555555555555, "%iowait": 1.5664088397790061, "user+system(%)": 40.174198895027644}