{"Idle(%)": 55.00555555555555, "Available Memory(Kb)": 9976287.288888888, "user+system(%)": 43.5, "I/O wait(%)": 1.5555555555555556}