Device,kB_read/s,kB_wrtn/s
loop0,0.0,0.0
sda,8.683870967741935,904.6322580645161
