{"Idle(%)": 28.12727272727273, "Available Memory(Kb)": 4413946.290909091, "user+system(%)": 69.41818181818182, "I/O wait(%)": 2.3727272727272726}