{"Disk Read(KB/s)": 1.121322222222223, "Disk Write(KB/s)": 469.0347222222227}