{"I/O wait(%)": 1.1833333333333333, "Available Memory(Kb)": 7985700.733333333, "Idle(%)": 77.47777777777777, "user+system(%)": 21.322222222222223}