{"Disk Write(KB/s)": 253.76903333333317, "Disk Read(KB/s)": 102.27946666666672}