{"%iowait": 3.1299099099099092, "%idle": 33.213636363636375, "user+system(%)": 60.47234234234232}