{"Available Memory(Kb)": 9930081.018181818, "user+system(%)": 63.06363636363636, "I/O wait(%)": 3.1818181818181817, "Idle(%)": 33.92727272727273}