Device,kB_read/s,kB_wrtn/s
loop0,0.0,0.0
sda,9.83084577114428,305.0189054726368
