{"Disk Read(KB/s)": 10.199077777777772, "Disk Write(KB/s)": 314.71158888888874}