{"user+system(%)": 8.116629834254146, "%iowait": 0.8077348066298343, "%idle": 90.57366666666667}