{"I/O wait(%)": 0.7777777777777778, "Idle(%)": 90.62777777777778, "user+system(%)": 8.483333333333333, "Available Memory(Kb)": 9629748.688888889}