{"user+system(%)": 8.46243093922652, "%iowait": 0.6851381215469619, "%idle": 78.04138888888892}