{"user+system(%)": 20.97222222222222, "I/O wait(%)": 0.5444444444444444, "Idle(%)": 78.32222222222222, "Available Memory(Kb)": 2817734.933333333}