{"Idle(%)": 6.154545454545454, "user+system(%)": 92.41818181818182, "Available Memory(Kb)": 170628.18181818182, "I/O wait(%)": 1.290909090909091}