Device,kB_read/s,kB_wrtn/s
loop0,0.0,0.0
sda,4.994475138121547,242.25414364640883
