{"Disk Write(KB/s)": 225.8025333333334, "Disk Read(KB/s)": 4.320322222222222}