{"%idle": 61.41388888888889, "user+system(%)": 32.34723756906075, "%iowait": 1.8129281767955798}