{"Available Memory(Kb)": 7164107.933333334, "Idle(%)": 61.38333333333333, "user+system(%)": 36.80555555555556, "I/O wait(%)": 1.761111111111111}