{
  "AssignmentsList" : {
    "transaction" : "AssignmentsList",
    "sampleCount" : 100,
    "errorCount" : 0,
    "errorPct" : 0.0,
    "meanResTime" : 73.41000000000001,
    "medianResTime" : 63.0,
    "minResTime" : 37.0,
    "maxResTime" : 178.0,
    "pct1ResTime" : 115.0,
    "pct2ResTime" : 133.89999999999998,
    "pct3ResTime" : 177.99,
    "throughput" : 41.11842105263158,
    "receivedKBytesPerSec" : 15.720568205180921,
    "sentKBytesPerSec" : 13.371517783717106
  },
  "Get CSRF Token" : {
    "transaction" : "Get CSRF Token",
    "sampleCount" : 100,
    "errorCount" : 0,
    "errorPct" : 0.0,
    "meanResTime" : 46.10999999999999,
    "medianResTime" : 36.0,
    "minResTime" : 30.0,
    "maxResTime" : 194.0,
    "pct1ResTime" : 56.900000000000006,
    "pct2ResTime" : 148.8999999999993,
    "pct3ResTime" : 194.0,
    "throughput" : 40.83299305839118,
    "receivedKBytesPerSec" : 1364.0508562168234,
    "sentKBytesPerSec" : 5.463007860351164
  },
  "StudentCourses" : {
    "transaction" : "StudentCourses",
    "sampleCount" : 100,
    "errorCount" : 0,
    "errorPct" : 0.0,
    "meanResTime" : 98.42000000000004,
    "medianResTime" : 81.0,
    "minResTime" : 30.0,
    "maxResTime" : 388.0,
    "pct1ResTime" : 202.20000000000005,
    "pct2ResTime" : 234.24999999999983,
    "pct3ResTime" : 386.7499999999994,
    "throughput" : 41.373603640877114,
    "receivedKBytesPerSec" : 51.19175372362433,
    "sentKBytesPerSec" : 10.100977451386017
  },
  "GetSubmissionId" : {
    "transaction" : "GetSubmissionId",
    "sampleCount" : 442,
    "errorCount" : 10,
    "errorPct" : 2.2624435,
    "meanResTime" : 3702.389140271495,
    "medianResTime" : 1658.0,
    "minResTime" : 230.0,
    "maxResTime" : 50004.0,
    "pct1ResTime" : 6979.699999999999,
    "pct2ResTime" : 9821.89999999998,
    "pct3ResTime" : 50004.0,
    "throughput" : 1.6175130553796946,
    "receivedKBytesPerSec" : 70.9406207515123,
    "sentKBytesPerSec" : 0.37667089075748644
  },
  "TestcasesResults" : {
    "transaction" : "TestcasesResults",
    "sampleCount" : 375,
    "errorCount" : 10,
    "errorPct" : 2.6666667,
    "meanResTime" : 18372.442666666655,
    "medianResTime" : 14248.0,
    "minResTime" : 4418.0,
    "maxResTime" : 135746.0,
    "pct1ResTime" : 29416.600000000017,
    "pct2ResTime" : 56328.799999999996,
    "pct3ResTime" : 74793.96000000002,
    "throughput" : 1.319530458281725,
    "receivedKBytesPerSec" : 37.54729417084225,
    "sentKBytesPerSec" : 0.3195737828651053
  },
  "Total" : {
    "transaction" : "Total",
    "sampleCount" : 2203,
    "errorCount" : 96,
    "errorPct" : 4.357694,
    "meanResTime" : 7780.266454834317,
    "medianResTime" : 3176.0,
    "minResTime" : 0.0,
    "maxResTime" : 135746.0,
    "pct1ResTime" : 18730.400000000052,
    "pct2ResTime" : 38809.3999999996,
    "pct3ResTime" : 57452.960000000036,
    "throughput" : 6.8110919080023375,
    "receivedKBytesPerSec" : 208.14044007560838,
    "sentKBytesPerSec" : 3.322280461704226
  },
  "Upload" : {
    "transaction" : "Upload",
    "sampleCount" : 453,
    "errorCount" : 55,
    "errorPct" : 12.14128,
    "meanResTime" : 13421.011037527596,
    "medianResTime" : 5780.0,
    "minResTime" : 1559.0,
    "maxResTime" : 62383.0,
    "pct1ResTime" : 50006.0,
    "pct2ResTime" : 50006.3,
    "pct3ResTime" : 59073.39999999996,
    "throughput" : 1.639605336499135,
    "receivedKBytesPerSec" : 64.64651750133919,
    "sentKBytesPerSec" : 2.2533651440445768
  },
  "Course Page" : {
    "transaction" : "Course Page",
    "sampleCount" : 100,
    "errorCount" : 0,
    "errorPct" : 0.0,
    "meanResTime" : 207.66000000000005,
    "medianResTime" : 160.0,
    "minResTime" : 80.0,
    "maxResTime" : 628.0,
    "pct1ResTime" : 446.4000000000004,
    "pct2ResTime" : 544.3499999999997,
    "pct3ResTime" : 627.4499999999997,
    "throughput" : 40.19292604501608,
    "receivedKBytesPerSec" : 1571.3648167453778,
    "sentKBytesPerSec" : 11.736020397909968
  },
  "Login" : {
    "transaction" : "Login",
    "sampleCount" : 100,
    "errorCount" : 0,
    "errorPct" : 0.0,
    "meanResTime" : 422.5899999999999,
    "medianResTime" : 377.0,
    "minResTime" : 139.0,
    "maxResTime" : 1181.0,
    "pct1ResTime" : 723.6,
    "pct2ResTime" : 788.75,
    "pct3ResTime" : 1178.1899999999987,
    "throughput" : 39.12363067292645,
    "receivedKBytesPerSec" : 66.97018045774648,
    "sentKBytesPerSec" : 23.223542644757433
  },
  "RunPractice" : {
    "transaction" : "RunPractice",
    "sampleCount" : 433,
    "errorCount" : 21,
    "errorPct" : 4.8498845,
    "meanResTime" : 5656.50808314088,
    "medianResTime" : 3446.0,
    "minResTime" : 0.0,
    "maxResTime" : 50005.0,
    "pct1ResTime" : 9523.20000000001,
    "pct2ResTime" : 14655.89999999999,
    "pct3ResTime" : 50003.66,
    "throughput" : 1.5787593066584995,
    "receivedKBytesPerSec" : 43.102615822777885,
    "sentKBytesPerSec" : 0.36233073002122024
  }
}