{"user+system(%)": 2.649411764705883, "%iowait": 0.15549019607843134, "%idle": 95.8016}