{"Disk Write(KB/s)": 702.7186666666664, "Disk Read(KB/s)": 529.5261666666668}