{"%idle": 0.20836363636363653, "%iowait": 0.03450450450450447, "user+system(%)": 97.91891891891889}