{"user+system(%)": 99.77272727272727, "I/O wait(%)": 0.03636363636363636, "Idle(%)": 0.17272727272727273, "Available Memory(Kb)": 2675745.0545454547}