{"Disk Read(KB/s)": 30.257833333333334, "Disk Write(KB/s)": 855.8901666666665}