{"user+system(%)": 94.79900900900898, "%idle": 2.9259090909090912, "%iowait": 0.3521621621621622}