Device,kB_read/s,kB_wrtn/s
loop0,0.0,0.0
sda,7.633519553072626,126.34189944134079
