{"Disk Write(KB/s)": 132.43765555555552, "Disk Read(KB/s)": 6.548266666666666}