{"%iowait": 0.2609944751381216, "user+system(%)": 2.2916022099447515, "%idle": 96.61883333333333}