{"I/O wait(%)": 0.2722222222222222, "Idle(%)": 96.63888888888889, "user+system(%)": 3.0722222222222224, "Available Memory(Kb)": 9197264.288888888}