{"Disk Write(KB/s)": 551.0017333333333, "Disk Read(KB/s)": 2.1926666666666663}