{"user+system(%)": 32.57036036036036, "%idle": 64.903, "%iowait": 1.186036036036036}