{"Available Memory(Kb)": 3600164.5454545454, "Idle(%)": 65.41818181818182, "user+system(%)": 33.345454545454544, "I/O wait(%)": 1.0727272727272728}