{"%idle": 72.93027272727271, "user+system(%)": 24.465045045045045, "%iowait": 1.0258558558558557}