{"I/O wait(%)": 0.990909090909091, "user+system(%)": 25.972727272727273, "Available Memory(Kb)": 4487197.709090909, "Idle(%)": 72.93636363636364}