{"Disk Read(KB/s)": 6.850833333333335, "Disk Write(KB/s)": 53.20933333333334}