{"%iowait": 0.01837837837837838, "%guest": 0.0, "%idle": 85.53672727272726, "%sys": 1.2598198198198196, "user+system(%)": 14.050810810810809}