{"sys(%)": 1.3363636363636364, "user+system(%)": 14.154545454545454, "I/O wait(%)": 0.0, "Idle(%)": 85.69090909090909, "Available Memory(Kb)": 2476669.1272727274}