Device,kB_read/s,kB_wrtn/s
loop0,0.0,0.0
sda,29.241988950276244,195.00110497237569
