{"Disk Write(KB/s)": 187.8285777777778, "Disk Read(KB/s)": 25.66875555555557}