{"%idle": 75.89544444444445, "user+system(%)": 19.69171270718233, "%iowait": 1.0759668508287286}