{"I/O wait(%)": 1.038888888888889, "user+system(%)": 23.233333333333334, "Available Memory(Kb)": 7284934.866666666, "Idle(%)": 75.82777777777778}