Device,kB_read/s,kB_wrtn/s
loop0,0.0,0.0
sda,0.027586206896551724,130.57931034482758
Device,kB_read/s,kB_wrtn/s
loop0,0.0,0.0
sda,0.027586206896551724,130.57931034482758
