{"Disk Write(KB/s)": 128.97033333333331, "Disk Read(KB/s)": 0.026166666666666668}