{"user+system(%)": 82.07108108108108, "%guest": 0.0, "%iowait": 3.872432432432431, "%sys": 9.158288288288283, "%idle": 11.554636363636362}