{"Idle(%)": 11.6, "Available Memory(Kb)": 9581987.127272727, "user+system(%)": 84.72727272727273, "I/O wait(%)": 4.045454545454546, "sys(%)": 9.936363636363636}