{
  "AssignmentsList" : {
    "transaction" : "AssignmentsList",
    "sampleCount" : 180,
    "errorCount" : 0,
    "errorPct" : 0.0,
    "meanResTime" : 32.21666666666668,
    "medianResTime" : 31.0,
    "minResTime" : 25.0,
    "maxResTime" : 68.0,
    "pct1ResTime" : 39.0,
    "pct2ResTime" : 42.94999999999999,
    "pct3ResTime" : 63.139999999999986,
    "throughput" : 57.270124085268854,
    "receivedKBytesPerSec" : 21.92993358256443,
    "sentKBytesPerSec" : 18.51212018771874
  },
  "Get CSRF Token" : {
    "transaction" : "Get CSRF Token",
    "sampleCount" : 180,
    "errorCount" : 0,
    "errorPct" : 0.0,
    "meanResTime" : 35.244444444444476,
    "medianResTime" : 31.0,
    "minResTime" : 24.0,
    "maxResTime" : 132.0,
    "pct1ResTime" : 41.900000000000006,
    "pct2ResTime" : 59.94999999999999,
    "pct3ResTime" : 132.0,
    "throughput" : 56.514913657770805,
    "receivedKBytesPerSec" : 1510.429748822606,
    "sentKBytesPerSec" : 7.450696624803768
  },
  "StudentCourses" : {
    "transaction" : "StudentCourses",
    "sampleCount" : 180,
    "errorCount" : 0,
    "errorPct" : 0.0,
    "meanResTime" : 38.64444444444444,
    "medianResTime" : 31.0,
    "minResTime" : 23.0,
    "maxResTime" : 131.0,
    "pct1ResTime" : 57.900000000000006,
    "pct2ResTime" : 83.94999999999999,
    "pct3ResTime" : 130.19,
    "throughput" : 58.04579168010319,
    "receivedKBytesPerSec" : 72.43757054176072,
    "sentKBytesPerSec" : 14.057965172524993
  },
  "GetSubmissionId" : {
    "transaction" : "GetSubmissionId",
    "sampleCount" : 935,
    "errorCount" : 2,
    "errorPct" : 0.21390374,
    "meanResTime" : 1263.924064171122,
    "medianResTime" : 691.0,
    "minResTime" : 25.0,
    "maxResTime" : 16542.0,
    "pct1ResTime" : 3300.1999999999994,
    "pct2ResTime" : 4988.199999999999,
    "pct3ResTime" : 6749.28,
    "throughput" : 3.477633423962568,
    "receivedKBytesPerSec" : 155.74350134688558,
    "sentKBytesPerSec" : 0.8031602819393665
  },
  "TestcasesResults" : {
    "transaction" : "TestcasesResults",
    "sampleCount" : 809,
    "errorCount" : 2,
    "errorPct" : 0.24721879,
    "meanResTime" : 34193.133498145886,
    "medianResTime" : 37375.0,
    "minResTime" : 6200.0,
    "maxResTime" : 43917.0,
    "pct1ResTime" : 39793.0,
    "pct2ResTime" : 40320.0,
    "pct3ResTime" : 41612.299999999996,
    "throughput" : 2.735446175278194,
    "receivedKBytesPerSec" : 79.11641498582402,
    "sentKBytesPerSec" : 0.6608530686701809
  },
  "Total" : {
    "transaction" : "Total",
    "sampleCount" : 4517,
    "errorCount" : 7,
    "errorPct" : 0.15497011,
    "meanResTime" : 8066.588222271417,
    "medianResTime" : 1641.0,
    "minResTime" : 23.0,
    "maxResTime" : 43917.0,
    "pct1ResTime" : 37114.8,
    "pct2ResTime" : 38251.7,
    "pct3ResTime" : 40269.659999999996,
    "throughput" : 13.345387613045803,
    "receivedKBytesPerSec" : 429.1501192686775,
    "sentKBytesPerSec" : 6.574497729112563
  },
  "Upload" : {
    "transaction" : "Upload",
    "sampleCount" : 940,
    "errorCount" : 1,
    "errorPct" : 0.10638298,
    "meanResTime" : 5065.689361702136,
    "medianResTime" : 1293.5,
    "minResTime" : 494.0,
    "maxResTime" : 36372.0,
    "pct1ResTime" : 21177.79999999999,
    "pct2ResTime" : 26059.949999999997,
    "pct3ResTime" : 33752.79,
    "throughput" : 3.4038731731340257,
    "receivedKBytesPerSec" : 153.3648200088899,
    "sentKBytesPerSec" : 4.748055814693506
  },
  "Course Page" : {
    "transaction" : "Course Page",
    "sampleCount" : 180,
    "errorCount" : 0,
    "errorPct" : 0.0,
    "meanResTime" : 75.7222222222222,
    "medianResTime" : 66.0,
    "minResTime" : 53.0,
    "maxResTime" : 150.0,
    "pct1ResTime" : 116.9,
    "pct2ResTime" : 127.94999999999999,
    "pct3ResTime" : 149.19,
    "throughput" : 56.39097744360902,
    "receivedKBytesPerSec" : 1826.1764641094924,
    "sentKBytesPerSec" : 16.355586231203006
  },
  "Login" : {
    "transaction" : "Login",
    "sampleCount" : 180,
    "errorCount" : 0,
    "errorPct" : 0.0,
    "meanResTime" : 147.5611111111111,
    "medianResTime" : 131.5,
    "minResTime" : 78.0,
    "maxResTime" : 317.0,
    "pct1ResTime" : 245.0,
    "pct2ResTime" : 266.74999999999994,
    "pct3ResTime" : 315.38,
    "throughput" : 56.46173149309912,
    "receivedKBytesPerSec" : 96.76790895545797,
    "sentKBytesPerSec" : 33.413876254705144
  },
  "RunPractice" : {
    "transaction" : "RunPractice",
    "sampleCount" : 933,
    "errorCount" : 2,
    "errorPct" : 0.21436228,
    "meanResTime" : 2970.768488745983,
    "medianResTime" : 2599.0,
    "minResTime" : 118.0,
    "maxResTime" : 12623.0,
    "pct1ResTime" : 4222.6,
    "pct2ResTime" : 5552.199999999997,
    "pct3ResTime" : 8371.879999999996,
    "throughput" : 3.4874202434839816,
    "receivedKBytesPerSec" : 98.63334908684162,
    "sentKBytesPerSec" : 0.8164880594169691
  }
}