{
  "AssignmentsList" : {
    "transaction" : "AssignmentsList",
    "sampleCount" : 1,
    "errorCount" : 0,
    "errorPct" : 0.0,
    "meanResTime" : 42.0,
    "medianResTime" : 42.0,
    "minResTime" : 42.0,
    "maxResTime" : 42.0,
    "pct1ResTime" : 42.0,
    "pct2ResTime" : 42.0,
    "pct3ResTime" : 42.0,
    "throughput" : 23.809523809523807,
    "receivedKBytesPerSec" : 9.230840773809524,
    "sentKBytesPerSec" : 7.696242559523809
  },
  "Get CSRF Token" : {
    "transaction" : "Get CSRF Token",
    "sampleCount" : 1,
    "errorCount" : 0,
    "errorPct" : 0.0,
    "meanResTime" : 310.0,
    "medianResTime" : 310.0,
    "minResTime" : 310.0,
    "maxResTime" : 310.0,
    "pct1ResTime" : 310.0,
    "pct2ResTime" : 310.0,
    "pct3ResTime" : 310.0,
    "throughput" : 3.225806451612903,
    "receivedKBytesPerSec" : 86.20841733870968,
    "sentKBytesPerSec" : 0.4252772177419355
  },
  "StudentCourses" : {
    "transaction" : "StudentCourses",
    "sampleCount" : 1,
    "errorCount" : 0,
    "errorPct" : 0.0,
    "meanResTime" : 23.0,
    "medianResTime" : 23.0,
    "minResTime" : 23.0,
    "maxResTime" : 23.0,
    "pct1ResTime" : 23.0,
    "pct2ResTime" : 23.0,
    "pct3ResTime" : 23.0,
    "throughput" : 43.47826086956522,
    "receivedKBytesPerSec" : 54.22044836956522,
    "sentKBytesPerSec" : 10.529891304347826
  },
  "GetSubmissionId" : {
    "transaction" : "GetSubmissionId",
    "sampleCount" : 12,
    "errorCount" : 1,
    "errorPct" : 8.333333,
    "meanResTime" : 71287.41666666666,
    "medianResTime" : 318.0,
    "minResTime" : 296.0,
    "maxResTime" : 851920.0,
    "pct1ResTime" : 596453.2000000009,
    "pct2ResTime" : 851920.0,
    "pct3ResTime" : 851920.0,
    "throughput" : 0.010881609897912363,
    "receivedKBytesPerSec" : 0.4267861624234433,
    "sentKBytesPerSec" : 0.0023086228030483017
  },
  "TestcasesResults" : {
    "transaction" : "TestcasesResults",
    "sampleCount" : 11,
    "errorCount" : 0,
    "errorPct" : 0.0,
    "meanResTime" : 5675.727272727273,
    "medianResTime" : 5326.0,
    "minResTime" : 5315.0,
    "maxResTime" : 9105.0,
    "pct1ResTime" : 8361.400000000003,
    "pct2ResTime" : 9105.0,
    "pct3ResTime" : 9105.0,
    "throughput" : 0.04793926530896856,
    "receivedKBytesPerSec" : 1.3897705370723055,
    "sentKBytesPerSec" : 0.011610290817015825
  },
  "Total" : {
    "transaction" : "Total",
    "sampleCount" : 51,
    "errorCount" : 1,
    "errorPct" : 1.9607843,
    "meanResTime" : 18632.98039215686,
    "medianResTime" : 676.0,
    "minResTime" : 23.0,
    "maxResTime" : 851920.0,
    "pct1ResTime" : 5333.4,
    "pct2ResTime" : 6874.199999999995,
    "pct3ResTime" : 851920.0,
    "throughput" : 0.04506570314426062,
    "receivedKBytesPerSec" : 1.4821330019789145,
    "sentKBytesPerSec" : 0.021786416346567628
  },
  "Upload" : {
    "transaction" : "Upload",
    "sampleCount" : 12,
    "errorCount" : 0,
    "errorPct" : 0.0,
    "meanResTime" : 665.1666666666667,
    "medianResTime" : 635.0,
    "minResTime" : 610.0,
    "maxResTime" : 949.0,
    "pct1ResTime" : 871.0000000000002,
    "pct2ResTime" : 949.0,
    "pct3ResTime" : 949.0,
    "throughput" : 0.04765535646206634,
    "receivedKBytesPerSec" : 2.039240493997411,
    "sentKBytesPerSec" : 0.060713265414522176
  },
  "Course Page" : {
    "transaction" : "Course Page",
    "sampleCount" : 1,
    "errorCount" : 0,
    "errorPct" : 0.0,
    "meanResTime" : 360.0,
    "medianResTime" : 360.0,
    "minResTime" : 360.0,
    "maxResTime" : 360.0,
    "pct1ResTime" : 360.0,
    "pct2ResTime" : 360.0,
    "pct3ResTime" : 360.0,
    "throughput" : 2.7777777777777777,
    "receivedKBytesPerSec" : 89.96310763888889,
    "sentKBytesPerSec" : 0.8056640625
  },
  "Login" : {
    "transaction" : "Login",
    "sampleCount" : 1,
    "errorCount" : 0,
    "errorPct" : 0.0,
    "meanResTime" : 181.0,
    "medianResTime" : 181.0,
    "minResTime" : 181.0,
    "maxResTime" : 181.0,
    "pct1ResTime" : 181.0,
    "pct2ResTime" : 181.0,
    "pct3ResTime" : 181.0,
    "throughput" : 5.524861878453039,
    "receivedKBytesPerSec" : 9.468879488950277,
    "sentKBytesPerSec" : 3.269595994475138
  },
  "RunPractice" : {
    "transaction" : "RunPractice",
    "sampleCount" : 11,
    "errorCount" : 0,
    "errorPct" : 0.0,
    "meanResTime" : 2136.5454545454545,
    "medianResTime" : 2107.0,
    "minResTime" : 2092.0,
    "maxResTime" : 2398.0,
    "pct1ResTime" : 2351.8,
    "pct2ResTime" : 2398.0,
    "pct3ResTime" : 2398.0,
    "throughput" : 0.04784210366079079,
    "receivedKBytesPerSec" : 1.3561138198984009,
    "sentKBytesPerSec" : 0.01121299304549784
  }
}