{
  "AssignmentsList" : {
    "transaction" : "AssignmentsList",
    "sampleCount" : 60,
    "errorCount" : 0,
    "errorPct" : 0.0,
    "meanResTime" : 34.91666666666665,
    "medianResTime" : 32.0,
    "minResTime" : 25.0,
    "maxResTime" : 88.0,
    "pct1ResTime" : 48.9,
    "pct2ResTime" : 56.64999999999997,
    "pct3ResTime" : 88.0,
    "throughput" : 58.65102639296188,
    "receivedKBytesPerSec" : 22.633721285434998,
    "sentKBytesPerSec" : 18.958486070381234
  },
  "Get CSRF Token" : {
    "transaction" : "Get CSRF Token",
    "sampleCount" : 60,
    "errorCount" : 0,
    "errorPct" : 0.0,
    "meanResTime" : 40.13333333333332,
    "medianResTime" : 30.5,
    "minResTime" : 25.0,
    "maxResTime" : 133.0,
    "pct1ResTime" : 60.299999999999976,
    "pct2ResTime" : 133.0,
    "pct3ResTime" : 133.0,
    "throughput" : 53.28596802841918,
    "receivedKBytesPerSec" : 1424.1516221691832,
    "sentKBytesPerSec" : 7.02500555062167
  },
  "StudentCourses" : {
    "transaction" : "StudentCourses",
    "sampleCount" : 60,
    "errorCount" : 0,
    "errorPct" : 0.0,
    "meanResTime" : 31.666666666666668,
    "medianResTime" : 28.5,
    "minResTime" : 24.0,
    "maxResTime" : 66.0,
    "pct1ResTime" : 44.49999999999999,
    "pct2ResTime" : 57.84999999999999,
    "pct3ResTime" : 66.0,
    "throughput" : 57.63688760806916,
    "receivedKBytesPerSec" : 71.8960134486071,
    "sentKBytesPerSec" : 13.958933717579251
  },
  "GetSubmissionId" : {
    "transaction" : "GetSubmissionId",
    "sampleCount" : 660,
    "errorCount" : 0,
    "errorPct" : 0.0,
    "meanResTime" : 1010.1393939393934,
    "medianResTime" : 398.5,
    "minResTime" : 263.0,
    "maxResTime" : 11313.0,
    "pct1ResTime" : 1064.5,
    "pct2ResTime" : 1958.249999999995,
    "pct3ResTime" : 11242.789999999999,
    "throughput" : 2.4278719702181037,
    "receivedKBytesPerSec" : 105.49170169569383,
    "sentKBytesPerSec" : 0.5619195868571197
  },
  "TestcasesResults" : {
    "transaction" : "TestcasesResults",
    "sampleCount" : 646,
    "errorCount" : 0,
    "errorPct" : 0.0,
    "meanResTime" : 6472.4783281733735,
    "medianResTime" : 5676.0,
    "minResTime" : 5217.0,
    "maxResTime" : 27094.0,
    "pct1ResTime" : 8630.2,
    "pct2ResTime" : 9101.499999999998,
    "pct3ResTime" : 14935.55,
    "throughput" : 2.37721990388083,
    "receivedKBytesPerSec" : 68.91671200427054,
    "sentKBytesPerSec" : 0.5757329454711385
  },
  "Total" : {
    "transaction" : "Total",
    "sampleCount" : 2930,
    "errorCount" : 0,
    "errorPct" : 0.0,
    "meanResTime" : 2678.2887372013615,
    "medianResTime" : 1314.5,
    "minResTime" : 24.0,
    "maxResTime" : 27094.0,
    "pct1ResTime" : 6041.8,
    "pct2ResTime" : 8528.25,
    "pct3ResTime" : 23095.97,
    "throughput" : 9.561883005629436,
    "receivedKBytesPerSec" : 322.59551302317044,
    "sentKBytesPerSec" : 4.686502483274863
  },
  "Upload" : {
    "transaction" : "Upload",
    "sampleCount" : 664,
    "errorCount" : 0,
    "errorPct" : 0.0,
    "meanResTime" : 2171.710843373497,
    "medianResTime" : 806.0,
    "minResTime" : 512.0,
    "maxResTime" : 24963.0,
    "pct1ResTime" : 1905.0,
    "pct2ResTime" : 21346.5,
    "pct3ResTime" : 24605.050000000003,
    "throughput" : 2.420424886633714,
    "receivedKBytesPerSec" : 105.69178466921467,
    "sentKBytesPerSec" : 3.1983906304678276
  },
  "Course Page" : {
    "transaction" : "Course Page",
    "sampleCount" : 60,
    "errorCount" : 0,
    "errorPct" : 0.0,
    "meanResTime" : 78.96666666666665,
    "medianResTime" : 65.0,
    "minResTime" : 54.0,
    "maxResTime" : 211.0,
    "pct1ResTime" : 110.8,
    "pct2ResTime" : 136.0,
    "pct3ResTime" : 211.0,
    "throughput" : 56.074766355140184,
    "receivedKBytesPerSec" : 1815.8340026285045,
    "sentKBytesPerSec" : 16.2638726635514
  },
  "Login" : {
    "transaction" : "Login",
    "sampleCount" : 60,
    "errorCount" : 0,
    "errorPct" : 0.0,
    "meanResTime" : 125.16666666666667,
    "medianResTime" : 116.0,
    "minResTime" : 83.0,
    "maxResTime" : 220.0,
    "pct1ResTime" : 179.9,
    "pct2ResTime" : 194.49999999999994,
    "pct3ResTime" : 220.0,
    "throughput" : 54.39709882139619,
    "receivedKBytesPerSec" : 93.22940276518585,
    "sentKBytesPerSec" : 32.19203309156845
  },
  "RunPractice" : {
    "transaction" : "RunPractice",
    "sampleCount" : 660,
    "errorCount" : 0,
    "errorPct" : 0.0,
    "meanResTime" : 2331.5242424242456,
    "medianResTime" : 2153.0,
    "minResTime" : 2072.0,
    "maxResTime" : 11671.0,
    "pct1ResTime" : 2779.0,
    "pct2ResTime" : 3032.2999999999993,
    "pct3ResTime" : 3667.8599999999988,
    "throughput" : 2.4164848200817213,
    "receivedKBytesPerSec" : 68.48282367853062,
    "sentKBytesPerSec" : 0.5663636297066533
  }
}