{
  "AssignmentsList" : {
    "transaction" : "AssignmentsList",
    "sampleCount" : 160,
    "errorCount" : 0,
    "errorPct" : 0.0,
    "meanResTime" : 32.16250000000001,
    "medianResTime" : 32.0,
    "minResTime" : 24.0,
    "maxResTime" : 69.0,
    "pct1ResTime" : 37.0,
    "pct2ResTime" : 38.0,
    "pct3ResTime" : 52.52999999999963,
    "throughput" : 61.13870844478411,
    "receivedKBytesPerSec" : 23.456904375238825,
    "sentKBytesPerSec" : 19.762609858616738
  },
  "Get CSRF Token" : {
    "transaction" : "Get CSRF Token",
    "sampleCount" : 160,
    "errorCount" : 0,
    "errorPct" : 0.0,
    "meanResTime" : 35.81875,
    "medianResTime" : 30.0,
    "minResTime" : 25.0,
    "maxResTime" : 140.0,
    "pct1ResTime" : 44.900000000000006,
    "pct2ResTime" : 67.39999999999986,
    "pct3ResTime" : 139.39,
    "throughput" : 58.43681519357195,
    "receivedKBytesPerSec" : 1561.7838066106647,
    "sentKBytesPerSec" : 7.704072315558802
  },
  "StudentCourses" : {
    "transaction" : "StudentCourses",
    "sampleCount" : 160,
    "errorCount" : 0,
    "errorPct" : 0.0,
    "meanResTime" : 37.374999999999986,
    "medianResTime" : 31.0,
    "minResTime" : 22.0,
    "maxResTime" : 138.0,
    "pct1ResTime" : 58.900000000000006,
    "pct2ResTime" : 67.89999999999998,
    "pct3ResTime" : 114.81999999999948,
    "throughput" : 61.23230003827019,
    "receivedKBytesPerSec" : 76.40583141982395,
    "sentKBytesPerSec" : 14.82969766551856
  },
  "GetSubmissionId" : {
    "transaction" : "GetSubmissionId",
    "sampleCount" : 905,
    "errorCount" : 1,
    "errorPct" : 0.110497236,
    "meanResTime" : 1379.8662983425418,
    "medianResTime" : 677.0,
    "minResTime" : 290.0,
    "maxResTime" : 9574.0,
    "pct1ResTime" : 3524.8,
    "pct2ResTime" : 5422.799999999998,
    "pct3ResTime" : 8771.699999999999,
    "throughput" : 3.383658239301284,
    "receivedKBytesPerSec" : 150.47046256804705,
    "sentKBytesPerSec" : 0.7822664995401216
  },
  "TestcasesResults" : {
    "transaction" : "TestcasesResults",
    "sampleCount" : 800,
    "errorCount" : 0,
    "errorPct" : 0.0,
    "meanResTime" : 30047.05874999999,
    "medianResTime" : 31928.5,
    "minResTime" : 6115.0,
    "maxResTime" : 39420.0,
    "pct1ResTime" : 34839.8,
    "pct2ResTime" : 35506.55,
    "pct3ResTime" : 37138.6,
    "throughput" : 2.7268760907504364,
    "receivedKBytesPerSec" : 79.05275368149577,
    "sentKBytesPerSec" : 0.6604153032286213
  },
  "Total" : {
    "transaction" : "Total",
    "sampleCount" : 4317,
    "errorCount" : 2,
    "errorPct" : 0.04632847,
    "meanResTime" : 7426.927495946256,
    "medianResTime" : 1764.0,
    "minResTime" : 22.0,
    "maxResTime" : 39420.0,
    "pct1ResTime" : 32048.0,
    "pct2ResTime" : 33819.7,
    "pct3ResTime" : 35488.819999999985,
    "throughput" : 12.805111366204828,
    "receivedKBytesPerSec" : 414.1672962902403,
    "sentKBytesPerSec" : 6.278137244869206
  },
  "Upload" : {
    "transaction" : "Upload",
    "sampleCount" : 908,
    "errorCount" : 1,
    "errorPct" : 0.11013216,
    "meanResTime" : 4476.314977973564,
    "medianResTime" : 1221.5,
    "minResTime" : 568.0,
    "maxResTime" : 36472.0,
    "pct1ResTime" : 10914.800000000001,
    "pct2ResTime" : 26638.899999999998,
    "pct3ResTime" : 35042.68,
    "throughput" : 3.299130889747987,
    "receivedKBytesPerSec" : 147.4452471554988,
    "sentKBytesPerSec" : 4.538291991250763
  },
  "Course Page" : {
    "transaction" : "Course Page",
    "sampleCount" : 160,
    "errorCount" : 0,
    "errorPct" : 0.0,
    "meanResTime" : 68.41249999999994,
    "medianResTime" : 66.0,
    "minResTime" : 53.0,
    "maxResTime" : 148.0,
    "pct1ResTime" : 80.0,
    "pct2ResTime" : 96.89999999999998,
    "pct3ResTime" : 127.86999999999955,
    "throughput" : 60.60606060606061,
    "receivedKBytesPerSec" : 1962.454131155303,
    "sentKBytesPerSec" : 17.578125
  },
  "Login" : {
    "transaction" : "Login",
    "sampleCount" : 160,
    "errorCount" : 0,
    "errorPct" : 0.0,
    "meanResTime" : 135.49374999999995,
    "medianResTime" : 117.0,
    "minResTime" : 76.0,
    "maxResTime" : 306.0,
    "pct1ResTime" : 212.60000000000002,
    "pct2ResTime" : 264.6999999999997,
    "pct3ResTime" : 301.1199999999999,
    "throughput" : 59.9250936329588,
    "receivedKBytesPerSec" : 102.70365168539327,
    "sentKBytesPerSec" : 35.46348314606742
  },
  "RunPractice" : {
    "transaction" : "RunPractice",
    "sampleCount" : 904,
    "errorCount" : 0,
    "errorPct" : 0.0,
    "meanResTime" : 2944.2964601769927,
    "medianResTime" : 2511.5,
    "minResTime" : 285.0,
    "maxResTime" : 13040.0,
    "pct1ResTime" : 4291.0,
    "pct2ResTime" : 5465.25,
    "pct3ResTime" : 8788.550000000005,
    "throughput" : 3.4040886719912034,
    "receivedKBytesPerSec" : 96.46884416903899,
    "sentKBytesPerSec" : 0.7978332824979384
  }
}