{
  "AssignmentsList" : {
    "transaction" : "AssignmentsList",
    "sampleCount" : 100,
    "errorCount" : 0,
    "errorPct" : 0.0,
    "meanResTime" : 36.73000000000001,
    "medianResTime" : 34.0,
    "minResTime" : 25.0,
    "maxResTime" : 72.0,
    "pct1ResTime" : 55.80000000000001,
    "pct2ResTime" : 63.94999999999999,
    "pct3ResTime" : 72.0,
    "throughput" : 58.927519151443725,
    "receivedKBytesPerSec" : 22.529417722451385,
    "sentKBytesPerSec" : 19.047860194460814
  },
  "Get CSRF Token" : {
    "transaction" : "Get CSRF Token",
    "sampleCount" : 100,
    "errorCount" : 0,
    "errorPct" : 0.0,
    "meanResTime" : 37.65999999999998,
    "medianResTime" : 30.0,
    "minResTime" : 24.0,
    "maxResTime" : 130.0,
    "pct1ResTime" : 45.0,
    "pct2ResTime" : 127.99999999999955,
    "pct3ResTime" : 130.0,
    "throughput" : 58.78894767783657,
    "receivedKBytesPerSec" : 1571.1644804526748,
    "sentKBytesPerSec" : 7.750496031746032
  },
  "StudentCourses" : {
    "transaction" : "StudentCourses",
    "sampleCount" : 100,
    "errorCount" : 0,
    "errorPct" : 0.0,
    "meanResTime" : 54.50000000000001,
    "medianResTime" : 42.5,
    "minResTime" : 23.0,
    "maxResTime" : 177.0,
    "pct1ResTime" : 106.60000000000002,
    "pct2ResTime" : 130.84999999999997,
    "pct3ResTime" : 176.90999999999997,
    "throughput" : 58.58230814294083,
    "receivedKBytesPerSec" : 73.11346660808435,
    "sentKBytesPerSec" : 14.187902753368482
  },
  "GetSubmissionId" : {
    "transaction" : "GetSubmissionId",
    "sampleCount" : 896,
    "errorCount" : 1,
    "errorPct" : 0.11160714,
    "meanResTime" : 912.1997767857159,
    "medianResTime" : 523.5,
    "minResTime" : 6.0,
    "maxResTime" : 4804.0,
    "pct1ResTime" : 1944.2000000000003,
    "pct2ResTime" : 3250.8999999999996,
    "pct3ResTime" : 4446.03,
    "throughput" : 3.305272943242266,
    "receivedKBytesPerSec" : 149.1974212657517,
    "sentKBytesPerSec" : 0.7641361458433242
  },
  "TestcasesResults" : {
    "transaction" : "TestcasesResults",
    "sampleCount" : 854,
    "errorCount" : 1,
    "errorPct" : 0.11709602,
    "meanResTime" : 12580.888758782203,
    "medianResTime" : 12256.0,
    "minResTime" : 5323.0,
    "maxResTime" : 20391.0,
    "pct1ResTime" : 14990.0,
    "pct2ResTime" : 15424.0,
    "pct3ResTime" : 17063.40000000001,
    "throughput" : 3.060888015942424,
    "receivedKBytesPerSec" : 88.63274585669022,
    "sentKBytesPerSec" : 0.7404407732505627
  },
  "Total" : {
    "transaction" : "Total",
    "sampleCount" : 4047,
    "errorCount" : 4,
    "errorPct" : 0.09883864,
    "meanResTime" : 3961.958734865335,
    "medianResTime" : 1795.0,
    "minResTime" : 6.0,
    "maxResTime" : 20391.0,
    "pct1ResTime" : 12462.000000000005,
    "pct2ResTime" : 14470.8,
    "pct3ResTime" : 16344.72,
    "throughput" : 12.836453370718804,
    "receivedKBytesPerSec" : 436.74331692432617,
    "sentKBytesPerSec" : 6.513877611220716
  },
  "Upload" : {
    "transaction" : "Upload",
    "sampleCount" : 902,
    "errorCount" : 0,
    "errorPct" : 0.0,
    "meanResTime" : 2315.7062084257204,
    "medianResTime" : 1045.5,
    "minResTime" : 608.0,
    "maxResTime" : 17735.0,
    "pct1ResTime" : 3623.0000000000014,
    "pct2ResTime" : 11502.099999999999,
    "pct3ResTime" : 17461.43,
    "throughput" : 3.2816467900255404,
    "receivedKBytesPerSec" : 149.04380567566633,
    "sentKBytesPerSec" : 4.628689948274043
  },
  "Course Page" : {
    "transaction" : "Course Page",
    "sampleCount" : 100,
    "errorCount" : 0,
    "errorPct" : 0.0,
    "meanResTime" : 100.44000000000003,
    "medianResTime" : 99.0,
    "minResTime" : 54.0,
    "maxResTime" : 221.0,
    "pct1ResTime" : 166.80000000000007,
    "pct2ResTime" : 192.24999999999983,
    "pct3ResTime" : 220.96999999999997,
    "throughput" : 57.736720554272516,
    "receivedKBytesPerSec" : 1869.7168645352194,
    "sentKBytesPerSec" : 16.745904301385682
  },
  "Login" : {
    "transaction" : "Login",
    "sampleCount" : 100,
    "errorCount" : 0,
    "errorPct" : 0.0,
    "meanResTime" : 245.64,
    "medianResTime" : 218.0,
    "minResTime" : 77.0,
    "maxResTime" : 722.0,
    "pct1ResTime" : 492.0000000000002,
    "pct2ResTime" : 577.4499999999994,
    "pct3ResTime" : 720.6699999999994,
    "throughput" : 56.497175141242934,
    "receivedKBytesPerSec" : 96.82865466101696,
    "sentKBytesPerSec" : 33.43485169491525
  },
  "RunPractice" : {
    "transaction" : "RunPractice",
    "sampleCount" : 895,
    "errorCount" : 2,
    "errorPct" : 0.22346368,
    "meanResTime" : 2610.4726256983263,
    "medianResTime" : 2338.0,
    "minResTime" : 156.0,
    "maxResTime" : 8768.0,
    "pct1ResTime" : 3444.4,
    "pct2ResTime" : 4165.199999999993,
    "pct3ResTime" : 5530.399999999999,
    "throughput" : 3.2900541112810258,
    "receivedKBytesPerSec" : 93.03458339115436,
    "sentKBytesPerSec" : 0.7711064323314905
  }
}