{
  "AssignmentsList" : {
    "transaction" : "AssignmentsList",
    "sampleCount" : 40,
    "errorCount" : 0,
    "errorPct" : 0.0,
    "meanResTime" : 209.5500000000001,
    "medianResTime" : 73.0,
    "minResTime" : 34.0,
    "maxResTime" : 508.0,
    "pct1ResTime" : 478.2,
    "pct2ResTime" : 485.7,
    "pct3ResTime" : 508.0,
    "throughput" : 60.06006006006006,
    "receivedKBytesPerSec" : 23.285003753753752,
    "sentKBytesPerSec" : 19.413945195195193
  },
  "Get CSRF Token" : {
    "transaction" : "Get CSRF Token",
    "sampleCount" : 40,
    "errorCount" : 0,
    "errorPct" : 0.0,
    "meanResTime" : 2628.5,
    "medianResTime" : 2547.0,
    "minResTime" : 2393.0,
    "maxResTime" : 2961.0,
    "pct1ResTime" : 2892.3,
    "pct2ResTime" : 2916.7999999999997,
    "pct3ResTime" : 2961.0,
    "throughput" : 12.911555842479018,
    "receivedKBytesPerSec" : 345.06637346675274,
    "sentKBytesPerSec" : 1.7022070690768238
  },
  "StudentCourses" : {
    "transaction" : "StudentCourses",
    "sampleCount" : 40,
    "errorCount" : 0,
    "errorPct" : 0.0,
    "meanResTime" : 115.74999999999999,
    "medianResTime" : 84.5,
    "minResTime" : 22.0,
    "maxResTime" : 457.0,
    "pct1ResTime" : 427.99999999999966,
    "pct2ResTime" : 456.9,
    "pct3ResTime" : 457.0,
    "throughput" : 50.125313283208015,
    "receivedKBytesPerSec" : 62.509790100250626,
    "sentKBytesPerSec" : 12.139724310776941
  },
  "GetSubmissionId" : {
    "transaction" : "GetSubmissionId",
    "sampleCount" : 431,
    "errorCount" : 0,
    "errorPct" : 0.0,
    "meanResTime" : 557.8120649651967,
    "medianResTime" : 330.0,
    "minResTime" : 253.0,
    "maxResTime" : 16501.0,
    "pct1ResTime" : 659.4000000000001,
    "pct2ResTime" : 1062.3999999999992,
    "pct3ResTime" : 9939.120000000003,
    "throughput" : 1.6695266833748457,
    "receivedKBytesPerSec" : 71.07866182812204,
    "sentKBytesPerSec" : 0.3864041249607797
  },
  "TestcasesResults" : {
    "transaction" : "TestcasesResults",
    "sampleCount" : 421,
    "errorCount" : 0,
    "errorPct" : 0.0,
    "meanResTime" : 6082.857482185278,
    "medianResTime" : 5364.0,
    "minResTime" : 5211.0,
    "maxResTime" : 17210.0,
    "pct1ResTime" : 8342.8,
    "pct2ResTime" : 9292.599999999997,
    "pct3ResTime" : 15952.919999999998,
    "throughput" : 1.6904846993065399,
    "receivedKBytesPerSec" : 49.01008079492935,
    "sentKBytesPerSec" : 0.40941426311330265
  },
  "Total" : {
    "transaction" : "Total",
    "sampleCount" : 1913,
    "errorCount" : 0,
    "errorPct" : 0.0,
    "meanResTime" : 2797.625196027179,
    "medianResTime" : 2075.0,
    "minResTime" : 22.0,
    "maxResTime" : 34960.0,
    "pct1ResTime" : 5580.6,
    "pct2ResTime" : 8313.8,
    "pct3ResTime" : 34513.04,
    "throughput" : 6.2666247362972864,
    "receivedKBytesPerSec" : 208.67144236273538,
    "sentKBytesPerSec" : 3.0036907375240776
  },
  "Upload" : {
    "transaction" : "Upload",
    "sampleCount" : 432,
    "errorCount" : 0,
    "errorPct" : 0.0,
    "meanResTime" : 3110.0578703703727,
    "medianResTime" : 682.0,
    "minResTime" : 510.0,
    "maxResTime" : 34960.0,
    "pct1ResTime" : 1697.6999999999978,
    "pct2ResTime" : 34484.85,
    "pct3ResTime" : 34760.83,
    "throughput" : 1.6141929408951299,
    "receivedKBytesPerSec" : 69.08174575363567,
    "sentKBytesPerSec" : 2.060733483947748
  },
  "Course Page" : {
    "transaction" : "Course Page",
    "sampleCount" : 40,
    "errorCount" : 0,
    "errorPct" : 0.0,
    "meanResTime" : 596.8249999999999,
    "medianResTime" : 678.0,
    "minResTime" : 217.0,
    "maxResTime" : 841.0,
    "pct1ResTime" : 792.6999999999999,
    "pct2ResTime" : 808.55,
    "pct3ResTime" : 841.0,
    "throughput" : 38.72216844143272,
    "receivedKBytesPerSec" : 1253.8240032066797,
    "sentKBytesPerSec" : 11.230941432720233
  },
  "Login" : {
    "transaction" : "Login",
    "sampleCount" : 40,
    "errorCount" : 0,
    "errorPct" : 0.0,
    "meanResTime" : 2359.8249999999994,
    "medianResTime" : 2378.0,
    "minResTime" : 1967.0,
    "maxResTime" : 2629.0,
    "pct1ResTime" : 2618.8,
    "pct2ResTime" : 2626.95,
    "pct3ResTime" : 2629.0,
    "throughput" : 14.331780723754926,
    "receivedKBytesPerSec" : 24.56276872088857,
    "sentKBytesPerSec" : 8.481503045503404
  },
  "RunPractice" : {
    "transaction" : "RunPractice",
    "sampleCount" : 429,
    "errorCount" : 0,
    "errorPct" : 0.0,
    "meanResTime" : 2262.4568764568808,
    "medianResTime" : 2102.0,
    "minResTime" : 2071.0,
    "maxResTime" : 4216.0,
    "pct1ResTime" : 2691.0,
    "pct2ResTime" : 2982.5,
    "pct3ResTime" : 3893.599999999993,
    "throughput" : 1.6588364944028768,
    "receivedKBytesPerSec" : 47.017797933221196,
    "sentKBytesPerSec" : 0.38878980337567426
  }
}