{
  "AssignmentsList" : {
    "transaction" : "AssignmentsList",
    "sampleCount" : 140,
    "errorCount" : 0,
    "errorPct" : 0.0,
    "meanResTime" : 31.89285714285714,
    "medianResTime" : 30.5,
    "minResTime" : 25.0,
    "maxResTime" : 61.0,
    "pct1ResTime" : 36.0,
    "pct2ResTime" : 46.799999999999955,
    "pct3ResTime" : 61.0,
    "throughput" : 58.45511482254697,
    "receivedKBytesPerSec" : 22.438511221294362,
    "sentKBytesPerSec" : 18.895159185803756
  },
  "Get CSRF Token" : {
    "transaction" : "Get CSRF Token",
    "sampleCount" : 140,
    "errorCount" : 0,
    "errorPct" : 0.0,
    "meanResTime" : 36.142857142857146,
    "medianResTime" : 31.0,
    "minResTime" : 25.0,
    "maxResTime" : 141.0,
    "pct1ResTime" : 40.80000000000001,
    "pct2ResTime" : 84.39999999999986,
    "pct3ResTime" : 140.59,
    "throughput" : 55.932880543347984,
    "receivedKBytesPerSec" : 1494.850710397523,
    "sentKBytesPerSec" : 7.37396374350779
  },
  "StudentCourses" : {
    "transaction" : "StudentCourses",
    "sampleCount" : 140,
    "errorCount" : 0,
    "errorPct" : 0.0,
    "meanResTime" : 33.25714285714286,
    "medianResTime" : 29.0,
    "minResTime" : 23.0,
    "maxResTime" : 70.0,
    "pct1ResTime" : 50.80000000000001,
    "pct2ResTime" : 61.0,
    "pct3ResTime" : 68.77000000000001,
    "throughput" : 58.28476269775187,
    "receivedKBytesPerSec" : 72.72585345545379,
    "sentKBytesPerSec" : 14.11584096586178
  },
  "GetSubmissionId" : {
    "transaction" : "GetSubmissionId",
    "sampleCount" : 889,
    "errorCount" : 0,
    "errorPct" : 0.0,
    "meanResTime" : 1267.4071991001101,
    "medianResTime" : 579.0,
    "minResTime" : 273.0,
    "maxResTime" : 11742.0,
    "pct1ResTime" : 2602.0,
    "pct2ResTime" : 6741.0,
    "pct3ResTime" : 11113.7,
    "throughput" : 3.2743291124321376,
    "receivedKBytesPerSec" : 145.41321212169345,
    "sentKBytesPerSec" : 0.7578281246547038
  },
  "TestcasesResults" : {
    "transaction" : "TestcasesResults",
    "sampleCount" : 803,
    "errorCount" : 0,
    "errorPct" : 0.0,
    "meanResTime" : 24601.029887920336,
    "medianResTime" : 26792.0,
    "minResTime" : 6083.0,
    "maxResTime" : 31077.0,
    "pct1ResTime" : 28426.4,
    "pct2ResTime" : 29055.6,
    "pct3ResTime" : 30080.000000000004,
    "throughput" : 2.7794507556090906,
    "receivedKBytesPerSec" : 80.5765063128232,
    "sentKBytesPerSec" : 0.6731482298740766
  },
  "Total" : {
    "transaction" : "Total",
    "sampleCount" : 4176,
    "errorCount" : 2,
    "errorPct" : 0.04789272,
    "meanResTime" : 6429.944923371653,
    "medianResTime" : 1602.5,
    "minResTime" : 23.0,
    "maxResTime" : 32560.0,
    "pct1ResTime" : 26767.3,
    "pct2ResTime" : 27669.35,
    "pct3ResTime" : 29096.819999999985,
    "throughput" : 12.776502983019734,
    "receivedKBytesPerSec" : 417.92607524954104,
    "sentKBytesPerSec" : 6.294389747781857
  },
  "Upload" : {
    "transaction" : "Upload",
    "sampleCount" : 896,
    "errorCount" : 1,
    "errorPct" : 0.11160714,
    "meanResTime" : 3762.354910714292,
    "medianResTime" : 1141.5,
    "minResTime" : 488.0,
    "maxResTime" : 32560.0,
    "pct1ResTime" : 11956.200000000003,
    "pct2ResTime" : 22836.3,
    "pct3ResTime" : 28247.96,
    "throughput" : 3.2497914475354537,
    "receivedKBytesPerSec" : 144.92839934850025,
    "sentKBytesPerSec" : 4.454408617750535
  },
  "Course Page" : {
    "transaction" : "Course Page",
    "sampleCount" : 140,
    "errorCount" : 0,
    "errorPct" : 0.0,
    "meanResTime" : 73.9785714285715,
    "medianResTime" : 64.0,
    "minResTime" : 53.0,
    "maxResTime" : 149.0,
    "pct1ResTime" : 111.9,
    "pct2ResTime" : 128.84999999999997,
    "pct3ResTime" : 147.36,
    "throughput" : 57.30659025787966,
    "receivedKBytesPerSec" : 1855.7081936911584,
    "sentKBytesPerSec" : 16.621149713467048
  },
  "Login" : {
    "transaction" : "Login",
    "sampleCount" : 140,
    "errorCount" : 0,
    "errorPct" : 0.0,
    "meanResTime" : 125.81428571428575,
    "medianResTime" : 111.5,
    "minResTime" : 75.0,
    "maxResTime" : 294.0,
    "pct1ResTime" : 193.00000000000006,
    "pct2ResTime" : 215.74999999999994,
    "pct3ResTime" : 291.13,
    "throughput" : 56.81818181818181,
    "receivedKBytesPerSec" : 97.3788174715909,
    "sentKBytesPerSec" : 33.62482244318182
  },
  "RunPractice" : {
    "transaction" : "RunPractice",
    "sampleCount" : 888,
    "errorCount" : 1,
    "errorPct" : 0.11261261,
    "meanResTime" : 2879.3648648648677,
    "medianResTime" : 2453.5,
    "minResTime" : 87.0,
    "maxResTime" : 12500.0,
    "pct1ResTime" : 3863.6000000000004,
    "pct2ResTime" : 5014.199999999992,
    "pct3ResTime" : 9774.030000000002,
    "throughput" : 3.261061166931077,
    "receivedKBytesPerSec" : 92.3154174080256,
    "sentKBytesPerSec" : 0.7634505001762737
  }
}