{
  "AssignmentsList" : {
    "transaction" : "AssignmentsList",
    "sampleCount" : 120,
    "errorCount" : 0,
    "errorPct" : 0.0,
    "meanResTime" : 34.583333333333314,
    "medianResTime" : 32.0,
    "minResTime" : 25.0,
    "maxResTime" : 120.0,
    "pct1ResTime" : 50.30000000000004,
    "pct2ResTime" : 56.94999999999999,
    "pct3ResTime" : 110.96999999999966,
    "throughput" : 54.794520547945204,
    "receivedKBytesPerSec" : 20.998323344748858,
    "sentKBytesPerSec" : 17.711900684931507
  },
  "Get CSRF Token" : {
    "transaction" : "Get CSRF Token",
    "sampleCount" : 120,
    "errorCount" : 0,
    "errorPct" : 0.0,
    "meanResTime" : 37.36666666666667,
    "medianResTime" : 31.0,
    "minResTime" : 25.0,
    "maxResTime" : 135.0,
    "pct1ResTime" : 47.900000000000006,
    "pct2ResTime" : 84.74999999999972,
    "pct3ResTime" : 135.0,
    "throughput" : 52.84015852047556,
    "receivedKBytesPerSec" : 1412.2469795794805,
    "sentKBytesPerSec" : 6.966231836195509
  },
  "StudentCourses" : {
    "transaction" : "StudentCourses",
    "sampleCount" : 120,
    "errorCount" : 0,
    "errorPct" : 0.0,
    "meanResTime" : 33.25833333333336,
    "medianResTime" : 30.0,
    "minResTime" : 23.0,
    "maxResTime" : 70.0,
    "pct1ResTime" : 49.0,
    "pct2ResTime" : 57.849999999999966,
    "pct3ResTime" : 68.31999999999994,
    "throughput" : 54.274084124830395,
    "receivedKBytesPerSec" : 67.72776741293532,
    "sentKBytesPerSec" : 13.144504748982362
  },
  "GetSubmissionId" : {
    "transaction" : "GetSubmissionId",
    "sampleCount" : 892,
    "errorCount" : 0,
    "errorPct" : 0.0,
    "meanResTime" : 1132.463004484304,
    "medianResTime" : 542.0,
    "minResTime" : 273.0,
    "maxResTime" : 12354.0,
    "pct1ResTime" : 2430.5,
    "pct2ResTime" : 5633.049999999999,
    "pct3ResTime" : 7318.139999999999,
    "throughput" : 3.29652460567357,
    "receivedKBytesPerSec" : 147.40944734822867,
    "sentKBytesPerSec" : 0.7629651675240586
  },
  "TestcasesResults" : {
    "transaction" : "TestcasesResults",
    "sampleCount" : 834,
    "errorCount" : 1,
    "errorPct" : 0.11990408,
    "meanResTime" : 18629.11510791369,
    "medianResTime" : 19131.0,
    "minResTime" : 5577.0,
    "maxResTime" : 25172.0,
    "pct1ResTime" : 21862.5,
    "pct2ResTime" : 22252.5,
    "pct3ResTime" : 23067.45,
    "throughput" : 2.9550785540665987,
    "receivedKBytesPerSec" : 85.56987989014124,
    "sentKBytesPerSec" : 0.7148249541147874
  },
  "Total" : {
    "transaction" : "Total",
    "sampleCount" : 4117,
    "errorCount" : 1,
    "errorPct" : 0.024289532,
    "meanResTime" : 5325.059995142092,
    "medianResTime" : 1888.0,
    "minResTime" : 23.0,
    "maxResTime" : 25172.0,
    "pct1ResTime" : 19725.400000000005,
    "pct2ResTime" : 21306.2,
    "pct3ResTime" : 22519.980000000007,
    "throughput" : 12.85674580992502,
    "receivedKBytesPerSec" : 428.53853764275294,
    "sentKBytesPerSec" : 6.415387488250302
  },
  "Upload" : {
    "transaction" : "Upload",
    "sampleCount" : 900,
    "errorCount" : 0,
    "errorPct" : 0.0,
    "meanResTime" : 3041.5522222222194,
    "medianResTime" : 1120.5,
    "minResTime" : 572.0,
    "maxResTime" : 23724.0,
    "pct1ResTime" : 6678.299999999998,
    "pct2ResTime" : 19368.9,
    "pct3ResTime" : 22814.86,
    "throughput" : 3.2655312293636567,
    "receivedKBytesPerSec" : 146.7583982830109,
    "sentKBytesPerSec" : 4.52758676561831
  },
  "Course Page" : {
    "transaction" : "Course Page",
    "sampleCount" : 120,
    "errorCount" : 0,
    "errorPct" : 0.0,
    "meanResTime" : 95.22500000000001,
    "medianResTime" : 75.0,
    "minResTime" : 52.0,
    "maxResTime" : 252.0,
    "pct1ResTime" : 179.0,
    "pct2ResTime" : 190.95,
    "pct3ResTime" : 247.79999999999984,
    "throughput" : 53.61930294906166,
    "receivedKBytesPerSec" : 1736.4267412310098,
    "sentKBytesPerSec" : 15.55169235924933
  },
  "Login" : {
    "transaction" : "Login",
    "sampleCount" : 120,
    "errorCount" : 0,
    "errorPct" : 0.0,
    "meanResTime" : 122.24166666666666,
    "medianResTime" : 105.0,
    "minResTime" : 79.0,
    "maxResTime" : 239.0,
    "pct1ResTime" : 173.9,
    "pct2ResTime" : 188.89999999999998,
    "pct3ResTime" : 236.4799999999999,
    "throughput" : 51.99306759098787,
    "receivedKBytesPerSec" : 89.10921252166378,
    "sentKBytesPerSec" : 30.7693349220104
  },
  "RunPractice" : {
    "transaction" : "RunPractice",
    "sampleCount" : 891,
    "errorCount" : 0,
    "errorPct" : 0.0,
    "meanResTime" : 2918.4231200897916,
    "medianResTime" : 2463.0,
    "minResTime" : 2077.0,
    "maxResTime" : 21702.0,
    "pct1ResTime" : 4292.600000000003,
    "pct2ResTime" : 5504.4,
    "pct3ResTime" : 9808.960000000001,
    "throughput" : 3.2857132320945226,
    "receivedKBytesPerSec" : 93.10457146518472,
    "sentKBytesPerSec" : 0.7700890387721537
  }
}