{
  "AssignmentsList" : {
    "transaction" : "AssignmentsList",
    "sampleCount" : 80,
    "errorCount" : 0,
    "errorPct" : 0.0,
    "meanResTime" : 34.199999999999996,
    "medianResTime" : 32.0,
    "minResTime" : 25.0,
    "maxResTime" : 72.0,
    "pct1ResTime" : 48.30000000000004,
    "pct2ResTime" : 56.900000000000006,
    "pct3ResTime" : 72.0,
    "throughput" : 58.18181818181818,
    "receivedKBytesPerSec" : 22.322443181818183,
    "sentKBytesPerSec" : 18.806818181818183
  },
  "Get CSRF Token" : {
    "transaction" : "Get CSRF Token",
    "sampleCount" : 80,
    "errorCount" : 0,
    "errorPct" : 0.0,
    "meanResTime" : 38.65,
    "medianResTime" : 31.0,
    "minResTime" : 25.0,
    "maxResTime" : 130.0,
    "pct1ResTime" : 53.80000000000001,
    "pct2ResTime" : 129.85000000000002,
    "pct3ResTime" : 130.0,
    "throughput" : 54.719562243502054,
    "receivedKBytesPerSec" : 1462.4517730420657,
    "sentKBytesPerSec" : 7.214004787961697
  },
  "StudentCourses" : {
    "transaction" : "StudentCourses",
    "sampleCount" : 80,
    "errorCount" : 0,
    "errorPct" : 0.0,
    "meanResTime" : 36.16249999999998,
    "medianResTime" : 30.0,
    "minResTime" : 23.0,
    "maxResTime" : 96.0,
    "pct1ResTime" : 57.70000000000002,
    "pct2ResTime" : 70.80000000000001,
    "pct3ResTime" : 96.0,
    "throughput" : 56.737588652482266,
    "receivedKBytesPerSec" : 70.79731826241135,
    "sentKBytesPerSec" : 13.74113475177305
  },
  "GetSubmissionId" : {
    "transaction" : "GetSubmissionId",
    "sampleCount" : 811,
    "errorCount" : 1,
    "errorPct" : 0.12330456,
    "meanResTime" : 873.7607891491995,
    "medianResTime" : 480.0,
    "minResTime" : 262.0,
    "maxResTime" : 11782.0,
    "pct1ResTime" : 1456.6000000000015,
    "pct2ResTime" : 1919.599999999999,
    "pct3ResTime" : 8445.88,
    "throughput" : 2.976845938128588,
    "receivedKBytesPerSec" : 132.52277097304506,
    "sentKBytesPerSec" : 0.6881274982931772
  },
  "TestcasesResults" : {
    "transaction" : "TestcasesResults",
    "sampleCount" : 787,
    "errorCount" : 1,
    "errorPct" : 0.12706481,
    "meanResTime" : 7917.186785260481,
    "medianResTime" : 8390.0,
    "minResTime" : 5240.0,
    "maxResTime" : 17560.0,
    "pct1ResTime" : 9649.2,
    "pct2ResTime" : 11472.399999999998,
    "pct3ResTime" : 14196.44,
    "throughput" : 2.8744763303127594,
    "receivedKBytesPerSec" : 83.23086148799806,
    "sentKBytesPerSec" : 0.6952776590732279
  },
  "Total" : {
    "transaction" : "Total",
    "sampleCount" : 3622,
    "errorCount" : 2,
    "errorPct" : 0.05521811,
    "meanResTime" : 3173.278023191612,
    "medianResTime" : 1737.0,
    "minResTime" : 23.0,
    "maxResTime" : 33661.0,
    "pct1ResTime" : 8628.0,
    "pct2ResTime" : 9321.5,
    "pct3ResTime" : 31706.4,
    "throughput" : 11.726464513037678,
    "receivedKBytesPerSec" : 399.29252414111414,
    "sentKBytesPerSec" : 5.886729904427048
  },
  "Upload" : {
    "transaction" : "Upload",
    "sampleCount" : 816,
    "errorCount" : 0,
    "errorPct" : 0.0,
    "meanResTime" : 2979.57720588235,
    "medianResTime" : 956.5,
    "minResTime" : 525.0,
    "maxResTime" : 33661.0,
    "pct1ResTime" : 2539.7000000000094,
    "pct2ResTime" : 28936.35,
    "pct3ResTime" : 32967.54,
    "throughput" : 2.9748992872637126,
    "receivedKBytesPerSec" : 133.24327765270968,
    "sentKBytesPerSec" : 4.1004196553892704
  },
  "Course Page" : {
    "transaction" : "Course Page",
    "sampleCount" : 80,
    "errorCount" : 0,
    "errorPct" : 0.0,
    "meanResTime" : 79.76250000000006,
    "medianResTime" : 71.5,
    "minResTime" : 55.0,
    "maxResTime" : 142.0,
    "pct1ResTime" : 117.0,
    "pct2ResTime" : 122.9,
    "pct3ResTime" : 142.0,
    "throughput" : 55.98320503848846,
    "receivedKBytesPerSec" : 1812.7562707750174,
    "sentKBytesPerSec" : 16.237316305108468
  },
  "Login" : {
    "transaction" : "Login",
    "sampleCount" : 80,
    "errorCount" : 0,
    "errorPct" : 0.0,
    "meanResTime" : 140.46249999999998,
    "medianResTime" : 112.5,
    "minResTime" : 77.0,
    "maxResTime" : 320.0,
    "pct1ResTime" : 259.70000000000005,
    "pct2ResTime" : 283.8,
    "pct3ResTime" : 320.0,
    "throughput" : 54.570259208731244,
    "receivedKBytesPerSec" : 93.52617667121419,
    "sentKBytesPerSec" : 32.29450886766712
  },
  "RunPractice" : {
    "transaction" : "RunPractice",
    "sampleCount" : 808,
    "errorCount" : 0,
    "errorPct" : 0.0,
    "meanResTime" : 2594.669554455447,
    "medianResTime" : 2283.5,
    "minResTime" : 84.0,
    "maxResTime" : 10764.0,
    "pct1ResTime" : 3302.4000000000005,
    "pct2ResTime" : 3859.099999999999,
    "pct3ResTime" : 8562.139999999908,
    "throughput" : 2.955063288824521,
    "receivedKBytesPerSec" : 83.73393507203882,
    "sentKBytesPerSec" : 0.6925929583182472
  }
}