{
  "AssignmentsList" : {
    "transaction" : "AssignmentsList",
    "sampleCount" : 200,
    "errorCount" : 0,
    "errorPct" : 0.0,
    "meanResTime" : 33.19500000000001,
    "medianResTime" : 32.0,
    "minResTime" : 24.0,
    "maxResTime" : 70.0,
    "pct1ResTime" : 38.900000000000006,
    "pct2ResTime" : 50.89999999999998,
    "pct3ResTime" : 62.98000000000002,
    "throughput" : 61.29328838492185,
    "receivedKBytesPerSec" : 23.433908596383695,
    "sentKBytesPerSec" : 19.81257661661048
  },
  "Get CSRF Token" : {
    "transaction" : "Get CSRF Token",
    "sampleCount" : 200,
    "errorCount" : 0,
    "errorPct" : 0.0,
    "meanResTime" : 33.210000000000015,
    "medianResTime" : 30.0,
    "minResTime" : 25.0,
    "maxResTime" : 124.0,
    "pct1ResTime" : 37.0,
    "pct2ResTime" : 47.89999999999998,
    "pct3ResTime" : 123.0,
    "throughput" : 60.44122091266244,
    "receivedKBytesPerSec" : 1615.3633438161075,
    "sentKBytesPerSec" : 7.968325022665457
  },
  "StudentCourses" : {
    "transaction" : "StudentCourses",
    "sampleCount" : 200,
    "errorCount" : 0,
    "errorPct" : 0.0,
    "meanResTime" : 36.71000000000001,
    "medianResTime" : 30.5,
    "minResTime" : 22.0,
    "maxResTime" : 126.0,
    "pct1ResTime" : 55.900000000000006,
    "pct2ResTime" : 60.94999999999999,
    "pct3ResTime" : 122.75000000000023,
    "throughput" : 61.652281134401974,
    "receivedKBytesPerSec" : 76.94493680641183,
    "sentKBytesPerSec" : 14.931411837237977
  },
  "GetSubmissionId" : {
    "transaction" : "GetSubmissionId",
    "sampleCount" : 947,
    "errorCount" : 3,
    "errorPct" : 0.31678987,
    "meanResTime" : 1608.303062302006,
    "medianResTime" : 738.0,
    "minResTime" : 239.0,
    "maxResTime" : 15395.0,
    "pct1ResTime" : 4917.0,
    "pct2ResTime" : 7267.799999999988,
    "pct3ResTime" : 8675.799999999996,
    "throughput" : 3.5209565699116228,
    "receivedKBytesPerSec" : 158.56686195326645,
    "sentKBytesPerSec" : 0.8123273448566892
  },
  "TestcasesResults" : {
    "transaction" : "TestcasesResults",
    "sampleCount" : 795,
    "errorCount" : 1,
    "errorPct" : 0.12578617,
    "meanResTime" : 39601.41635220122,
    "medianResTime" : 43535.0,
    "minResTime" : 6666.0,
    "maxResTime" : 48873.0,
    "pct1ResTime" : 46093.2,
    "pct2ResTime" : 46761.799999999996,
    "pct3ResTime" : 47869.52,
    "throughput" : 2.6289508667270716,
    "receivedKBytesPerSec" : 76.1217393103799,
    "sentKBytesPerSec" : 0.6358981587423364
  },
  "Total" : {
    "transaction" : "Total",
    "sampleCount" : 4637,
    "errorCount" : 10,
    "errorPct" : 0.21565667,
    "meanResTime" : 8910.469268923873,
    "medianResTime" : 1616.0,
    "minResTime" : 0.0,
    "maxResTime" : 48873.0,
    "pct1ResTime" : 43100.6,
    "pct2ResTime" : 44522.69999999999,
    "pct3ResTime" : 46601.34,
    "throughput" : 13.374559781715185,
    "receivedKBytesPerSec" : 426.6526956249297,
    "sentKBytesPerSec" : 6.5973788940029365
  },
  "Upload" : {
    "transaction" : "Upload",
    "sampleCount" : 951,
    "errorCount" : 0,
    "errorPct" : 0.0,
    "meanResTime" : 5500.423764458466,
    "medianResTime" : 1329.0,
    "minResTime" : 654.0,
    "maxResTime" : 34059.0,
    "pct1ResTime" : 23442.8,
    "pct2ResTime" : 26487.999999999996,
    "pct3ResTime" : 32162.200000000008,
    "throughput" : 3.452081049490718,
    "receivedKBytesPerSec" : 156.7139315269197,
    "sentKBytesPerSec" : 4.865644686798967
  },
  "Course Page" : {
    "transaction" : "Course Page",
    "sampleCount" : 200,
    "errorCount" : 0,
    "errorPct" : 0.0,
    "meanResTime" : 81.895,
    "medianResTime" : 72.0,
    "minResTime" : 55.0,
    "maxResTime" : 156.0,
    "pct1ResTime" : 117.9,
    "pct2ResTime" : 127.84999999999997,
    "pct3ResTime" : 143.99,
    "throughput" : 60.24096385542169,
    "receivedKBytesPerSec" : 1950.928616810994,
    "sentKBytesPerSec" : 17.472232680722893
  },
  "Login" : {
    "transaction" : "Login",
    "sampleCount" : 200,
    "errorCount" : 0,
    "errorPct" : 0.0,
    "meanResTime" : 130.73,
    "medianResTime" : 104.5,
    "minResTime" : 79.0,
    "maxResTime" : 347.0,
    "pct1ResTime" : 205.8,
    "pct2ResTime" : 238.89999999999998,
    "pct3ResTime" : 288.96000000000004,
    "throughput" : 60.222824450466724,
    "receivedKBytesPerSec" : 103.21392276422763,
    "sentKBytesPerSec" : 35.6396793134598
  },
  "RunPractice" : {
    "transaction" : "RunPractice",
    "sampleCount" : 944,
    "errorCount" : 6,
    "errorPct" : 0.63559324,
    "meanResTime" : 3196.6165254237276,
    "medianResTime" : 2729.5,
    "minResTime" : 0.0,
    "maxResTime" : 17136.0,
    "pct1ResTime" : 4729.0,
    "pct2ResTime" : 6299.25,
    "pct3ResTime" : 10183.999999999978,
    "throughput" : 3.537488383247894,
    "receivedKBytesPerSec" : 99.64340113441332,
    "sentKBytesPerSec" : 0.825585709146506
  }
}