Device,kB_read/s,kB_wrtn/s
loop0,0.0,0.0
sda,271.01068702290075,431.9022900763359
