{"Disk Write(KB/s)": 461.42348888888847, "Disk Read(KB/s)": 306.73144444444324}