{"user+system(%)": 38.19392265193366, "%idle": 52.546611111111105, "%iowait": 5.96193370165746}