{"I/O wait(%)": 5.972222222222222, "Available Memory(Kb)": 10772845.644444445, "Idle(%)": 52.577777777777776, "user+system(%)": 41.455555555555556}