Device,kB_read/s,kB_wrtn/s
loop0,0.0,0.0
sda,2084.918681318681,668.589010989011
