{"Disk Read(KB/s)": 2077.734711111111, "Disk Write(KB/s)": 665.811266666667}