{"%iowait": 20.029834254143644, "%idle": 29.97166666666668, "user+system(%)": 45.44955801104973}