{"I/O wait(%)": 20.066666666666666, "Idle(%)": 30.255555555555556, "Available Memory(Kb)": 2212453.066666667, "user+system(%)": 49.7}