Device,kB_read/s,kB_wrtn/s
loop0,0.0,0.0
sda,608.6700507614213,303.97969543147207
