{"Disk Read(KB/s)": 832.9528222222222, "Disk Write(KB/s)": 335.31077777777773}