{"user+system(%)": 8.36552486187845, "%idle": 89.43161111111111, "%iowait": 1.209116022099448}