{"I/O wait(%)": 1.15, "user+system(%)": 9.244444444444444, "Idle(%)": 89.46111111111111, "Available Memory(Kb)": 8293165.311111111}