Device,kB_read/s,kB_wrtn/s
loop0,0.0,0.0
sda,10.531147540983607,562.688524590164
