{"%iowait": 1.2381081081081071, "user+system(%)": 49.33513513513517, "%idle": 48.46509090909092}