{"user+system(%)": 49.95454545454545, "Idle(%)": 48.72727272727273, "I/O wait(%)": 1.2454545454545454, "Available Memory(Kb)": 2757506.5454545454}