Device,kB_read/s,kB_wrtn/s
loop0,0.0,0.0
sda,50.218666666666664,387.43466666666666
