{"Disk Write(KB/s)": 354.68803333333346, "Disk Read(KB/s)": 54.521433333333384}