{"user+system(%)": 26.372612612612606, "%idle": 71.4618181818182, "%iowait": 1.2114414414414418}