{"user+system(%)": 26.854545454545455, "Idle(%)": 71.85454545454546, "I/O wait(%)": 1.1272727272727272, "Available Memory(Kb)": 4814614.654545454}