{
  "AssignmentsList" : {
    "transaction" : "AssignmentsList",
    "sampleCount" : 180,
    "errorCount" : 0,
    "errorPct" : 0.0,
    "meanResTime" : 48.42222222222224,
    "medianResTime" : 39.0,
    "minResTime" : 25.0,
    "maxResTime" : 126.0,
    "pct1ResTime" : 84.40000000000003,
    "pct2ResTime" : 102.94999999999999,
    "pct3ResTime" : 117.08999999999997,
    "throughput" : 74.81296758104739,
    "receivedKBytesPerSec" : 28.64745687863674,
    "sentKBytesPerSec" : 24.182707294264336
  },
  "Get CSRF Token" : {
    "transaction" : "Get CSRF Token",
    "sampleCount" : 180,
    "errorCount" : 0,
    "errorPct" : 0.0,
    "meanResTime" : 1772.7055555555555,
    "medianResTime" : 1428.0,
    "minResTime" : 28.0,
    "maxResTime" : 3957.0,
    "pct1ResTime" : 3554.2000000000003,
    "pct2ResTime" : 3661.1,
    "pct3ResTime" : 3803.9099999999994,
    "throughput" : 44.16094210009813,
    "receivedKBytesPerSec" : 1180.2129174589058,
    "sentKBytesPerSec" : 5.821999202649657
  },
  "StudentCourses" : {
    "transaction" : "StudentCourses",
    "sampleCount" : 180,
    "errorCount" : 0,
    "errorPct" : 0.0,
    "meanResTime" : 131.52777777777774,
    "medianResTime" : 102.5,
    "minResTime" : 27.0,
    "maxResTime" : 1059.0,
    "pct1ResTime" : 249.60000000000002,
    "pct2ResTime" : 325.6499999999999,
    "pct3ResTime" : 988.5299999999997,
    "throughput" : 81.85538881309687,
    "receivedKBytesPerSec" : 102.15048033196908,
    "sentKBytesPerSec" : 19.824351978171897
  },
  "GetSubmissionId" : {
    "transaction" : "GetSubmissionId",
    "sampleCount" : 978,
    "errorCount" : 11,
    "errorPct" : 1.1247444,
    "meanResTime" : 4834.861963190189,
    "medianResTime" : 3857.5,
    "minResTime" : 46.0,
    "maxResTime" : 28032.0,
    "pct1ResTime" : 10017.3,
    "pct2ResTime" : 12065.849999999999,
    "pct3ResTime" : 18939.42,
    "throughput" : 3.6196482501332383,
    "receivedKBytesPerSec" : 160.81826115202338,
    "sentKBytesPerSec" : 0.8283280674020697
  },
  "TestcasesResults" : {
    "transaction" : "TestcasesResults",
    "sampleCount" : 899,
    "errorCount" : 17,
    "errorPct" : 1.89099,
    "meanResTime" : 15830.602892102348,
    "medianResTime" : 14148.0,
    "minResTime" : 5349.0,
    "maxResTime" : 52910.0,
    "pct1ResTime" : 25359.0,
    "pct2ResTime" : 30450.0,
    "pct3ResTime" : 42217.0,
    "throughput" : 3.315862659107926,
    "receivedKBytesPerSec" : 94.42774527448077,
    "sentKBytesPerSec" : 0.7878746943246743
  },
  "Total" : {
    "transaction" : "Total",
    "sampleCount" : 4764,
    "errorCount" : 57,
    "errorPct" : 1.1964736,
    "meanResTime" : 8278.037573467676,
    "medianResTime" : 5729.0,
    "minResTime" : 0.0,
    "maxResTime" : 63154.0,
    "pct1ResTime" : 18114.0,
    "pct2ResTime" : 23880.0,
    "pct3ResTime" : 50362.150000000045,
    "throughput" : 15.166130249171498,
    "receivedKBytesPerSec" : 486.96697366420904,
    "sentKBytesPerSec" : 7.614340393510782
  },
  "Upload" : {
    "transaction" : "Upload",
    "sampleCount" : 1046,
    "errorCount" : 24,
    "errorPct" : 2.294455,
    "meanResTime" : 11982.637667304014,
    "medianResTime" : 7777.0,
    "minResTime" : 11.0,
    "maxResTime" : 63154.0,
    "pct1ResTime" : 27327.5000000001,
    "pct2ResTime" : 48899.099999999955,
    "pct3ResTime" : 61438.54,
    "throughput" : 3.8092879617760165,
    "receivedKBytesPerSec" : 167.99893327532303,
    "sentKBytesPerSec" : 5.283453069690669
  },
  "Course Page" : {
    "transaction" : "Course Page",
    "sampleCount" : 180,
    "errorCount" : 0,
    "errorPct" : 0.0,
    "meanResTime" : 294.2833333333333,
    "medianResTime" : 262.5,
    "minResTime" : 56.0,
    "maxResTime" : 648.0,
    "pct1ResTime" : 546.9,
    "pct2ResTime" : 584.8499999999999,
    "pct3ResTime" : 633.42,
    "throughput" : 73.26007326007327,
    "receivedKBytesPerSec" : 2372.2213478072854,
    "sentKBytesPerSec" : 21.248282967032967
  },
  "Login" : {
    "transaction" : "Login",
    "sampleCount" : 180,
    "errorCount" : 0,
    "errorPct" : 0.0,
    "meanResTime" : 1048.5722222222223,
    "medianResTime" : 879.0,
    "minResTime" : 489.0,
    "maxResTime" : 2458.0,
    "pct1ResTime" : 1675.8,
    "pct2ResTime" : 2281.5499999999997,
    "pct3ResTime" : 2370.5199999999995,
    "throughput" : 67.41573033707866,
    "receivedKBytesPerSec" : 115.54160814606742,
    "sentKBytesPerSec" : 39.89641853932584
  },
  "RunPractice" : {
    "transaction" : "RunPractice",
    "sampleCount" : 941,
    "errorCount" : 5,
    "errorPct" : 0.5313496,
    "meanResTime" : 7810.130712008499,
    "medianResTime" : 6062.0,
    "minResTime" : 0.0,
    "maxResTime" : 48226.0,
    "pct1ResTime" : 15958.600000000006,
    "pct2ResTime" : 19352.0,
    "pct3ResTime" : 27029.480000000014,
    "throughput" : 3.492752816287141,
    "receivedKBytesPerSec" : 98.51378290114693,
    "sentKBytesPerSec" : 0.8142642391849005
  }
}