Device,kB_read/s,kB_wrtn/s
loop0,0.0,0.0
sda,509.28524590163937,860.655737704918
