{"%idle": 3.912000000000002, "%iowait": 1.3606306306306293, "user+system(%)": 1.6938738738738734}