{"Available Memory(Kb)": 654132.2545454545, "user+system(%)": 94.64545454545454, "I/O wait(%)": 1.3363636363636364, "Idle(%)": 3.918181818181818}