Device,kB_read/s,kB_wrtn/s
loop0,0.0,0.0
sda,59.12328767123287,407.15616438356165
