{"%idle": 56.199909090909046, "%iowait": 1.692702702702703, "user+system(%)": 40.46738738738739}