{"Available Memory(Kb)": 4839759.054545455, "user+system(%)": 41.30909090909091, "Idle(%)": 56.981818181818184, "I/O wait(%)": 1.690909090909091}