{"%idle": 80.22790909090914, "%iowait": 1.028288288288288, "user+system(%)": 17.923513513513516}