Device,kB_read/s,kB_wrtn/s
loop0,0.0,0.0
sda,10.036018957345972,403.8218009478673
