{"Disk Read(KB/s)": 9.23964444444445, "Disk Write(KB/s)": 391.8650888888882}