{"%idle": 77.93005555555557, "user+system(%)": 20.07679558011051, "%iowait": 0.7053591160220993}