{"Available Memory(Kb)": 7306544.711111112, "Idle(%)": 77.86111111111111, "I/O wait(%)": 0.6277777777777778, "user+system(%)": 21.394444444444446}