Device,kB_read/s,kB_wrtn/s
loop0,0.0,0.0
sda,268.04463519313305,437.34248927038624
