{"Disk Read(KB/s)": 292.9125111111109, "Disk Write(KB/s)": 467.308155555556}