{"user+system(%)": 31.759668508287277, "%idle": 60.305222222222184, "%iowait": 5.164088397790055}