{"Idle(%)": 60.59444444444444, "Available Memory(Kb)": 10698475.555555556, "I/O wait(%)": 5.194444444444445, "user+system(%)": 34.28333333333333}