Device,kB_read/s,kB_wrtn/s
loop0,0.0,0.0
sda,86.03010752688172,606.0129032258064
