Device,kB_read/s,kB_wrtn/s
loop0,0.0,0.0
sda,7.513812154696133,91.77900552486187
