{"Idle(%)": 85.57222222222222, "Available Memory(Kb)": 9441312.666666666, "I/O wait(%)": 0.6555555555555556, "user+system(%)": 13.655555555555555}