Device,kB_read/s,kB_wrtn/s
loop0,0.0,0.0
sda,14.877348066298342,231.19558011049725
