{"Disk Read(KB/s)": 13.006222222222227, "Disk Write(KB/s)": 219.21153333333334}