{"user+system(%)": 22.077292817679563, "%iowait": 1.7732596685082875, "%idle": 72.80927777777782}