{"Available Memory(Kb)": 8932165.577777777, "user+system(%)": 25.416666666666668, "Idle(%)": 72.87222222222222, "I/O wait(%)": 1.7722222222222221}