Device,kB_read/s,kB_wrtn/s
loop0,0.0,0.0
sda,5.264516129032258,888.7870967741935
