{"Disk Read(KB/s)": 5.328666666666665, "Disk Write(KB/s)": 866.9293333333333}