{"%idle": 3.158363636363633, "%iowait": 0.24306306306306308, "user+system(%)": 95.09612612612607}