{"Idle(%)": 3.1454545454545455, "Available Memory(Kb)": 6353099.672727273, "user+system(%)": 96.63636363636364, "I/O wait(%)": 0.22727272727272727}