{"%iowait": 0.64, "%idle": 93.34818181818181, "user+system(%)": 4.87378378378378}