{"I/O wait(%)": 0.5909090909090909, "Available Memory(Kb)": 10462045.054545455, "user+system(%)": 6.154545454545454, "Idle(%)": 93.19090909090909}