{
  "AssignmentsList" : {
    "transaction" : "AssignmentsList",
    "sampleCount" : 160,
    "errorCount" : 0,
    "errorPct" : 0.0,
    "meanResTime" : 186.85000000000002,
    "medianResTime" : 163.5,
    "minResTime" : 36.0,
    "maxResTime" : 492.0,
    "pct1ResTime" : 346.0,
    "pct2ResTime" : 398.95,
    "pct3ResTime" : 488.94999999999993,
    "throughput" : 32.180209171359614,
    "receivedKBytesPerSec" : 12.346484060740144,
    "sentKBytesPerSec" : 10.464853177795655
  },
  "Get CSRF Token" : {
    "transaction" : "Get CSRF Token",
    "sampleCount" : 160,
    "errorCount" : 0,
    "errorPct" : 0.0,
    "meanResTime" : 60.200000000000024,
    "medianResTime" : 42.0,
    "minResTime" : 31.0,
    "maxResTime" : 372.0,
    "pct1ResTime" : 120.70000000000002,
    "pct2ResTime" : 177.4999999999999,
    "pct3ResTime" : 290.8699999999982,
    "throughput" : 104.64355788096795,
    "receivedKBytesPerSec" : 3495.677960472531,
    "sentKBytesPerSec" : 14.00016350555919
  },
  "StudentCourses" : {
    "transaction" : "StudentCourses",
    "sampleCount" : 160,
    "errorCount" : 0,
    "errorPct" : 0.0,
    "meanResTime" : 289.05625000000015,
    "medianResTime" : 248.0,
    "minResTime" : 35.0,
    "maxResTime" : 1257.0,
    "pct1ResTime" : 590.7,
    "pct2ResTime" : 702.75,
    "pct3ResTime" : 1029.4699999999948,
    "throughput" : 43.30175913396482,
    "receivedKBytesPerSec" : 53.57746955345061,
    "sentKBytesPerSec" : 10.57171853856563
  },
  "Total" : {
    "transaction" : "Total",
    "sampleCount" : 1852,
    "errorCount" : 219,
    "errorPct" : 11.825054,
    "meanResTime" : 16614.796976241883,
    "medianResTime" : 4297.5,
    "minResTime" : 31.0,
    "maxResTime" : 98638.0,
    "pct1ResTime" : 50005.0,
    "pct2ResTime" : 54339.84999999992,
    "pct3ResTime" : 80941.47000000002,
    "throughput" : 5.707804775817646,
    "receivedKBytesPerSec" : 152.02575350265664,
    "sentKBytesPerSec" : 5.1443915260904
  },
  "Upload" : {
    "transaction" : "Upload",
    "sampleCount" : 1052,
    "errorCount" : 219,
    "errorPct" : 20.81749,
    "meanResTime" : 28694.278517110244,
    "medianResTime" : 25652.5,
    "minResTime" : 1018.0,
    "maxResTime" : 98638.0,
    "pct1ResTime" : 52456.5,
    "pct2ResTime" : 63720.849999999955,
    "pct3ResTime" : 85450.22,
    "throughput" : 3.5426123735502904,
    "receivedKBytesPerSec" : 125.24985945939802,
    "sentKBytesPerSec" : 4.764578311896375
  },
  "Course Page" : {
    "transaction" : "Course Page",
    "sampleCount" : 160,
    "errorCount" : 0,
    "errorPct" : 0.0,
    "meanResTime" : 1236.34375,
    "medianResTime" : 1474.5,
    "minResTime" : 83.0,
    "maxResTime" : 2800.0,
    "pct1ResTime" : 2052.0,
    "pct2ResTime" : 2203.65,
    "pct3ResTime" : 2722.5299999999984,
    "throughput" : 31.146583609110376,
    "receivedKBytesPerSec" : 1217.741880292486,
    "sentKBytesPerSec" : 9.094559081175785
  },
  "Login" : {
    "transaction" : "Login",
    "sampleCount" : 160,
    "errorCount" : 0,
    "errorPct" : 0.0,
    "meanResTime" : 1878.9437499999997,
    "medianResTime" : 1909.0,
    "minResTime" : 270.0,
    "maxResTime" : 3462.0,
    "pct1ResTime" : 2665.1,
    "pct2ResTime" : 2840.9,
    "pct3ResTime" : 3290.589999999996,
    "throughput" : 40.774719673802245,
    "receivedKBytesPerSec" : 69.82869839449542,
    "sentKBytesPerSec" : 24.235872196738022
  }
}