Device,kB_read/s,kB_wrtn/s
loop0,0.0,0.0
sda,23.015384615384615,406.46593406593405
