{"Disk Write(KB/s)": 363.2521555555559, "Disk Read(KB/s)": 20.27323333333334}