Device,kB_read/s,kB_wrtn/s
loop0,0.0,0.0
sda,12.50989010989011,699.6879120879121
