{"Disk Write(KB/s)": 634.4208777777785, "Disk Read(KB/s)": 10.925233333333333}