{"user+system(%)": 73.8760220994475, "%iowait": 1.961049723756907, "%idle": 20.007944444444444}