{"Idle(%)": 20.377777777777776, "user+system(%)": 77.67777777777778, "I/O wait(%)": 1.9333333333333333, "Available Memory(Kb)": 7439982.955555555}