{
  "AssignmentsList" : {
    "transaction" : "AssignmentsList",
    "sampleCount" : 100,
    "errorCount" : 1,
    "errorPct" : 1.0,
    "meanResTime" : 92.10000000000004,
    "medianResTime" : 41.5,
    "minResTime" : 0.0,
    "maxResTime" : 1567.0,
    "pct1ResTime" : 206.00000000000006,
    "pct2ResTime" : 320.29999999999984,
    "pct3ResTime" : 1555.499999999994,
    "throughput" : 9.69555943377933,
    "receivedKBytesPerSec" : 3.782404377545084,
    "sentKBytesPerSec" : 3.12142097513089
  },
  "Get CSRF Token" : {
    "transaction" : "Get CSRF Token",
    "sampleCount" : 100,
    "errorCount" : 0,
    "errorPct" : 0.0,
    "meanResTime" : 9087.940000000002,
    "medianResTime" : 8591.0,
    "minResTime" : 5253.0,
    "maxResTime" : 13691.0,
    "pct1ResTime" : 13451.8,
    "pct2ResTime" : 13560.699999999999,
    "pct3ResTime" : 13690.71,
    "throughput" : 6.7490045218330295,
    "receivedKBytesPerSec" : 180.35989593878654,
    "sentKBytesPerSec" : 0.9029429877843018
  },
  "StudentCourses" : {
    "transaction" : "StudentCourses",
    "sampleCount" : 100,
    "errorCount" : 1,
    "errorPct" : 1.0,
    "meanResTime" : 146.55000000000007,
    "medianResTime" : 50.5,
    "minResTime" : 23.0,
    "maxResTime" : 1333.0,
    "pct1ResTime" : 399.1,
    "pct2ResTime" : 461.29999999999984,
    "pct3ResTime" : 1328.6299999999978,
    "throughput" : 8.352125615969264,
    "receivedKBytesPerSec" : 10.398804210515326,
    "sentKBytesPerSec" : 2.0187022362816336
  },
  "GetSubmissionId" : {
    "transaction" : "GetSubmissionId",
    "sampleCount" : 555,
    "errorCount" : 2,
    "errorPct" : 0.36036035,
    "meanResTime" : 2176.1891891891887,
    "medianResTime" : 1196.0,
    "minResTime" : 0.0,
    "maxResTime" : 47339.0,
    "pct1ResTime" : 3262.2000000000007,
    "pct2ResTime" : 7215.399999999984,
    "pct3ResTime" : 23612.399999999918,
    "throughput" : 2.0878240359331444,
    "receivedKBytesPerSec" : 93.48244611391996,
    "sentKBytesPerSec" : 0.48553885022025606
  },
  "TestcasesResults" : {
    "transaction" : "TestcasesResults",
    "sampleCount" : 494,
    "errorCount" : 0,
    "errorPct" : 0.0,
    "meanResTime" : 26893.054655870463,
    "medianResTime" : 27238.5,
    "minResTime" : 14365.0,
    "maxResTime" : 54059.0,
    "pct1ResTime" : 31031.5,
    "pct2ResTime" : 32266.0,
    "pct3ResTime" : 41265.0,
    "throughput" : 1.815088751961141,
    "receivedKBytesPerSec" : 52.55048215591392,
    "sentKBytesPerSec" : 0.4395918071155888
  },
  "Total" : {
    "transaction" : "Total",
    "sampleCount" : 2662,
    "errorCount" : 7,
    "errorPct" : 0.26296017,
    "meanResTime" : 7914.017280240412,
    "medianResTime" : 2669.5,
    "minResTime" : 0.0,
    "maxResTime" : 54059.0,
    "pct1ResTime" : 27586.800000000003,
    "pct2ResTime" : 29346.649999999998,
    "pct3ResTime" : 36030.129999999874,
    "throughput" : 8.02919708029197,
    "receivedKBytesPerSec" : 260.1240906545967,
    "sentKBytesPerSec" : 4.000306806870966
  },
  "Upload" : {
    "transaction" : "Upload",
    "sampleCount" : 560,
    "errorCount" : 1,
    "errorPct" : 0.17857143,
    "meanResTime" : 5172.544642857144,
    "medianResTime" : 2116.0,
    "minResTime" : 0.0,
    "maxResTime" : 46350.0,
    "pct1ResTime" : 14967.7,
    "pct2ResTime" : 25010.099999999988,
    "pct3ResTime" : 43620.06,
    "throughput" : 2.0832713312103808,
    "receivedKBytesPerSec" : 93.91508428529843,
    "sentKBytesPerSec" : 2.9395218601659923
  },
  "Course Page" : {
    "transaction" : "Course Page",
    "sampleCount" : 100,
    "errorCount" : 1,
    "errorPct" : 1.0,
    "meanResTime" : 1141.1599999999996,
    "medianResTime" : 145.5,
    "minResTime" : 0.0,
    "maxResTime" : 5303.0,
    "pct1ResTime" : 4132.7,
    "pct2ResTime" : 4300.95,
    "pct3ResTime" : 5302.79,
    "throughput" : 8.512087163772557,
    "receivedKBytesPerSec" : 272.8791436574311,
    "sentKBytesPerSec" : 2.4606083216292136
  },
  "Login" : {
    "transaction" : "Login",
    "sampleCount" : 100,
    "errorCount" : 0,
    "errorPct" : 0.0,
    "meanResTime" : 2266.0499999999993,
    "medianResTime" : 2652.5,
    "minResTime" : 177.0,
    "maxResTime" : 4599.0,
    "pct1ResTime" : 3979.2000000000003,
    "pct2ResTime" : 4131.999999999998,
    "pct3ResTime" : 4595.319999999998,
    "throughput" : 7.836990595611285,
    "receivedKBytesPerSec" : 13.415029878526646,
    "sentKBytesPerSec" : 4.651988636363637
  },
  "RunPractice" : {
    "transaction" : "RunPractice",
    "sampleCount" : 553,
    "errorCount" : 1,
    "errorPct" : 0.18083182,
    "meanResTime" : 4347.477396021696,
    "medianResTime" : 3227.0,
    "minResTime" : 0.0,
    "maxResTime" : 48399.0,
    "pct1ResTime" : 5555.6,
    "pct2ResTime" : 8849.299999999976,
    "pct3ResTime" : 29829.640000000043,
    "throughput" : 2.074245226047719,
    "receivedKBytesPerSec" : 58.6305886292071,
    "sentKBytesPerSec" : 0.48527210871595594
  }
}