{"Disk Read(KB/s)": 7.116333333333332, "Disk Write(KB/s)": 1025.628833333333}