{"%sys": 7.5810810810810825, "%idle": 0.35736363636363644, "%guest": 0.0, "%iowait": 0.13189189189189188, "user+system(%)": 97.63846846846846}