{"Available Memory(Kb)": 6057457.709090909, "I/O wait(%)": 0.11818181818181818, "Idle(%)": 0.34545454545454546, "user+system(%)": 99.49090909090908, "sys(%)": 8.4}