Device,kB_read/s,kB_wrtn/s
loop0,0.0,0.0
sda,6.912707182320442,337.60441988950276
