{"Disk Read(KB/s)": 6.14331111111111, "Disk Write(KB/s)": 314.7270555555552}