{"user+system(%)": 13.322222222222223, "I/O wait(%)": 1.15, "Available Memory(Kb)": 7560403.511111111, "Idle(%)": 85.41111111111111}