{"Available Memory(Kb)": 1173941.490909091, "user+system(%)": 42.85454545454545, "Idle(%)": 46.836363636363636, "I/O wait(%)": 10.345454545454546}