Device,kB_read/s,kB_wrtn/s
loop0,0.0,0.0
sda,56.708196721311474,551.2918032786886
