{"%sys": 4.356486486486485, "%guest": 36.18009009009009, "%iowait": 2.044324324324323, "user+system(%)": 11.022612612612608, "%idle": 50.073999999999984}