{"sys(%)": 4.463636363636364, "user+system(%)": 47.972727272727276, "Idle(%)": 50.00909090909091, "I/O wait(%)": 2.0727272727272728, "Available Memory(Kb)": 3179600.909090909}