{"Available Memory(Kb)": 6664292.333333333, "I/O wait(%)": 0.9444444444444444, "Idle(%)": 10.155555555555555, "user+system(%)": 88.87222222222222}