{"%idle": 0.8301818181818188, "%iowait": 0.13135135135135126, "user+system(%)": 96.65405405405404}