{"Idle(%)": 0.7909090909090909, "user+system(%)": 99.05454545454545, "Available Memory(Kb)": 1676454.0727272728, "I/O wait(%)": 0.11818181818181818}