Device,kB_read/s,kB_wrtn/s
loop0,0.0,0.0
sda,1.5475409836065575,132.83934426229507
