{"Disk Write(KB/s)": 129.53383333333332, "Disk Read(KB/s)": 1.5438333333333332}