{"%iowait": 0.4371171171171172, "%idle": 92.05509090909092, "user+system(%)": 7.172252252252253}