{"Idle(%)": 91.7909090909091, "Available Memory(Kb)": 3011083.2363636363, "user+system(%)": 7.545454545454546, "I/O wait(%)": 0.45454545454545453}