Device,kB_read/s,kB_wrtn/s
loop0,0.0,0.0
sda,0.24918032786885247,521.4950819672131
