{"Idle(%)": 1.0818181818181818, "I/O wait(%)": 0.5818181818181818, "user+system(%)": 98.30909090909091, "Available Memory(Kb)": 3205466.581818182}