Device,kB_read/s,kB_wrtn/s
loop0,0.0,0.0
sda,34.51803278688524,477.1803278688525
