{"Available Memory(Kb)": 9366190.545454545, "user+system(%)": 44.6, "Idle(%)": 53.472727272727276, "I/O wait(%)": 2.036363636363636}