{
  "AssignmentsList" : {
    "transaction" : "AssignmentsList",
    "sampleCount" : 180,
    "errorCount" : 0,
    "errorPct" : 0.0,
    "meanResTime" : 45.79999999999997,
    "medianResTime" : 39.0,
    "minResTime" : 25.0,
    "maxResTime" : 144.0,
    "pct1ResTime" : 71.9,
    "pct2ResTime" : 78.89999999999998,
    "pct3ResTime" : 131.03999999999996,
    "throughput" : 41.077133728890914,
    "receivedKBytesPerSec" : 15.729297409858514,
    "sentKBytesPerSec" : 13.277862562756733
  },
  "Get CSRF Token" : {
    "transaction" : "Get CSRF Token",
    "sampleCount" : 180,
    "errorCount" : 0,
    "errorPct" : 0.0,
    "meanResTime" : 949.0166666666667,
    "medianResTime" : 969.5,
    "minResTime" : 25.0,
    "maxResTime" : 3267.0,
    "pct1ResTime" : 1621.4,
    "pct2ResTime" : 2444.4999999999923,
    "pct3ResTime" : 3128.49,
    "throughput" : 54.5289306270827,
    "receivedKBytesPerSec" : 1457.3874394122993,
    "sentKBytesPerSec" : 7.188872690093911
  },
  "StudentCourses" : {
    "transaction" : "StudentCourses",
    "sampleCount" : 180,
    "errorCount" : 0,
    "errorPct" : 0.0,
    "meanResTime" : 122.44444444444444,
    "medianResTime" : 96.5,
    "minResTime" : 25.0,
    "maxResTime" : 782.0,
    "pct1ResTime" : 219.9,
    "pct2ResTime" : 303.34999999999985,
    "pct3ResTime" : 776.3299999999999,
    "throughput" : 44.21518054532056,
    "receivedKBytesPerSec" : 55.177820253009095,
    "sentKBytesPerSec" : 10.708364038319823
  },
  "GetSubmissionId" : {
    "transaction" : "GetSubmissionId",
    "sampleCount" : 1019,
    "errorCount" : 3,
    "errorPct" : 0.2944063,
    "meanResTime" : 5959.048086359174,
    "medianResTime" : 5031.0,
    "minResTime" : 296.0,
    "maxResTime" : 37356.0,
    "pct1ResTime" : 12311.0,
    "pct2ResTime" : 14563.0,
    "pct3ResTime" : 19428.999999999996,
    "throughput" : 3.7310563759323063,
    "receivedKBytesPerSec" : 166.9102581280459,
    "sentKBytesPerSec" : 0.8609932061088268
  },
  "TestcasesResults" : {
    "transaction" : "TestcasesResults",
    "sampleCount" : 907,
    "errorCount" : 9,
    "errorPct" : 0.9922823,
    "meanResTime" : 16824.022050716656,
    "medianResTime" : 15023.0,
    "minResTime" : 5553.0,
    "maxResTime" : 53531.0,
    "pct1ResTime" : 26621.200000000008,
    "pct2ResTime" : 30123.799999999985,
    "pct3ResTime" : 36520.59999999997,
    "throughput" : 3.123256726882046,
    "receivedKBytesPerSec" : 89.699371743738,
    "sentKBytesPerSec" : 0.7489079792838893
  },
  "Total" : {
    "transaction" : "Total",
    "sampleCount" : 4864,
    "errorCount" : 24,
    "errorPct" : 0.49342105,
    "meanResTime" : 8661.308593750016,
    "medianResTime" : 6884.0,
    "minResTime" : 8.0,
    "maxResTime" : 54046.0,
    "pct1ResTime" : 18429.5,
    "pct2ResTime" : 24095.0,
    "pct3ResTime" : 36586.25000000001,
    "throughput" : 14.379598943998204,
    "receivedKBytesPerSec" : 464.8777593663989,
    "sentKBytesPerSec" : 7.071064055030642
  },
  "Upload" : {
    "transaction" : "Upload",
    "sampleCount" : 1020,
    "errorCount" : 8,
    "errorPct" : 0.78431374,
    "meanResTime" : 11496.835294117649,
    "medianResTime" : 9471.5,
    "minResTime" : 8.0,
    "maxResTime" : 54046.0,
    "pct1ResTime" : 20379.899999999998,
    "pct2ResTime" : 35609.0,
    "pct3ResTime" : 51540.53999999999,
    "throughput" : 3.730510823967435,
    "receivedKBytesPerSec" : 166.8822772962757,
    "sentKBytesPerSec" : 5.181901976484981
  },
  "Course Page" : {
    "transaction" : "Course Page",
    "sampleCount" : 180,
    "errorCount" : 0,
    "errorPct" : 0.0,
    "meanResTime" : 280.1277777777778,
    "medianResTime" : 209.5,
    "minResTime" : 53.0,
    "maxResTime" : 809.0,
    "pct1ResTime" : 604.9,
    "pct2ResTime" : 693.6499999999999,
    "pct3ResTime" : 774.1699999999998,
    "throughput" : 40.46762589928058,
    "receivedKBytesPerSec" : 1310.4733254412095,
    "sentKBytesPerSec" : 11.737192277428056
  },
  "Login" : {
    "transaction" : "Login",
    "sampleCount" : 180,
    "errorCount" : 0,
    "errorPct" : 0.0,
    "meanResTime" : 783.3499999999999,
    "medianResTime" : 796.0,
    "minResTime" : 78.0,
    "maxResTime" : 1831.0,
    "pct1ResTime" : 1449.6000000000008,
    "pct2ResTime" : 1522.6,
    "pct3ResTime" : 1728.1299999999997,
    "throughput" : 40.46762589928058,
    "receivedKBytesPerSec" : 69.35613618480215,
    "sentKBytesPerSec" : 23.948614545863308
  },
  "RunPractice" : {
    "transaction" : "RunPractice",
    "sampleCount" : 1018,
    "errorCount" : 4,
    "errorPct" : 0.39292732,
    "meanResTime" : 8524.206286836936,
    "medianResTime" : 7016.0,
    "minResTime" : 91.0,
    "maxResTime" : 50002.0,
    "pct1ResTime" : 16038.6,
    "pct2ResTime" : 20437.199999999993,
    "pct3ResTime" : 27034.779999999988,
    "throughput" : 3.7788938754449855,
    "receivedKBytesPerSec" : 106.69594291499159,
    "sentKBytesPerSec" : 0.8839382161987593
  }
}