Device,kB_read/s,kB_wrtn/s
loop0,0.0,0.0
sda,90.55737704918033,949.927868852459
