Device,kB_read/s,kB_wrtn/s
loop0,0.0,0.0
sda,10.103225806451613,1056.7354838709678
