{"Disk Write(KB/s)": 1021.0741666666665, "Disk Read(KB/s)": 9.286833333333329}