{"user+system(%)": 97.57891891891894, "%iowait": 0.1236036036036036, "%idle": 0.5704545454545457}