{"user+system(%)": 99.31818181818181, "I/O wait(%)": 0.10909090909090909, "Available Memory(Kb)": 5975468.69090909, "Idle(%)": 0.5636363636363636}