Device,kB_read/s,kB_wrtn/s
loop0,0.0,0.0
sda,1554.2032786885245,52.94426229508197
