Device,kB_read/s,kB_wrtn/s
loop0,0.0,0.0
sda,23.711475409836066,736.4983606557377
