{"%idle": 31.89672727272728, "%iowait": 1.015225225225225, "user+system(%)": 65.32495495495493}