{"%iowait": 2.34981981981982, "%sys": 8.695315315315316, "%guest": 0.0, "user+system(%)": 93.55072072072072, "%idle": 1.5344545454545453}