{"Available Memory(Kb)": 9531885.163636364, "I/O wait(%)": 2.4, "Idle(%)": 1.5545454545454545, "sys(%)": 9.518181818181818, "user+system(%)": 96.31818181818181}