Device,kB_read/s,kB_wrtn/s
loop0,0.0,0.0
sda,80.27540983606558,840.2885245901639
