{"Disk Read(KB/s)": 79.17516666666666, "Disk Write(KB/s)": 823.8280000000001}