{"user+system(%)": 86.13450450450449, "%idle": 11.131363636363632, "%iowait": 1.0734234234234235}