{"user+system(%)": 87.72727272727273, "I/O wait(%)": 1.0727272727272728, "Idle(%)": 11.1, "Available Memory(Kb)": 2191046.4}