{"Disk Read(KB/s)": 1.3070000000000002, "Disk Write(KB/s)": 875.2934333333334}