{"%iowait": 2.6739639639639616, "%idle": 29.55272727272725, "user+system(%)": 65.83990990990989}