{"user+system(%)": 67.67272727272727, "Available Memory(Kb)": 5458157.927272728, "I/O wait(%)": 2.727272727272727, "Idle(%)": 29.554545454545455}