{"%iowait": 0.38502369668246444, "%idle": 93.76161904761904, "user+system(%)": 2.5712796208530806}