{"user+system(%)": 6.109523809523809, "Available Memory(Kb)": 4257130.266666667, "Idle(%)": 93.76666666666667, "I/O wait(%)": 0.41904761904761906}