Device,kB_read/s,kB_wrtn/s
loop0,0.0,0.0
sda,9.961290322580645,958.8774193548387
