{"Disk Write(KB/s)": 947.1871666666666, "Disk Read(KB/s)": 9.904166666666665}