{"%sys": 7.587027027027027, "%iowait": 0.46324324324324356, "%idle": 3.81172727272727, "user+system(%)": 93.98792792792794, "%guest": 0.0}