{"Available Memory(Kb)": 6503244.654545454, "Idle(%)": 3.8363636363636364, "sys(%)": 8.318181818181818, "I/O wait(%)": 0.45454545454545453, "user+system(%)": 95.69090909090909}