{"Disk Write(KB/s)": 1066.4608333333338, "Disk Read(KB/s)": 80.22483333333335}