{"user+system(%)": 8.852162162162163, "%idle": 29.57209090909091, "%iowait": 6.557567567567568}