{"%idle": 9.553363636363633, "%iowait": 2.076576576576576, "user+system(%)": 85.70729729729732}