{"Available Memory(Kb)": 9996451.38181818, "Idle(%)": 9.536363636363637, "I/O wait(%)": 2.081818181818182, "user+system(%)": 88.42727272727272}