Device,kB_read/s,kB_wrtn/s
loop0,0.0,0.0
sda,5.171084337349398,60.99277108433735
