{"Disk Read(KB/s)": 3.2263666666666655, "Disk Write(KB/s)": 56.92327777777775}