{"user+system(%)": 18.09552486187846, "%idle": 65.92527777777778, "%iowait": 1.0050276243093932}