{"Available Memory(Kb)": 11125241.844444444, "user+system(%)": 0.7111111111111111, "Idle(%)": 99.0, "I/O wait(%)": 0.005555555555555556}