{"Disk Read(KB/s)": 249.2313333333333, "Disk Write(KB/s)": 84.83133333333333}