{"%iowait": 0.18801801801801798, "%idle": 88.76172727272728, "user+system(%)": 2.5162162162162143, "%sys": 1.551531531531531, "%guest": 8.241441441441442}