{"sys(%)": 1.5909090909090908, "user+system(%)": 11.063636363636364, "Idle(%)": 88.76363636363637, "I/O wait(%)": 0.09090909090909091, "Available Memory(Kb)": 363988.1818181818}