Device,kB_read/s,kB_wrtn/s
loop0,0.0,0.0
sda,306.7818181818182,518.1272727272727
