{"Disk Write(KB/s)": 426.4715666666664, "Disk Read(KB/s)": 122.59307777777784}