{"%iowait": 1.51, "%idle": 80.76716666666668, "user+system(%)": 16.503370165745853}