{"Idle(%)": 80.82222222222222, "I/O wait(%)": 1.4666666666666666, "user+system(%)": 17.7, "Available Memory(Kb)": 10180826.91111111}