Device,kB_read/s,kB_wrtn/s
loop0,0.0,0.0
sda,1963.4584615384615,88.60307692307693
