{"Disk Write(KB/s)": 85.40916666666665, "Disk Read(KB/s)": 1905.7676666666666}