{"user+system(%)": 3.8019819819819847, "%iowait": 51.91603603603607, "%guest": 0.0, "%sys": 0.9645045045045043, "%idle": 44.088636363636375}