{"sys(%)": 0.5545454545454546, "I/O wait(%)": 52.481818181818184, "user+system(%)": 3.481818181818182, "Idle(%)": 44.027272727272724, "Available Memory(Kb)": 6903933.054545455}