{"Disk Write(KB/s)": 417.55392222222247, "Disk Read(KB/s)": 4.0847999999999995}