{"%iowait": 1.8842541436464089, "%idle": 58.331777777777795, "user+system(%)": 36.59138121546963}