{"Available Memory(Kb)": 10028550.777777778, "user+system(%)": 39.75555555555555, "I/O wait(%)": 1.8388888888888888, "Idle(%)": 58.34444444444444}