{"Disk Read(KB/s)": 0.3924444444444445, "Disk Write(KB/s)": 38.249544444444425}