{"%iowait": 0.3223204419889505, "user+system(%)": 2.97839779005525, "%idle": 90.34633333333332}