{"user+system(%)": 9.216666666666667, "Available Memory(Kb)": 7066981.088888889, "Idle(%)": 90.46666666666667, "I/O wait(%)": 0.15}