Device,kB_read/s,kB_wrtn/s
loop0,0.0,0.0
sda,2865.418181818182,394.8727272727273
