Device,kB_read/s,kB_wrtn/s
loop0,0.0,0.0
sda,510.1333333333333,63.36842105263158
