{"%idle": 89.2890909090908, "user+system(%)": 7.9250450450450405, "%iowait": 0.6133333333333334}