Device,kB_read/s,kB_wrtn/s
loop0,0.0,0.0
sda,9.387845303867403,299.3193370165746
