{"Disk Read(KB/s)": 8.12911111111111, "Disk Write(KB/s)": 287.36704444444456}