{"%iowait": 1.4244198895027633, "%idle": 70.29044444444447, "user+system(%)": 25.473149171270734}