{"Idle(%)": 70.25, "I/O wait(%)": 1.4111111111111112, "Available Memory(Kb)": 8634245.866666667, "user+system(%)": 28.433333333333334}