{
  "AssignmentsList" : {
    "transaction" : "AssignmentsList",
    "sampleCount" : 60,
    "errorCount" : 0,
    "errorPct" : 0.0,
    "meanResTime" : 32.900000000000006,
    "medianResTime" : 29.0,
    "minResTime" : 25.0,
    "maxResTime" : 72.0,
    "pct1ResTime" : 47.8,
    "pct2ResTime" : 49.0,
    "pct3ResTime" : 72.0,
    "throughput" : 53.66726296958855,
    "receivedKBytesPerSec" : 20.710462321109123,
    "sentKBytesPerSec" : 17.347523479427547
  },
  "Get CSRF Token" : {
    "transaction" : "Get CSRF Token",
    "sampleCount" : 60,
    "errorCount" : 0,
    "errorPct" : 0.0,
    "meanResTime" : 37.71666666666666,
    "medianResTime" : 29.0,
    "minResTime" : 24.0,
    "maxResTime" : 137.0,
    "pct1ResTime" : 58.199999999999974,
    "pct2ResTime" : 137.0,
    "pct3ResTime" : 137.0,
    "throughput" : 51.903114186851205,
    "receivedKBytesPerSec" : 1387.0904519896194,
    "sentKBytesPerSec" : 6.84269571799308
  },
  "StudentCourses" : {
    "transaction" : "StudentCourses",
    "sampleCount" : 60,
    "errorCount" : 0,
    "errorPct" : 0.0,
    "meanResTime" : 33.93333333333334,
    "medianResTime" : 25.0,
    "minResTime" : 22.0,
    "maxResTime" : 98.0,
    "pct1ResTime" : 59.9,
    "pct2ResTime" : 80.79999999999998,
    "pct3ResTime" : 98.0,
    "throughput" : 52.40174672489083,
    "receivedKBytesPerSec" : 65.36572052401746,
    "sentKBytesPerSec" : 12.691048034934498
  },
  "GetSubmissionId" : {
    "transaction" : "GetSubmissionId",
    "sampleCount" : 651,
    "errorCount" : 0,
    "errorPct" : 0.0,
    "meanResTime" : 1004.222734254992,
    "medianResTime" : 460.0,
    "minResTime" : 242.0,
    "maxResTime" : 11213.0,
    "pct1ResTime" : 1866.4000000000012,
    "pct2ResTime" : 3879.1999999999966,
    "pct3ResTime" : 9688.48000000001,
    "throughput" : 2.3941041049139815,
    "receivedKBytesPerSec" : 104.01613491935069,
    "sentKBytesPerSec" : 0.5541041727193492
  },
  "TestcasesResults" : {
    "transaction" : "TestcasesResults",
    "sampleCount" : 642,
    "errorCount" : 1,
    "errorPct" : 0.15576324,
    "meanResTime" : 6822.753894080995,
    "medianResTime" : 6100.0,
    "minResTime" : 5195.0,
    "maxResTime" : 30007.0,
    "pct1ResTime" : 8971.900000000001,
    "pct2ResTime" : 9674.050000000001,
    "pct3ResTime" : 12714.800000000003,
    "throughput" : 2.354632611294901,
    "receivedKBytesPerSec" : 68.1595094538316,
    "sentKBytesPerSec" : 0.5693743260689372
  },
  "Total" : {
    "transaction" : "Total",
    "sampleCount" : 2896,
    "errorCount" : 1,
    "errorPct" : 0.034530386,
    "meanResTime" : 2852.8304558011077,
    "medianResTime" : 2068.0,
    "minResTime" : 22.0,
    "maxResTime" : 30007.0,
    "pct1ResTime" : 6920.500000000001,
    "pct2ResTime" : 8615.250000000002,
    "pct3ResTime" : 21204.830000000013,
    "throughput" : 9.408340155679442,
    "receivedKBytesPerSec" : 316.86215492837346,
    "sentKBytesPerSec" : 4.593145151301768
  },
  "Upload" : {
    "transaction" : "Upload",
    "sampleCount" : 652,
    "errorCount" : 0,
    "errorPct" : 0.0,
    "meanResTime" : 2226.7223926380366,
    "medianResTime" : 926.0,
    "minResTime" : 475.0,
    "maxResTime" : 23533.0,
    "pct1ResTime" : 3048.000000000002,
    "pct2ResTime" : 6455.6,
    "pct3ResTime" : 23436.34,
    "throughput" : 2.38328483909172,
    "receivedKBytesPerSec" : 104.06809610449899,
    "sentKBytesPerSec" : 3.1457455098657756
  },
  "Course Page" : {
    "transaction" : "Course Page",
    "sampleCount" : 60,
    "errorCount" : 0,
    "errorPct" : 0.0,
    "meanResTime" : 67.51666666666665,
    "medianResTime" : 58.0,
    "minResTime" : 50.0,
    "maxResTime" : 143.0,
    "pct1ResTime" : 104.39999999999999,
    "pct2ResTime" : 115.85,
    "pct3ResTime" : 143.0,
    "throughput" : 51.36986301369863,
    "receivedKBytesPerSec" : 1663.3969659674658,
    "sentKBytesPerSec" : 14.899266909246576
  },
  "Login" : {
    "transaction" : "Login",
    "sampleCount" : 60,
    "errorCount" : 0,
    "errorPct" : 0.0,
    "meanResTime" : 147.16666666666669,
    "medianResTime" : 117.0,
    "minResTime" : 71.0,
    "maxResTime" : 411.0,
    "pct1ResTime" : 319.4,
    "pct2ResTime" : 371.8999999999999,
    "pct3ResTime" : 411.0,
    "throughput" : 48.426150121065376,
    "receivedKBytesPerSec" : 82.9959897094431,
    "sentKBytesPerSec" : 28.658444309927358
  },
  "RunPractice" : {
    "transaction" : "RunPractice",
    "sampleCount" : 651,
    "errorCount" : 0,
    "errorPct" : 0.0,
    "meanResTime" : 2698.714285714284,
    "medianResTime" : 2251.0,
    "minResTime" : 2067.0,
    "maxResTime" : 26841.0,
    "pct1ResTime" : 3826.800000000001,
    "pct2ResTime" : 4887.0,
    "pct3ResTime" : 6713.84,
    "throughput" : 2.3829045813262275,
    "receivedKBytesPerSec" : 67.52983163301256,
    "sentKBytesPerSec" : 0.5584932612483344
  }
}