{
  "AssignmentsList" : {
    "transaction" : "AssignmentsList",
    "sampleCount" : 20,
    "errorCount" : 0,
    "errorPct" : 0.0,
    "meanResTime" : 30.450000000000003,
    "medianResTime" : 29.0,
    "minResTime" : 24.0,
    "maxResTime" : 42.0,
    "pct1ResTime" : 39.800000000000004,
    "pct2ResTime" : 41.9,
    "pct3ResTime" : 42.0,
    "throughput" : 11.299435028248588,
    "receivedKBytesPerSec" : 4.380737994350283,
    "sentKBytesPerSec" : 3.6524540960451977
  },
  "Get CSRF Token" : {
    "transaction" : "Get CSRF Token",
    "sampleCount" : 20,
    "errorCount" : 0,
    "errorPct" : 0.0,
    "meanResTime" : 159.8,
    "medianResTime" : 26.5,
    "minResTime" : 24.0,
    "maxResTime" : 1686.0,
    "pct1ResTime" : 466.9000000000008,
    "pct2ResTime" : 1626.8999999999992,
    "pct3ResTime" : 1686.0,
    "throughput" : 10.554089709762533,
    "receivedKBytesPerSec" : 282.05134812005275,
    "sentKBytesPerSec" : 1.3914083113456464
  },
  "StudentCourses" : {
    "transaction" : "StudentCourses",
    "sampleCount" : 20,
    "errorCount" : 0,
    "errorPct" : 0.0,
    "meanResTime" : 32.50000000000001,
    "medianResTime" : 24.0,
    "minResTime" : 22.0,
    "maxResTime" : 116.0,
    "pct1ResTime" : 54.50000000000003,
    "pct2ResTime" : 112.99999999999996,
    "pct3ResTime" : 116.0,
    "throughput" : 11.273957158962796,
    "receivedKBytesPerSec" : 14.059417277339346,
    "sentKBytesPerSec" : 2.7304114994363022
  },
  "GetSubmissionId" : {
    "transaction" : "GetSubmissionId",
    "sampleCount" : 248,
    "errorCount" : 0,
    "errorPct" : 0.0,
    "meanResTime" : 331.68548387096774,
    "medianResTime" : 276.5,
    "minResTime" : 237.0,
    "maxResTime" : 1638.0,
    "pct1ResTime" : 419.1999999999998,
    "pct2ResTime" : 555.6999999999998,
    "pct3ResTime" : 1571.7599999999993,
    "throughput" : 0.9172479602328627,
    "receivedKBytesPerSec" : 39.05072883417969,
    "sentKBytesPerSec" : 0.21229274079608246
  },
  "TestcasesResults" : {
    "transaction" : "TestcasesResults",
    "sampleCount" : 240,
    "errorCount" : 0,
    "errorPct" : 0.0,
    "meanResTime" : 5425.250000000001,
    "medianResTime" : 5270.0,
    "minResTime" : 5194.0,
    "maxResTime" : 9701.0,
    "pct1ResTime" : 5715.6,
    "pct2ResTime" : 5884.3,
    "pct3ResTime" : 8327.18,
    "throughput" : 0.9156985062668116,
    "receivedKBytesPerSec" : 26.54913488548999,
    "sentKBytesPerSec" : 0.2217707319864934
  },
  "Total" : {
    "transaction" : "Total",
    "sampleCount" : 1085,
    "errorCount" : 5,
    "errorPct" : 0.4608295,
    "meanResTime" : 2013.9539170506914,
    "medianResTime" : 795.0,
    "minResTime" : 22.0,
    "maxResTime" : 9701.0,
    "pct1ResTime" : 5297.8,
    "pct2ResTime" : 5581.1,
    "pct3ResTime" : 8735.120000000006,
    "throughput" : 3.598601686201933,
    "receivedKBytesPerSec" : 120.4785213903289,
    "sentKBytesPerSec" : 1.7345639732293887
  },
  "Upload" : {
    "transaction" : "Upload",
    "sampleCount" : 249,
    "errorCount" : 0,
    "errorPct" : 0.0,
    "meanResTime" : 1028.662650602409,
    "medianResTime" : 588.0,
    "minResTime" : 464.0,
    "maxResTime" : 9431.0,
    "pct1ResTime" : 1096.0,
    "pct2ResTime" : 2026.0,
    "pct3ResTime" : 9092.5,
    "throughput" : 0.9100577831869566,
    "receivedKBytesPerSec" : 38.94654415607674,
    "sentKBytesPerSec" : 1.1613323266504392
  },
  "Course Page" : {
    "transaction" : "Course Page",
    "sampleCount" : 20,
    "errorCount" : 0,
    "errorPct" : 0.0,
    "meanResTime" : 60.0,
    "medianResTime" : 58.5,
    "minResTime" : 51.0,
    "maxResTime" : 79.0,
    "pct1ResTime" : 77.80000000000001,
    "pct2ResTime" : 78.95,
    "pct3ResTime" : 79.0,
    "throughput" : 11.037527593818986,
    "receivedKBytesPerSec" : 357.4326538355408,
    "sentKBytesPerSec" : 3.201314155629139
  },
  "Login" : {
    "transaction" : "Login",
    "sampleCount" : 20,
    "errorCount" : 0,
    "errorPct" : 0.0,
    "meanResTime" : 351.9,
    "medianResTime" : 167.5,
    "minResTime" : 73.0,
    "maxResTime" : 1844.0,
    "pct1ResTime" : 1693.7000000000032,
    "pct2ResTime" : 1843.8,
    "pct3ResTime" : 1844.0,
    "throughput" : 10.63264221158958,
    "receivedKBytesPerSec" : 18.222936602870814,
    "sentKBytesPerSec" : 6.2923644338118025
  },
  "RunPractice" : {
    "transaction" : "RunPractice",
    "sampleCount" : 248,
    "errorCount" : 5,
    "errorPct" : 2.016129,
    "meanResTime" : 2145.1290322580626,
    "medianResTime" : 2080.5,
    "minResTime" : 1102.0,
    "maxResTime" : 3227.0,
    "pct1ResTime" : 2391.7,
    "pct2ResTime" : 2591.35,
    "pct3ResTime" : 2836.5699999999997,
    "throughput" : 0.9136726693978602,
    "receivedKBytesPerSec" : 25.431956714757284,
    "sentKBytesPerSec" : 0.21414203189012349
  }
}