{
  "AssignmentsList" : {
    "transaction" : "AssignmentsList",
    "sampleCount" : 40,
    "errorCount" : 0,
    "errorPct" : 0.0,
    "meanResTime" : 32.35,
    "medianResTime" : 29.0,
    "minResTime" : 25.0,
    "maxResTime" : 62.0,
    "pct1ResTime" : 46.9,
    "pct2ResTime" : 51.79999999999998,
    "pct3ResTime" : 62.0,
    "throughput" : 59.79073243647235,
    "receivedKBytesPerSec" : 23.18058669656203,
    "sentKBytesPerSec" : 19.326887144992526
  },
  "Get CSRF Token" : {
    "transaction" : "Get CSRF Token",
    "sampleCount" : 40,
    "errorCount" : 0,
    "errorPct" : 0.0,
    "meanResTime" : 45.82500000000001,
    "medianResTime" : 30.5,
    "minResTime" : 23.0,
    "maxResTime" : 134.0,
    "pct1ResTime" : 132.7,
    "pct2ResTime" : 134.0,
    "pct3ResTime" : 134.0,
    "throughput" : 48.959608323133416,
    "receivedKBytesPerSec" : 1308.419235771114,
    "sentKBytesPerSec" : 6.454635862913097
  },
  "StudentCourses" : {
    "transaction" : "StudentCourses",
    "sampleCount" : 40,
    "errorCount" : 0,
    "errorPct" : 0.0,
    "meanResTime" : 29.45,
    "medianResTime" : 25.5,
    "minResTime" : 22.0,
    "maxResTime" : 59.0,
    "pct1ResTime" : 46.49999999999999,
    "pct2ResTime" : 52.949999999999996,
    "pct3ResTime" : 59.0,
    "throughput" : 57.80346820809248,
    "receivedKBytesPerSec" : 72.08498916184972,
    "sentKBytesPerSec" : 13.9992774566474
  },
  "GetSubmissionId" : {
    "transaction" : "GetSubmissionId",
    "sampleCount" : 465,
    "errorCount" : 0,
    "errorPct" : 0.0,
    "meanResTime" : 681.4473118279572,
    "medianResTime" : 326.0,
    "minResTime" : 242.0,
    "maxResTime" : 7185.0,
    "pct1ResTime" : 1073.0000000000002,
    "pct2ResTime" : 2284.7999999999956,
    "pct3ResTime" : 5572.68,
    "throughput" : 1.7105839160967786,
    "receivedKBytesPerSec" : 72.82833655255723,
    "sentKBytesPerSec" : 0.3959066290184927
  },
  "TestcasesResults" : {
    "transaction" : "TestcasesResults",
    "sampleCount" : 447,
    "errorCount" : 0,
    "errorPct" : 0.0,
    "meanResTime" : 6185.102908277409,
    "medianResTime" : 5397.0,
    "minResTime" : 5200.0,
    "maxResTime" : 17963.0,
    "pct1ResTime" : 8361.8,
    "pct2ResTime" : 8990.399999999996,
    "pct3ResTime" : 14298.48,
    "throughput" : 1.6541403465923599,
    "receivedKBytesPerSec" : 47.955893088922075,
    "sentKBytesPerSec" : 0.4006121151903372
  },
  "Total" : {
    "transaction" : "Total",
    "sampleCount" : 2040,
    "errorCount" : 2,
    "errorPct" : 0.09803922,
    "meanResTime" : 2486.809803921566,
    "medianResTime" : 1343.5,
    "minResTime" : 22.0,
    "maxResTime" : 17963.0,
    "pct1ResTime" : 5684.300000000001,
    "pct2ResTime" : 8269.8,
    "pct3ResTime" : 16209.259999999998,
    "throughput" : 6.686770683099515,
    "receivedKBytesPerSec" : 223.63786688634949,
    "sentKBytesPerSec" : 3.2157324769322804
  },
  "Upload" : {
    "transaction" : "Upload",
    "sampleCount" : 465,
    "errorCount" : 0,
    "errorPct" : 0.0,
    "meanResTime" : 1678.3440860215062,
    "medianResTime" : 673.0,
    "minResTime" : 473.0,
    "maxResTime" : 16620.0,
    "pct1ResTime" : 1900.0000000000002,
    "pct2ResTime" : 8789.099999999997,
    "pct3ResTime" : 16531.42,
    "throughput" : 1.704514213449167,
    "receivedKBytesPerSec" : 72.94532223680834,
    "sentKBytesPerSec" : 2.1755323170396434
  },
  "Course Page" : {
    "transaction" : "Course Page",
    "sampleCount" : 40,
    "errorCount" : 0,
    "errorPct" : 0.0,
    "meanResTime" : 73.425,
    "medianResTime" : 60.5,
    "minResTime" : 52.0,
    "maxResTime" : 209.0,
    "pct1ResTime" : 136.59999999999997,
    "pct2ResTime" : 180.19999999999993,
    "pct3ResTime" : 209.0,
    "throughput" : 55.63282336578582,
    "receivedKBytesPerSec" : 1801.4073909075105,
    "sentKBytesPerSec" : 16.13569193324061
  },
  "Login" : {
    "transaction" : "Login",
    "sampleCount" : 40,
    "errorCount" : 0,
    "errorPct" : 0.0,
    "meanResTime" : 124.64999999999999,
    "medianResTime" : 115.0,
    "minResTime" : 74.0,
    "maxResTime" : 213.0,
    "pct1ResTime" : 185.8,
    "pct2ResTime" : 208.24999999999994,
    "pct3ResTime" : 213.0,
    "throughput" : 52.01560468140442,
    "receivedKBytesPerSec" : 89.14783810143042,
    "sentKBytesPerSec" : 30.782672301690507
  },
  "RunPractice" : {
    "transaction" : "RunPractice",
    "sampleCount" : 463,
    "errorCount" : 2,
    "errorPct" : 0.43196544,
    "meanResTime" : 2589.244060475161,
    "medianResTime" : 2116.0,
    "minResTime" : 1133.0,
    "maxResTime" : 14267.0,
    "pct1ResTime" : 3134.6000000000004,
    "pct2ResTime" : 4513.999999999992,
    "pct3ResTime" : 11119.32,
    "throughput" : 1.698851899008208,
    "receivedKBytesPerSec" : 47.96725063362957,
    "sentKBytesPerSec" : 0.3981684138300488
  }
}