{
  "AssignmentsList" : {
    "transaction" : "AssignmentsList",
    "sampleCount" : 100,
    "errorCount" : 0,
    "errorPct" : 0.0,
    "meanResTime" : 28.969999999999995,
    "medianResTime" : 28.0,
    "minResTime" : 23.0,
    "maxResTime" : 56.0,
    "pct1ResTime" : 34.0,
    "pct2ResTime" : 35.94999999999999,
    "pct3ResTime" : 55.95999999999998,
    "throughput" : 54.614964500273075,
    "receivedKBytesPerSec" : 20.880623634625888,
    "sentKBytesPerSec" : 17.653860595303115
  },
  "Get CSRF Token" : {
    "transaction" : "Get CSRF Token",
    "sampleCount" : 100,
    "errorCount" : 0,
    "errorPct" : 0.0,
    "meanResTime" : 38.17000000000001,
    "medianResTime" : 29.0,
    "minResTime" : 24.0,
    "maxResTime" : 141.0,
    "pct1ResTime" : 55.60000000000002,
    "pct2ResTime" : 135.19999999999936,
    "pct3ResTime" : 141.0,
    "throughput" : 52.88207297726071,
    "receivedKBytesPerSec" : 1413.2455132866207,
    "sentKBytesPerSec" : 6.971757667900581
  },
  "StudentCourses" : {
    "transaction" : "StudentCourses",
    "sampleCount" : 100,
    "errorCount" : 0,
    "errorPct" : 0.0,
    "meanResTime" : 32.089999999999996,
    "medianResTime" : 26.0,
    "minResTime" : 22.0,
    "maxResTime" : 87.0,
    "pct1ResTime" : 54.60000000000002,
    "pct2ResTime" : 63.799999999999955,
    "pct3ResTime" : 86.94999999999997,
    "throughput" : 54.43658138268917,
    "receivedKBytesPerSec" : 67.9394052803484,
    "sentKBytesPerSec" : 13.183859553620033
  },
  "GetSubmissionId" : {
    "transaction" : "GetSubmissionId",
    "sampleCount" : 837,
    "errorCount" : 1,
    "errorPct" : 0.119474314,
    "meanResTime" : 2494.449223416967,
    "medianResTime" : 1557.0,
    "minResTime" : 248.0,
    "maxResTime" : 16450.0,
    "pct1ResTime" : 5841.000000000004,
    "pct2ResTime" : 8085.699999999997,
    "pct3ResTime" : 14749.320000000002,
    "throughput" : 3.07940222070153,
    "receivedKBytesPerSec" : 138.90966523457908,
    "sentKBytesPerSec" : 0.7118617000728461
  },
  "TestcasesResults" : {
    "transaction" : "TestcasesResults",
    "sampleCount" : 785,
    "errorCount" : 1,
    "errorPct" : 0.12738854,
    "meanResTime" : 11245.44713375796,
    "medianResTime" : 10896.0,
    "minResTime" : 5208.0,
    "maxResTime" : 33809.0,
    "pct1ResTime" : 16227.599999999999,
    "pct2ResTime" : 18407.79999999998,
    "pct3ResTime" : 21302.34,
    "throughput" : 2.8328611898017,
    "receivedKBytesPerSec" : 82.01512344147525,
    "sentKBytesPerSec" : 0.6852095775969398
  },
  "Total" : {
    "transaction" : "Total",
    "sampleCount" : 3793,
    "errorCount" : 4,
    "errorPct" : 0.105457425,
    "meanResTime" : 5051.137621935156,
    "medianResTime" : 3078.0,
    "minResTime" : 3.0,
    "maxResTime" : 33809.0,
    "pct1ResTime" : 12171.2,
    "pct2ResTime" : 14894.9,
    "pct3ResTime" : 22286.48,
    "throughput" : 12.059991542426179,
    "receivedKBytesPerSec" : 407.9550495401989,
    "sentKBytesPerSec" : 6.095583078771489
  },
  "Upload" : {
    "transaction" : "Upload",
    "sampleCount" : 838,
    "errorCount" : 0,
    "errorPct" : 0.0,
    "meanResTime" : 4777.473747016703,
    "medianResTime" : 2851.0,
    "minResTime" : 477.0,
    "maxResTime" : 25820.0,
    "pct1ResTime" : 9759.6,
    "pct2ResTime" : 21595.45,
    "pct3ResTime" : 25044.760000000002,
    "throughput" : 3.0549489808938093,
    "receivedKBytesPerSec" : 138.64079192511912,
    "sentKBytesPerSec" : 4.305687626681953
  },
  "Course Page" : {
    "transaction" : "Course Page",
    "sampleCount" : 100,
    "errorCount" : 0,
    "errorPct" : 0.0,
    "meanResTime" : 64.64,
    "medianResTime" : 55.0,
    "minResTime" : 50.0,
    "maxResTime" : 180.0,
    "pct1ResTime" : 92.9,
    "pct2ResTime" : 115.74999999999994,
    "pct3ResTime" : 179.45999999999972,
    "throughput" : 53.447354355959384,
    "receivedKBytesPerSec" : 1730.6122853754678,
    "sentKBytesPerSec" : 15.50182055050775
  },
  "Login" : {
    "transaction" : "Login",
    "sampleCount" : 100,
    "errorCount" : 0,
    "errorPct" : 0.0,
    "meanResTime" : 127.59999999999998,
    "medianResTime" : 99.5,
    "minResTime" : 71.0,
    "maxResTime" : 288.0,
    "pct1ResTime" : 239.7000000000002,
    "pct2ResTime" : 268.6499999999999,
    "pct3ResTime" : 287.96999999999997,
    "throughput" : 52.13764337851929,
    "receivedKBytesPerSec" : 89.35699622002086,
    "sentKBytesPerSec" : 30.85489442127216
  },
  "RunPractice" : {
    "transaction" : "RunPractice",
    "sampleCount" : 833,
    "errorCount" : 2,
    "errorPct" : 0.24009603,
    "meanResTime" : 5054.939975990398,
    "medianResTime" : 3844.0,
    "minResTime" : 3.0,
    "maxResTime" : 30562.0,
    "pct1ResTime" : 10418.800000000001,
    "pct2ResTime" : 12691.099999999997,
    "pct3ResTime" : 16769.87999999999,
    "throughput" : 3.0705262653480236,
    "receivedKBytesPerSec" : 86.79970682210669,
    "sentKBytesPerSec" : 0.7179267312718172
  }
}