{
  "AssignmentsList" : {
    "transaction" : "AssignmentsList",
    "sampleCount" : 80,
    "errorCount" : 0,
    "errorPct" : 0.0,
    "meanResTime" : 28.749999999999996,
    "medianResTime" : 28.0,
    "minResTime" : 24.0,
    "maxResTime" : 49.0,
    "pct1ResTime" : 34.0,
    "pct2ResTime" : 36.900000000000006,
    "pct3ResTime" : 49.0,
    "throughput" : 58.953574060427414,
    "receivedKBytesPerSec" : 22.618540438467207,
    "sentKBytesPerSec" : 19.056282240235813
  },
  "Get CSRF Token" : {
    "transaction" : "Get CSRF Token",
    "sampleCount" : 80,
    "errorCount" : 0,
    "errorPct" : 0.0,
    "meanResTime" : 36.27500000000001,
    "medianResTime" : 28.0,
    "minResTime" : 23.0,
    "maxResTime" : 134.0,
    "pct1ResTime" : 47.400000000000034,
    "pct2ResTime" : 133.85000000000002,
    "pct3ResTime" : 134.0,
    "throughput" : 54.90734385724091,
    "receivedKBytesPerSec" : 1467.388040494166,
    "sentKBytesPerSec" : 7.238761153054221
  },
  "StudentCourses" : {
    "transaction" : "StudentCourses",
    "sampleCount" : 80,
    "errorCount" : 0,
    "errorPct" : 0.0,
    "meanResTime" : 28.14999999999999,
    "medianResTime" : 25.0,
    "minResTime" : 21.0,
    "maxResTime" : 67.0,
    "pct1ResTime" : 41.0,
    "pct2ResTime" : 49.0,
    "pct3ResTime" : 67.0,
    "throughput" : 59.701492537313435,
    "receivedKBytesPerSec" : 74.49568563432835,
    "sentKBytesPerSec" : 14.458955223880595
  },
  "GetSubmissionId" : {
    "transaction" : "GetSubmissionId",
    "sampleCount" : 824,
    "errorCount" : 2,
    "errorPct" : 0.24271844,
    "meanResTime" : 1053.0764563106782,
    "medianResTime" : 658.5,
    "minResTime" : 227.0,
    "maxResTime" : 10237.0,
    "pct1ResTime" : 2345.5,
    "pct2ResTime" : 3193.75,
    "pct3ResTime" : 5094.25,
    "throughput" : 3.0366237461028764,
    "receivedKBytesPerSec" : 134.95136167837953,
    "sentKBytesPerSec" : 0.7011064766872794
  },
  "TestcasesResults" : {
    "transaction" : "TestcasesResults",
    "sampleCount" : 786,
    "errorCount" : 0,
    "errorPct" : 0.0,
    "meanResTime" : 8055.566157760823,
    "medianResTime" : 8347.5,
    "minResTime" : 5197.0,
    "maxResTime" : 16709.0,
    "pct1ResTime" : 10597.300000000003,
    "pct2ResTime" : 11718.3,
    "pct3ResTime" : 14378.46,
    "throughput" : 2.850387304534509,
    "receivedKBytesPerSec" : 82.62276103731794,
    "sentKBytesPerSec" : 0.6903281753169515
  },
  "Total" : {
    "transaction" : "Total",
    "sampleCount" : 3658,
    "errorCount" : 4,
    "errorPct" : 0.10934937,
    "meanResTime" : 3248.7099507927805,
    "medianResTime" : 2116.5,
    "minResTime" : 21.0,
    "maxResTime" : 18106.0,
    "pct1ResTime" : 8835.3,
    "pct2ResTime" : 9920.099999999999,
    "pct3ResTime" : 14188.82999999999,
    "throughput" : 11.709609370248373,
    "receivedKBytesPerSec" : 398.84187595832816,
    "sentKBytesPerSec" : 5.8777000244883855
  },
  "Upload" : {
    "transaction" : "Upload",
    "sampleCount" : 825,
    "errorCount" : 0,
    "errorPct" : 0.0,
    "meanResTime" : 2491.490909090907,
    "medianResTime" : 1347.0,
    "minResTime" : 476.0,
    "maxResTime" : 18106.0,
    "pct1ResTime" : 4605.799999999998,
    "pct2ResTime" : 13809.699999999999,
    "pct3ResTime" : 17710.56,
    "throughput" : 3.0145465573878316,
    "receivedKBytesPerSec" : 134.93082200861065,
    "sentKBytesPerSec" : 4.152131090297545
  },
  "Course Page" : {
    "transaction" : "Course Page",
    "sampleCount" : 80,
    "errorCount" : 0,
    "errorPct" : 0.0,
    "meanResTime" : 65.25000000000003,
    "medianResTime" : 56.0,
    "minResTime" : 49.0,
    "maxResTime" : 123.0,
    "pct1ResTime" : 97.80000000000001,
    "pct2ResTime" : 107.65000000000002,
    "pct3ResTime" : 123.0,
    "throughput" : 56.617126680820945,
    "receivedKBytesPerSec" : 1833.308452760085,
    "sentKBytesPerSec" : 16.421178343949045
  },
  "Login" : {
    "transaction" : "Login",
    "sampleCount" : 80,
    "errorCount" : 0,
    "errorPct" : 0.0,
    "meanResTime" : 115.78750000000004,
    "medianResTime" : 105.5,
    "minResTime" : 75.0,
    "maxResTime" : 227.0,
    "pct1ResTime" : 170.40000000000003,
    "pct2ResTime" : 194.85000000000002,
    "pct3ResTime" : 227.0,
    "throughput" : 56.53710247349823,
    "receivedKBytesPerSec" : 96.8970848056537,
    "sentKBytesPerSec" : 33.458480565371026
  },
  "RunPractice" : {
    "transaction" : "RunPractice",
    "sampleCount" : 823,
    "errorCount" : 2,
    "errorPct" : 0.24301337,
    "meanResTime" : 3167.6233292831075,
    "medianResTime" : 2648.0,
    "minResTime" : 75.0,
    "maxResTime" : 13562.0,
    "pct1ResTime" : 5177.800000000001,
    "pct2ResTime" : 6164.5999999999985,
    "pct3ResTime" : 7737.759999999999,
    "throughput" : 3.0251680751035654,
    "receivedKBytesPerSec" : 85.53332917127672,
    "sentKBytesPerSec" : 0.7090237676023982
  }
}