Device,kB_read/s,kB_wrtn/s
loop0,0.0,0.0
sda,21.561290322580646,855.4580645161291
