Device,kB_read/s,kB_wrtn/s
loop0,0.0,0.0
sda,27.490909090909092,655.4545454545455
