{"user+system(%)": 98.37765765765768, "%iowait": 0.001081081081081081, "%sys": 3.8193693693693684, "%guest": 0.0, "%idle": 0.0038181818181818195}