{"sys(%)": 4.363636363636363, "I/O wait(%)": 0.0, "Idle(%)": 0.0, "user+system(%)": 100.00909090909092, "Available Memory(Kb)": 6704830.290909091}