{"%iowait": 5.548342541436464, "user+system(%)": 53.979447513812175, "%idle": 33.32277777777777}