{"Idle(%)": 33.772222222222226, "user+system(%)": 60.65555555555556, "I/O wait(%)": 5.522222222222222, "Available Memory(Kb)": 7232814.177777777}