Device,kB_read/s,kB_wrtn/s
loop0,0.0,0.0
sda,161.84126984126985,1104.6984126984128
Device,kB_read/s,kB_wrtn/s
loop0,0.0,0.0
sda,161.84126984126985,1104.6984126984128
Device,kB_read/s,kB_wrtn/s
loop0,0.0,0.0
sda,161.84126984126985,1104.6984126984128
