{"user+system(%)": 5.583333333333334, "%sys": 2.765765765765765, "%guest": 16.940810810810806, "%iowait": 9.902972972972972, "%idle": 67.09336363636366}