{"Available Memory(Kb)": 4574481.345454546, "I/O wait(%)": 10.027272727272727, "Idle(%)": 67.14545454545454, "sys(%)": 2.7636363636363637, "user+system(%)": 22.845454545454544}