{"Idle(%)": 64.67777777777778, "user+system(%)": 32.44444444444444, "I/O wait(%)": 2.7944444444444443, "Available Memory(Kb)": 7404558.266666667}