Device,kB_read/s,kB_wrtn/s
loop0,0.0,0.0
sda,0.7741935483870968,953.4709677419355
