{"I/O wait(%)": 0.10909090909090909, "user+system(%)": 98.97272727272727, "Idle(%)": 0.9090909090909091, "Available Memory(Kb)": 2569358.909090909}