Device,kB_read/s,kB_wrtn/s
loop0,0.0,0.0
sda,9.213186813186812,372.7604395604396
