{"user+system(%)": 47.75447513812158, "%iowait": 5.7227624309392295, "%idle": 39.66066666666665}