Device,kB_read/s,kB_wrtn/s
loop0,0.0,0.0
sda,46.473684210526315,268.5473684210526
