{"Disk Write(KB/s)": 243.15600000000015, "Disk Read(KB/s)": 51.964966666666626}