{"user+system(%)": 48.49351351351352, "%iowait": 2.330810810810809, "%idle": 46.83845454545456}