{"user+system(%)": 50.054545454545455, "Idle(%)": 47.663636363636364, "I/O wait(%)": 2.3545454545454545, "Available Memory(Kb)": 10085707.672727272}