{"Available Memory(Kb)": 7158172.733333333, "user+system(%)": 81.88888888888889, "Idle(%)": 15.522222222222222, "I/O wait(%)": 2.638888888888889}