{"%sys": 0.43072072072072065, "user+system(%)": 1.1242342342342346, "%iowait": 0.08648648648648646, "%idle": 98.34072727272726, "%guest": 0.0}