{"I/O wait(%)": 0.02727272727272727, "user+system(%)": 1.5454545454545454, "Available Memory(Kb)": 4016368.8363636364, "Idle(%)": 98.31818181818181, "sys(%)": 0.4636363636363636}