{"Disk Read(KB/s)": 4.87343333333333, "Disk Write(KB/s)": 311.2130555555554}