Device,kB_read/s,kB_wrtn/s
loop0,0.0,0.0
sda,7.16751269035533,313.73401015228427
