{"Disk Write(KB/s)": 298.61572222222236, "Disk Read(KB/s)": 7.386122222222226}