{"user+system(%)": 8.571381215469614, "%idle": 90.06316666666672, "%iowait": 0.8550276243093924}