{"I/O wait(%)": 0.8777777777777778, "Available Memory(Kb)": 10066725.244444445, "user+system(%)": 8.911111111111111, "Idle(%)": 90.07777777777778}