{"user+system(%)": 76.17292817679552, "%idle": 10.932722222222225, "%iowait": 1.1323204419889505}