{
  "AssignmentsList" : {
    "transaction" : "AssignmentsList",
    "sampleCount" : 180,
    "errorCount" : 5,
    "errorPct" : 2.7777777,
    "meanResTime" : 86.62222222222222,
    "medianResTime" : 39.0,
    "minResTime" : 0.0,
    "maxResTime" : 775.0,
    "pct1ResTime" : 152.60000000000002,
    "pct2ResTime" : 440.39999999999804,
    "pct3ResTime" : 761.23,
    "throughput" : 25.277348686982165,
    "receivedKBytesPerSec" : 10.293333538126667,
    "sentKBytesPerSec" : 7.943741442564246
  },
  "Get CSRF Token" : {
    "transaction" : "Get CSRF Token",
    "sampleCount" : 180,
    "errorCount" : 0,
    "errorPct" : 0.0,
    "meanResTime" : 12874.388888888885,
    "medianResTime" : 13528.0,
    "minResTime" : 7091.0,
    "maxResTime" : 14472.0,
    "pct1ResTime" : 14238.4,
    "pct2ResTime" : 14358.65,
    "pct3ResTime" : 14456.61,
    "throughput" : 11.35646687697161,
    "receivedKBytesPerSec" : 303.50324083201895,
    "sentKBytesPerSec" : 1.4971904574132493
  },
  "StudentCourses" : {
    "transaction" : "StudentCourses",
    "sampleCount" : 180,
    "errorCount" : 2,
    "errorPct" : 1.1111112,
    "meanResTime" : 208.96111111111117,
    "medianResTime" : 105.0,
    "minResTime" : 22.0,
    "maxResTime" : 1331.0,
    "pct1ResTime" : 658.7,
    "pct2ResTime" : 861.6999999999995,
    "pct3ResTime" : 1134.1699999999994,
    "throughput" : 23.712290870768015,
    "receivedKBytesPerSec" : 39.98168575451192,
    "sentKBytesPerSec" : 5.749252815834541
  },
  "GetSubmissionId" : {
    "transaction" : "GetSubmissionId",
    "sampleCount" : 969,
    "errorCount" : 9,
    "errorPct" : 0.9287926,
    "meanResTime" : 2100.0319917440675,
    "medianResTime" : 1431.0,
    "minResTime" : 0.0,
    "maxResTime" : 50003.0,
    "pct1ResTime" : 3252.0,
    "pct2ResTime" : 4305.0,
    "pct3ResTime" : 17608.59999999988,
    "throughput" : 3.692328796354159,
    "receivedKBytesPerSec" : 164.1707778872754,
    "sentKBytesPerSec" : 0.8492807234430491
  },
  "TestcasesResults" : {
    "transaction" : "TestcasesResults",
    "sampleCount" : 862,
    "errorCount" : 6,
    "errorPct" : 0.6960557,
    "meanResTime" : 21259.52436194895,
    "medianResTime" : 21446.0,
    "minResTime" : 3633.0,
    "maxResTime" : 81801.0,
    "pct1ResTime" : 26348.9,
    "pct2ResTime" : 30289.399999999994,
    "pct3ResTime" : 59344.57000000001,
    "throughput" : 3.4161072229663856,
    "receivedKBytesPerSec" : 98.36869625798545,
    "sentKBytesPerSec" : 0.8234993104377532
  },
  "Total" : {
    "transaction" : "Total",
    "sampleCount" : 4678,
    "errorCount" : 78,
    "errorPct" : 1.6673793,
    "meanResTime" : 7510.386489952976,
    "medianResTime" : 2710.5,
    "minResTime" : 0.0,
    "maxResTime" : 81801.0,
    "pct1ResTime" : 22115.5,
    "pct2ResTime" : 24920.4,
    "pct3ResTime" : 50003.0,
    "throughput" : 14.376461694013084,
    "receivedKBytesPerSec" : 457.3346271374154,
    "sentKBytesPerSec" : 7.0320195021865874
  },
  "Upload" : {
    "transaction" : "Upload",
    "sampleCount" : 982,
    "errorCount" : 35,
    "errorPct" : 3.5641549,
    "meanResTime" : 8236.564154786163,
    "medianResTime" : 3074.5,
    "minResTime" : 0.0,
    "maxResTime" : 69098.0,
    "pct1ResTime" : 24904.100000000002,
    "pct2ResTime" : 41698.649999999965,
    "pct3ResTime" : 50006.34,
    "throughput" : 3.731485070259836,
    "receivedKBytesPerSec" : 162.2968940291014,
    "sentKBytesPerSec" : 5.145898732881527
  },
  "Course Page" : {
    "transaction" : "Course Page",
    "sampleCount" : 180,
    "errorCount" : 5,
    "errorPct" : 2.7777777,
    "meanResTime" : 449.1999999999999,
    "medianResTime" : 149.0,
    "minResTime" : 0.0,
    "maxResTime" : 2689.0,
    "pct1ResTime" : 1525.8,
    "pct2ResTime" : 1545.8,
    "pct3ResTime" : 2365.809999999999,
    "throughput" : 23.307005049851096,
    "receivedKBytesPerSec" : 734.5680870047262,
    "sentKBytesPerSec" : 6.572165730609867
  },
  "Login" : {
    "transaction" : "Login",
    "sampleCount" : 180,
    "errorCount" : 4,
    "errorPct" : 2.2222223,
    "meanResTime" : 1312.4555555555555,
    "medianResTime" : 538.0,
    "minResTime" : 49.0,
    "maxResTime" : 4352.0,
    "pct1ResTime" : 3404.5,
    "pct2ResTime" : 3544.85,
    "pct3ResTime" : 4292.87,
    "throughput" : 19.17137075300884,
    "receivedKBytesPerSec" : 33.090896760837154,
    "sentKBytesPerSec" : 11.130669866332944
  },
  "RunPractice" : {
    "transaction" : "RunPractice",
    "sampleCount" : 965,
    "errorCount" : 12,
    "errorPct" : 1.2435234,
    "meanResTime" : 4141.915025906733,
    "medianResTime" : 2861.0,
    "minResTime" : 0.0,
    "maxResTime" : 50002.0,
    "pct1ResTime" : 6725.799999999999,
    "pct2ResTime" : 9324.299999999994,
    "pct3ResTime" : 23578.800000000057,
    "throughput" : 3.6684622490524723,
    "receivedKBytesPerSec" : 102.73704200056643,
    "sentKBytesPerSec" : 0.8517770183195021
  }
}