{"user+system(%)": 94.42927927927927, "%guest": 0.0, "%iowait": 1.7955855855855856, "%idle": 1.293818181818182, "%sys": 8.345225225225224}