{"user+system(%)": 97.0, "sys(%)": 9.218181818181819, "Available Memory(Kb)": 9509537.89090909, "I/O wait(%)": 1.9454545454545455, "Idle(%)": 1.3909090909090909}