{"Idle(%)": 53.62222222222222, "user+system(%)": 43.327777777777776, "Available Memory(Kb)": 6240127.466666667, "I/O wait(%)": 2.8833333333333333}