Device,kB_read/s,kB_wrtn/s
loop0,0.0,0.0
sda,72.51147540983607,96.55081967213114
