{"%iowait": 0.2253153153153153, "user+system(%)": 97.07216216216216, "%guest": 0.0, "%sys": 5.475045045045046, "%idle": 0.3618181818181818}