{"user+system(%)": 88.58181818181818, "I/O wait(%)": 0.8545454545454545, "Idle(%)": 10.49090909090909, "Available Memory(Kb)": 1880314.7272727273}