Device,kB_read/s,kB_wrtn/s
loop0,0.0,0.0
sda,139.57142857142858,91.29047619047618
