{"Disk Write(KB/s)": 82.28656666666662, "Disk Read(KB/s)": 123.58127777777779}