{"user+system(%)": 1.5512154696132605, "%iowait": 0.4260220994475142, "%idle": 95.48972222222223}