{"Available Memory(Kb)": 1749235.1333333333, "user+system(%)": 4.394444444444445, "I/O wait(%)": 0.36666666666666664, "Idle(%)": 95.47222222222223}