{"Disk Write(KB/s)": 235.44167777777747, "Disk Read(KB/s)": 8.591266666666664}