{"%iowait": 1.371160220994475, "%idle": 81.617, "user+system(%)": 14.65082872928177}