{"I/O wait(%)": 1.3333333333333333, "Available Memory(Kb)": 8655722.711111112, "user+system(%)": 17.0, "Idle(%)": 81.68333333333334}