Device,kB_read/s,kB_wrtn/s
loop0,0.0,0.0
sda,2.583606557377049,162.05901639344262
