{"%idle": 0.14572727272727273, "%iowait": 0.3018918918918919, "%sys": 10.445045045045042, "user+system(%)": 96.48495495495496, "%guest": 0.0}