{"Idle(%)": 0.14545454545454545, "I/O wait(%)": 0.3181818181818182, "user+system(%)": 99.77272727272727, "sys(%)": 11.418181818181818, "Available Memory(Kb)": 9792605.454545455}