{"Disk Write(KB/s)": 988.2153333333331, "Disk Read(KB/s)": 30.056499999999986}