{"Disk Read(KB/s)": 2593.114833333334, "Disk Write(KB/s)": 797.0301000000006}