{"%iowait": 14.584309392265192, "%idle": 66.94805555555557, "user+system(%)": 16.290994475138124}