{"I/O wait(%)": 14.572222222222223, "Idle(%)": 67.15, "Available Memory(Kb)": 2444690.777777778, "user+system(%)": 18.377777777777776}