{"Disk Write(KB/s)": 159.41716666666667, "Disk Read(KB/s)": 2.5821666666666663}