{"%guest": 0.0, "%idle": 0.0, "%iowait": 0.009009009009009009, "%sys": 6.199729729729729, "user+system(%)": 97.59576576576578}