{"I/O wait(%)": 0.00909090909090909, "sys(%)": 7.054545454545455, "user+system(%)": 100.28181818181818, "Available Memory(Kb)": 3879759.890909091, "Idle(%)": 0.0}