{"Disk Read(KB/s)": 1.8161666666666663, "Disk Write(KB/s)": 863.0191666666669}