{"%idle": 2.1716363636363636, "%iowait": 0.2007207207207208, "user+system(%)": 96.04387387387386}