{"Available Memory(Kb)": 6067405.236363636, "Idle(%)": 2.172727272727273, "user+system(%)": 97.65454545454546, "I/O wait(%)": 0.20909090909090908}