{"Idle(%)": 7.822222222222222, "I/O wait(%)": 0.6166666666666667, "user+system(%)": 91.56666666666666, "Available Memory(Kb)": 7194528.866666666}