Device,kB_read/s,kB_wrtn/s
loop0,0.0,0.0
sda,1.3422222222222222,158.24444444444444
