{"Idle(%)": 20.25, "Available Memory(Kb)": 6924198.2, "user+system(%)": 78.81666666666666, "I/O wait(%)": 0.9166666666666666}