{
  "AssignmentsList" : {
    "transaction" : "AssignmentsList",
    "sampleCount" : 180,
    "errorCount" : 0,
    "errorPct" : 0.0,
    "meanResTime" : 73.21111111111114,
    "medianResTime" : 38.0,
    "minResTime" : 24.0,
    "maxResTime" : 533.0,
    "pct1ResTime" : 81.60000000000002,
    "pct2ResTime" : 492.84999999999997,
    "pct3ResTime" : 522.47,
    "throughput" : 29.7029702970297,
    "receivedKBytesPerSec" : 11.373891295379538,
    "sentKBytesPerSec" : 9.601253094059407
  },
  "Get CSRF Token" : {
    "transaction" : "Get CSRF Token",
    "sampleCount" : 180,
    "errorCount" : 0,
    "errorPct" : 0.0,
    "meanResTime" : 4137.744444444445,
    "medianResTime" : 4636.0,
    "minResTime" : 39.0,
    "maxResTime" : 7736.0,
    "pct1ResTime" : 6861.4,
    "pct2ResTime" : 7192.15,
    "pct3ResTime" : 7583.719999999999,
    "throughput" : 22.5705329153605,
    "receivedKBytesPerSec" : 603.2059414184953,
    "sentKBytesPerSec" : 2.9756073667711602
  },
  "StudentCourses" : {
    "transaction" : "StudentCourses",
    "sampleCount" : 180,
    "errorCount" : 0,
    "errorPct" : 0.0,
    "meanResTime" : 76.3888888888889,
    "medianResTime" : 44.0,
    "minResTime" : 23.0,
    "maxResTime" : 556.0,
    "pct1ResTime" : 165.80000000000007,
    "pct2ResTime" : 306.99999999999886,
    "pct3ResTime" : 451.5099999999997,
    "throughput" : 26.041666666666668,
    "receivedKBytesPerSec" : 32.49839500144676,
    "sentKBytesPerSec" : 6.306966145833333
  },
  "GetSubmissionId" : {
    "transaction" : "GetSubmissionId",
    "sampleCount" : 1031,
    "errorCount" : 6,
    "errorPct" : 0.58195925,
    "meanResTime" : 2232.3103782735197,
    "medianResTime" : 1699.0,
    "minResTime" : 126.0,
    "maxResTime" : 50003.0,
    "pct1ResTime" : 3733.8,
    "pct2ResTime" : 4684.799999999999,
    "pct3ResTime" : 9431.599999999973,
    "throughput" : 3.9133223765367666,
    "receivedKBytesPerSec" : 174.94839982217346,
    "sentKBytesPerSec" : 0.9030846592828485
  },
  "TestcasesResults" : {
    "transaction" : "TestcasesResults",
    "sampleCount" : 926,
    "errorCount" : 3,
    "errorPct" : 0.32397407,
    "meanResTime" : 19049.776457883345,
    "medianResTime" : 20398.0,
    "minResTime" : 3777.0,
    "maxResTime" : 98217.0,
    "pct1ResTime" : 24395.3,
    "pct2ResTime" : 25673.249999999996,
    "pct3ResTime" : 31976.950000000008,
    "throughput" : 3.3834270535319546,
    "receivedKBytesPerSec" : 97.77321470329244,
    "sentKBytesPerSec" : 0.8176539258349866
  },
  "Total" : {
    "transaction" : "Total",
    "sampleCount" : 4926,
    "errorCount" : 69,
    "errorPct" : 1.4007308,
    "meanResTime" : 6972.771619975646,
    "medianResTime" : 2905.5,
    "minResTime" : 0.0,
    "maxResTime" : 98217.0,
    "pct1ResTime" : 21504.9,
    "pct2ResTime" : 23971.25,
    "pct3ResTime" : 50005.0,
    "throughput" : 15.163408350032784,
    "receivedKBytesPerSec" : 485.4666928701814,
    "sentKBytesPerSec" : 7.505163025493981
  },
  "Upload" : {
    "transaction" : "Upload",
    "sampleCount" : 1044,
    "errorCount" : 56,
    "errorPct" : 5.3639846,
    "meanResTime" : 8784.681034482765,
    "medianResTime" : 3270.5,
    "minResTime" : 398.0,
    "maxResTime" : 78386.0,
    "pct1ResTime" : 28853.0,
    "pct2ResTime" : 50004.0,
    "pct3ResTime" : 73759.99999999999,
    "throughput" : 3.8073009737062837,
    "receivedKBytesPerSec" : 162.88747319002772,
    "sentKBytesPerSec" : 5.2959026042996244
  },
  "Course Page" : {
    "transaction" : "Course Page",
    "sampleCount" : 180,
    "errorCount" : 0,
    "errorPct" : 0.0,
    "meanResTime" : 173.58333333333334,
    "medianResTime" : 81.5,
    "minResTime" : 52.0,
    "maxResTime" : 927.0,
    "pct1ResTime" : 543.8,
    "pct2ResTime" : 603.8499999999997,
    "pct3ResTime" : 867.8699999999999,
    "throughput" : 27.46833511368839,
    "receivedKBytesPerSec" : 889.4767604055395,
    "sentKBytesPerSec" : 7.96689016481001
  },
  "Login" : {
    "transaction" : "Login",
    "sampleCount" : 180,
    "errorCount" : 0,
    "errorPct" : 0.0,
    "meanResTime" : 461.2999999999999,
    "medianResTime" : 262.0,
    "minResTime" : 75.0,
    "maxResTime" : 2466.0,
    "pct1ResTime" : 895.0000000000007,
    "pct2ResTime" : 2027.6999999999998,
    "pct3ResTime" : 2369.6099999999997,
    "throughput" : 21.357380161366873,
    "receivedKBytesPerSec" : 36.60371306953014,
    "sentKBytesPerSec" : 12.63923083768391
  },
  "RunPractice" : {
    "transaction" : "RunPractice",
    "sampleCount" : 1025,
    "errorCount" : 4,
    "errorPct" : 0.3902439,
    "meanResTime" : 4242.985365853651,
    "medianResTime" : 3379.0,
    "minResTime" : 0.0,
    "maxResTime" : 50003.0,
    "pct1ResTime" : 7261.0,
    "pct2ResTime" : 8808.599999999999,
    "pct3ResTime" : 14562.94,
    "throughput" : 3.903958804664945,
    "receivedKBytesPerSec" : 110.26864428960329,
    "sentKBytesPerSec" : 0.9140976713361824
  }
}