Device,kB_read/s,kB_wrtn/s
loop0,0.0,0.0
sda,594.7354838709678,827.5612903225806
