{"Disk Read(KB/s)": 551.6931666666665, "Disk Write(KB/s)": 815.0475000000002}