{"user+system(%)": 7.7883783783783755, "%idle": 29.550818181818187, "%iowait": 15.391081081081087}