{"I/O wait(%)": 15.472727272727273, "Available Memory(Kb)": 3460786.1454545455, "user+system(%)": 54.99090909090909, "Idle(%)": 29.527272727272727}