Device,kB_read/s,kB_wrtn/s
loop0,0.0,0.0
sda,19.38064516129032,898.7870967741935
