{"Disk Read(KB/s)": 32.46033333333333, "Disk Write(KB/s)": 889.1843333333333}