{"user+system(%)": 81.73297297297297, "%idle": 14.99172727272727, "%guest": 0.0, "%iowait": 1.661711711711711, "%sys": 7.738018018018022}