{"I/O wait(%)": 1.6454545454545455, "Idle(%)": 15.127272727272727, "user+system(%)": 83.19090909090909, "Available Memory(Kb)": 6292083.018181819, "sys(%)": 8.5}