Device,kB_read/s,kB_wrtn/s
loop0,0.0,0.0
sda,0.1103448275862069,33.15862068965517
