{"%iowait": 0.26985781990521324, "%idle": 94.28023809523808, "user+system(%)": 2.2014691943127964}