{"user+system(%)": 5.6380952380952385, "I/O wait(%)": 0.3142857142857143, "Available Memory(Kb)": 4265722.99047619, "Idle(%)": 94.3047619047619}