Device,kB_read/s,kB_wrtn/s
loop0,0.0,0.0
sda,8.262295081967213,683.4885245901639
