{"Disk Read(KB/s)": 6.1688333333333345, "Disk Write(KB/s)": 671.3736666666666}