{"%iowait": 0.06531531531531537, "%guest": 0.0, "%sys": 3.856126126126125, "%idle": 0.6731818181818188, "user+system(%)": 97.53522522522519}