{"I/O wait(%)": 0.045454545454545456, "Available Memory(Kb)": 2455946.8, "Idle(%)": 0.6090909090909091, "user+system(%)": 99.19090909090909, "sys(%)": 4.581818181818182}