Device,kB_read/s,kB_wrtn/s
loop0,0.0,0.0
sda,0.08444444444444445,112.78666666666666
