Device,kB_read/s,kB_wrtn/s
loop0,0.0,0.0
sda,0.057458563535911604,136.28729281767957
