{"Available Memory(Kb)": 7646060.4, "I/O wait(%)": 0.03636363636363636, "Idle(%)": 0.0, "user+system(%)": 100.22727272727273, "sys(%)": 7.2}