{"Disk Write(KB/s)": 148.72333333333344, "Disk Read(KB/s)": 11.726388888888883}