{"user+system(%)": 80.53524861878456, "%iowait": 0.24082872928176796, "%idle": 7.828166666666667}