Device,kB_read/s,kB_wrtn/s
loop0,0.0,0.0
sda,52.64262295081967,605.0622950819672
