{"Disk Write(KB/s)": 595.0126666666666, "Disk Read(KB/s)": 45.67500000000003}