{"user+system(%)": 14.535855855855853, "%guest": 62.53270270270271, "%iowait": 1.2700900900900893, "%idle": 20.655636363636358, "%sys": 5.728648648648652}