{"Idle(%)": 20.927272727272726, "Available Memory(Kb)": 3358640.290909091, "I/O wait(%)": 1.3454545454545455, "user+system(%)": 77.74545454545455, "sys(%)": 5.818181818181818}