Device,kB_read/s,kB_wrtn/s
loop0,0.0,0.0
sda,6.015469613259668,162.37348066298344
