{"%iowait": 1.7979005524861873, "user+system(%)": 70.33287292817678, "%idle": 16.419166666666666}