{"%iowait": 1.230220994475138, "%idle": 16.411666666666683, "user+system(%)": 76.72640883977894}