Device,kB_read/s,kB_wrtn/s
loop0,0.0,0.0
sda,3.4885245901639346,656.4983606557377
