{"user+system(%)": 65.17477477477478, "%idle": 30.182727272727274, "%iowait": 1.9795495495495499}