{"Idle(%)": 30.727272727272727, "user+system(%)": 67.27272727272727, "Available Memory(Kb)": 4160708.690909091, "I/O wait(%)": 1.981818181818182}