Device,kB_read/s,kB_wrtn/s
loop0,0.0,0.0
sda,15.349152542372881,196.1627118644068
Device,kB_read/s,kB_wrtn/s
loop0,0.0,0.0
sda,15.349152542372881,196.1627118644068
