{"Disk Read(KB/s)": 14.921500000000007, "Disk Write(KB/s)": 191.36433333333338}