{"%sys": 1.2552252252252247, "user+system(%)": 13.631441441441442, "%guest": 0.0, "%iowait": 0.4503603603603606, "%idle": 85.56209090909093}