{"Available Memory(Kb)": 7689408.509090909, "sys(%)": 1.3454545454545455, "user+system(%)": 13.781818181818181, "I/O wait(%)": 0.4727272727272727, "Idle(%)": 85.65454545454546}