{
  "AssignmentsList" : {
    "transaction" : "AssignmentsList",
    "sampleCount" : 90,
    "errorCount" : 0,
    "errorPct" : 0.0,
    "meanResTime" : 935.5444444444446,
    "medianResTime" : 166.5,
    "minResTime" : 33.0,
    "maxResTime" : 5747.0,
    "pct1ResTime" : 3653.5000000000036,
    "pct2ResTime" : 5059.35,
    "pct3ResTime" : 5747.0,
    "throughput" : 1.1996001332889037,
    "receivedKBytesPerSec" : 0.4593520909696767,
    "sentKBytesPerSec" : 0.3901043402199267
  },
  "Get CSRF Token" : {
    "transaction" : "Get CSRF Token",
    "sampleCount" : 90,
    "errorCount" : 0,
    "errorPct" : 0.0,
    "meanResTime" : 8000.311111111113,
    "medianResTime" : 8153.5,
    "minResTime" : 4190.0,
    "maxResTime" : 10066.0,
    "pct1ResTime" : 9399.6,
    "pct2ResTime" : 9912.55,
    "pct3ResTime" : 10066.0,
    "throughput" : 8.940989469501291,
    "receivedKBytesPerSec" : 298.67600399860913,
    "sentKBytesPerSec" : 1.1962065989469501
  },
  "StudentCourses" : {
    "transaction" : "StudentCourses",
    "sampleCount" : 90,
    "errorCount" : 0,
    "errorPct" : 0.0,
    "meanResTime" : 530.8333333333334,
    "medianResTime" : 155.0,
    "minResTime" : 31.0,
    "maxResTime" : 5065.0,
    "pct1ResTime" : 1390.500000000001,
    "pct2ResTime" : 3255.2000000000044,
    "pct3ResTime" : 5065.0,
    "throughput" : 4.160695298414313,
    "receivedKBytesPerSec" : 5.148047795987241,
    "sentKBytesPerSec" : 1.0157947505894318
  },
  "GetSubmissionId" : {
    "transaction" : "GetSubmissionId",
    "sampleCount" : 218,
    "errorCount" : 17,
    "errorPct" : 7.7981653,
    "meanResTime" : 14029.646788990816,
    "medianResTime" : 2616.0,
    "minResTime" : 252.0,
    "maxResTime" : 50171.0,
    "pct1ResTime" : 45692.6,
    "pct2ResTime" : 50051.25,
    "pct3ResTime" : 50143.49,
    "throughput" : 0.8900320493192072,
    "receivedKBytesPerSec" : 36.64485045139527,
    "sentKBytesPerSec" : 0.20773208963602588
  },
  "TestcasesResults" : {
    "transaction" : "TestcasesResults",
    "sampleCount" : 159,
    "errorCount" : 0,
    "errorPct" : 0.0,
    "meanResTime" : 32812.685534591175,
    "medianResTime" : 23889.0,
    "minResTime" : 7613.0,
    "maxResTime" : 184798.0,
    "pct1ResTime" : 79377.0,
    "pct2ResTime" : 109448.0,
    "pct3ResTime" : 159677.80000000025,
    "throughput" : 0.557376474506161,
    "receivedKBytesPerSec" : 16.291636176011778,
    "sentKBytesPerSec" : 0.13498961491946085
  },
  "Total" : {
    "transaction" : "Total",
    "sampleCount" : 1264,
    "errorCount" : 122,
    "errorPct" : 9.651898,
    "meanResTime" : 13561.186708860767,
    "medianResTime" : 6231.0,
    "minResTime" : 0.0,
    "maxResTime" : 184798.0,
    "pct1ResTime" : 44621.0,
    "pct2ResTime" : 50085.75,
    "pct3ResTime" : 85061.19999999988,
    "throughput" : 2.9283119578916152,
    "receivedKBytesPerSec" : 75.16789441642842,
    "sentKBytesPerSec" : 1.3146359092072706
  },
  "Upload" : {
    "transaction" : "Upload",
    "sampleCount" : 219,
    "errorCount" : 53,
    "errorPct" : 24.200912,
    "meanResTime" : 16790.46118721461,
    "medianResTime" : 8644.0,
    "minResTime" : 15.0,
    "maxResTime" : 84118.0,
    "pct1ResTime" : 50079.0,
    "pct2ResTime" : 60654.0,
    "pct3ResTime" : 82428.6000000001,
    "throughput" : 0.8335363254369405,
    "receivedKBytesPerSec" : 28.44256494042499,
    "sentKBytesPerSec" : 1.0971980904786554
  },
  "Course Page" : {
    "transaction" : "Course Page",
    "sampleCount" : 90,
    "errorCount" : 25,
    "errorPct" : 27.777779,
    "meanResTime" : 17035.711111111115,
    "medianResTime" : 10346.0,
    "minResTime" : 69.0,
    "maxResTime" : 50283.0,
    "pct1ResTime" : 50082.8,
    "pct2ResTime" : 50143.35,
    "pct3ResTime" : 50283.0,
    "throughput" : 1.270271414658932,
    "receivedKBytesPerSec" : 35.960644962668134,
    "sentKBytesPerSec" : 0.36678811431737024
  },
  "Login" : {
    "transaction" : "Login",
    "sampleCount" : 90,
    "errorCount" : 0,
    "errorPct" : 0.0,
    "meanResTime" : 14385.188888888886,
    "medianResTime" : 19064.0,
    "minResTime" : 905.0,
    "maxResTime" : 21616.0,
    "pct1ResTime" : 21408.1,
    "pct2ResTime" : 21478.9,
    "pct3ResTime" : 21616.0,
    "throughput" : 3.4468231779709697,
    "receivedKBytesPerSec" : 5.8999918616674965,
    "sentKBytesPerSec" : 2.045878054268316
  },
  "RunPractice" : {
    "transaction" : "RunPractice",
    "sampleCount" : 218,
    "errorCount" : 27,
    "errorPct" : 12.385321,
    "meanResTime" : 6920.486238532113,
    "medianResTime" : 3014.0,
    "minResTime" : 0.0,
    "maxResTime" : 50203.0,
    "pct1ResTime" : 15530.199999999999,
    "pct2ResTime" : 35671.39999999989,
    "pct3ResTime" : 50185.49,
    "throughput" : 0.8845464062259083,
    "receivedKBytesPerSec" : 22.300105477340598,
    "sentKBytesPerSec" : 0.19114875392568187
  }
}