Device,kB_read/s,kB_wrtn/s
loop0,0.0,0.0
sda,30.892018779342724,440.13896713615026
