Device,kB_read/s,kB_wrtn/s
loop0,0.0,0.0
sda,200.43870967741935,927.7677419354839
