{"%iowait": 9.806576576576575, "user+system(%)": 5.81081081081081, "%idle": 56.57563636363634}