{"user+system(%)": 33.736363636363635, "I/O wait(%)": 9.836363636363636, "Available Memory(Kb)": 1571349.1636363636, "Idle(%)": 56.4}