Device,kB_read/s,kB_wrtn/s
loop0,0.0,0.0
sda,16.361290322580643,341.85806451612905
