{"Disk Write(KB/s)": 302.20960000000014, "Disk Read(KB/s)": 12.673233333333343}