{"%iowait": 1.2290090090090091, "%idle": 68.76781818181817, "user+system(%)": 28.73288288288289}