{"Available Memory(Kb)": 4613985.054545455, "user+system(%)": 29.745454545454546, "Idle(%)": 69.05454545454545, "I/O wait(%)": 1.2}