Device,kB_read/s,kB_wrtn/s
loop0,0.0,0.0
sda,22.967487684729065,290.9477832512315
