{"Disk Read(KB/s)": 22.759477777777768, "Disk Write(KB/s)": 286.36681111111085}