{"%idle": 74.42977777777779, "%iowait": 1.6782872928176806, "user+system(%)": 21.03823204419888}