{"user+system(%)": 23.677777777777777, "Available Memory(Kb)": 6925120.133333334, "I/O wait(%)": 1.6388888888888888, "Idle(%)": 74.72777777777777}