Device,kB_read/s,kB_wrtn/s
loop0,0.0,0.0
sda,101.66451612903226,881.4322580645161
