{"Disk Write(KB/s)": 844.8452999999998, "Disk Read(KB/s)": 98.42426666666667}