{"%idle": 9.888, "user+system(%)": 86.8417117117117, "%iowait": 1.047477477477477}