Device,kB_read/s,kB_wrtn/s
loop0,0.0,0.0
sda,6.910552763819095,300.88442211055275
