{"Disk Write(KB/s)": 286.9450555555555, "Disk Read(KB/s)": 7.234011111111113}