{"user+system(%)": 8.284972375690607, "%iowait": 0.7924309392265195, "%idle": 90.42255555555556}