{"Idle(%)": 90.5, "I/O wait(%)": 0.7888888888888889, "Available Memory(Kb)": 9037046.4, "user+system(%)": 8.572222222222223}