{"user+system(%)": 23.044324324324332, "%sys": 2.031711711711711, "%guest": 0.0, "%idle": 75.6790909090909, "%iowait": 0.7354054054054053}