{"I/O wait(%)": 0.7636363636363637, "Idle(%)": 76.0, "Available Memory(Kb)": 7546491.381818182, "sys(%)": 2.2454545454545456, "user+system(%)": 23.254545454545454}