Device,kB_read/s,kB_wrtn/s
loop0,0.0,0.0
sda,0.02962962962962963,234.46913580246914
Device,kB_read/s,kB_wrtn/s
loop0,0.0,0.0
sda,0.02962962962962963,234.46913580246914
