{"user+system(%)": 89.22198198198198, "%iowait": 0.3526126126126126, "%idle": 4.267545454545455}