{"Available Memory(Kb)": 3122642.727272727, "I/O wait(%)": 0.34545454545454546, "user+system(%)": 95.11818181818182, "Idle(%)": 4.909090909090909}