Device,kB_read/s,kB_wrtn/s
loop0,0.0,0.0
sda,0.7160220994475138,246.5900552486188
