{"Disk Write(KB/s)": 235.03313333333352, "Disk Read(KB/s)": 0.6187888888888889}