{"user+system(%)": 25.770883977900557, "%idle": 69.7032222222222, "%iowait": 1.1267403314917128}