{"Available Memory(Kb)": 7262171.8, "user+system(%)": 29.394444444444446, "Idle(%)": 69.60555555555555, "I/O wait(%)": 1.1055555555555556}