{"user+system(%)": 16.4, "Idle(%)": 79.72727272727273, "Available Memory(Kb)": 2157469.1636363636, "I/O wait(%)": 3.8454545454545452, "sys(%)": 2.272727272727273}