{
  "AssignmentsList" : {
    "transaction" : "AssignmentsList",
    "sampleCount" : 180,
    "errorCount" : 0,
    "errorPct" : 0.0,
    "meanResTime" : 42.74444444444443,
    "medianResTime" : 35.0,
    "minResTime" : 25.0,
    "maxResTime" : 125.0,
    "pct1ResTime" : 81.0,
    "pct2ResTime" : 94.0,
    "pct3ResTime" : 124.19,
    "throughput" : 73.26007326007327,
    "receivedKBytesPerSec" : 28.052821021571024,
    "sentKBytesPerSec" : 23.68074633699634
  },
  "Get CSRF Token" : {
    "transaction" : "Get CSRF Token",
    "sampleCount" : 180,
    "errorCount" : 0,
    "errorPct" : 0.0,
    "meanResTime" : 50.33333333333331,
    "medianResTime" : 32.0,
    "minResTime" : 26.0,
    "maxResTime" : 364.0,
    "pct1ResTime" : 80.60000000000014,
    "pct2ResTime" : 209.99999999999977,
    "pct3ResTime" : 364.0,
    "throughput" : 57.67382249279078,
    "receivedKBytesPerSec" : 1541.4474277074655,
    "sentKBytesPerSec" : 7.603482457545659
  },
  "StudentCourses" : {
    "transaction" : "StudentCourses",
    "sampleCount" : 180,
    "errorCount" : 0,
    "errorPct" : 0.0,
    "meanResTime" : 34.133333333333326,
    "medianResTime" : 30.5,
    "minResTime" : 23.0,
    "maxResTime" : 82.0,
    "pct1ResTime" : 50.80000000000001,
    "pct2ResTime" : 58.94999999999999,
    "pct3ResTime" : 72.27999999999997,
    "throughput" : 67.1892497200448,
    "receivedKBytesPerSec" : 83.8480426465099,
    "sentKBytesPerSec" : 16.27239641657335
  },
  "GetSubmissionId" : {
    "transaction" : "GetSubmissionId",
    "sampleCount" : 1024,
    "errorCount" : 2,
    "errorPct" : 0.1953125,
    "meanResTime" : 4673.374023437497,
    "medianResTime" : 3377.5,
    "minResTime" : 194.0,
    "maxResTime" : 31582.0,
    "pct1ResTime" : 10156.0,
    "pct2ResTime" : 12879.25,
    "pct3ResTime" : 20360.5,
    "throughput" : 3.7398742175116686,
    "receivedKBytesPerSec" : 167.63406889252792,
    "sentKBytesPerSec" : 0.8638857781604494
  },
  "TestcasesResults" : {
    "transaction" : "TestcasesResults",
    "sampleCount" : 980,
    "errorCount" : 13,
    "errorPct" : 1.3265306,
    "meanResTime" : 15407.533673469386,
    "medianResTime" : 13615.5,
    "minResTime" : 5325.0,
    "maxResTime" : 45345.0,
    "pct1ResTime" : 24616.8,
    "pct2ResTime" : 29110.14999999999,
    "pct3ResTime" : 36601.58999999993,
    "throughput" : 3.445560149635755,
    "receivedKBytesPerSec" : 98.64574296428924,
    "sentKBytesPerSec" : 0.8234020775321352
  },
  "Total" : {
    "transaction" : "Total",
    "sampleCount" : 4968,
    "errorCount" : 21,
    "errorPct" : 0.42270532,
    "meanResTime" : 8097.61755233497,
    "medianResTime" : 4967.0,
    "minResTime" : 23.0,
    "maxResTime" : 53222.0,
    "pct1ResTime" : 18773.400000000012,
    "pct2ResTime" : 26293.650000000005,
    "pct3ResTime" : 46070.30000000001,
    "throughput" : 15.39295728826163,
    "receivedKBytesPerSec" : 499.6770470640521,
    "sentKBytesPerSec" : 7.636634330121303
  },
  "Upload" : {
    "transaction" : "Upload",
    "sampleCount" : 1057,
    "errorCount" : 1,
    "errorPct" : 0.09460738,
    "meanResTime" : 12204.22421948912,
    "medianResTime" : 6976.0,
    "minResTime" : 535.0,
    "maxResTime" : 53222.0,
    "pct1ResTime" : 37741.00000000001,
    "pct2ResTime" : 44899.69999999999,
    "pct3ResTime" : 48463.0,
    "throughput" : 3.810340911958414,
    "receivedKBytesPerSec" : 171.83254428124425,
    "sentKBytesPerSec" : 5.315864351683291
  },
  "Course Page" : {
    "transaction" : "Course Page",
    "sampleCount" : 180,
    "errorCount" : 0,
    "errorPct" : 0.0,
    "meanResTime" : 112.47777777777777,
    "medianResTime" : 77.0,
    "minResTime" : 55.0,
    "maxResTime" : 310.0,
    "pct1ResTime" : 236.8,
    "pct2ResTime" : 281.84999999999997,
    "pct3ResTime" : 308.38,
    "throughput" : 66.44518272425249,
    "receivedKBytesPerSec" : 2151.6364721760797,
    "sentKBytesPerSec" : 19.271698504983387
  },
  "Login" : {
    "transaction" : "Login",
    "sampleCount" : 180,
    "errorCount" : 0,
    "errorPct" : 0.0,
    "meanResTime" : 122.11111111111113,
    "medianResTime" : 106.0,
    "minResTime" : 76.0,
    "maxResTime" : 318.0,
    "pct1ResTime" : 177.0,
    "pct2ResTime" : 197.79999999999995,
    "pct3ResTime" : 293.69999999999993,
    "throughput" : 63.69426751592356,
    "receivedKBytesPerSec" : 109.16351512738854,
    "sentKBytesPerSec" : 37.69406847133758
  },
  "RunPractice" : {
    "transaction" : "RunPractice",
    "sampleCount" : 1007,
    "errorCount" : 5,
    "errorPct" : 0.49652433,
    "meanResTime" : 7327.762661370405,
    "medianResTime" : 4924.0,
    "minResTime" : 70.0,
    "maxResTime" : 37250.0,
    "pct1ResTime" : 16810.4,
    "pct2ResTime" : 21608.399999999987,
    "pct3ResTime" : 29306.919999999995,
    "throughput" : 3.680044438272462,
    "receivedKBytesPerSec" : 103.79875310857777,
    "sentKBytesPerSec" : 0.859084355973951
  }
}