{"%idle": 30.59581818181819, "%iowait": 2.4762162162162147, "user+system(%)": 64.98837837837837}