{"user+system(%)": 66.76363636363637, "I/O wait(%)": 2.518181818181818, "Idle(%)": 30.654545454545456, "Available Memory(Kb)": 4755999.2727272725}