Device,kB_read/s,kB_wrtn/s
loop0,0.0,0.0
sda,279.85573770491806,1351.488524590164
Device,kB_read/s,kB_wrtn/s
loop0,0.0,0.0
sda,279.85573770491806,1351.488524590164
