{"Disk Read(KB/s)": 251.63666666666657, "Disk Write(KB/s)": 1336.034833333333}