{"%iowait": 5.979729729729731, "user+system(%)": 9.90432432432433, "%idle": 21.554181818181817, "%sys": 4.998828828828829, "%guest": 61.62855855855855}