Device,kB_read/s,kB_wrtn/s
loop0,0.0,0.0
sda,94.6065934065934,465.621978021978
