{"Disk Write(KB/s)": 442.068711111111, "Disk Read(KB/s)": 82.12619999999997}