{"%iowait": 0.7606077348066298, "%idle": 13.057833333333347, "user+system(%)": 80.05392265193368}