{"%idle": 89.36355555555556, "user+system(%)": 3.277016574585638, "%iowait": 0.3870718232044201}