{"user+system(%)": 10.244444444444444, "Available Memory(Kb)": 6793469.222222222, "Idle(%)": 89.49444444444444, "I/O wait(%)": 0.18888888888888888}