{
  "AssignmentsList" : {
    "transaction" : "AssignmentsList",
    "sampleCount" : 90,
    "errorCount" : 1,
    "errorPct" : 1.1111112,
    "meanResTime" : 144.69999999999993,
    "medianResTime" : 75.5,
    "minResTime" : 25.0,
    "maxResTime" : 706.0,
    "pct1ResTime" : 362.0,
    "pct2ResTime" : 430.8500000000001,
    "pct3ResTime" : 706.0,
    "throughput" : 10.21218654260751,
    "receivedKBytesPerSec" : 4.095955548621355,
    "sentKBytesPerSec" : 3.284055691875638
  },
  "Get CSRF Token" : {
    "transaction" : "Get CSRF Token",
    "sampleCount" : 90,
    "errorCount" : 0,
    "errorPct" : 0.0,
    "meanResTime" : 3535.133333333334,
    "medianResTime" : 3771.5,
    "minResTime" : 2307.0,
    "maxResTime" : 5051.0,
    "pct1ResTime" : 4376.6,
    "pct2ResTime" : 4432.6,
    "pct3ResTime" : 5051.0,
    "throughput" : 16.638935108153078,
    "receivedKBytesPerSec" : 444.6336545572195,
    "sentKBytesPerSec" : 2.2261075291181367
  },
  "StudentCourses" : {
    "transaction" : "StudentCourses",
    "sampleCount" : 90,
    "errorCount" : 0,
    "errorPct" : 0.0,
    "meanResTime" : 325.22222222222234,
    "medianResTime" : 70.5,
    "minResTime" : 24.0,
    "maxResTime" : 1049.0,
    "pct1ResTime" : 956.5000000000001,
    "pct2ResTime" : 1010.95,
    "pct3ResTime" : 1049.0,
    "throughput" : 10.452961672473869,
    "receivedKBytesPerSec" : 12.933498475609756,
    "sentKBytesPerSec" : 2.5519925958188154
  },
  "GetSubmissionId" : {
    "transaction" : "GetSubmissionId",
    "sampleCount" : 576,
    "errorCount" : 2,
    "errorPct" : 0.3472222,
    "meanResTime" : 1437.9479166666656,
    "medianResTime" : 1084.5,
    "minResTime" : 0.0,
    "maxResTime" : 10014.0,
    "pct1ResTime" : 2638.9,
    "pct2ResTime" : 3562.45,
    "pct3ResTime" : 9380.95,
    "throughput" : 2.142546282347427,
    "receivedKBytesPerSec" : 95.19063846647065,
    "sentKBytesPerSec" : 0.49833061097906184
  },
  "TestcasesResults" : {
    "transaction" : "TestcasesResults",
    "sampleCount" : 527,
    "errorCount" : 0,
    "errorPct" : 0.0,
    "meanResTime" : 22883.925996204925,
    "medianResTime" : 22380.0,
    "minResTime" : 15267.0,
    "maxResTime" : 39252.0,
    "pct1ResTime" : 26501.0,
    "pct2ResTime" : 29934.399999999994,
    "pct3ResTime" : 35516.12000000001,
    "throughput" : 1.9368804830807793,
    "receivedKBytesPerSec" : 56.076201614740874,
    "sentKBytesPerSec" : 0.46908824199612625
  },
  "Total" : {
    "transaction" : "Total",
    "sampleCount" : 2711,
    "errorCount" : 7,
    "errorPct" : 0.2582073,
    "meanResTime" : 6417.637772039851,
    "medianResTime" : 2500.0,
    "minResTime" : 0.0,
    "maxResTime" : 39252.0,
    "pct1ResTime" : 22320.2,
    "pct2ResTime" : 23991.2,
    "pct3ResTime" : 29784.880000000052,
    "throughput" : 8.313987187075446,
    "receivedKBytesPerSec" : 272.18956215671454,
    "sentKBytesPerSec" : 4.153211056169249
  },
  "Upload" : {
    "transaction" : "Upload",
    "sampleCount" : 585,
    "errorCount" : 2,
    "errorPct" : 0.34188035,
    "meanResTime" : 2528.3247863247852,
    "medianResTime" : 1902.0,
    "minResTime" : 0.0,
    "maxResTime" : 13904.0,
    "pct1ResTime" : 4164.599999999999,
    "pct2ResTime" : 6901.899999999998,
    "pct3ResTime" : 10693.479999999996,
    "throughput" : 2.159659770522305,
    "receivedKBytesPerSec" : 96.4201526655647,
    "sentKBytesPerSec" : 3.0133245643301736
  },
  "Course Page" : {
    "transaction" : "Course Page",
    "sampleCount" : 90,
    "errorCount" : 1,
    "errorPct" : 1.1111112,
    "meanResTime" : 1469.6111111111106,
    "medianResTime" : 1226.0,
    "minResTime" : 32.0,
    "maxResTime" : 4114.0,
    "pct1ResTime" : 4090.5,
    "pct2ResTime" : 4109.9,
    "pct3ResTime" : 4114.0,
    "throughput" : 9.40832113736149,
    "receivedKBytesPerSec" : 301.37988710014633,
    "sentKBytesPerSec" : 2.7166323110495503
  },
  "Login" : {
    "transaction" : "Login",
    "sampleCount" : 90,
    "errorCount" : 0,
    "errorPct" : 0.0,
    "meanResTime" : 4704.966666666667,
    "medianResTime" : 4612.0,
    "minResTime" : 106.0,
    "maxResTime" : 8780.0,
    "pct1ResTime" : 8461.9,
    "pct2ResTime" : 8758.05,
    "pct3ResTime" : 8780.0,
    "throughput" : 10.033444816053512,
    "receivedKBytesPerSec" : 17.174435618729095,
    "sentKBytesPerSec" : 5.9553982023411365
  },
  "RunPractice" : {
    "transaction" : "RunPractice",
    "sampleCount" : 573,
    "errorCount" : 1,
    "errorPct" : 0.17452008,
    "meanResTime" : 3690.910994764396,
    "medianResTime" : 3174.0,
    "minResTime" : 0.0,
    "maxResTime" : 16422.0,
    "pct1ResTime" : 5682.8,
    "pct2ResTime" : 6773.699999999999,
    "pct3ResTime" : 13662.559999999994,
    "throughput" : 2.12952570668292,
    "receivedKBytesPerSec" : 60.20186216198889,
    "sentKBytesPerSec" : 0.49823654459368055
  }
}