{
  "AssignmentsList" : {
    "transaction" : "AssignmentsList",
    "sampleCount" : 180,
    "errorCount" : 0,
    "errorPct" : 0.0,
    "meanResTime" : 44.61111111111111,
    "medianResTime" : 35.0,
    "minResTime" : 25.0,
    "maxResTime" : 154.0,
    "pct1ResTime" : 70.80000000000001,
    "pct2ResTime" : 104.79999999999995,
    "pct3ResTime" : 150.76,
    "throughput" : 41.105275176981046,
    "receivedKBytesPerSec" : 15.74007336149806,
    "sentKBytesPerSec" : 13.286959065996804
  },
  "Get CSRF Token" : {
    "transaction" : "Get CSRF Token",
    "sampleCount" : 180,
    "errorCount" : 0,
    "errorPct" : 0.0,
    "meanResTime" : 1281.772222222223,
    "medianResTime" : 1224.5,
    "minResTime" : 27.0,
    "maxResTime" : 2959.0,
    "pct1ResTime" : 2248.0,
    "pct2ResTime" : 2649.499999999996,
    "pct3ResTime" : 2932.27,
    "throughput" : 56.836122513419646,
    "receivedKBytesPerSec" : 1518.9842269892645,
    "sentKBytesPerSec" : 7.493043495421535
  },
  "StudentCourses" : {
    "transaction" : "StudentCourses",
    "sampleCount" : 180,
    "errorCount" : 0,
    "errorPct" : 0.0,
    "meanResTime" : 81.02777777777771,
    "medianResTime" : 44.5,
    "minResTime" : 22.0,
    "maxResTime" : 367.0,
    "pct1ResTime" : 167.0,
    "pct2ResTime" : 243.5499999999999,
    "pct3ResTime" : 362.14,
    "throughput" : 39.24133420536298,
    "receivedKBytesPerSec" : 48.970766568563334,
    "sentKBytesPerSec" : 9.503760627861348
  },
  "GetSubmissionId" : {
    "transaction" : "GetSubmissionId",
    "sampleCount" : 993,
    "errorCount" : 2,
    "errorPct" : 0.20140988,
    "meanResTime" : 5790.689828801609,
    "medianResTime" : 4936.0,
    "minResTime" : 22.0,
    "maxResTime" : 45404.0,
    "pct1ResTime" : 11431.2,
    "pct2ResTime" : 13909.099999999999,
    "pct3ResTime" : 20718.159999999938,
    "throughput" : 3.624087591240876,
    "receivedKBytesPerSec" : 162.30747462363138,
    "sentKBytesPerSec" : 0.837088703239051
  },
  "TestcasesResults" : {
    "transaction" : "TestcasesResults",
    "sampleCount" : 924,
    "errorCount" : 13,
    "errorPct" : 1.4069264,
    "meanResTime" : 15348.918831168832,
    "medianResTime" : 13768.5,
    "minResTime" : 3784.0,
    "maxResTime" : 59660.0,
    "pct1ResTime" : 23853.0,
    "pct2ResTime" : 29564.5,
    "pct3ResTime" : 37426.0,
    "throughput" : 3.4104246790731323,
    "receivedKBytesPerSec" : 97.56502909841511,
    "sentKBytesPerSec" : 0.8143415462806439
  },
  "Total" : {
    "transaction" : "Total",
    "sampleCount" : 4803,
    "errorCount" : 67,
    "errorPct" : 1.3949615,
    "meanResTime" : 8309.831980012503,
    "medianResTime" : 6193.0,
    "minResTime" : 6.0,
    "maxResTime" : 72218.0,
    "pct1ResTime" : 16778.800000000003,
    "pct2ResTime" : 22698.800000000017,
    "pct3ResTime" : 50005.0,
    "throughput" : 15.053217495956973,
    "receivedKBytesPerSec" : 479.0474902195614,
    "sentKBytesPerSec" : 7.348765339598456
  },
  "Upload" : {
    "transaction" : "Upload",
    "sampleCount" : 994,
    "errorCount" : 47,
    "errorPct" : 4.72837,
    "meanResTime" : 12223.682092555313,
    "medianResTime" : 8994.5,
    "minResTime" : 49.0,
    "maxResTime" : 72218.0,
    "pct1ResTime" : 22577.0,
    "pct2ResTime" : 50005.0,
    "pct3ResTime" : 66971.79999999997,
    "throughput" : 3.632071852173945,
    "receivedKBytesPerSec" : 156.09905857081262,
    "sentKBytesPerSec" : 5.038060934034413
  },
  "Course Page" : {
    "transaction" : "Course Page",
    "sampleCount" : 180,
    "errorCount" : 1,
    "errorPct" : 0.5555556,
    "meanResTime" : 167.07777777777787,
    "medianResTime" : 130.5,
    "minResTime" : 6.0,
    "maxResTime" : 486.0,
    "pct1ResTime" : 328.00000000000006,
    "pct2ResTime" : 401.9,
    "pct3ResTime" : 467.36999999999995,
    "throughput" : 39.23278116826504,
    "receivedKBytesPerSec" : 1263.8108670035963,
    "sentKBytesPerSec" : 11.31582218559285
  },
  "Login" : {
    "transaction" : "Login",
    "sampleCount" : 180,
    "errorCount" : 0,
    "errorPct" : 0.0,
    "meanResTime" : 1496.0277777777787,
    "medianResTime" : 1437.5,
    "minResTime" : 83.0,
    "maxResTime" : 2825.0,
    "pct1ResTime" : 2671.7,
    "pct2ResTime" : 2730.95,
    "pct3ResTime" : 2814.47,
    "throughput" : 32.68567278009805,
    "receivedKBytesPerSec" : 56.018902079171966,
    "sentKBytesPerSec" : 19.343279008534594
  },
  "RunPractice" : {
    "transaction" : "RunPractice",
    "sampleCount" : 992,
    "errorCount" : 4,
    "errorPct" : 0.4032258,
    "meanResTime" : 7335.215725806451,
    "medianResTime" : 5570.5,
    "minResTime" : 299.0,
    "maxResTime" : 50003.0,
    "pct1ResTime" : 14692.1,
    "pct2ResTime" : 18934.649999999987,
    "pct3ResTime" : 28773.91,
    "throughput" : 3.7332670979493376,
    "receivedKBytesPerSec" : 105.41834504330703,
    "sentKBytesPerSec" : 0.8732203944768722
  }
}