Device,kB_read/s,kB_wrtn/s
loop0,0.0,0.0
sda,12.864516129032259,897.0967741935484
