{"Disk Read(KB/s)": 12.405333333333337, "Disk Write(KB/s)": 878.7630000000001}