{"user+system(%)": 95.79801801801801, "%iowait": 0.4227027027027028, "%idle": 1.9365454545454546}