{"Idle(%)": 1.9272727272727272, "Available Memory(Kb)": 2343333.381818182, "I/O wait(%)": 0.4090909090909091, "user+system(%)": 97.60909090909091}