Device,kB_read/s,kB_wrtn/s
loop0,0.0,0.0
sda,10.190163934426229,453.21967213114755
