{"Disk Read(KB/s)": 9.662666666666672, "Disk Write(KB/s)": 443.34283333333326}