{"user+system(%)": 39.630810810810814, "%iowait": 0.9721621621621618, "%idle": 58.583909090909096}