{"user+system(%)": 40.10909090909091, "Idle(%)": 58.92727272727273, "Available Memory(Kb)": 2595794.4727272727, "I/O wait(%)": 1.0272727272727273}