{"Disk Read(KB/s)": 5.917977777777777, "Disk Write(KB/s)": 445.99531111111116}