{"%iowait": 0.8991160220994471, "%idle": 14.014277777777783, "user+system(%)": 79.1649723756906}