Device,kB_read/s,kB_wrtn/s
loop0,0.0,0.0
sda,2.057142857142857,40.72380952380952
