{"Disk Read(KB/s)": 2.103166666666667, "Disk Write(KB/s)": 37.45366666666667}