{"%iowait": 0.0, "%idle": 0.0, "%sys": 4.59990990990991, "user+system(%)": 97.07306306306305, "%guest": 0.0}