{"sys(%)": 5.490909090909091, "Idle(%)": 0.0, "user+system(%)": 100.23636363636363, "Available Memory(Kb)": 7606020.836363636, "I/O wait(%)": 0.0}