{"Disk Write(KB/s)": 411.1690666666671, "Disk Read(KB/s)": 8.074444444444444}