{"%iowait": 2.300828729281768, "user+system(%)": 74.34226519337017, "%idle": 14.851611111111113}