{"I/O wait(%)": 2.3055555555555554, "Available Memory(Kb)": 8850539.155555556, "user+system(%)": 82.35, "Idle(%)": 15.38888888888889}