Device,kB_read/s,kB_wrtn/s
loop0,0.0,0.0
sda,12.476767676767677,279.3858585858586
Device,kB_read/s,kB_wrtn/s
loop0,0.0,0.0
sda,12.476767676767677,279.3858585858586
