{"Disk Read(KB/s)": 15.51756666666668, "Disk Write(KB/s)": 283.71363333333323}