{"user+system(%)": 74.02549549549549, "%iowait": 2.7992792792792778, "%idle": 19.65645454545454}