{"Available Memory(Kb)": 9760454.10909091, "Idle(%)": 19.8, "I/O wait(%)": 2.890909090909091, "user+system(%)": 77.48181818181818}