{"user+system(%)": 49.52276243093923, "%idle": 42.18338888888889, "%iowait": 1.7616022099447513}