{"Idle(%)": 42.31111111111111, "user+system(%)": 55.96666666666667, "I/O wait(%)": 1.7333333333333334, "Available Memory(Kb)": 7364816.911111111}