{
  "AssignmentsList" : {
    "transaction" : "AssignmentsList",
    "sampleCount" : 180,
    "errorCount" : 0,
    "errorPct" : 0.0,
    "meanResTime" : 47.03333333333335,
    "medianResTime" : 38.0,
    "minResTime" : 26.0,
    "maxResTime" : 119.0,
    "pct1ResTime" : 76.70000000000002,
    "pct2ResTime" : 83.0,
    "pct3ResTime" : 107.65999999999997,
    "throughput" : 83.06414397784955,
    "receivedKBytesPerSec" : 31.807005652976468,
    "sentKBytesPerSec" : 26.849835602215045
  },
  "Get CSRF Token" : {
    "transaction" : "Get CSRF Token",
    "sampleCount" : 180,
    "errorCount" : 0,
    "errorPct" : 0.0,
    "meanResTime" : 56.577777777777825,
    "medianResTime" : 33.0,
    "minResTime" : 26.0,
    "maxResTime" : 406.0,
    "pct1ResTime" : 101.3000000000001,
    "pct2ResTime" : 275.0999999999998,
    "pct3ResTime" : 405.19,
    "throughput" : 61.162079510703364,
    "receivedKBytesPerSec" : 1634.6232718527012,
    "sentKBytesPerSec" : 8.06336009174312
  },
  "StudentCourses" : {
    "transaction" : "StudentCourses",
    "sampleCount" : 180,
    "errorCount" : 0,
    "errorPct" : 0.0,
    "meanResTime" : 41.69444444444444,
    "medianResTime" : 32.0,
    "minResTime" : 23.0,
    "maxResTime" : 272.0,
    "pct1ResTime" : 65.9,
    "pct2ResTime" : 91.79999999999995,
    "pct3ResTime" : 176.41999999999973,
    "throughput" : 75.31380753138076,
    "receivedKBytesPerSec" : 93.9869900627615,
    "sentKBytesPerSec" : 18.240062761506277
  },
  "GetSubmissionId" : {
    "transaction" : "GetSubmissionId",
    "sampleCount" : 1050,
    "errorCount" : 1,
    "errorPct" : 0.0952381,
    "meanResTime" : 5078.654285714289,
    "medianResTime" : 3340.5,
    "minResTime" : 294.0,
    "maxResTime" : 30298.0,
    "pct1ResTime" : 11182.999999999998,
    "pct2ResTime" : 14513.349999999997,
    "pct3ResTime" : 25089.37,
    "throughput" : 3.8647840873956505,
    "receivedKBytesPerSec" : 173.37532844913574,
    "sentKBytesPerSec" : 0.8936342692705496
  },
  "TestcasesResults" : {
    "transaction" : "TestcasesResults",
    "sampleCount" : 961,
    "errorCount" : 11,
    "errorPct" : 1.144641,
    "meanResTime" : 15732.520291363157,
    "medianResTime" : 13427.0,
    "minResTime" : 5407.0,
    "maxResTime" : 61842.0,
    "pct1ResTime" : 26921.800000000003,
    "pct2ResTime" : 33149.9,
    "pct3ResTime" : 44009.899999999994,
    "throughput" : 3.30785037914643,
    "receivedKBytesPerSec" : 94.86532183237183,
    "sentKBytesPerSec" : 0.7919500655718519
  },
  "Total" : {
    "transaction" : "Total",
    "sampleCount" : 5010,
    "errorCount" : 30,
    "errorPct" : 0.5988024,
    "meanResTime" : 8187.15009980039,
    "medianResTime" : 5084.0,
    "minResTime" : 13.0,
    "maxResTime" : 61842.0,
    "pct1ResTime" : 18353.100000000006,
    "pct2ResTime" : 27130.949999999964,
    "pct3ResTime" : 53789.17000000002,
    "throughput" : 15.231806200348416,
    "receivedKBytesPerSec" : 493.5101022588906,
    "sentKBytesPerSec" : 7.501583796216067
  },
  "Upload" : {
    "transaction" : "Upload",
    "sampleCount" : 1052,
    "errorCount" : 13,
    "errorPct" : 1.2357415,
    "meanResTime" : 12046.34505703422,
    "medianResTime" : 7009.0,
    "minResTime" : 24.0,
    "maxResTime" : 60497.0,
    "pct1ResTime" : 32262.500000000015,
    "pct2ResTime" : 51598.74999999999,
    "pct3ResTime" : 59310.74,
    "throughput" : 3.8124368066855356,
    "receivedKBytesPerSec" : 169.9167716868583,
    "sentKBytesPerSec" : 5.311349241816125
  },
  "Course Page" : {
    "transaction" : "Course Page",
    "sampleCount" : 180,
    "errorCount" : 0,
    "errorPct" : 0.0,
    "meanResTime" : 125.24444444444445,
    "medianResTime" : 94.5,
    "minResTime" : 53.0,
    "maxResTime" : 366.0,
    "pct1ResTime" : 262.8,
    "pct2ResTime" : 278.84999999999997,
    "pct3ResTime" : 359.52,
    "throughput" : 74.87520798668885,
    "receivedKBytesPerSec" : 2424.5946696911396,
    "sentKBytesPerSec" : 21.716735128951747
  },
  "Login" : {
    "transaction" : "Login",
    "sampleCount" : 180,
    "errorCount" : 0,
    "errorPct" : 0.0,
    "meanResTime" : 182.00000000000009,
    "medianResTime" : 115.0,
    "minResTime" : 83.0,
    "maxResTime" : 775.0,
    "pct1ResTime" : 367.6000000000001,
    "pct2ResTime" : 646.2499999999998,
    "pct3ResTime" : 765.28,
    "throughput" : 69.23076923076924,
    "receivedKBytesPerSec" : 118.65234375,
    "sentKBytesPerSec" : 40.97055288461538
  },
  "RunPractice" : {
    "transaction" : "RunPractice",
    "sampleCount" : 1047,
    "errorCount" : 5,
    "errorPct" : 0.47755492,
    "meanResTime" : 7461.192932187207,
    "medianResTime" : 4862.0,
    "minResTime" : 13.0,
    "maxResTime" : 50003.0,
    "pct1ResTime" : 15790.000000000004,
    "pct2ResTime" : 21866.0,
    "pct3ResTime" : 36356.84,
    "throughput" : 3.845136838394077,
    "receivedKBytesPerSec" : 108.45729836903031,
    "sentKBytesPerSec" : 0.8986217002335729
  }
}