Device,kB_read/s,kB_wrtn/s
loop0,0.0,0.0
sda,155.7095238095238,83.83333333333333
