{"Disk Read(KB/s)": 122.29585555555558, "Disk Write(KB/s)": 75.92354444444439}