{"%idle": 96.26549999999999, "user+system(%)": 1.223977900552484, "%iowait": 0.3983977900552477}