{"user+system(%)": 3.433333333333333, "Available Memory(Kb)": 9565286.577777777, "Idle(%)": 96.07222222222222, "I/O wait(%)": 0.4444444444444444}