Device,kB_read/s,kB_wrtn/s
loop0,0.0,0.0
sda,113.54975845410628,381.6541062801932
