{"Disk Read(KB/s)": 107.11048888888891, "Disk Write(KB/s)": 381.0233777777781}