{"%idle": 66.52611111111112, "user+system(%)": 28.164917127071845, "%iowait": 2.682154696132598}