{"Idle(%)": 66.68333333333334, "user+system(%)": 30.66111111111111, "Available Memory(Kb)": 8911300.533333333, "I/O wait(%)": 2.661111111111111}