{"%iowait": 1.770828729281768, "user+system(%)": 75.80375690607738, "%idle": 13.78194444444445}