{"user+system(%)": 83.91666666666667, "Idle(%)": 14.327777777777778, "I/O wait(%)": 1.761111111111111, "Available Memory(Kb)": 7294877.2}