Device,kB_read/s,kB_wrtn/s
loop0,0.0,0.0
sda,18.41311475409836,160.65573770491804
