Device,kB_read/s,kB_wrtn/s
loop0,0.0,0.0
sda,9.165217391304347,452.7608695652174
