{"Available Memory(Kb)": 9022145.644444445, "I/O wait(%)": 3.488888888888889, "Idle(%)": 17.555555555555557, "user+system(%)": 79.02222222222223}