{"Disk Read(KB/s)": 1.2176333333333331, "Disk Write(KB/s)": 324.53365555555547}