{"user+system(%)": 25.659668508287286, "%idle": 66.73872222222222, "%iowait": 3.8931491712707222}