Device,kB_read/s,kB_wrtn/s
loop0,0.0,0.0
sda,31.238709677419354,692.9032258064516
