Device,kB_read/s,kB_wrtn/s
loop0,0.0,0.0
sda,12.445901639344262,539.055737704918
