{"Disk Read(KB/s)": 12.33333333333333, "Disk Write(KB/s)": 531.4905000000002}