{"%iowait": 1.2981981981981976, "%idle": 37.01727272727271, "user+system(%)": 60.20171171171168}