{"Available Memory(Kb)": 5840607.345454546, "user+system(%)": 61.57272727272727, "I/O wait(%)": 1.309090909090909, "Idle(%)": 37.11818181818182}