{"Disk Write(KB/s)": 131.09799999999998, "Disk Read(KB/s)": 15.914833333333332}