{"user+system(%)": 97.14207207207211, "%guest": 0.0, "%idle": 0.0, "%iowait": 0.0, "%sys": 5.088108108108107}