{"Available Memory(Kb)": 7331574.618181818, "sys(%)": 5.881818181818182, "user+system(%)": 100.17272727272727, "Idle(%)": 0.0, "I/O wait(%)": 0.0}