Device,kB_read/s,kB_wrtn/s
loop0,0.0,0.0
sda,200.55081967213115,964.7868852459017
