{"Disk Read(KB/s)": 197.0258333333333, "Disk Write(KB/s)": 941.9755000000005}