{"%iowait": 0.2874774774774776, "user+system(%)": 96.41648648648652, "%idle": 1.5435454545454546}