{"user+system(%)": 98.18181818181819, "Available Memory(Kb)": 2790628.0727272728, "Idle(%)": 1.490909090909091, "I/O wait(%)": 0.2727272727272727}