{"Disk Write(KB/s)": 124.3793888888888, "Disk Read(KB/s)": 8.249488888888887}