{"%iowait": 0.905580110497237, "user+system(%)": 10.383922651933707, "%idle": 85.44472222222224}