{"Idle(%)": 85.47777777777777, "user+system(%)": 13.65, "I/O wait(%)": 0.9, "Available Memory(Kb)": 9337083.022222223}