Device,kB_read/s,kB_wrtn/s
loop0,0.0,0.0
sda,40.59016393442623,490.01967213114756
Device,kB_read/s,kB_wrtn/s
loop0,0.0,0.0
sda,40.59016393442623,490.01967213114756
