{"%idle": 9.553363636363633, "%guest": 0.0, "user+system(%)": 85.70729729729732, "%iowait": 2.076576576576576, "%sys": 8.630360360360354}