{"sys(%)": 9.709090909090909, "Idle(%)": 9.536363636363637, "user+system(%)": 88.42727272727272, "Available Memory(Kb)": 9996451.38181818, "I/O wait(%)": 2.081818181818182}