{"%iowait": 1.2378378378378379, "%idle": 80.52272727272727, "user+system(%)": 13.574774774774765}