{"Idle(%)": 80.54545454545455, "I/O wait(%)": 1.3181818181818181, "Available Memory(Kb)": 3230109.8181818184, "user+system(%)": 18.545454545454547}