{
  "AssignmentsList" : {
    "transaction" : "AssignmentsList",
    "sampleCount" : 1,
    "errorCount" : 0,
    "errorPct" : 0.0,
    "meanResTime" : 74.0,
    "medianResTime" : 74.0,
    "minResTime" : 74.0,
    "maxResTime" : 74.0,
    "pct1ResTime" : 74.0,
    "pct2ResTime" : 74.0,
    "pct3ResTime" : 74.0,
    "throughput" : 13.513513513513514,
    "receivedKBytesPerSec" : 5.239125844594595,
    "sentKBytesPerSec" : 4.39453125
  },
  "Get CSRF Token" : {
    "transaction" : "Get CSRF Token",
    "sampleCount" : 1,
    "errorCount" : 0,
    "errorPct" : 0.0,
    "meanResTime" : 2546.0,
    "medianResTime" : 2546.0,
    "minResTime" : 2546.0,
    "maxResTime" : 2546.0,
    "pct1ResTime" : 2546.0,
    "pct2ResTime" : 2546.0,
    "pct3ResTime" : 2546.0,
    "throughput" : 0.3927729772191674,
    "receivedKBytesPerSec" : 12.779313751963866,
    "sentKBytesPerSec" : 0.052548728397486255
  },
  "StudentCourses" : {
    "transaction" : "StudentCourses",
    "sampleCount" : 1,
    "errorCount" : 0,
    "errorPct" : 0.0,
    "meanResTime" : 35.0,
    "medianResTime" : 35.0,
    "minResTime" : 35.0,
    "maxResTime" : 35.0,
    "pct1ResTime" : 35.0,
    "pct2ResTime" : 35.0,
    "pct3ResTime" : 35.0,
    "throughput" : 28.57142857142857,
    "receivedKBytesPerSec" : 35.630580357142854,
    "sentKBytesPerSec" : 6.975446428571428
  },
  "Total" : {
    "transaction" : "Total",
    "sampleCount" : 25,
    "errorCount" : 0,
    "errorPct" : 0.0,
    "meanResTime" : 1587.76,
    "medianResTime" : 1392.0,
    "minResTime" : 35.0,
    "maxResTime" : 4275.0,
    "pct1ResTime" : 2718.000000000001,
    "pct2ResTime" : 3885.2999999999993,
    "pct3ResTime" : 4275.0,
    "throughput" : 0.08319965921419586,
    "receivedKBytesPerSec" : 3.1711907608026433,
    "sentKBytesPerSec" : 0.09017088066007281
  },
  "Upload" : {
    "transaction" : "Upload",
    "sampleCount" : 20,
    "errorCount" : 0,
    "errorPct" : 0.0,
    "meanResTime" : 1582.85,
    "medianResTime" : 1389.5,
    "minResTime" : 1310.0,
    "maxResTime" : 4275.0,
    "pct1ResTime" : 2007.4,
    "pct2ResTime" : 4161.8499999999985,
    "pct3ResTime" : 4275.0,
    "throughput" : 0.07468092574475553,
    "receivedKBytesPerSec" : 3.281949550234125,
    "sentKBytesPerSec" : 0.09524735256118236
  },
  "Course Page" : {
    "transaction" : "Course Page",
    "sampleCount" : 1,
    "errorCount" : 0,
    "errorPct" : 0.0,
    "meanResTime" : 2406.0,
    "medianResTime" : 2406.0,
    "minResTime" : 2406.0,
    "maxResTime" : 2406.0,
    "pct1ResTime" : 2406.0,
    "pct2ResTime" : 2406.0,
    "pct3ResTime" : 2406.0,
    "throughput" : 0.41562759767248547,
    "receivedKBytesPerSec" : 15.837278548420613,
    "sentKBytesPerSec" : 0.12136001142975893
  },
  "Login" : {
    "transaction" : "Login",
    "sampleCount" : 1,
    "errorCount" : 0,
    "errorPct" : 0.0,
    "meanResTime" : 2976.0,
    "medianResTime" : 2976.0,
    "minResTime" : 2976.0,
    "maxResTime" : 2976.0,
    "pct1ResTime" : 2976.0,
    "pct2ResTime" : 2976.0,
    "pct3ResTime" : 2976.0,
    "throughput" : 0.3360215053763441,
    "receivedKBytesPerSec" : 0.5660518523185484,
    "sentKBytesPerSec" : 0.19885647681451613
  }
}