{
  "AssignmentsList" : {
    "transaction" : "AssignmentsList",
    "sampleCount" : 20,
    "errorCount" : 0,
    "errorPct" : 0.0,
    "meanResTime" : 199.45000000000002,
    "medianResTime" : 163.5,
    "minResTime" : 54.0,
    "maxResTime" : 476.0,
    "pct1ResTime" : 459.5000000000001,
    "pct2ResTime" : 475.5,
    "pct3ResTime" : 476.0,
    "throughput" : 14.035087719298247,
    "receivedKBytesPerSec" : 5.441337719298246,
    "sentKBytesPerSec" : 4.564144736842105
  },
  "Get CSRF Token" : {
    "transaction" : "Get CSRF Token",
    "sampleCount" : 20,
    "errorCount" : 0,
    "errorPct" : 0.0,
    "meanResTime" : 290.19999999999993,
    "medianResTime" : 308.0,
    "minResTime" : 133.0,
    "maxResTime" : 503.0,
    "pct1ResTime" : 478.1000000000001,
    "pct2ResTime" : 501.95,
    "pct3ResTime" : 503.0,
    "throughput" : 39.682539682539684,
    "receivedKBytesPerSec" : 1291.1163814484128,
    "sentKBytesPerSec" : 5.309089781746032
  },
  "StudentCourses" : {
    "transaction" : "StudentCourses",
    "sampleCount" : 20,
    "errorCount" : 0,
    "errorPct" : 0.0,
    "meanResTime" : 144.9,
    "medianResTime" : 95.0,
    "minResTime" : 32.0,
    "maxResTime" : 252.0,
    "pct1ResTime" : 250.4,
    "pct2ResTime" : 251.95,
    "pct3ResTime" : 252.0,
    "throughput" : 13.495276653171391,
    "receivedKBytesPerSec" : 16.8295588731444,
    "sentKBytesPerSec" : 3.2947452766531713
  },
  "Total" : {
    "transaction" : "Total",
    "sampleCount" : 328,
    "errorCount" : 2,
    "errorPct" : 0.6097561,
    "meanResTime" : 9029.631097560967,
    "medianResTime" : 9175.5,
    "minResTime" : 32.0,
    "maxResTime" : 28517.0,
    "pct1ResTime" : 18902.20000000001,
    "pct2ResTime" : 22993.45,
    "pct3ResTime" : 27824.369999999977,
    "throughput" : 1.0631194777749686,
    "receivedKBytesPerSec" : 37.006884144286055,
    "sentKBytesPerSec" : 1.043460098379067
  },
  "Upload" : {
    "transaction" : "Upload",
    "sampleCount" : 228,
    "errorCount" : 2,
    "errorPct" : 0.877193,
    "meanResTime" : 12780.951754385966,
    "medianResTime" : 11652.0,
    "minResTime" : 903.0,
    "maxResTime" : 28517.0,
    "pct1ResTime" : 21151.899999999998,
    "pct2ResTime" : 24254.299999999996,
    "pct3ResTime" : 28395.670000000002,
    "throughput" : 0.8055284690719464,
    "receivedKBytesPerSec" : 35.112080354556184,
    "sentKBytesPerSec" : 1.0251932727332147
  },
  "Course Page" : {
    "transaction" : "Course Page",
    "sampleCount" : 20,
    "errorCount" : 0,
    "errorPct" : 0.0,
    "meanResTime" : 374.0499999999999,
    "medianResTime" : 295.0,
    "minResTime" : 146.0,
    "maxResTime" : 845.0,
    "pct1ResTime" : 798.2000000000002,
    "pct2ResTime" : 843.0,
    "pct3ResTime" : 845.0,
    "throughput" : 12.763241863433313,
    "receivedKBytesPerSec" : 486.40166320995536,
    "sentKBytesPerSec" : 3.7267669112954693
  },
  "Login" : {
    "transaction" : "Login",
    "sampleCount" : 20,
    "errorCount" : 0,
    "errorPct" : 0.0,
    "meanResTime" : 1374.5,
    "medianResTime" : 1337.0,
    "minResTime" : 797.0,
    "maxResTime" : 2196.0,
    "pct1ResTime" : 2079.7,
    "pct2ResTime" : 2190.25,
    "pct3ResTime" : 2196.0,
    "throughput" : 8.624407072013799,
    "receivedKBytesPerSec" : 14.537684616213886,
    "sentKBytesPerSec" : 5.113161653730057
  }
}