{
  "AssignmentsList" : {
    "transaction" : "AssignmentsList",
    "sampleCount" : 30,
    "errorCount" : 0,
    "errorPct" : 0.0,
    "meanResTime" : 82.30000000000001,
    "medianResTime" : 70.5,
    "minResTime" : 28.0,
    "maxResTime" : 174.0,
    "pct1ResTime" : 158.90000000000003,
    "pct2ResTime" : 173.45,
    "pct3ResTime" : 174.0,
    "throughput" : 10.578279266572636,
    "receivedKBytesPerSec" : 4.10114928596615,
    "sentKBytesPerSec" : 3.44000683180536
  },
  "Get CSRF Token" : {
    "transaction" : "Get CSRF Token",
    "sampleCount" : 30,
    "errorCount" : 0,
    "errorPct" : 0.0,
    "meanResTime" : 447.3,
    "medianResTime" : 463.0,
    "minResTime" : 114.0,
    "maxResTime" : 838.0,
    "pct1ResTime" : 754.1000000000001,
    "pct2ResTime" : 816.55,
    "pct3ResTime" : 838.0,
    "throughput" : 34.96503496503497,
    "receivedKBytesPerSec" : 1137.6270214160838,
    "sentKBytesPerSec" : 4.677939248251748
  },
  "StudentCourses" : {
    "transaction" : "StudentCourses",
    "sampleCount" : 30,
    "errorCount" : 0,
    "errorPct" : 0.0,
    "meanResTime" : 301.5666666666667,
    "medianResTime" : 133.0,
    "minResTime" : 27.0,
    "maxResTime" : 1646.0,
    "pct1ResTime" : 978.6000000000005,
    "pct2ResTime" : 1628.95,
    "pct3ResTime" : 1646.0,
    "throughput" : 11.005135730007337,
    "receivedKBytesPerSec" : 13.724178053925165,
    "sentKBytesPerSec" : 2.6868007153338223
  },
  "Total" : {
    "transaction" : "Total",
    "sampleCount" : 389,
    "errorCount" : 13,
    "errorPct" : 3.3419023,
    "meanResTime" : 14976.380462724937,
    "medianResTime" : 12179.0,
    "minResTime" : 27.0,
    "maxResTime" : 61357.0,
    "pct1ResTime" : 36846.0,
    "pct2ResTime" : 44489.5,
    "pct3ResTime" : 55604.90000000005,
    "throughput" : 1.2329479182514327,
    "receivedKBytesPerSec" : 38.57108326578268,
    "sentKBytesPerSec" : 1.1073149775834854
  },
  "Upload" : {
    "transaction" : "Upload",
    "sampleCount" : 239,
    "errorCount" : 13,
    "errorPct" : 5.4393306,
    "meanResTime" : 24064.87447698747,
    "medianResTime" : 21737.0,
    "minResTime" : 1166.0,
    "maxResTime" : 61357.0,
    "pct1ResTime" : 42577.0,
    "pct2ResTime" : 50004.0,
    "pct3ResTime" : 58900.39999999999,
    "throughput" : 0.8220063834470615,
    "receivedKBytesPerSec" : 34.223129537801974,
    "sentKBytesPerSec" : 1.0377017774168362
  },
  "Course Page" : {
    "transaction" : "Course Page",
    "sampleCount" : 30,
    "errorCount" : 0,
    "errorPct" : 0.0,
    "meanResTime" : 145.96666666666667,
    "medianResTime" : 124.0,
    "minResTime" : 43.0,
    "maxResTime" : 322.0,
    "pct1ResTime" : 311.8,
    "pct2ResTime" : 316.5,
    "pct3ResTime" : 322.0,
    "throughput" : 10.710460549803642,
    "receivedKBytesPerSec" : 408.13374408693323,
    "sentKBytesPerSec" : 3.1273708050696176
  },
  "Login" : {
    "transaction" : "Login",
    "sampleCount" : 30,
    "errorCount" : 0,
    "errorPct" : 0.0,
    "meanResTime" : 1499.7666666666667,
    "medianResTime" : 1408.0,
    "minResTime" : 425.0,
    "maxResTime" : 3046.0,
    "pct1ResTime" : 2612.0,
    "pct2ResTime" : 2816.6499999999996,
    "pct3ResTime" : 3046.0,
    "throughput" : 9.6,
    "receivedKBytesPerSec" : 16.185,
    "sentKBytesPerSec" : 5.694375
  }
}