{
  "AssignmentsList" : {
    "transaction" : "AssignmentsList",
    "sampleCount" : 15,
    "errorCount" : 0,
    "errorPct" : 0.0,
    "meanResTime" : 173.33333333333334,
    "medianResTime" : 187.0,
    "minResTime" : 31.0,
    "maxResTime" : 235.0,
    "pct1ResTime" : 233.8,
    "pct2ResTime" : 235.0,
    "pct3ResTime" : 235.0,
    "throughput" : 14.807502467917079,
    "receivedKBytesPerSec" : 5.740799296643633,
    "sentKBytesPerSec" : 4.815330392398816
  },
  "Get CSRF Token" : {
    "transaction" : "Get CSRF Token",
    "sampleCount" : 15,
    "errorCount" : 0,
    "errorPct" : 0.0,
    "meanResTime" : 240.46666666666667,
    "medianResTime" : 241.0,
    "minResTime" : 71.0,
    "maxResTime" : 396.0,
    "pct1ResTime" : 387.6,
    "pct2ResTime" : 396.0,
    "pct3ResTime" : 396.0,
    "throughput" : 37.406483790523694,
    "receivedKBytesPerSec" : 1217.0623246571072,
    "sentKBytesPerSec" : 5.004578397755611
  },
  "StudentCourses" : {
    "transaction" : "StudentCourses",
    "sampleCount" : 15,
    "errorCount" : 0,
    "errorPct" : 0.0,
    "meanResTime" : 130.26666666666668,
    "medianResTime" : 64.0,
    "minResTime" : 29.0,
    "maxResTime" : 226.0,
    "pct1ResTime" : 223.0,
    "pct2ResTime" : 226.0,
    "pct3ResTime" : 226.0,
    "throughput" : 16.07717041800643,
    "receivedKBytesPerSec" : 20.049361937299036,
    "sentKBytesPerSec" : 3.925090434083601
  },
  "Total" : {
    "transaction" : "Total",
    "sampleCount" : 297,
    "errorCount" : 0,
    "errorPct" : 0.0,
    "meanResTime" : 5196.707070707068,
    "medianResTime" : 5475.0,
    "minResTime" : 29.0,
    "maxResTime" : 18509.0,
    "pct1ResTime" : 9786.6,
    "pct2ResTime" : 11975.799999999997,
    "pct3ResTime" : 17256.239999999987,
    "throughput" : 0.9762447120078099,
    "receivedKBytesPerSec" : 35.720558014656824,
    "sentKBytesPerSec" : 1.0115031292423093
  },
  "Upload" : {
    "transaction" : "Upload",
    "sampleCount" : 222,
    "errorCount" : 0,
    "errorPct" : 0.0,
    "meanResTime" : 6823.662162162161,
    "medianResTime" : 6238.0,
    "minResTime" : 1504.0,
    "maxResTime" : 18509.0,
    "pct1ResTime" : 10487.000000000004,
    "pct2ResTime" : 12609.599999999999,
    "pct3ResTime" : 17752.740000000005,
    "throughput" : 0.7955278434745217,
    "receivedKBytesPerSec" : 34.96618320768831,
    "sentKBytesPerSec" : 1.0173838343456605
  },
  "Course Page" : {
    "transaction" : "Course Page",
    "sampleCount" : 15,
    "errorCount" : 0,
    "errorPct" : 0.0,
    "meanResTime" : 371.8666666666667,
    "medianResTime" : 322.0,
    "minResTime" : 179.0,
    "maxResTime" : 884.0,
    "pct1ResTime" : 690.8000000000002,
    "pct2ResTime" : 884.0,
    "pct3ResTime" : 884.0,
    "throughput" : 12.875536480686696,
    "receivedKBytesPerSec" : 490.6878688304721,
    "sentKBytesPerSec" : 3.7595560622317596
  },
  "Login" : {
    "transaction" : "Login",
    "sampleCount" : 15,
    "errorCount" : 0,
    "errorPct" : 0.0,
    "meanResTime" : 988.6666666666666,
    "medianResTime" : 908.0,
    "minResTime" : 574.0,
    "maxResTime" : 1576.0,
    "pct1ResTime" : 1551.4,
    "pct2ResTime" : 1576.0,
    "pct3ResTime" : 1576.0,
    "throughput" : 9.49367088607595,
    "receivedKBytesPerSec" : 16.00017306170886,
    "sentKBytesPerSec" : 5.625741693037974
  }
}