Device,kB_read/s,kB_wrtn/s
loop0,0.0,0.0
sda,70.91147540983607,558.2950819672132
