{"%iowait": 2.03234234234234, "user+system(%)": 0.9660360360360356, "%idle": 75.42509090909091}