{"Disk Write(KB/s)": 338.9742666666666, "Disk Read(KB/s)": 11.22916666666667}