{"%iowait": 2.797297297297295, "user+system(%)": 50.61351351351353, "%idle": 44.20127272727273}