Device,kB_read/s,kB_wrtn/s
loop0,0.0,0.0
sda,66.69411764705882,338.6235294117647
