{"Disk Read(KB/s)": 67.86640000000003, "Disk Write(KB/s)": 315.52219999999994}