{"%iowait": 1.862252252252252, "%idle": 67.57290909090908, "user+system(%)": 29.285495495495496}