{"I/O wait(%)": 1.9, "user+system(%)": 30.29090909090909, "Idle(%)": 67.78181818181818, "Available Memory(Kb)": 5509290.472727273}