Device,kB_read/s,kB_wrtn/s
loop0,0.0,0.0
sda,667.9737704918033,781.2852459016393
