{"Disk Read(KB/s)": 671.6540000000001, "Disk Write(KB/s)": 767.253666666667}