{"user+system(%)": 61.52063063063063, "%sys": 6.66711711711712, "%iowait": 3.393783783783783, "%idle": 33.709636363636356, "%guest": 0.0}