{"Idle(%)": 33.63636363636363, "sys(%)": 7.427272727272728, "user+system(%)": 63.06363636363636, "I/O wait(%)": 3.3727272727272726, "Available Memory(Kb)": 7577555.6}