{"Disk Read(KB/s)": 0.11699999999999999, "Disk Write(KB/s)": 63.66466666666665}