{"%iowait": 0.0, "%idle": 0.6422727272727276, "user+system(%)": 97.758018018018}