{"user+system(%)": 98.96363636363637, "Idle(%)": 1.0545454545454545, "I/O wait(%)": 0.0, "Available Memory(Kb)": 6520901.054545455}