{
  "AssignmentsList" : {
    "transaction" : "AssignmentsList",
    "sampleCount" : 1,
    "errorCount" : 0,
    "errorPct" : 0.0,
    "meanResTime" : 43.0,
    "medianResTime" : 43.0,
    "minResTime" : 43.0,
    "maxResTime" : 43.0,
    "pct1ResTime" : 43.0,
    "pct2ResTime" : 43.0,
    "pct3ResTime" : 43.0,
    "throughput" : 23.25581395348837,
    "receivedKBytesPerSec" : 9.016170058139535,
    "sentKBytesPerSec" : 7.517260174418605
  },
  "Get CSRF Token" : {
    "transaction" : "Get CSRF Token",
    "sampleCount" : 1,
    "errorCount" : 0,
    "errorPct" : 0.0,
    "meanResTime" : 644.0,
    "medianResTime" : 644.0,
    "minResTime" : 644.0,
    "maxResTime" : 644.0,
    "pct1ResTime" : 644.0,
    "pct2ResTime" : 644.0,
    "pct3ResTime" : 644.0,
    "throughput" : 1.5527950310559004,
    "receivedKBytesPerSec" : 41.49784064440993,
    "sentKBytesPerSec" : 0.20471418866459626
  },
  "StudentCourses" : {
    "transaction" : "StudentCourses",
    "sampleCount" : 1,
    "errorCount" : 0,
    "errorPct" : 0.0,
    "meanResTime" : 36.0,
    "medianResTime" : 36.0,
    "minResTime" : 36.0,
    "maxResTime" : 36.0,
    "pct1ResTime" : 36.0,
    "pct2ResTime" : 36.0,
    "pct3ResTime" : 36.0,
    "throughput" : 27.777777777777775,
    "receivedKBytesPerSec" : 34.64084201388889,
    "sentKBytesPerSec" : 6.727430555555556
  },
  "GetSubmissionId" : {
    "transaction" : "GetSubmissionId",
    "sampleCount" : 11,
    "errorCount" : 0,
    "errorPct" : 0.0,
    "meanResTime" : 317.8181818181818,
    "medianResTime" : 313.0,
    "minResTime" : 305.0,
    "maxResTime" : 372.0,
    "pct1ResTime" : 361.00000000000006,
    "pct2ResTime" : 372.0,
    "pct3ResTime" : 372.0,
    "throughput" : 0.04801732115730474,
    "receivedKBytesPerSec" : 2.0441294186848493,
    "sentKBytesPerSec" : 0.011113383900665259
  },
  "TestcasesResults" : {
    "transaction" : "TestcasesResults",
    "sampleCount" : 11,
    "errorCount" : 0,
    "errorPct" : 0.0,
    "meanResTime" : 5469.818181818182,
    "medianResTime" : 5334.0,
    "minResTime" : 5311.0,
    "maxResTime" : 6795.0,
    "pct1ResTime" : 6513.800000000001,
    "pct2ResTime" : 6795.0,
    "pct3ResTime" : 6795.0,
    "throughput" : 0.04754700669980549,
    "receivedKBytesPerSec" : 1.3783988680570565,
    "sentKBytesPerSec" : 0.011515290685109142
  },
  "Total" : {
    "transaction" : "Total",
    "sampleCount" : 50,
    "errorCount" : 0,
    "errorPct" : 0.0,
    "meanResTime" : 1940.3600000000004,
    "medianResTime" : 736.0,
    "minResTime" : 36.0,
    "maxResTime" : 6795.0,
    "pct1ResTime" : 5335.8,
    "pct2ResTime" : 5372.5,
    "pct3ResTime" : 6795.0,
    "throughput" : 0.17563703552785953,
    "receivedKBytesPerSec" : 5.883689752105888,
    "sentKBytesPerSec" : 0.08685114190418648
  },
  "Upload" : {
    "transaction" : "Upload",
    "sampleCount" : 12,
    "errorCount" : 0,
    "errorPct" : 0.0,
    "meanResTime" : 768.0833333333333,
    "medianResTime" : 675.0,
    "minResTime" : 611.0,
    "maxResTime" : 1277.0,
    "pct1ResTime" : 1270.4,
    "pct2ResTime" : 1277.0,
    "pct3ResTime" : 1277.0,
    "throughput" : 0.04766160262138815,
    "receivedKBytesPerSec" : 2.0395426844404727,
    "sentKBytesPerSec" : 0.06099661155793863
  },
  "Course Page" : {
    "transaction" : "Course Page",
    "sampleCount" : 1,
    "errorCount" : 0,
    "errorPct" : 0.0,
    "meanResTime" : 97.0,
    "medianResTime" : 97.0,
    "minResTime" : 97.0,
    "maxResTime" : 97.0,
    "pct1ResTime" : 97.0,
    "pct2ResTime" : 97.0,
    "pct3ResTime" : 97.0,
    "throughput" : 10.309278350515465,
    "receivedKBytesPerSec" : 333.8031572164948,
    "sentKBytesPerSec" : 2.9900934278350513
  },
  "Login" : {
    "transaction" : "Login",
    "sampleCount" : 1,
    "errorCount" : 0,
    "errorPct" : 0.0,
    "meanResTime" : 126.0,
    "medianResTime" : 126.0,
    "minResTime" : 126.0,
    "maxResTime" : 126.0,
    "pct1ResTime" : 126.0,
    "pct2ResTime" : 126.0,
    "pct3ResTime" : 126.0,
    "throughput" : 7.936507936507936,
    "receivedKBytesPerSec" : 13.602120535714286,
    "sentKBytesPerSec" : 4.696800595238095
  },
  "RunPractice" : {
    "transaction" : "RunPractice",
    "sampleCount" : 11,
    "errorCount" : 0,
    "errorPct" : 0.0,
    "meanResTime" : 2108.272727272727,
    "medianResTime" : 2108.0,
    "minResTime" : 2091.0,
    "maxResTime" : 2130.0,
    "pct1ResTime" : 2126.6,
    "pct2ResTime" : 2130.0,
    "pct3ResTime" : 2130.0,
    "throughput" : 0.04791817318499029,
    "receivedKBytesPerSec" : 1.3583891720719818,
    "sentKBytesPerSec" : 0.0112308218402321
  }
}