{
  "AssignmentsList" : {
    "transaction" : "AssignmentsList",
    "sampleCount" : 40,
    "errorCount" : 0,
    "errorPct" : 0.0,
    "meanResTime" : 32.574999999999996,
    "medianResTime" : 29.0,
    "minResTime" : 26.0,
    "maxResTime" : 63.0,
    "pct1ResTime" : 42.0,
    "pct2ResTime" : 57.949999999999996,
    "pct3ResTime" : 63.0,
    "throughput" : 17.452006980802793,
    "receivedKBytesPerSec" : 6.7660613001745205,
    "sentKBytesPerSec" : 5.641224912739966
  },
  "Get CSRF Token" : {
    "transaction" : "Get CSRF Token",
    "sampleCount" : 40,
    "errorCount" : 0,
    "errorPct" : 0.0,
    "meanResTime" : 787.4500000000002,
    "medianResTime" : 787.0,
    "minResTime" : 781.0,
    "maxResTime" : 795.0,
    "pct1ResTime" : 793.0,
    "pct2ResTime" : 794.9,
    "pct3ResTime" : 795.0,
    "throughput" : 50.25125628140704,
    "receivedKBytesPerSec" : 1342.9206579773868,
    "sentKBytesPerSec" : 6.62492148241206
  },
  "StudentCourses" : {
    "transaction" : "StudentCourses",
    "sampleCount" : 40,
    "errorCount" : 0,
    "errorPct" : 0.0,
    "meanResTime" : 120.54999999999998,
    "medianResTime" : 57.0,
    "minResTime" : 25.0,
    "maxResTime" : 443.0,
    "pct1ResTime" : 341.4,
    "pct2ResTime" : 382.19999999999993,
    "pct3ResTime" : 443.0,
    "throughput" : 17.421602787456447,
    "receivedKBytesPerSec" : 21.725963632404184,
    "sentKBytesPerSec" : 4.219294425087108
  },
  "GetSubmissionId" : {
    "transaction" : "GetSubmissionId",
    "sampleCount" : 367,
    "errorCount" : 1,
    "errorPct" : 0.27247956,
    "meanResTime" : 569.8555858310632,
    "medianResTime" : 365.0,
    "minResTime" : 256.0,
    "maxResTime" : 3305.0,
    "pct1ResTime" : 1101.3999999999999,
    "pct2ResTime" : 1368.1999999999998,
    "pct3ResTime" : 2911.9599999999996,
    "throughput" : 1.6280575986372228,
    "receivedKBytesPerSec" : 69.1325862576634,
    "sentKBytesPerSec" : 0.3757795795219633
  },
  "TestcasesResults" : {
    "transaction" : "TestcasesResults",
    "sampleCount" : 357,
    "errorCount" : 0,
    "errorPct" : 0.0,
    "meanResTime" : 7368.784313725491,
    "medianResTime" : 5552.0,
    "minResTime" : 5221.0,
    "maxResTime" : 18639.0,
    "pct1ResTime" : 14047.199999999999,
    "pct2ResTime" : 17548.899999999994,
    "pct3ResTime" : 18480.24,
    "throughput" : 1.7003076747220924,
    "receivedKBytesPerSec" : 49.29275520689458,
    "sentKBytesPerSec" : 0.41179326497175683
  },
  "Total" : {
    "transaction" : "Total",
    "sampleCount" : 1659,
    "errorCount" : 1,
    "errorPct" : 0.060277276,
    "meanResTime" : 2539.525617842072,
    "medianResTime" : 1586.0,
    "minResTime" : 25.0,
    "maxResTime" : 18639.0,
    "pct1ResTime" : 5622.0,
    "pct2ResTime" : 8321.0,
    "pct3ResTime" : 17725.600000000006,
    "throughput" : 5.850758059339876,
    "receivedKBytesPerSec" : 192.55008171422097,
    "sentKBytesPerSec" : 2.790228755735259
  },
  "Upload" : {
    "transaction" : "Upload",
    "sampleCount" : 369,
    "errorCount" : 0,
    "errorPct" : 0.0,
    "meanResTime" : 1210.7398373983742,
    "medianResTime" : 712.0,
    "minResTime" : 498.0,
    "maxResTime" : 5675.0,
    "pct1ResTime" : 3025.0,
    "pct2ResTime" : 3937.5,
    "pct3ResTime" : 5228.2000000000035,
    "throughput" : 1.6158979838497785,
    "receivedKBytesPerSec" : 69.15333986461928,
    "sentKBytesPerSec" : 2.0628426667133772
  },
  "Course Page" : {
    "transaction" : "Course Page",
    "sampleCount" : 40,
    "errorCount" : 0,
    "errorPct" : 0.0,
    "meanResTime" : 74.14999999999998,
    "medianResTime" : 67.0,
    "minResTime" : 55.0,
    "maxResTime" : 119.0,
    "pct1ResTime" : 115.69999999999999,
    "pct2ResTime" : 117.94999999999999,
    "pct3ResTime" : 119.0,
    "throughput" : 17.07212974818609,
    "receivedKBytesPerSec" : 552.8606654129321,
    "sentKBytesPerSec" : 4.951584507042254
  },
  "Login" : {
    "transaction" : "Login",
    "sampleCount" : 40,
    "errorCount" : 0,
    "errorPct" : 0.0,
    "meanResTime" : 1190.4499999999998,
    "medianResTime" : 1764.0,
    "minResTime" : 123.0,
    "maxResTime" : 2290.0,
    "pct1ResTime" : 1945.8999999999999,
    "pct2ResTime" : 2282.95,
    "pct3ResTime" : 2290.0,
    "throughput" : 17.338534893801473,
    "receivedKBytesPerSec" : 29.715946033810145,
    "sentKBytesPerSec" : 10.260890767230169
  },
  "RunPractice" : {
    "transaction" : "RunPractice",
    "sampleCount" : 366,
    "errorCount" : 0,
    "errorPct" : 0.0,
    "meanResTime" : 2290.464480874317,
    "medianResTime" : 2108.5,
    "minResTime" : 115.0,
    "maxResTime" : 5450.0,
    "pct1ResTime" : 2768.7000000000003,
    "pct2ResTime" : 3152.6499999999996,
    "pct3ResTime" : 4566.199999999994,
    "throughput" : 1.6232830233868072,
    "receivedKBytesPerSec" : 46.01386096869193,
    "sentKBytesPerSec" : 0.3804569586062829
  }
}