{
  "AssignmentsList" : {
    "transaction" : "AssignmentsList",
    "sampleCount" : 20,
    "errorCount" : 0,
    "errorPct" : 0.0,
    "meanResTime" : 38.85,
    "medianResTime" : 36.5,
    "minResTime" : 29.0,
    "maxResTime" : 69.0,
    "pct1ResTime" : 64.30000000000005,
    "pct2ResTime" : 68.9,
    "pct3ResTime" : 69.0,
    "throughput" : 96.15384615384616,
    "receivedKBytesPerSec" : 37.27839543269231,
    "sentKBytesPerSec" : 31.080979567307693
  },
  "Get CSRF Token" : {
    "transaction" : "Get CSRF Token",
    "sampleCount" : 20,
    "errorCount" : 0,
    "errorPct" : 0.0,
    "meanResTime" : 1813.8500000000001,
    "medianResTime" : 2048.5,
    "minResTime" : 1441.0,
    "maxResTime" : 2051.0,
    "pct1ResTime" : 2050.9,
    "pct2ResTime" : 2051.0,
    "pct3ResTime" : 2051.0,
    "throughput" : 9.751340809361286,
    "receivedKBytesPerSec" : 260.6464834227206,
    "sentKBytesPerSec" : 1.285577157484154
  },
  "StudentCourses" : {
    "transaction" : "StudentCourses",
    "sampleCount" : 20,
    "errorCount" : 0,
    "errorPct" : 0.0,
    "meanResTime" : 40.449999999999996,
    "medianResTime" : 32.5,
    "minResTime" : 25.0,
    "maxResTime" : 74.0,
    "pct1ResTime" : 58.40000000000001,
    "pct2ResTime" : 73.24999999999999,
    "pct3ResTime" : 74.0,
    "throughput" : 95.23809523809523,
    "receivedKBytesPerSec" : 118.76860119047619,
    "sentKBytesPerSec" : 23.06547619047619
  },
  "GetSubmissionId" : {
    "transaction" : "GetSubmissionId",
    "sampleCount" : 213,
    "errorCount" : 0,
    "errorPct" : 0.0,
    "meanResTime" : 431.9342723004694,
    "medianResTime" : 327.0,
    "minResTime" : 254.0,
    "maxResTime" : 2112.0,
    "pct1ResTime" : 819.7999999999998,
    "pct2ResTime" : 1004.4999999999999,
    "pct3ResTime" : 1959.0799999999988,
    "throughput" : 0.812716533630439,
    "receivedKBytesPerSec" : 34.59888232994956,
    "sentKBytesPerSec" : 0.18809943210001373
  },
  "TestcasesResults" : {
    "transaction" : "TestcasesResults",
    "sampleCount" : 201,
    "errorCount" : 0,
    "errorPct" : 0.0,
    "meanResTime" : 7348.805970149251,
    "medianResTime" : 5579.0,
    "minResTime" : 5214.0,
    "maxResTime" : 26672.0,
    "pct1ResTime" : 8904.6,
    "pct2ResTime" : 22994.399999999994,
    "pct3ResTime" : 26648.879999999994,
    "throughput" : 0.7779571078573668,
    "receivedKBytesPerSec" : 22.55368427157476,
    "sentKBytesPerSec" : 0.188411487059206
  },
  "Total" : {
    "transaction" : "Total",
    "sampleCount" : 945,
    "errorCount" : 0,
    "errorPct" : 0.0,
    "meanResTime" : 2448.6052910052927,
    "medianResTime" : 1279.0,
    "minResTime" : 25.0,
    "maxResTime" : 26672.0,
    "pct1ResTime" : 5656.999999999999,
    "pct2ResTime" : 7013.899999999995,
    "pct3ResTime" : 23458.01999999997,
    "throughput" : 3.095752103964856,
    "receivedKBytesPerSec" : 103.2274488944971,
    "sentKBytesPerSec" : 1.499610497261324
  },
  "Upload" : {
    "transaction" : "Upload",
    "sampleCount" : 218,
    "errorCount" : 0,
    "errorPct" : 0.0,
    "meanResTime" : 893.756880733945,
    "medianResTime" : 655.5,
    "minResTime" : 508.0,
    "maxResTime" : 3621.0,
    "pct1ResTime" : 1792.6999999999998,
    "pct2ResTime" : 2366.95,
    "pct3ResTime" : 3308.4100000000017,
    "throughput" : 0.8286326800565599,
    "receivedKBytesPerSec" : 35.46146011706337,
    "sentKBytesPerSec" : 1.0577806185476881
  },
  "Course Page" : {
    "transaction" : "Course Page",
    "sampleCount" : 20,
    "errorCount" : 0,
    "errorPct" : 0.0,
    "meanResTime" : 91.55000000000001,
    "medianResTime" : 78.0,
    "minResTime" : 64.0,
    "maxResTime" : 135.0,
    "pct1ResTime" : 126.80000000000001,
    "pct2ResTime" : 134.6,
    "pct3ResTime" : 135.0,
    "throughput" : 77.82101167315176,
    "receivedKBytesPerSec" : 2519.797239785992,
    "sentKBytesPerSec" : 22.57113326848249
  },
  "Login" : {
    "transaction" : "Login",
    "sampleCount" : 20,
    "errorCount" : 0,
    "errorPct" : 0.0,
    "meanResTime" : 219.1,
    "medianResTime" : 212.0,
    "minResTime" : 119.0,
    "maxResTime" : 293.0,
    "pct1ResTime" : 288.5,
    "pct2ResTime" : 292.8,
    "pct3ResTime" : 293.0,
    "throughput" : 60.60606060606061,
    "receivedKBytesPerSec" : 103.87073863636363,
    "sentKBytesPerSec" : 35.86647727272727
  },
  "RunPractice" : {
    "transaction" : "RunPractice",
    "sampleCount" : 213,
    "errorCount" : 0,
    "errorPct" : 0.0,
    "meanResTime" : 2375.1408450704243,
    "medianResTime" : 2096.0,
    "minResTime" : 1070.0,
    "maxResTime" : 13952.0,
    "pct1ResTime" : 2663.2,
    "pct2ResTime" : 3242.2999999999925,
    "pct3ResTime" : 12469.559999999867,
    "throughput" : 0.8111937115349461,
    "receivedKBytesPerSec" : 22.99306022351624,
    "sentKBytesPerSec" : 0.19012352614100297
  }
}