{
  "AssignmentsList" : {
    "transaction" : "AssignmentsList",
    "sampleCount" : 180,
    "errorCount" : 0,
    "errorPct" : 0.0,
    "meanResTime" : 32.555555555555536,
    "medianResTime" : 31.0,
    "minResTime" : 25.0,
    "maxResTime" : 76.0,
    "pct1ResTime" : 38.900000000000006,
    "pct2ResTime" : 50.94999999999999,
    "pct3ResTime" : 71.13999999999999,
    "throughput" : 56.56819610307982,
    "receivedKBytesPerSec" : 21.661150612822127,
    "sentKBytesPerSec" : 18.2852274512885
  },
  "Get CSRF Token" : {
    "transaction" : "Get CSRF Token",
    "sampleCount" : 180,
    "errorCount" : 0,
    "errorPct" : 0.0,
    "meanResTime" : 36.58333333333332,
    "medianResTime" : 32.0,
    "minResTime" : 25.0,
    "maxResTime" : 135.0,
    "pct1ResTime" : 46.900000000000006,
    "pct2ResTime" : 65.89999999999998,
    "pct3ResTime" : 135.0,
    "throughput" : 54.6448087431694,
    "receivedKBytesPerSec" : 1460.457519827717,
    "sentKBytesPerSec" : 7.204149590163935
  },
  "StudentCourses" : {
    "transaction" : "StudentCourses",
    "sampleCount" : 180,
    "errorCount" : 0,
    "errorPct" : 0.0,
    "meanResTime" : 34.48888888888891,
    "medianResTime" : 30.0,
    "minResTime" : 23.0,
    "maxResTime" : 80.0,
    "pct1ResTime" : 55.900000000000006,
    "pct2ResTime" : 59.94999999999999,
    "pct3ResTime" : 74.32999999999998,
    "throughput" : 56.39097744360902,
    "receivedKBytesPerSec" : 70.37246436403508,
    "sentKBytesPerSec" : 13.657189849624059
  },
  "GetSubmissionId" : {
    "transaction" : "GetSubmissionId",
    "sampleCount" : 929,
    "errorCount" : 1,
    "errorPct" : 0.10764263,
    "meanResTime" : 1558.0215285252957,
    "medianResTime" : 742.0,
    "minResTime" : 19.0,
    "maxResTime" : 14029.0,
    "pct1ResTime" : 4542.0,
    "pct2ResTime" : 6303.0,
    "pct3ResTime" : 10020.800000000003,
    "throughput" : 3.4375069379176626,
    "receivedKBytesPerSec" : 154.0693293681592,
    "sentKBytesPerSec" : 0.794738468255789
  },
  "TestcasesResults" : {
    "transaction" : "TestcasesResults",
    "sampleCount" : 800,
    "errorCount" : 2,
    "errorPct" : 0.25,
    "meanResTime" : 34676.936250000035,
    "medianResTime" : 37935.5,
    "minResTime" : 5691.0,
    "maxResTime" : 44991.0,
    "pct1ResTime" : 40542.8,
    "pct2ResTime" : 41113.4,
    "pct3ResTime" : 42440.79,
    "throughput" : 2.668757193134622,
    "receivedKBytesPerSec" : 77.18605485755509,
    "sentKBytesPerSec" : 0.6447237836305106
  },
  "Total" : {
    "transaction" : "Total",
    "sampleCount" : 4489,
    "errorCount" : 5,
    "errorPct" : 0.11138338,
    "meanResTime" : 8184.418578748062,
    "medianResTime" : 1693.0,
    "minResTime" : 19.0,
    "maxResTime" : 44991.0,
    "pct1ResTime" : 37598.0,
    "pct2ResTime" : 39369.0,
    "pct3ResTime" : 41038.0,
    "throughput" : 13.138485313228045,
    "receivedKBytesPerSec" : 422.35849944701437,
    "sentKBytesPerSec" : 6.47171445489481
  },
  "Upload" : {
    "transaction" : "Upload",
    "sampleCount" : 934,
    "errorCount" : 1,
    "errorPct" : 0.10706638,
    "meanResTime" : 4857.462526766607,
    "medianResTime" : 1284.0,
    "minResTime" : 634.0,
    "maxResTime" : 29539.0,
    "pct1ResTime" : 21963.0,
    "pct2ResTime" : 24930.25,
    "pct3ResTime" : 29176.85,
    "throughput" : 3.373972726451729,
    "receivedKBytesPerSec" : 151.99210989004786,
    "sentKBytesPerSec" : 4.703678147295223
  },
  "Course Page" : {
    "transaction" : "Course Page",
    "sampleCount" : 180,
    "errorCount" : 0,
    "errorPct" : 0.0,
    "meanResTime" : 77.37777777777781,
    "medianResTime" : 67.0,
    "minResTime" : 53.0,
    "maxResTime" : 145.0,
    "pct1ResTime" : 119.0,
    "pct2ResTime" : 131.0,
    "pct3ResTime" : 140.95,
    "throughput" : 55.74481263549087,
    "receivedKBytesPerSec" : 1805.1323818326107,
    "sentKBytesPerSec" : 16.168173196035923
  },
  "Login" : {
    "transaction" : "Login",
    "sampleCount" : 180,
    "errorCount" : 0,
    "errorPct" : 0.0,
    "meanResTime" : 122.88888888888884,
    "medianResTime" : 115.0,
    "minResTime" : 79.0,
    "maxResTime" : 210.0,
    "pct1ResTime" : 171.9,
    "pct2ResTime" : 183.5999999999999,
    "pct3ResTime" : 210.0,
    "throughput" : 55.38461538461539,
    "receivedKBytesPerSec" : 94.921875,
    "sentKBytesPerSec" : 32.77644230769231
  },
  "RunPractice" : {
    "transaction" : "RunPractice",
    "sampleCount" : 926,
    "errorCount" : 1,
    "errorPct" : 0.10799136,
    "meanResTime" : 3195.8239740820686,
    "medianResTime" : 2552.0,
    "minResTime" : 144.0,
    "maxResTime" : 14590.0,
    "pct1ResTime" : 4715.300000000001,
    "pct2ResTime" : 7698.299999999998,
    "pct3ResTime" : 11900.560000000001,
    "throughput" : 3.446928102142232,
    "receivedKBytesPerSec" : 97.57883966875431,
    "sentKBytesPerSec" : 0.8070013400584415
  }
}