{
  "AssignmentsList" : {
    "transaction" : "AssignmentsList",
    "sampleCount" : 60,
    "errorCount" : 0,
    "errorPct" : 0.0,
    "meanResTime" : 32.84999999999999,
    "medianResTime" : 33.0,
    "minResTime" : 25.0,
    "maxResTime" : 47.0,
    "pct1ResTime" : 37.9,
    "pct2ResTime" : 39.0,
    "pct3ResTime" : 47.0,
    "throughput" : 60.544904137235115,
    "receivedKBytesPerSec" : 23.364578077699292,
    "sentKBytesPerSec" : 19.57066725529768
  },
  "Get CSRF Token" : {
    "transaction" : "Get CSRF Token",
    "sampleCount" : 60,
    "errorCount" : 0,
    "errorPct" : 0.0,
    "meanResTime" : 42.16666666666666,
    "medianResTime" : 31.0,
    "minResTime" : 26.0,
    "maxResTime" : 139.0,
    "pct1ResTime" : 80.89999999999998,
    "pct2ResTime" : 138.0,
    "pct3ResTime" : 139.0,
    "throughput" : 54.844606946983546,
    "receivedKBytesPerSec" : 1465.774787191499,
    "sentKBytesPerSec" : 7.230490173674588
  },
  "StudentCourses" : {
    "transaction" : "StudentCourses",
    "sampleCount" : 60,
    "errorCount" : 0,
    "errorPct" : 0.0,
    "meanResTime" : 45.68333333333334,
    "medianResTime" : 33.5,
    "minResTime" : 22.0,
    "maxResTime" : 162.0,
    "pct1ResTime" : 84.39999999999999,
    "pct2ResTime" : 120.99999999999991,
    "pct3ResTime" : 162.0,
    "throughput" : 59.940059940059946,
    "receivedKBytesPerSec" : 74.76898101898102,
    "sentKBytesPerSec" : 14.516733266733269
  },
  "GetSubmissionId" : {
    "transaction" : "GetSubmissionId",
    "sampleCount" : 677,
    "errorCount" : 0,
    "errorPct" : 0.0,
    "meanResTime" : 614.4638109305754,
    "medianResTime" : 402.0,
    "minResTime" : 261.0,
    "maxResTime" : 3265.0,
    "pct1ResTime" : 1157.0000000000011,
    "pct2ResTime" : 1693.7000000000003,
    "pct3ResTime" : 3059.0800000000004,
    "throughput" : 2.4897577910662934,
    "receivedKBytesPerSec" : 108.12768970037402,
    "sentKBytesPerSec" : 0.5762427700026479
  },
  "TestcasesResults" : {
    "transaction" : "TestcasesResults",
    "sampleCount" : 661,
    "errorCount" : 0,
    "errorPct" : 0.0,
    "meanResTime" : 6908.9833585476545,
    "medianResTime" : 5806.0,
    "minResTime" : 5218.0,
    "maxResTime" : 19973.0,
    "pct1ResTime" : 9137.200000000003,
    "pct2ResTime" : 12276.999999999995,
    "pct3ResTime" : 18717.579999999998,
    "throughput" : 2.441366574330563,
    "receivedKBytesPerSec" : 70.77824907663897,
    "sentKBytesPerSec" : 0.5912684672206833
  },
  "Total" : {
    "transaction" : "Total",
    "sampleCount" : 2995,
    "errorCount" : 0,
    "errorPct" : 0.0,
    "meanResTime" : 2537.3015025041777,
    "medianResTime" : 1468.0,
    "minResTime" : 22.0,
    "maxResTime" : 19973.0,
    "pct1ResTime" : 6040.8,
    "pct2ResTime" : 8358.599999999995,
    "pct3ResTime" : 12947.519999999999,
    "throughput" : 9.767663327071594,
    "receivedKBytesPerSec" : 330.0188861194818,
    "sentKBytesPerSec" : 4.790794772261792
  },
  "Upload" : {
    "transaction" : "Upload",
    "sampleCount" : 681,
    "errorCount" : 0,
    "errorPct" : 0.0,
    "meanResTime" : 1430.101321585903,
    "medianResTime" : 805.0,
    "minResTime" : 526.0,
    "maxResTime" : 11740.0,
    "pct1ResTime" : 2305.0,
    "pct2ResTime" : 5552.9,
    "pct3ResTime" : 11277.659999999996,
    "throughput" : 2.4838422596034606,
    "receivedKBytesPerSec" : 108.40768052878302,
    "sentKBytesPerSec" : 3.279016998225566
  },
  "Course Page" : {
    "transaction" : "Course Page",
    "sampleCount" : 60,
    "errorCount" : 0,
    "errorPct" : 0.0,
    "meanResTime" : 69.76666666666671,
    "medianResTime" : 66.0,
    "minResTime" : 55.0,
    "maxResTime" : 162.0,
    "pct1ResTime" : 79.0,
    "pct2ResTime" : 85.89999999999999,
    "pct3ResTime" : 162.0,
    "throughput" : 57.971014492753625,
    "receivedKBytesPerSec" : 1876.9984148550725,
    "sentKBytesPerSec" : 16.813858695652176
  },
  "Login" : {
    "transaction" : "Login",
    "sampleCount" : 60,
    "errorCount" : 0,
    "errorPct" : 0.0,
    "meanResTime" : 174.45000000000005,
    "medianResTime" : 141.0,
    "minResTime" : 82.0,
    "maxResTime" : 360.0,
    "pct1ResTime" : 331.7,
    "pct2ResTime" : 346.95,
    "pct3ResTime" : 360.0,
    "throughput" : 58.13953488372093,
    "receivedKBytesPerSec" : 99.64344113372093,
    "sentKBytesPerSec" : 34.40679505813954
  },
  "RunPractice" : {
    "transaction" : "RunPractice",
    "sampleCount" : 676,
    "errorCount" : 0,
    "errorPct" : 0.0,
    "meanResTime" : 2397.328402366864,
    "medianResTime" : 2175.5,
    "minResTime" : 2071.0,
    "maxResTime" : 4854.0,
    "pct1ResTime" : 2939.3,
    "pct2ResTime" : 3320.8499999999985,
    "pct3ResTime" : 4470.640000000001,
    "throughput" : 2.480415359495111,
    "receivedKBytesPerSec" : 70.29422181439998,
    "sentKBytesPerSec" : 0.5813473498816665
  }
}