{
  "AssignmentsList" : {
    "transaction" : "AssignmentsList",
    "sampleCount" : 100,
    "errorCount" : 0,
    "errorPct" : 0.0,
    "meanResTime" : 31.46999999999999,
    "medianResTime" : 31.0,
    "minResTime" : 25.0,
    "maxResTime" : 56.0,
    "pct1ResTime" : 37.0,
    "pct2ResTime" : 38.94999999999999,
    "pct3ResTime" : 55.93999999999997,
    "throughput" : 59.41770647653,
    "receivedKBytesPerSec" : 22.716828208556148,
    "sentKBytesPerSec" : 19.206309417706475
  },
  "Get CSRF Token" : {
    "transaction" : "Get CSRF Token",
    "sampleCount" : 100,
    "errorCount" : 0,
    "errorPct" : 0.0,
    "meanResTime" : 37.57000000000001,
    "medianResTime" : 31.0,
    "minResTime" : 25.0,
    "maxResTime" : 143.0,
    "pct1ResTime" : 40.0,
    "pct2ResTime" : 133.3999999999994,
    "pct3ResTime" : 142.99,
    "throughput" : 55.309734513274336,
    "receivedKBytesPerSec" : 1478.2439375345684,
    "sentKBytesPerSec" : 7.2918107024336285
  },
  "StudentCourses" : {
    "transaction" : "StudentCourses",
    "sampleCount" : 100,
    "errorCount" : 0,
    "errorPct" : 0.0,
    "meanResTime" : 43.25999999999999,
    "medianResTime" : 31.0,
    "minResTime" : 22.0,
    "maxResTime" : 139.0,
    "pct1ResTime" : 84.20000000000005,
    "pct2ResTime" : 105.84999999999997,
    "pct3ResTime" : 138.88999999999993,
    "throughput" : 58.58230814294083,
    "receivedKBytesPerSec" : 73.11346660808435,
    "sentKBytesPerSec" : 14.187902753368482
  },
  "GetSubmissionId" : {
    "transaction" : "GetSubmissionId",
    "sampleCount" : 900,
    "errorCount" : 1,
    "errorPct" : 0.11111111,
    "meanResTime" : 969.0255555555567,
    "medianResTime" : 552.0,
    "minResTime" : 266.0,
    "maxResTime" : 9440.0,
    "pct1ResTime" : 1744.6999999999998,
    "pct2ResTime" : 2797.899999999994,
    "pct3ResTime" : 8956.98,
    "throughput" : 3.3117578442664275,
    "receivedKBytesPerSec" : 149.4708935007672,
    "sentKBytesPerSec" : 0.7656391727136911
  },
  "TestcasesResults" : {
    "transaction" : "TestcasesResults",
    "sampleCount" : 856,
    "errorCount" : 0,
    "errorPct" : 0.0,
    "meanResTime" : 12070.343457943924,
    "medianResTime" : 12052.5,
    "minResTime" : 5307.0,
    "maxResTime" : 24125.0,
    "pct1ResTime" : 14156.7,
    "pct2ResTime" : 14965.749999999998,
    "pct3ResTime" : 17231.629999999994,
    "throughput" : 3.0954154582733655,
    "receivedKBytesPerSec" : 89.72830898240025,
    "sentKBytesPerSec" : 0.7496709313005807
  },
  "Total" : {
    "transaction" : "Total",
    "sampleCount" : 4060,
    "errorCount" : 2,
    "errorPct" : 0.049261082,
    "meanResTime" : 3953.016995073896,
    "medianResTime" : 1843.0,
    "minResTime" : 22.0,
    "maxResTime" : 24380.0,
    "pct1ResTime" : 12311.6,
    "pct2ResTime" : 13078.649999999998,
    "pct3ResTime" : 17225.989999999983,
    "throughput" : 12.933849413038978,
    "receivedKBytesPerSec" : 440.35653825401,
    "sentKBytesPerSec" : 6.565322933092816
  },
  "Upload" : {
    "transaction" : "Upload",
    "sampleCount" : 906,
    "errorCount" : 0,
    "errorPct" : 0.0,
    "meanResTime" : 2540.9017660044206,
    "medianResTime" : 1078.5,
    "minResTime" : 592.0,
    "maxResTime" : 24380.0,
    "pct1ResTime" : 4216.000000000015,
    "pct2ResTime" : 12623.699999999993,
    "pct3ResTime" : 23354.109999999997,
    "throughput" : 3.2955640834439737,
    "receivedKBytesPerSec" : 149.61970844965717,
    "sentKBytesPerSec" : 4.645533903661131
  },
  "Course Page" : {
    "transaction" : "Course Page",
    "sampleCount" : 100,
    "errorCount" : 0,
    "errorPct" : 0.0,
    "meanResTime" : 67.33999999999999,
    "medianResTime" : 64.0,
    "minResTime" : 53.0,
    "maxResTime" : 117.0,
    "pct1ResTime" : 84.9,
    "pct2ResTime" : 101.59999999999991,
    "pct3ResTime" : 116.99,
    "throughput" : 57.70340450086555,
    "receivedKBytesPerSec" : 1868.514565601558,
    "sentKBytesPerSec" : 16.736241344489326
  },
  "Login" : {
    "transaction" : "Login",
    "sampleCount" : 100,
    "errorCount" : 0,
    "errorPct" : 0.0,
    "meanResTime" : 166.6700000000001,
    "medianResTime" : 137.5,
    "minResTime" : 81.0,
    "maxResTime" : 362.0,
    "pct1ResTime" : 321.80000000000007,
    "pct2ResTime" : 338.95,
    "pct3ResTime" : 361.86999999999995,
    "throughput" : 54.67468562055768,
    "receivedKBytesPerSec" : 93.70514967195189,
    "sentKBytesPerSec" : 32.35630809185347
  },
  "RunPractice" : {
    "transaction" : "RunPractice",
    "sampleCount" : 898,
    "errorCount" : 1,
    "errorPct" : 0.111358576,
    "meanResTime" : 2793.1224944320716,
    "medianResTime" : 2411.0,
    "minResTime" : 231.0,
    "maxResTime" : 13928.0,
    "pct1ResTime" : 3876.2,
    "pct2ResTime" : 4511.299999999997,
    "pct3ResTime" : 8082.139999999999,
    "throughput" : 3.3053105814107564,
    "receivedKBytesPerSec" : 93.56033011352342,
    "sentKBytesPerSec" : 0.774682167518146
  }
}