{
  "AssignmentsList" : {
    "transaction" : "AssignmentsList",
    "sampleCount" : 200,
    "errorCount" : 0,
    "errorPct" : 0.0,
    "meanResTime" : 34.21000000000004,
    "medianResTime" : 32.0,
    "minResTime" : 25.0,
    "maxResTime" : 76.0,
    "pct1ResTime" : 44.80000000000001,
    "pct2ResTime" : 57.94999999999999,
    "pct3ResTime" : 70.95000000000005,
    "throughput" : 60.386473429951685,
    "receivedKBytesPerSec" : 23.087211277173914,
    "sentKBytesPerSec" : 19.519455766908212
  },
  "Get CSRF Token" : {
    "transaction" : "Get CSRF Token",
    "sampleCount" : 200,
    "errorCount" : 0,
    "errorPct" : 0.0,
    "meanResTime" : 34.85499999999999,
    "medianResTime" : 29.0,
    "minResTime" : 25.0,
    "maxResTime" : 135.0,
    "pct1ResTime" : 41.70000000000002,
    "pct2ResTime" : 61.69999999999993,
    "pct3ResTime" : 135.0,
    "throughput" : 58.462437883659746,
    "receivedKBytesPerSec" : 1562.4700265821398,
    "sentKBytesPerSec" : 7.707450306927799
  },
  "StudentCourses" : {
    "transaction" : "StudentCourses",
    "sampleCount" : 200,
    "errorCount" : 0,
    "errorPct" : 0.0,
    "meanResTime" : 37.58,
    "medianResTime" : 31.5,
    "minResTime" : 23.0,
    "maxResTime" : 122.0,
    "pct1ResTime" : 56.0,
    "pct2ResTime" : 64.94999999999999,
    "pct3ResTime" : 102.97000000000003,
    "throughput" : 60.75334143377886,
    "receivedKBytesPerSec" : 75.82301792223572,
    "sentKBytesPerSec" : 14.713699878493317
  },
  "GetSubmissionId" : {
    "transaction" : "GetSubmissionId",
    "sampleCount" : 938,
    "errorCount" : 3,
    "errorPct" : 0.31982943,
    "meanResTime" : 1479.5543710021313,
    "medianResTime" : 703.5,
    "minResTime" : 76.0,
    "maxResTime" : 19292.0,
    "pct1ResTime" : 4207.5,
    "pct2ResTime" : 6324.45,
    "pct3ResTime" : 8483.560000000003,
    "throughput" : 3.501737802715527,
    "receivedKBytesPerSec" : 157.6663760023631,
    "sentKBytesPerSec" : 0.8078687079315481
  },
  "TestcasesResults" : {
    "transaction" : "TestcasesResults",
    "sampleCount" : 794,
    "errorCount" : 1,
    "errorPct" : 0.12594458,
    "meanResTime" : 39161.87657430729,
    "medianResTime" : 43635.5,
    "minResTime" : 6131.0,
    "maxResTime" : 50244.0,
    "pct1ResTime" : 46507.0,
    "pct2ResTime" : 47239.75,
    "pct3ResTime" : 48920.399999999994,
    "throughput" : 2.620626375911361,
    "receivedKBytesPerSec" : 75.87984193934604,
    "sentKBytesPerSec" : 0.6338836016119823
  },
  "Total" : {
    "transaction" : "Total",
    "sampleCount" : 4613,
    "errorCount" : 9,
    "errorPct" : 0.1951008,
    "meanResTime" : 8927.581183611517,
    "medianResTime" : 1553.0,
    "minResTime" : 0.0,
    "maxResTime" : 50244.0,
    "pct1ResTime" : 43192.8,
    "pct2ResTime" : 44704.600000000006,
    "pct3ResTime" : 46997.2,
    "throughput" : 13.331445217672762,
    "receivedKBytesPerSec" : 424.76296069329726,
    "sentKBytesPerSec" : 6.57048896897325
  },
  "Upload" : {
    "transaction" : "Upload",
    "sampleCount" : 944,
    "errorCount" : 0,
    "errorPct" : 0.0,
    "meanResTime" : 5823.476694915257,
    "medianResTime" : 1268.5,
    "minResTime" : 652.0,
    "maxResTime" : 38186.0,
    "pct1ResTime" : 26757.0,
    "pct2ResTime" : 31323.25,
    "pct3ResTime" : 34708.7,
    "throughput" : 3.4271690276860074,
    "receivedKBytesPerSec" : 155.5555509859464,
    "sentKBytesPerSec" : 4.831556848937723
  },
  "Course Page" : {
    "transaction" : "Course Page",
    "sampleCount" : 200,
    "errorCount" : 0,
    "errorPct" : 0.0,
    "meanResTime" : 91.345,
    "medianResTime" : 71.5,
    "minResTime" : 55.0,
    "maxResTime" : 203.0,
    "pct1ResTime" : 151.9,
    "pct2ResTime" : 171.95,
    "pct3ResTime" : 200.96000000000004,
    "throughput" : 59.54153021732658,
    "receivedKBytesPerSec" : 1928.2483858663293,
    "sentKBytesPerSec" : 17.269369604048823
  },
  "Login" : {
    "transaction" : "Login",
    "sampleCount" : 200,
    "errorCount" : 0,
    "errorPct" : 0.0,
    "meanResTime" : 144.5899999999999,
    "medianResTime" : 133.0,
    "minResTime" : 80.0,
    "maxResTime" : 349.0,
    "pct1ResTime" : 222.0,
    "pct2ResTime" : 274.6499999999999,
    "pct3ResTime" : 320.9200000000001,
    "throughput" : 58.927519151443725,
    "receivedKBytesPerSec" : 100.99394151443724,
    "sentKBytesPerSec" : 34.87312168532705
  },
  "RunPractice" : {
    "transaction" : "RunPractice",
    "sampleCount" : 937,
    "errorCount" : 5,
    "errorPct" : 0.5336179,
    "meanResTime" : 3345.466382070433,
    "medianResTime" : 2695.0,
    "minResTime" : 0.0,
    "maxResTime" : 16410.0,
    "pct1ResTime" : 5154.400000000001,
    "pct2ResTime" : 7268.299999999981,
    "pct3ResTime" : 13079.520000000004,
    "throughput" : 3.5198833968189573,
    "receivedKBytesPerSec" : 99.2337057478907,
    "sentKBytesPerSec" : 0.8205704690423062
  }
}