{
  "AssignmentsList" : {
    "transaction" : "AssignmentsList",
    "sampleCount" : 80,
    "errorCount" : 0,
    "errorPct" : 0.0,
    "meanResTime" : 35.775,
    "medianResTime" : 32.5,
    "minResTime" : 25.0,
    "maxResTime" : 71.0,
    "pct1ResTime" : 50.0,
    "pct2ResTime" : 61.85000000000001,
    "pct3ResTime" : 71.0,
    "throughput" : 61.34969325153374,
    "receivedKBytesPerSec" : 23.537852281441715,
    "sentKBytesPerSec" : 19.830809049079754
  },
  "Get CSRF Token" : {
    "transaction" : "Get CSRF Token",
    "sampleCount" : 80,
    "errorCount" : 0,
    "errorPct" : 0.0,
    "meanResTime" : 44.49999999999998,
    "medianResTime" : 30.0,
    "minResTime" : 26.0,
    "maxResTime" : 184.0,
    "pct1ResTime" : 88.80000000000001,
    "pct2ResTime" : 183.25000000000006,
    "pct3ResTime" : 184.0,
    "throughput" : 54.12719891745602,
    "receivedKBytesPerSec" : 1446.63925067659,
    "sentKBytesPerSec" : 7.1359100135318
  },
  "StudentCourses" : {
    "transaction" : "StudentCourses",
    "sampleCount" : 80,
    "errorCount" : 0,
    "errorPct" : 0.0,
    "meanResTime" : 36.4,
    "medianResTime" : 31.0,
    "minResTime" : 24.0,
    "maxResTime" : 73.0,
    "pct1ResTime" : 59.80000000000001,
    "pct2ResTime" : 65.95,
    "pct3ResTime" : 73.0,
    "throughput" : 61.34969325153374,
    "receivedKBytesPerSec" : 76.55231499233129,
    "sentKBytesPerSec" : 14.858128834355828
  },
  "GetSubmissionId" : {
    "transaction" : "GetSubmissionId",
    "sampleCount" : 838,
    "errorCount" : 0,
    "errorPct" : 0.0,
    "meanResTime" : 840.053699284009,
    "medianResTime" : 514.0,
    "minResTime" : 274.0,
    "maxResTime" : 7975.0,
    "pct1ResTime" : 1670.9,
    "pct2ResTime" : 2902.3999999999996,
    "pct3ResTime" : 4947.61,
    "throughput" : 3.0925247992442135,
    "receivedKBytesPerSec" : 137.66135682911033,
    "sentKBytesPerSec" : 0.7157503685750768
  },
  "TestcasesResults" : {
    "transaction" : "TestcasesResults",
    "sampleCount" : 811,
    "errorCount" : 1,
    "errorPct" : 0.12330456,
    "meanResTime" : 8315.036991368679,
    "medianResTime" : 8512.0,
    "minResTime" : 5256.0,
    "maxResTime" : 15877.0,
    "pct1ResTime" : 10463.200000000004,
    "pct2ResTime" : 11951.8,
    "pct3ResTime" : 13825.76,
    "throughput" : 2.975033198582549,
    "receivedKBytesPerSec" : 86.14308889998057,
    "sentKBytesPerSec" : 0.7196274238633613
  },
  "Total" : {
    "transaction" : "Total",
    "sampleCount" : 3726,
    "errorCount" : 8,
    "errorPct" : 0.21470746,
    "meanResTime" : 3057.2479871175515,
    "medianResTime" : 1763.5,
    "minResTime" : 24.0,
    "maxResTime" : 20250.0,
    "pct1ResTime" : 8744.800000000001,
    "pct2ResTime" : 9360.249999999998,
    "pct3ResTime" : 13537.770000000006,
    "throughput" : 12.04803693955287,
    "receivedKBytesPerSec" : 410.3186609624283,
    "sentKBytesPerSec" : 6.046491956051827
  },
  "Upload" : {
    "transaction" : "Upload",
    "sampleCount" : 841,
    "errorCount" : 1,
    "errorPct" : 0.118906066,
    "meanResTime" : 2024.8787158145067,
    "medianResTime" : 1009.0,
    "minResTime" : 577.0,
    "maxResTime" : 20250.0,
    "pct1ResTime" : 2798.6000000000004,
    "pct2ResTime" : 10357.399999999918,
    "pct3ResTime" : 20030.5,
    "throughput" : 3.06915264381407,
    "receivedKBytesPerSec" : 137.1354704099107,
    "sentKBytesPerSec" : 4.224414994097081
  },
  "Course Page" : {
    "transaction" : "Course Page",
    "sampleCount" : 80,
    "errorCount" : 0,
    "errorPct" : 0.0,
    "meanResTime" : 110.14999999999999,
    "medianResTime" : 87.0,
    "minResTime" : 54.0,
    "maxResTime" : 223.0,
    "pct1ResTime" : 185.70000000000002,
    "pct2ResTime" : 202.0,
    "pct3ResTime" : 223.0,
    "throughput" : 58.86681383370125,
    "receivedKBytesPerSec" : 1906.1307142200146,
    "sentKBytesPerSec" : 17.073675496688743
  },
  "Login" : {
    "transaction" : "Login",
    "sampleCount" : 80,
    "errorCount" : 0,
    "errorPct" : 0.0,
    "meanResTime" : 132.95,
    "medianResTime" : 122.0,
    "minResTime" : 84.0,
    "maxResTime" : 234.0,
    "pct1ResTime" : 190.9,
    "pct2ResTime" : 208.9,
    "pct3ResTime" : 234.0,
    "throughput" : 58.953574060427414,
    "receivedKBytesPerSec" : 101.03859616801769,
    "sentKBytesPerSec" : 34.888540899042006
  },
  "RunPractice" : {
    "transaction" : "RunPractice",
    "sampleCount" : 836,
    "errorCount" : 6,
    "errorPct" : 0.71770334,
    "meanResTime" : 2646.1016746411437,
    "medianResTime" : 2298.0,
    "minResTime" : 2076.0,
    "maxResTime" : 10861.0,
    "pct1ResTime" : 3208.3,
    "pct2ResTime" : 3661.8499999999985,
    "pct3ResTime" : 9076.67,
    "throughput" : 3.0783279818540663,
    "receivedKBytesPerSec" : 86.66681141397804,
    "sentKBytesPerSec" : 0.7214831207470468
  }
}