{
  "AssignmentsList" : {
    "transaction" : "AssignmentsList",
    "sampleCount" : 140,
    "errorCount" : 0,
    "errorPct" : 0.0,
    "meanResTime" : 32.292857142857166,
    "medianResTime" : 31.0,
    "minResTime" : 25.0,
    "maxResTime" : 57.0,
    "pct1ResTime" : 37.900000000000006,
    "pct2ResTime" : 46.799999999999955,
    "pct3ResTime" : 56.18000000000001,
    "throughput" : 57.61316872427984,
    "receivedKBytesPerSec" : 22.115322788065843,
    "sentKBytesPerSec" : 18.623006687242796
  },
  "Get CSRF Token" : {
    "transaction" : "Get CSRF Token",
    "sampleCount" : 140,
    "errorCount" : 0,
    "errorPct" : 0.0,
    "meanResTime" : 36.57142857142856,
    "medianResTime" : 31.0,
    "minResTime" : 25.0,
    "maxResTime" : 132.0,
    "pct1ResTime" : 46.900000000000006,
    "pct2ResTime" : 88.84999999999997,
    "pct3ResTime" : 131.18,
    "throughput" : 53.78409527468306,
    "receivedKBytesPerSec" : 1437.4407234441028,
    "sentKBytesPerSec" : 7.090676623127161
  },
  "StudentCourses" : {
    "transaction" : "StudentCourses",
    "sampleCount" : 140,
    "errorCount" : 0,
    "errorPct" : 0.0,
    "meanResTime" : 31.499999999999996,
    "medianResTime" : 29.0,
    "minResTime" : 23.0,
    "maxResTime" : 93.0,
    "pct1ResTime" : 44.70000000000002,
    "pct2ResTime" : 53.94999999999999,
    "pct3ResTime" : 78.24000000000012,
    "throughput" : 57.11954304365565,
    "receivedKBytesPerSec" : 71.2719298245614,
    "sentKBytesPerSec" : 13.833639330885353
  },
  "GetSubmissionId" : {
    "transaction" : "GetSubmissionId",
    "sampleCount" : 901,
    "errorCount" : 0,
    "errorPct" : 0.0,
    "meanResTime" : 1178.7114317425094,
    "medianResTime" : 675.0,
    "minResTime" : 289.0,
    "maxResTime" : 13683.0,
    "pct1ResTime" : 2932.600000000003,
    "pct2ResTime" : 3839.9,
    "pct3ResTime" : 8371.500000000007,
    "throughput" : 3.3278177493462553,
    "receivedKBytesPerSec" : 147.91435800656885,
    "sentKBytesPerSec" : 0.7702078189404908
  },
  "TestcasesResults" : {
    "transaction" : "TestcasesResults",
    "sampleCount" : 812,
    "errorCount" : 1,
    "errorPct" : 0.12315271,
    "meanResTime" : 23589.465517241366,
    "medianResTime" : 25066.5,
    "minResTime" : 5971.0,
    "maxResTime" : 33958.0,
    "pct1ResTime" : 27846.0,
    "pct2ResTime" : 28301.399999999994,
    "pct3ResTime" : 29276.44,
    "throughput" : 2.8021354204410946,
    "receivedKBytesPerSec" : 81.13919087908371,
    "sentKBytesPerSec" : 0.6778064059162328
  },
  "Total" : {
    "transaction" : "Total",
    "sampleCount" : 4219,
    "errorCount" : 6,
    "errorPct" : 0.14221379,
    "meanResTime" : 6344.251481393709,
    "medianResTime" : 1821.0,
    "minResTime" : 12.0,
    "maxResTime" : 42151.0,
    "pct1ResTime" : 25250.0,
    "pct2ResTime" : 27300.0,
    "pct3ResTime" : 33041.600000000006,
    "throughput" : 12.793105853171895,
    "receivedKBytesPerSec" : 418.9392923974414,
    "sentKBytesPerSec" : 6.309754477890275
  },
  "Upload" : {
    "transaction" : "Upload",
    "sampleCount" : 908,
    "errorCount" : 1,
    "errorPct" : 0.11013216,
    "meanResTime" : 4124.571585903094,
    "medianResTime" : 1226.5,
    "minResTime" : 12.0,
    "maxResTime" : 42151.0,
    "pct1ResTime" : 10857.1,
    "pct2ResTime" : 32338.64999999999,
    "pct3ResTime" : 40541.049999999996,
    "throughput" : 3.2949526985590025,
    "receivedKBytesPerSec" : 147.00973984774453,
    "sentKBytesPerSec" : 4.517331132540199
  },
  "Course Page" : {
    "transaction" : "Course Page",
    "sampleCount" : 140,
    "errorCount" : 0,
    "errorPct" : 0.0,
    "meanResTime" : 75.07857142857142,
    "medianResTime" : 64.5,
    "minResTime" : 53.0,
    "maxResTime" : 176.0,
    "pct1ResTime" : 112.80000000000001,
    "pct2ResTime" : 124.0,
    "pct3ResTime" : 167.80000000000007,
    "throughput" : 56.2474889513861,
    "receivedKBytesPerSec" : 1821.3694945259142,
    "sentKBytesPerSec" : 16.313968963439134
  },
  "Login" : {
    "transaction" : "Login",
    "sampleCount" : 140,
    "errorCount" : 0,
    "errorPct" : 0.0,
    "meanResTime" : 113.17857142857143,
    "medianResTime" : 99.0,
    "minResTime" : 78.0,
    "maxResTime" : 226.0,
    "pct1ResTime" : 168.0,
    "pct2ResTime" : 188.44999999999987,
    "pct3ResTime" : 225.59,
    "throughput" : 55.0098231827112,
    "receivedKBytesPerSec" : 94.27953094302555,
    "sentKBytesPerSec" : 32.55464145383104
  },
  "RunPractice" : {
    "transaction" : "RunPractice",
    "sampleCount" : 898,
    "errorCount" : 4,
    "errorPct" : 0.4454343,
    "meanResTime" : 3078.1893095768387,
    "medianResTime" : 2514.0,
    "minResTime" : 195.0,
    "maxResTime" : 18028.0,
    "pct1ResTime" : 4232.7,
    "pct2ResTime" : 5826.399999999997,
    "pct3ResTime" : 14690.309999999994,
    "throughput" : 3.329131756506265,
    "receivedKBytesPerSec" : 93.9625238076481,
    "sentKBytesPerSec" : 0.7785274708979016
  }
}