{"Available Memory(Kb)": 7040596.088888889, "Idle(%)": 13.472222222222221, "I/O wait(%)": 0.7611111111111111, "user+system(%)": 85.72222222222223}