{"user+system(%)": 6.611081081081082, "%guest": 17.46342342342343, "%idle": 65.45318181818185, "%iowait": 9.98045045045045, "%sys": 3.4478378378378376}