{"Available Memory(Kb)": 3731323.1272727274, "Idle(%)": 65.47272727272727, "I/O wait(%)": 10.10909090909091, "user+system(%)": 24.363636363636363, "sys(%)": 3.4909090909090907}