{"Disk Write(KB/s)": 68.43847777777778, "Disk Read(KB/s)": 12.78362222222222}