{"Idle(%)": 84.86111111111111, "user+system(%)": 14.366666666666667, "Available Memory(Kb)": 9556007.711111112, "I/O wait(%)": 0.6722222222222223}