Device,kB_read/s,kB_wrtn/s
loop0,0.0,0.0
sda,146.2709677419355,916.3741935483871
