{"Idle(%)": 1.2454545454545454, "Available Memory(Kb)": 4586716.69090909, "I/O wait(%)": 0.2727272727272727, "user+system(%)": 98.35454545454546}