Device,kB_read/s,kB_wrtn/s
loop0,0.0,0.0
sda,2290.4910891089107,667.2277227722773
