{"Disk Read(KB/s)": 2288.78108888889, "Disk Write(KB/s)": 656.9135666666662}