{"user+system(%)": 10.368232044198894, "%iowait": 7.424972375690604, "%idle": 81.14122222222223}