{"user+system(%)": 11.377777777777778, "Idle(%)": 81.34444444444445, "I/O wait(%)": 7.427777777777778, "Available Memory(Kb)": 2813847.777777778}