Device,kB_read/s,kB_wrtn/s
loop0,0.0,0.0
sda,7.275138121546961,273.26850828729283
