{"Disk Read(KB/s)": 6.303022222222215, "Disk Write(KB/s)": 258.61382222222204}