{"user+system(%)": 22.875138121546954, "%idle": 73.0068333333333, "%iowait": 1.3316022099447529}