{"user+system(%)": 25.805555555555557, "I/O wait(%)": 1.2777777777777777, "Available Memory(Kb)": 8733044.0, "Idle(%)": 73.01666666666667}