{"%idle": 67.75161111111105, "user+system(%)": 24.69580110497239, "%iowait": 1.3243093922651936}