Device,kB_read/s,kB_wrtn/s
loop0,0.0,0.0
sda,20.78232044198895,416.3668508287293
