{"Disk Read(KB/s)": 18.205644444444417, "Disk Write(KB/s)": 393.6758000000005}