{"user+system(%)": 45.6277900552486, "%idle": 46.72122222222223, "%iowait": 3.6875138121546964}