{"I/O wait(%)": 3.683333333333333, "user+system(%)": 49.327777777777776, "Available Memory(Kb)": 8365853.622222222, "Idle(%)": 46.98888888888889}