Device,kB_read/s,kB_wrtn/s
loop0,0.0,0.0
sda,72.18928571428572,424.4214285714286
