{"Disk Write(KB/s)": 430.79918888888864, "Disk Read(KB/s)": 76.39760000000001}