{"user+system(%)": 32.54176795580111, "%iowait": 2.5266850828729295, "%idle": 62.19900000000002}