{"Idle(%)": 62.56111111111111, "Available Memory(Kb)": 9983802.466666667, "user+system(%)": 34.91111111111111, "I/O wait(%)": 2.561111111111111}