{"I/O wait(%)": 6.090909090909091, "Available Memory(Kb)": 2518433.018181818, "sys(%)": 5.072727272727272, "Idle(%)": 21.87272727272727, "user+system(%)": 72.06363636363636}