Device,kB_read/s,kB_wrtn/s
loop0,0.0,0.0
sda,14.542574257425743,294.8831683168317
