{"Disk Read(KB/s)": 9.391833333333341, "Disk Write(KB/s)": 264.8355333333333}