{"%idle": 57.669454545454535, "%iowait": 2.0318018018018007, "user+system(%)": 38.45297297297297}