{"Idle(%)": 57.88181818181818, "user+system(%)": 40.10909090909091, "I/O wait(%)": 2.081818181818182, "Available Memory(Kb)": 9088101.6}