Device,kB_read/s,kB_wrtn/s
loop0,0.0,0.0
sda,105.3182389937107,37.52955974842767
