{"Disk Read(KB/s)": 77.27805555555553, "Disk Write(KB/s)": 37.86419999999998}