{"%iowait": 0.8645303867403292, "%idle": 88.38305555555553, "user+system(%)": 3.57668508287293}