{"I/O wait(%)": 0.7555555555555555, "Available Memory(Kb)": 9682385.0, "user+system(%)": 10.727777777777778, "Idle(%)": 88.37222222222222}