{"Disk Write(KB/s)": 633.8031666666665, "Disk Read(KB/s)": 229.63916666666668}