{"%guest": 61.563333333333325, "%sys": 6.297477477477476, "%idle": 17.48909090909091, "%iowait": 2.042522522522522, "user+system(%)": 17.78432432432432}