{"sys(%)": 6.409090909090909, "I/O wait(%)": 2.1, "user+system(%)": 80.21818181818182, "Available Memory(Kb)": 1667327.018181818, "Idle(%)": 17.636363636363637}