Device,kB_read/s,kB_wrtn/s
loop0,0.0,0.0
sda,48.1414364640884,466.21878453038676
