{"Disk Write(KB/s)": 422.440588888889, "Disk Read(KB/s)": 41.47701111111111}