{"%iowait": 2.6671823204419876, "%idle": 23.150833333333342, "user+system(%)": 68.80149171270718}