Device,kB_read/s,kB_wrtn/s
loop0,0.0,0.0
sda,0.14426229508196722,257.4688524590164
