{"Disk Write(KB/s)": 250.23986666666664, "Disk Read(KB/s)": 0.18819999999999998}