{"%iowait": 0.8245945945945946, "%idle": 81.00218181818181, "user+system(%)": 17.48243243243243}