{
  "AssignmentsList" : {
    "transaction" : "AssignmentsList",
    "sampleCount" : 65,
    "errorCount" : 0,
    "errorPct" : 0.0,
    "meanResTime" : 44.723076923076924,
    "medianResTime" : 41.0,
    "minResTime" : 31.0,
    "maxResTime" : 135.0,
    "pct1ResTime" : 56.4,
    "pct2ResTime" : 63.699999999999996,
    "pct3ResTime" : 135.0,
    "throughput" : 43.420173680694724,
    "receivedKBytesPerSec" : 16.726160654642616,
    "sentKBytesPerSec" : 14.120036948897795
  },
  "Get CSRF Token" : {
    "transaction" : "Get CSRF Token",
    "sampleCount" : 65,
    "errorCount" : 0,
    "errorPct" : 0.0,
    "meanResTime" : 46.30769230769229,
    "medianResTime" : 36.0,
    "minResTime" : 28.0,
    "maxResTime" : 153.0,
    "pct1ResTime" : 59.4,
    "pct2ResTime" : 153.0,
    "pct3ResTime" : 153.0,
    "throughput" : 39.926289926289925,
    "receivedKBytesPerSec" : 1067.0103030942876,
    "sentKBytesPerSec" : 5.341700898341523
  },
  "StudentCourses" : {
    "transaction" : "StudentCourses",
    "sampleCount" : 65,
    "errorCount" : 0,
    "errorPct" : 0.0,
    "meanResTime" : 43.230769230769255,
    "medianResTime" : 38.0,
    "minResTime" : 30.0,
    "maxResTime" : 95.0,
    "pct1ResTime" : 66.4,
    "pct2ResTime" : 70.79999999999998,
    "pct3ResTime" : 95.0,
    "throughput" : 43.18936877076412,
    "receivedKBytesPerSec" : 53.43840843023256,
    "sentKBytesPerSec" : 10.544279485049834
  },
  "GetSubmissionId" : {
    "transaction" : "GetSubmissionId",
    "sampleCount" : 506,
    "errorCount" : 0,
    "errorPct" : 0.0,
    "meanResTime" : 1448.1877470355728,
    "medianResTime" : 1187.5,
    "minResTime" : 334.0,
    "maxResTime" : 6304.0,
    "pct1ResTime" : 2654.6,
    "pct2ResTime" : 3381.3499999999985,
    "pct3ResTime" : 5208.58,
    "throughput" : 1.86232076082796,
    "receivedKBytesPerSec" : 80.36327561427142,
    "sentKBytesPerSec" : 0.434662755701057
  },
  "TestcasesResults" : {
    "transaction" : "TestcasesResults",
    "sampleCount" : 473,
    "errorCount" : 0,
    "errorPct" : 0.0,
    "meanResTime" : 16392.24101479916,
    "medianResTime" : 16017.0,
    "minResTime" : 8812.0,
    "maxResTime" : 23153.0,
    "pct1ResTime" : 19987.600000000002,
    "pct2ResTime" : 21240.399999999998,
    "pct3ResTime" : 22219.36,
    "throughput" : 1.7323659430773117,
    "receivedKBytesPerSec" : 50.15705718226834,
    "sentKBytesPerSec" : 0.4212491404553229
  },
  "Total" : {
    "transaction" : "Total",
    "sampleCount" : 2318,
    "errorCount" : 0,
    "errorPct" : 0.0,
    "meanResTime" : 5074.716134598801,
    "medianResTime" : 2289.0,
    "minResTime" : 28.0,
    "maxResTime" : 23153.0,
    "pct1ResTime" : 16275.3,
    "pct2ResTime" : 18554.199999999997,
    "pct3ResTime" : 21541.219999999998,
    "throughput" : 7.279167700341977,
    "receivedKBytesPerSec" : 238.6021779702333,
    "sentKBytesPerSec" : 3.5793757389470016
  },
  "Upload" : {
    "transaction" : "Upload",
    "sampleCount" : 510,
    "errorCount" : 0,
    "errorPct" : 0.0,
    "meanResTime" : 3334.043137254905,
    "medianResTime" : 2205.5,
    "minResTime" : 1131.0,
    "maxResTime" : 22091.0,
    "pct1ResTime" : 6102.900000000004,
    "pct2ResTime" : 11074.75,
    "pct3ResTime" : 21924.02,
    "throughput" : 1.8508236165093468,
    "receivedKBytesPerSec" : 80.26889195318142,
    "sentKBytesPerSec" : 2.4853112139497666
  },
  "Course Page" : {
    "transaction" : "Course Page",
    "sampleCount" : 65,
    "errorCount" : 0,
    "errorPct" : 0.0,
    "meanResTime" : 93.26153846153846,
    "medianResTime" : 80.0,
    "minResTime" : 63.0,
    "maxResTime" : 205.0,
    "pct1ResTime" : 136.8,
    "pct2ResTime" : 155.79999999999998,
    "pct3ResTime" : 205.0,
    "throughput" : 41.639974375400385,
    "receivedKBytesPerSec" : 1347.825787756246,
    "sentKBytesPerSec" : 12.158547205317104
  },
  "Login" : {
    "transaction" : "Login",
    "sampleCount" : 65,
    "errorCount" : 0,
    "errorPct" : 0.0,
    "meanResTime" : 126.21538461538461,
    "medianResTime" : 116.0,
    "minResTime" : 92.0,
    "maxResTime" : 265.0,
    "pct1ResTime" : 162.0,
    "pct2ResTime" : 186.4999999999999,
    "pct3ResTime" : 265.0,
    "throughput" : 40.880503144654085,
    "receivedKBytesPerSec" : 69.9728527908805,
    "sentKBytesPerSec" : 24.261743317610062
  },
  "RunPractice" : {
    "transaction" : "RunPractice",
    "sampleCount" : 504,
    "errorCount" : 0,
    "errorPct" : 0.0,
    "meanResTime" : 3082.3888888888882,
    "medianResTime" : 2556.0,
    "minResTime" : 2108.0,
    "maxResTime" : 9484.0,
    "pct1ResTime" : 4873.0,
    "pct2ResTime" : 5586.5,
    "pct3ResTime" : 6636.499999999998,
    "throughput" : 1.8621423504374557,
    "receivedKBytesPerSec" : 52.74346027568205,
    "sentKBytesPerSec" : 0.4382581117728777
  }
}