Device,kB_read/s,kB_wrtn/s
loop0,0.0,0.0
sda,425.7396825396825,843.7079365079366
