{"Disk Read(KB/s)": 425.5815000000001, "Disk Write(KB/s)": 816.3790000000001}