{"%idle": 11.480636363636364, "%iowait": 1.106846846846846, "user+system(%)": 85.59162162162158}