{"user+system(%)": 87.38181818181818, "I/O wait(%)": 1.0636363636363637, "Available Memory(Kb)": 818918.9818181818, "Idle(%)": 11.463636363636363}