{"%iowait": 0.7501104972375681, "user+system(%)": 13.57110497237569, "%idle": 81.36516666666664}