{"Available Memory(Kb)": 7266698.822222223, "I/O wait(%)": 0.6611111111111111, "user+system(%)": 17.866666666666667, "Idle(%)": 81.27777777777777}