{"%iowait": 0.3214342629482072, "%idle": 93.90240000000001, "user+system(%)": 2.3478884462151393}