Device,kB_read/s,kB_wrtn/s
loop0,0.0,0.0
sda,2863.395652173913,780.5739130434782
