Device,kB_read/s,kB_wrtn/s
loop0,0.0,0.0
sda,26.18021978021978,619.9648351648351
