{"Disk Write(KB/s)": 569.4408888888893, "Disk Read(KB/s)": 23.101466666666667}