{"%idle": 13.301944444444459, "%iowait": 0.5922099447513812, "user+system(%)": 81.20149171270717}