{"user+system(%)": 85.71111111111111, "I/O wait(%)": 0.5722222222222222, "Idle(%)": 13.683333333333334, "Available Memory(Kb)": 7088314.2}