{"I/O wait(%)": 6.681818181818182, "Available Memory(Kb)": 379952.32727272727, "user+system(%)": 67.15454545454546, "Idle(%)": 26.245454545454546}