{"%idle": 8.524722222222222, "user+system(%)": 78.48298342541437, "%iowait": 0.6696685082872931}