Device,kB_read/s,kB_wrtn/s
loop0,0.0,0.0
sda,26.15483870967742,726.941935483871
Device,kB_read/s,kB_wrtn/s
loop0,0.0,0.0
sda,26.15483870967742,726.941935483871
