{"Disk Read(KB/s)": 26.407666666666675, "Disk Write(KB/s)": 714.6613333333331}