{"%sys": 8.016486486486484, "user+system(%)": 85.48072072072074, "%iowait": 1.1057657657657656, "%guest": 0.0, "%idle": 11.822181818181821}