{"sys(%)": 8.709090909090909, "user+system(%)": 87.26363636363637, "I/O wait(%)": 1.1181818181818182, "Available Memory(Kb)": 6871673.636363637, "Idle(%)": 11.60909090909091}