Device,kB_read/s,kB_wrtn/s
loop0,0.0,0.0
sda,207.24085106382978,443.39744680851067
