{"Disk Read(KB/s)": 223.95622222222244, "Disk Write(KB/s)": 440.26425555555556}