{"%iowait": 5.117679558011051, "user+system(%)": 30.255580110497252, "%idle": 61.860166666666665}