{"Idle(%)": 61.888888888888886, "user+system(%)": 32.97222222222222, "I/O wait(%)": 5.188888888888889, "Available Memory(Kb)": 10614146.622222222}