Device,kB_read/s,kB_wrtn/s
loop0,0.0,0.0
sda,2704.1900552486186,420.47734806629836
