{"Idle(%)": 10.827777777777778, "Available Memory(Kb)": 7607812.355555556, "user+system(%)": 82.76666666666667, "I/O wait(%)": 6.311111111111111}