{"Disk Read(KB/s)": 1423.9727111111124, "Disk Write(KB/s)": 631.667455555556}