{"user+system(%)": 24.050055248618797, "%iowait": 7.305248618784528, "%idle": 67.20716666666671}