{"Idle(%)": 67.30555555555556, "user+system(%)": 25.283333333333335, "I/O wait(%)": 7.294444444444444, "Available Memory(Kb)": 2151861.688888889}