{
  "AssignmentsList" : {
    "transaction" : "AssignmentsList",
    "sampleCount" : 1,
    "errorCount" : 0,
    "errorPct" : 0.0,
    "meanResTime" : 513.0,
    "medianResTime" : 513.0,
    "minResTime" : 513.0,
    "maxResTime" : 513.0,
    "pct1ResTime" : 513.0,
    "pct2ResTime" : 513.0,
    "pct3ResTime" : 513.0,
    "throughput" : 1.949317738791423,
    "receivedKBytesPerSec" : 0.755741349902534,
    "sentKBytesPerSec" : 0.6301017300194932
  },
  "Get CSRF Token" : {
    "transaction" : "Get CSRF Token",
    "sampleCount" : 1,
    "errorCount" : 0,
    "errorPct" : 0.0,
    "meanResTime" : 2418.0,
    "medianResTime" : 2418.0,
    "minResTime" : 2418.0,
    "maxResTime" : 2418.0,
    "pct1ResTime" : 2418.0,
    "pct2ResTime" : 2418.0,
    "pct3ResTime" : 2418.0,
    "throughput" : 0.41356492969396197,
    "receivedKBytesPerSec" : 11.052361197270471,
    "sentKBytesPerSec" : 0.05452272022332506
  },
  "StudentCourses" : {
    "transaction" : "StudentCourses",
    "sampleCount" : 1,
    "errorCount" : 0,
    "errorPct" : 0.0,
    "meanResTime" : 63.0,
    "medianResTime" : 63.0,
    "minResTime" : 63.0,
    "maxResTime" : 63.0,
    "pct1ResTime" : 63.0,
    "pct2ResTime" : 63.0,
    "pct3ResTime" : 63.0,
    "throughput" : 15.873015873015872,
    "receivedKBytesPerSec" : 19.794766865079364,
    "sentKBytesPerSec" : 3.8442460317460316
  },
  "GetSubmissionId" : {
    "transaction" : "GetSubmissionId",
    "sampleCount" : 11,
    "errorCount" : 0,
    "errorPct" : 0.0,
    "meanResTime" : 324.0909090909091,
    "medianResTime" : 320.0,
    "minResTime" : 294.0,
    "maxResTime" : 372.0,
    "pct1ResTime" : 371.0,
    "pct2ResTime" : 372.0,
    "pct3ResTime" : 372.0,
    "throughput" : 0.046670881188664914,
    "receivedKBytesPerSec" : 1.986814713684751,
    "sentKBytesPerSec" : 0.010801756681360922
  },
  "TestcasesResults" : {
    "transaction" : "TestcasesResults",
    "sampleCount" : 11,
    "errorCount" : 0,
    "errorPct" : 0.0,
    "meanResTime" : 5850.545454545454,
    "medianResTime" : 5354.0,
    "minResTime" : 5305.0,
    "maxResTime" : 10927.0,
    "pct1ResTime" : 9818.200000000004,
    "pct2ResTime" : 10927.0,
    "pct3ResTime" : 10927.0,
    "throughput" : 0.0468893198917283,
    "receivedKBytesPerSec" : 1.359332373345553,
    "sentKBytesPerSec" : 0.011356007161277947
  },
  "Total" : {
    "transaction" : "Total",
    "sampleCount" : 49,
    "errorCount" : 0,
    "errorPct" : 0.0,
    "meanResTime" : 2485.755102040817,
    "medianResTime" : 2122.0,
    "minResTime" : 63.0,
    "maxResTime" : 10927.0,
    "pct1ResTime" : 5356.0,
    "pct2ResTime" : 7217.0,
    "pct3ResTime" : 10927.0,
    "throughput" : 0.16835132516543094,
    "receivedKBytesPerSec" : 5.607582804587058,
    "sentKBytesPerSec" : 0.0804077548547025
  },
  "Upload" : {
    "transaction" : "Upload",
    "sampleCount" : 11,
    "errorCount" : 0,
    "errorPct" : 0.0,
    "meanResTime" : 1972.7272727272727,
    "medianResTime" : 710.0,
    "minResTime" : 648.0,
    "maxResTime" : 9051.0,
    "pct1ResTime" : 7771.000000000005,
    "pct2ResTime" : 9051.0,
    "pct3ResTime" : 9051.0,
    "throughput" : 0.045003395710767266,
    "receivedKBytesPerSec" : 1.9258249109648728,
    "sentKBytesPerSec" : 0.05742487629180202
  },
  "Course Page" : {
    "transaction" : "Course Page",
    "sampleCount" : 1,
    "errorCount" : 0,
    "errorPct" : 0.0,
    "meanResTime" : 2503.0,
    "medianResTime" : 2503.0,
    "minResTime" : 2503.0,
    "maxResTime" : 2503.0,
    "pct1ResTime" : 2503.0,
    "pct2ResTime" : 2503.0,
    "pct3ResTime" : 2503.0,
    "throughput" : 0.3995205753096284,
    "receivedKBytesPerSec" : 12.936039252896524,
    "sentKBytesPerSec" : 0.11587657311226528
  },
  "Login" : {
    "transaction" : "Login",
    "sampleCount" : 1,
    "errorCount" : 0,
    "errorPct" : 0.0,
    "meanResTime" : 2579.0,
    "medianResTime" : 2579.0,
    "minResTime" : 2579.0,
    "maxResTime" : 2579.0,
    "pct1ResTime" : 2579.0,
    "pct2ResTime" : 2579.0,
    "pct3ResTime" : 2579.0,
    "throughput" : 0.38774718883288095,
    "receivedKBytesPerSec" : 0.6645471839860411,
    "sentKBytesPerSec" : 0.22946757464133383
  },
  "RunPractice" : {
    "transaction" : "RunPractice",
    "sampleCount" : 11,
    "errorCount" : 0,
    "errorPct" : 0.0,
    "meanResTime" : 2191.3636363636365,
    "medianResTime" : 2131.0,
    "minResTime" : 2102.0,
    "maxResTime" : 2872.0,
    "pct1ResTime" : 2729.6000000000004,
    "pct2ResTime" : 2872.0,
    "pct3ResTime" : 2872.0,
    "throughput" : 0.046430742216519216,
    "receivedKBytesPerSec" : 1.3160460819840278,
    "sentKBytesPerSec" : 0.010882205206996691
  }
}