{
  "AssignmentsList" : {
    "transaction" : "AssignmentsList",
    "sampleCount" : 20,
    "errorCount" : 0,
    "errorPct" : 0.0,
    "meanResTime" : 32.3,
    "medianResTime" : 30.5,
    "minResTime" : 27.0,
    "maxResTime" : 42.0,
    "pct1ResTime" : 38.900000000000006,
    "pct2ResTime" : 41.849999999999994,
    "pct3ResTime" : 42.0,
    "throughput" : 9.995002498750626,
    "receivedKBytesPerSec" : 3.8750156171914045,
    "sentKBytesPerSec" : 3.2308064717641183
  },
  "Get CSRF Token" : {
    "transaction" : "Get CSRF Token",
    "sampleCount" : 20,
    "errorCount" : 0,
    "errorPct" : 0.0,
    "meanResTime" : 386.05000000000007,
    "medianResTime" : 46.0,
    "minResTime" : 27.0,
    "maxResTime" : 2065.0,
    "pct1ResTime" : 2044.5,
    "pct2ResTime" : 2064.15,
    "pct3ResTime" : 2065.0,
    "throughput" : 8.896797153024911,
    "receivedKBytesPerSec" : 237.78080516014234,
    "sentKBytesPerSec" : 1.17291759341637
  },
  "StudentCourses" : {
    "transaction" : "StudentCourses",
    "sampleCount" : 20,
    "errorCount" : 0,
    "errorPct" : 0.0,
    "meanResTime" : 36.9,
    "medianResTime" : 36.5,
    "minResTime" : 25.0,
    "maxResTime" : 52.0,
    "pct1ResTime" : 48.0,
    "pct2ResTime" : 51.8,
    "pct3ResTime" : 52.0,
    "throughput" : 9.950248756218905,
    "receivedKBytesPerSec" : 12.408659825870648,
    "sentKBytesPerSec" : 2.4098258706467663
  },
  "GetSubmissionId" : {
    "transaction" : "GetSubmissionId",
    "sampleCount" : 245,
    "errorCount" : 0,
    "errorPct" : 0.0,
    "meanResTime" : 411.5551020408163,
    "medianResTime" : 326.0,
    "minResTime" : 257.0,
    "maxResTime" : 2159.0,
    "pct1ResTime" : 543.2,
    "pct2ResTime" : 765.9999999999995,
    "pct3ResTime" : 2119.54,
    "throughput" : 0.906091896209947,
    "receivedKBytesPerSec" : 38.57335917621453,
    "sentKBytesPerSec" : 0.20971072207202876
  },
  "TestcasesResults" : {
    "transaction" : "TestcasesResults",
    "sampleCount" : 240,
    "errorCount" : 0,
    "errorPct" : 0.0,
    "meanResTime" : 5389.9833333333345,
    "medianResTime" : 5288.5,
    "minResTime" : 5217.0,
    "maxResTime" : 8312.0,
    "pct1ResTime" : 5723.8,
    "pct2ResTime" : 5800.0,
    "pct3ResTime" : 6502.410000000001,
    "throughput" : 0.9135235746177475,
    "receivedKBytesPerSec" : 26.484210405176253,
    "sentKBytesPerSec" : 0.22124399072773573
  },
  "Total" : {
    "transaction" : "Total",
    "sampleCount" : 1077,
    "errorCount" : 0,
    "errorPct" : 0.0,
    "meanResTime" : 2041.716805942433,
    "medianResTime" : 875.0,
    "minResTime" : 25.0,
    "maxResTime" : 8902.0,
    "pct1ResTime" : 5306.4,
    "pct2ResTime" : 5511.2,
    "pct3ResTime" : 6901.320000000034,
    "throughput" : 3.5675600473024676,
    "receivedKBytesPerSec" : 119.7521948920457,
    "sentKBytesPerSec" : 1.7203120497073408
  },
  "Upload" : {
    "transaction" : "Upload",
    "sampleCount" : 247,
    "errorCount" : 0,
    "errorPct" : 0.0,
    "meanResTime" : 1056.1214574898777,
    "medianResTime" : 669.0,
    "minResTime" : 523.0,
    "maxResTime" : 8902.0,
    "pct1ResTime" : 1288.8000000000002,
    "pct2ResTime" : 2845.0,
    "pct3ResTime" : 8591.320000000002,
    "throughput" : 0.9045498491196203,
    "receivedKBytesPerSec" : 38.710554977496116,
    "sentKBytesPerSec" : 1.1554318252772242
  },
  "Course Page" : {
    "transaction" : "Course Page",
    "sampleCount" : 20,
    "errorCount" : 0,
    "errorPct" : 0.0,
    "meanResTime" : 71.3,
    "medianResTime" : 71.0,
    "minResTime" : 55.0,
    "maxResTime" : 90.0,
    "pct1ResTime" : 86.9,
    "pct2ResTime" : 89.85,
    "pct3ResTime" : 90.0,
    "throughput" : 9.75609756097561,
    "receivedKBytesPerSec" : 315.9189214939025,
    "sentKBytesPerSec" : 2.829649390243903
  },
  "Login" : {
    "transaction" : "Login",
    "sampleCount" : 20,
    "errorCount" : 0,
    "errorPct" : 0.0,
    "meanResTime" : 177.55,
    "medianResTime" : 191.5,
    "minResTime" : 90.0,
    "maxResTime" : 321.0,
    "pct1ResTime" : 254.20000000000005,
    "pct2ResTime" : 317.74999999999994,
    "pct3ResTime" : 321.0,
    "throughput" : 9.22083909635777,
    "receivedKBytesPerSec" : 15.80329356846473,
    "sentKBytesPerSec" : 5.456863762102351
  },
  "RunPractice" : {
    "transaction" : "RunPractice",
    "sampleCount" : 245,
    "errorCount" : 0,
    "errorPct" : 0.0,
    "meanResTime" : 2161.461224489796,
    "medianResTime" : 2092.0,
    "minResTime" : 2070.0,
    "maxResTime" : 3418.0,
    "pct1ResTime" : 2360.4,
    "pct2ResTime" : 2506.699999999999,
    "pct3ResTime" : 3148.56,
    "throughput" : 0.9018393842461543,
    "receivedKBytesPerSec" : 25.56144534255173,
    "sentKBytesPerSec" : 0.21136860568269245
  }
}