{
  "AssignmentsList" : {
    "transaction" : "AssignmentsList",
    "sampleCount" : 40,
    "errorCount" : 0,
    "errorPct" : 0.0,
    "meanResTime" : 33.14999999999999,
    "medianResTime" : 32.0,
    "minResTime" : 25.0,
    "maxResTime" : 58.0,
    "pct1ResTime" : 42.0,
    "pct2ResTime" : 50.54999999999996,
    "pct3ResTime" : 58.0,
    "throughput" : 57.63688760806916,
    "receivedKBytesPerSec" : 22.345551152737755,
    "sentKBytesPerSec" : 18.63067363112392
  },
  "Get CSRF Token" : {
    "transaction" : "Get CSRF Token",
    "sampleCount" : 40,
    "errorCount" : 0,
    "errorPct" : 0.0,
    "meanResTime" : 42.900000000000006,
    "medianResTime" : 30.5,
    "minResTime" : 26.0,
    "maxResTime" : 128.0,
    "pct1ResTime" : 124.19999999999995,
    "pct2ResTime" : 128.0,
    "pct3ResTime" : 128.0,
    "throughput" : 51.21638924455826,
    "receivedKBytesPerSec" : 1368.8192721670935,
    "sentKBytesPerSec" : 6.752160691421254
  },
  "StudentCourses" : {
    "transaction" : "StudentCourses",
    "sampleCount" : 40,
    "errorCount" : 0,
    "errorPct" : 0.0,
    "meanResTime" : 34.49999999999999,
    "medianResTime" : 30.0,
    "minResTime" : 24.0,
    "maxResTime" : 85.0,
    "pct1ResTime" : 51.8,
    "pct2ResTime" : 75.04999999999993,
    "pct3ResTime" : 85.0,
    "throughput" : 55.32503457814661,
    "receivedKBytesPerSec" : 68.9942081604426,
    "sentKBytesPerSec" : 13.399031811894883
  },
  "GetSubmissionId" : {
    "transaction" : "GetSubmissionId",
    "sampleCount" : 455,
    "errorCount" : 0,
    "errorPct" : 0.0,
    "meanResTime" : 933.6615384615392,
    "medianResTime" : 421.0,
    "minResTime" : 260.0,
    "maxResTime" : 8530.0,
    "pct1ResTime" : 1425.4000000000015,
    "pct2ResTime" : 7069.999999999998,
    "pct3ResTime" : 8495.52,
    "throughput" : 1.6958501986567376,
    "receivedKBytesPerSec" : 72.20461122750669,
    "sentKBytesPerSec" : 0.39249657918129566
  },
  "TestcasesResults" : {
    "transaction" : "TestcasesResults",
    "sampleCount" : 443,
    "errorCount" : 0,
    "errorPct" : 0.0,
    "meanResTime" : 5993.979683972914,
    "medianResTime" : 5507.0,
    "minResTime" : 5206.0,
    "maxResTime" : 13438.0,
    "pct1ResTime" : 7226.4000000000015,
    "pct2ResTime" : 8463.6,
    "pct3ResTime" : 12416.2,
    "throughput" : 1.6365705166095283,
    "receivedKBytesPerSec" : 47.4473083113677,
    "sentKBytesPerSec" : 0.3963569219913702
  },
  "Total" : {
    "transaction" : "Total",
    "sampleCount" : 2011,
    "errorCount" : 0,
    "errorPct" : 0.0,
    "meanResTime" : 2549.409746394829,
    "medianResTime" : 1520.0,
    "minResTime" : 24.0,
    "maxResTime" : 18597.0,
    "pct1ResTime" : 5864.8,
    "pct2ResTime" : 7228.399999999995,
    "pct3ResTime" : 18175.719999999998,
    "throughput" : 6.579162604445433,
    "receivedKBytesPerSec" : 219.88823132250658,
    "sentKBytesPerSec" : 3.1639127226315344
  },
  "Upload" : {
    "transaction" : "Upload",
    "sampleCount" : 458,
    "errorCount" : 0,
    "errorPct" : 0.0,
    "meanResTime" : 1911.3253275109205,
    "medianResTime" : 801.0,
    "minResTime" : 529.0,
    "maxResTime" : 18597.0,
    "pct1ResTime" : 1952.4000000000003,
    "pct2ResTime" : 18048.85,
    "pct3ResTime" : 18537.82,
    "throughput" : 1.6710205630390684,
    "receivedKBytesPerSec" : 71.51369211286503,
    "sentKBytesPerSec" : 2.133238435798879
  },
  "Course Page" : {
    "transaction" : "Course Page",
    "sampleCount" : 40,
    "errorCount" : 0,
    "errorPct" : 0.0,
    "meanResTime" : 71.27499999999998,
    "medianResTime" : 62.5,
    "minResTime" : 52.0,
    "maxResTime" : 105.0,
    "pct1ResTime" : 98.29999999999998,
    "pct2ResTime" : 104.89999999999999,
    "pct3ResTime" : 105.0,
    "throughput" : 53.83580080753701,
    "receivedKBytesPerSec" : 1743.1509189939434,
    "sentKBytesPerSec" : 15.614485195154778
  },
  "Login" : {
    "transaction" : "Login",
    "sampleCount" : 40,
    "errorCount" : 0,
    "errorPct" : 0.0,
    "meanResTime" : 132.575,
    "medianResTime" : 123.5,
    "minResTime" : 89.0,
    "maxResTime" : 216.0,
    "pct1ResTime" : 186.9,
    "pct2ResTime" : 202.7,
    "pct3ResTime" : 216.0,
    "throughput" : 49.32182490752158,
    "receivedKBytesPerSec" : 84.53105733662144,
    "sentKBytesPerSec" : 29.188501849568432
  },
  "RunPractice" : {
    "transaction" : "RunPractice",
    "sampleCount" : 455,
    "errorCount" : 0,
    "errorPct" : 0.0,
    "meanResTime" : 2546.7054945054956,
    "medianResTime" : 2144.0,
    "minResTime" : 1241.0,
    "maxResTime" : 10247.0,
    "pct1ResTime" : 3118.2000000000003,
    "pct2ResTime" : 4313.199999999998,
    "pct3ResTime" : 9125.88,
    "throughput" : 1.6884557865791887,
    "receivedKBytesPerSec" : 47.857534716552806,
    "sentKBytesPerSec" : 0.3957318249794974
  }
}