{
  "AssignmentsList" : {
    "transaction" : "AssignmentsList",
    "sampleCount" : 140,
    "errorCount" : 0,
    "errorPct" : 0.0,
    "meanResTime" : 33.47857142857143,
    "medianResTime" : 32.0,
    "minResTime" : 25.0,
    "maxResTime" : 65.0,
    "pct1ResTime" : 39.900000000000006,
    "pct2ResTime" : 54.89999999999998,
    "pct3ResTime" : 65.0,
    "throughput" : 60.26689625484288,
    "receivedKBytesPerSec" : 23.13397949849333,
    "sentKBytesPerSec" : 19.48080337925097
  },
  "Get CSRF Token" : {
    "transaction" : "Get CSRF Token",
    "sampleCount" : 140,
    "errorCount" : 0,
    "errorPct" : 0.0,
    "meanResTime" : 35.42857142857142,
    "medianResTime" : 30.0,
    "minResTime" : 25.0,
    "maxResTime" : 136.0,
    "pct1ResTime" : 43.0,
    "pct2ResTime" : 64.64999999999992,
    "pct3ResTime" : 135.59,
    "throughput" : 58.13953488372093,
    "receivedKBytesPerSec" : 1553.842335444352,
    "sentKBytesPerSec" : 7.664880087209303
  },
  "StudentCourses" : {
    "transaction" : "StudentCourses",
    "sampleCount" : 140,
    "errorCount" : 0,
    "errorPct" : 0.0,
    "meanResTime" : 32.25714285714285,
    "medianResTime" : 29.0,
    "minResTime" : 23.0,
    "maxResTime" : 129.0,
    "pct1ResTime" : 45.0,
    "pct2ResTime" : 55.94999999999999,
    "pct3ResTime" : 106.04000000000019,
    "throughput" : 60.00857265323618,
    "receivedKBytesPerSec" : 74.87676810972995,
    "sentKBytesPerSec" : 14.533326189455636
  },
  "GetSubmissionId" : {
    "transaction" : "GetSubmissionId",
    "sampleCount" : 946,
    "errorCount" : 2,
    "errorPct" : 0.2114165,
    "meanResTime" : 4288.46194503171,
    "medianResTime" : 3097.0,
    "minResTime" : 299.0,
    "maxResTime" : 22253.0,
    "pct1ResTime" : 9519.800000000007,
    "pct2ResTime" : 13097.699999999995,
    "pct3ResTime" : 18072.329999999998,
    "throughput" : 3.4733823621203053,
    "receivedKBytesPerSec" : 153.9478852377119,
    "sentKBytesPerSec" : 0.8021984931542057
  },
  "TestcasesResults" : {
    "transaction" : "TestcasesResults",
    "sampleCount" : 849,
    "errorCount" : 7,
    "errorPct" : 0.8244994,
    "meanResTime" : 13914.584216725554,
    "medianResTime" : 12852.0,
    "minResTime" : 5300.0,
    "maxResTime" : 35781.0,
    "pct1ResTime" : 21010.0,
    "pct2ResTime" : 23845.0,
    "pct3ResTime" : 29422.5,
    "throughput" : 2.9678777052607295,
    "receivedKBytesPerSec" : 85.3728741844017,
    "sentKBytesPerSec" : 0.712856521115978
  },
  "Total" : {
    "transaction" : "Total",
    "sampleCount" : 4372,
    "errorCount" : 14,
    "errorPct" : 0.32021958,
    "meanResTime" : 6831.622369624882,
    "medianResTime" : 4721.5,
    "minResTime" : 23.0,
    "maxResTime" : 40461.0,
    "pct1ResTime" : 15614.800000000007,
    "pct2ResTime" : 18987.54999999996,
    "pct3ResTime" : 30246.979999999916,
    "throughput" : 13.38050583943393,
    "receivedKBytesPerSec" : 440.3623236243435,
    "sentKBytesPerSec" : 6.674077699207942
  },
  "Upload" : {
    "transaction" : "Upload",
    "sampleCount" : 968,
    "errorCount" : 2,
    "errorPct" : 0.20661157,
    "meanResTime" : 8042.938016528927,
    "medianResTime" : 5631.0,
    "minResTime" : 274.0,
    "maxResTime" : 40461.0,
    "pct1ResTime" : 16458.4,
    "pct2ResTime" : 29605.05,
    "pct3ResTime" : 37486.329999999965,
    "throughput" : 3.493903715521162,
    "receivedKBytesPerSec" : 155.60291551917678,
    "sentKBytesPerSec" : 4.782066402217619
  },
  "Course Page" : {
    "transaction" : "Course Page",
    "sampleCount" : 140,
    "errorCount" : 0,
    "errorPct" : 0.0,
    "meanResTime" : 75.85714285714288,
    "medianResTime" : 66.0,
    "minResTime" : 53.0,
    "maxResTime" : 183.0,
    "pct1ResTime" : 111.0,
    "pct2ResTime" : 119.94999999999999,
    "pct3ResTime" : 169.06000000000012,
    "throughput" : 59.096665259603206,
    "receivedKBytesPerSec" : 1913.6552210848458,
    "sentKBytesPerSec" : 17.14034138877163
  },
  "Login" : {
    "transaction" : "Login",
    "sampleCount" : 140,
    "errorCount" : 0,
    "errorPct" : 0.0,
    "meanResTime" : 131.55,
    "medianResTime" : 120.0,
    "minResTime" : 78.0,
    "maxResTime" : 284.0,
    "pct1ResTime" : 197.8,
    "pct2ResTime" : 231.4999999999999,
    "pct3ResTime" : 272.93000000000006,
    "throughput" : 57.971014492753625,
    "receivedKBytesPerSec" : 99.35461956521739,
    "sentKBytesPerSec" : 34.307065217391305
  },
  "RunPractice" : {
    "transaction" : "RunPractice",
    "sampleCount" : 909,
    "errorCount" : 3,
    "errorPct" : 0.330033,
    "meanResTime" : 6786.2728272827235,
    "medianResTime" : 4937.0,
    "minResTime" : 43.0,
    "maxResTime" : 30537.0,
    "pct1ResTime" : 14815.0,
    "pct2ResTime" : 17166.5,
    "pct3ResTime" : 23280.999999999993,
    "throughput" : 3.3493122671785818,
    "receivedKBytesPerSec" : 94.62474630870969,
    "sentKBytesPerSec" : 0.7824043198390561
  }
}