{
  "AssignmentsList" : {
    "transaction" : "AssignmentsList",
    "sampleCount" : 60,
    "errorCount" : 0,
    "errorPct" : 0.0,
    "meanResTime" : 35.08333333333334,
    "medianResTime" : 33.0,
    "minResTime" : 26.0,
    "maxResTime" : 64.0,
    "pct1ResTime" : 51.0,
    "pct2ResTime" : 56.89999999999999,
    "pct3ResTime" : 64.0,
    "throughput" : 58.027079303675045,
    "receivedKBytesPerSec" : 22.392937016441007,
    "sentKBytesPerSec" : 18.7568000483559
  },
  "Get CSRF Token" : {
    "transaction" : "Get CSRF Token",
    "sampleCount" : 60,
    "errorCount" : 0,
    "errorPct" : 0.0,
    "meanResTime" : 42.48333333333333,
    "medianResTime" : 33.0,
    "minResTime" : 25.0,
    "maxResTime" : 142.0,
    "pct1ResTime" : 66.89999999999998,
    "pct2ResTime" : 142.0,
    "pct3ResTime" : 142.0,
    "throughput" : 52.12858384013901,
    "receivedKBytesPerSec" : 1393.2008850999132,
    "sentKBytesPerSec" : 6.872420721112077
  },
  "StudentCourses" : {
    "transaction" : "StudentCourses",
    "sampleCount" : 60,
    "errorCount" : 0,
    "errorPct" : 0.0,
    "meanResTime" : 37.3,
    "medianResTime" : 30.0,
    "minResTime" : 23.0,
    "maxResTime" : 123.0,
    "pct1ResTime" : 52.9,
    "pct2ResTime" : 89.84999999999991,
    "pct3ResTime" : 123.0,
    "throughput" : 56.17977528089887,
    "receivedKBytesPerSec" : 70.07841760299625,
    "sentKBytesPerSec" : 13.606039325842696
  },
  "GetSubmissionId" : {
    "transaction" : "GetSubmissionId",
    "sampleCount" : 684,
    "errorCount" : 0,
    "errorPct" : 0.0,
    "meanResTime" : 741.0014619883035,
    "medianResTime" : 512.5,
    "minResTime" : 270.0,
    "maxResTime" : 6060.0,
    "pct1ResTime" : 1436.5,
    "pct2ResTime" : 1962.0,
    "pct3ResTime" : 3860.5499999999997,
    "throughput" : 2.513809413554725,
    "receivedKBytesPerSec" : 109.16916591900132,
    "sentKBytesPerSec" : 0.5818094052856151
  },
  "TestcasesResults" : {
    "transaction" : "TestcasesResults",
    "sampleCount" : 672,
    "errorCount" : 2,
    "errorPct" : 0.29761904,
    "meanResTime" : 6240.794642857144,
    "medianResTime" : 5829.5,
    "minResTime" : 5210.0,
    "maxResTime" : 10873.0,
    "pct1ResTime" : 8155.300000000008,
    "pct2ResTime" : 8738.7,
    "pct3ResTime" : 9783.769999999995,
    "throughput" : 2.464761611337903,
    "receivedKBytesPerSec" : 71.25715908715794,
    "sentKBytesPerSec" : 0.5951578621127263
  },
  "Total" : {
    "transaction" : "Total",
    "sampleCount" : 3025,
    "errorCount" : 2,
    "errorPct" : 0.0661157,
    "meanResTime" : 2569.088595041323,
    "medianResTime" : 1860.0,
    "minResTime" : 23.0,
    "maxResTime" : 15718.0,
    "pct1ResTime" : 6160.4000000000015,
    "pct2ResTime" : 7176.299999999995,
    "pct3ResTime" : 11547.879999999801,
    "throughput" : 9.818718860054855,
    "receivedKBytesPerSec" : 331.6057510508464,
    "sentKBytesPerSec" : 4.802743789254589
  },
  "Upload" : {
    "transaction" : "Upload",
    "sampleCount" : 685,
    "errorCount" : 0,
    "errorPct" : 0.0,
    "meanResTime" : 1885.8029197080298,
    "medianResTime" : 1034.0,
    "minResTime" : 527.0,
    "maxResTime" : 15718.0,
    "pct1ResTime" : 2472.5999999999995,
    "pct2ResTime" : 7655.499999999997,
    "pct3ResTime" : 15533.119999999999,
    "throughput" : 2.5022282616636713,
    "receivedKBytesPerSec" : 109.21642399504486,
    "sentKBytesPerSec" : 3.3022856405430385
  },
  "Course Page" : {
    "transaction" : "Course Page",
    "sampleCount" : 60,
    "errorCount" : 0,
    "errorPct" : 0.0,
    "meanResTime" : 83.49999999999997,
    "medianResTime" : 75.5,
    "minResTime" : 54.0,
    "maxResTime" : 149.0,
    "pct1ResTime" : 126.9,
    "pct2ResTime" : 137.79999999999998,
    "pct3ResTime" : 149.0,
    "throughput" : 55.35055350553505,
    "receivedKBytesPerSec" : 1792.1930855050737,
    "sentKBytesPerSec" : 16.053822647601475
  },
  "Login" : {
    "transaction" : "Login",
    "sampleCount" : 60,
    "errorCount" : 0,
    "errorPct" : 0.0,
    "meanResTime" : 142.04999999999998,
    "medianResTime" : 124.5,
    "minResTime" : 81.0,
    "maxResTime" : 382.0,
    "pct1ResTime" : 247.99999999999994,
    "pct2ResTime" : 285.0999999999999,
    "pct3ResTime" : 382.0,
    "throughput" : 53.003533568904594,
    "receivedKBytesPerSec" : 90.84101700530036,
    "sentKBytesPerSec" : 31.367325530035338
  },
  "RunPractice" : {
    "transaction" : "RunPractice",
    "sampleCount" : 684,
    "errorCount" : 0,
    "errorPct" : 0.0,
    "meanResTime" : 2571.102339181287,
    "medianResTime" : 2289.5,
    "minResTime" : 2073.0,
    "maxResTime" : 6868.0,
    "pct1ResTime" : 3351.0,
    "pct2ResTime" : 3964.75,
    "pct3ResTime" : 5849.099999999999,
    "throughput" : 2.504081946447791,
    "receivedKBytesPerSec" : 70.9658166444112,
    "sentKBytesPerSec" : 0.5868942061987011
  }
}