{
  "AssignmentsList" : {
    "transaction" : "AssignmentsList",
    "sampleCount" : 80,
    "errorCount" : 0,
    "errorPct" : 0.0,
    "meanResTime" : 31.81250000000001,
    "medianResTime" : 30.0,
    "minResTime" : 25.0,
    "maxResTime" : 53.0,
    "pct1ResTime" : 38.0,
    "pct2ResTime" : 42.95,
    "pct3ResTime" : 53.0,
    "throughput" : 56.219255094869986,
    "receivedKBytesPerSec" : 21.569472505270554,
    "sentKBytesPerSec" : 18.172434996486295
  },
  "Get CSRF Token" : {
    "transaction" : "Get CSRF Token",
    "sampleCount" : 80,
    "errorCount" : 0,
    "errorPct" : 0.0,
    "meanResTime" : 38.93750000000001,
    "medianResTime" : 32.0,
    "minResTime" : 24.0,
    "maxResTime" : 137.0,
    "pct1ResTime" : 41.0,
    "pct2ResTime" : 134.3000000000001,
    "pct3ResTime" : 137.0,
    "throughput" : 52.527905449770195,
    "receivedKBytesPerSec" : 1403.8903479973737,
    "sentKBytesPerSec" : 6.925065659881812
  },
  "StudentCourses" : {
    "transaction" : "StudentCourses",
    "sampleCount" : 80,
    "errorCount" : 0,
    "errorPct" : 0.0,
    "meanResTime" : 35.75,
    "medianResTime" : 29.0,
    "minResTime" : 23.0,
    "maxResTime" : 94.0,
    "pct1ResTime" : 65.50000000000003,
    "pct2ResTime" : 82.60000000000002,
    "pct3ResTime" : 94.0,
    "throughput" : 55.67153792623521,
    "receivedKBytesPerSec" : 69.46709725121781,
    "sentKBytesPerSec" : 13.48295059151009
  },
  "GetSubmissionId" : {
    "transaction" : "GetSubmissionId",
    "sampleCount" : 773,
    "errorCount" : 0,
    "errorPct" : 0.0,
    "meanResTime" : 1575.1112548512283,
    "medianResTime" : 957.0,
    "minResTime" : 268.0,
    "maxResTime" : 16063.0,
    "pct1ResTime" : 3896.2000000000003,
    "pct2ResTime" : 5151.3,
    "pct3ResTime" : 8238.48,
    "throughput" : 2.8458247737698157,
    "receivedKBytesPerSec" : 126.6329538938651,
    "sentKBytesPerSec" : 0.6586528040853968
  },
  "TestcasesResults" : {
    "transaction" : "TestcasesResults",
    "sampleCount" : 744,
    "errorCount" : 1,
    "errorPct" : 0.13440861,
    "meanResTime" : 8406.774193548385,
    "medianResTime" : 8404.5,
    "minResTime" : 5212.0,
    "maxResTime" : 21682.0,
    "pct1ResTime" : 11420.0,
    "pct2ResTime" : 13710.25,
    "pct3ResTime" : 17721.1,
    "throughput" : 2.679410673706122,
    "receivedKBytesPerSec" : 77.57291245570329,
    "sentKBytesPerSec" : 0.6480475685428544
  },
  "Total" : {
    "transaction" : "Total",
    "sampleCount" : 3462,
    "errorCount" : 3,
    "errorPct" : 0.08665511,
    "meanResTime" : 3751.408434430962,
    "medianResTime" : 2323.5,
    "minResTime" : 23.0,
    "maxResTime" : 21682.0,
    "pct1ResTime" : 9104.1,
    "pct2ResTime" : 10639.249999999998,
    "pct3ResTime" : 18320.799999999996,
    "throughput" : 11.015409482415754,
    "receivedKBytesPerSec" : 373.30027905922776,
    "sentKBytesPerSec" : 5.502493913803308
  },
  "Upload" : {
    "transaction" : "Upload",
    "sampleCount" : 773,
    "errorCount" : 0,
    "errorPct" : 0.0,
    "meanResTime" : 3369.514877102201,
    "medianResTime" : 1810.0,
    "minResTime" : 521.0,
    "maxResTime" : 20574.0,
    "pct1ResTime" : 6793.600000000002,
    "pct2ResTime" : 18100.4,
    "pct3ResTime" : 20378.32,
    "throughput" : 2.8274625992172355,
    "receivedKBytesPerSec" : 126.44053595596036,
    "sentKBytesPerSec" : 3.8899686002597025
  },
  "Course Page" : {
    "transaction" : "Course Page",
    "sampleCount" : 80,
    "errorCount" : 0,
    "errorPct" : 0.0,
    "meanResTime" : 65.23749999999998,
    "medianResTime" : 61.0,
    "minResTime" : 53.0,
    "maxResTime" : 177.0,
    "pct1ResTime" : 80.80000000000001,
    "pct2ResTime" : 86.9,
    "pct3ResTime" : 177.0,
    "throughput" : 54.60750853242321,
    "receivedKBytesPerSec" : 1768.2427207764504,
    "sentKBytesPerSec" : 15.838310580204777
  },
  "Login" : {
    "transaction" : "Login",
    "sampleCount" : 80,
    "errorCount" : 0,
    "errorPct" : 0.0,
    "meanResTime" : 142.1125,
    "medianResTime" : 107.0,
    "minResTime" : 75.0,
    "maxResTime" : 313.0,
    "pct1ResTime" : 263.9000000000001,
    "pct2ResTime" : 289.8,
    "pct3ResTime" : 313.0,
    "throughput" : 52.84015852047556,
    "receivedKBytesPerSec" : 90.56101387054161,
    "sentKBytesPerSec" : 31.27064068692206
  },
  "RunPractice" : {
    "transaction" : "RunPractice",
    "sampleCount" : 772,
    "errorCount" : 2,
    "errorPct" : 0.25906736,
    "meanResTime" : 3737.606217616579,
    "medianResTime" : 2739.5,
    "minResTime" : 23.0,
    "maxResTime" : 14511.0,
    "pct1ResTime" : 6789.600000000001,
    "pct2ResTime" : 9150.799999999994,
    "pct3ResTime" : 13603.429999999986,
    "throughput" : 2.8434622467771637,
    "receivedKBytesPerSec" : 80.37905372352671,
    "sentKBytesPerSec" : 0.6655732044198895
  }
}