{
  "AssignmentsList" : {
    "transaction" : "AssignmentsList",
    "sampleCount" : 100,
    "errorCount" : 0,
    "errorPct" : 0.0,
    "meanResTime" : 31.55,
    "medianResTime" : 30.0,
    "minResTime" : 25.0,
    "maxResTime" : 99.0,
    "pct1ResTime" : 36.0,
    "pct2ResTime" : 37.94999999999999,
    "pct3ResTime" : 98.67999999999984,
    "throughput" : 55.55555555555555,
    "receivedKBytesPerSec" : 21.240234375,
    "sentKBytesPerSec" : 17.957899305555554
  },
  "Get CSRF Token" : {
    "transaction" : "Get CSRF Token",
    "sampleCount" : 100,
    "errorCount" : 0,
    "errorPct" : 0.0,
    "meanResTime" : 38.64000000000001,
    "medianResTime" : 32.0,
    "minResTime" : 25.0,
    "maxResTime" : 140.0,
    "pct1ResTime" : 53.0,
    "pct2ResTime" : 91.59999999999968,
    "pct3ResTime" : 139.91999999999996,
    "throughput" : 54.67468562055768,
    "receivedKBytesPerSec" : 1461.2493165664298,
    "sentKBytesPerSec" : 7.208088436303991
  },
  "StudentCourses" : {
    "transaction" : "StudentCourses",
    "sampleCount" : 100,
    "errorCount" : 0,
    "errorPct" : 0.0,
    "meanResTime" : 37.72000000000001,
    "medianResTime" : 30.0,
    "minResTime" : 24.0,
    "maxResTime" : 110.0,
    "pct1ResTime" : 65.80000000000001,
    "pct2ResTime" : 76.79999999999995,
    "pct3ResTime" : 109.88999999999994,
    "throughput" : 56.75368898978434,
    "receivedKBytesPerSec" : 70.83126418842225,
    "sentKBytesPerSec" : 13.745034052213393
  },
  "GetSubmissionId" : {
    "transaction" : "GetSubmissionId",
    "sampleCount" : 817,
    "errorCount" : 1,
    "errorPct" : 0.12239902,
    "meanResTime" : 2913.055079559369,
    "medianResTime" : 1987.0,
    "minResTime" : 271.0,
    "maxResTime" : 20568.0,
    "pct1ResTime" : 6562.000000000003,
    "pct2ResTime" : 9214.099999999995,
    "pct3ResTime" : 16661.2,
    "throughput" : 3.064918500178193,
    "receivedKBytesPerSec" : 138.3124813893891,
    "sentKBytesPerSec" : 0.7084927691182263
  },
  "TestcasesResults" : {
    "transaction" : "TestcasesResults",
    "sampleCount" : 776,
    "errorCount" : 4,
    "errorPct" : 0.5154639,
    "meanResTime" : 10525.094072164948,
    "medianResTime" : 9755.5,
    "minResTime" : 5219.0,
    "maxResTime" : 22723.0,
    "pct1ResTime" : 15547.2,
    "pct2ResTime" : 17723.55,
    "pct3ResTime" : 21123.63,
    "throughput" : 2.7737962046175126,
    "receivedKBytesPerSec" : 80.01735884603286,
    "sentKBytesPerSec" : 0.6683159911495884
  },
  "Total" : {
    "transaction" : "Total",
    "sampleCount" : 3728,
    "errorCount" : 6,
    "errorPct" : 0.16094421,
    "meanResTime" : 5184.775214592279,
    "medianResTime" : 3448.0,
    "minResTime" : 24.0,
    "maxResTime" : 39070.0,
    "pct1ResTime" : 11759.699999999999,
    "pct2ResTime" : 14589.849999999999,
    "pct3ResTime" : 21162.510000000002,
    "throughput" : 11.697154152677983,
    "receivedKBytesPerSec" : 394.5457340479982,
    "sentKBytesPerSec" : 5.895929832371121
  },
  "Upload" : {
    "transaction" : "Upload",
    "sampleCount" : 818,
    "errorCount" : 1,
    "errorPct" : 0.12224939,
    "meanResTime" : 5692.557457212717,
    "medianResTime" : 3706.5,
    "minResTime" : 532.0,
    "maxResTime" : 39070.0,
    "pct1ResTime" : 11774.1,
    "pct2ResTime" : 15889.999999999989,
    "pct3ResTime" : 35059.07,
    "throughput" : 2.9814298471014893,
    "receivedKBytesPerSec" : 135.21138441264372,
    "sentKBytesPerSec" : 4.205598894264939
  },
  "Course Page" : {
    "transaction" : "Course Page",
    "sampleCount" : 100,
    "errorCount" : 0,
    "errorPct" : 0.0,
    "meanResTime" : 66.03000000000002,
    "medianResTime" : 61.0,
    "minResTime" : 53.0,
    "maxResTime" : 166.0,
    "pct1ResTime" : 80.80000000000001,
    "pct2ResTime" : 85.89999999999998,
    "pct3ResTime" : 165.7899999999999,
    "throughput" : 55.95970900951315,
    "receivedKBytesPerSec" : 1811.9611692081703,
    "sentKBytesPerSec" : 16.230501538892
  },
  "Login" : {
    "transaction" : "Login",
    "sampleCount" : 100,
    "errorCount" : 0,
    "errorPct" : 0.0,
    "meanResTime" : 138.70000000000007,
    "medianResTime" : 117.0,
    "minResTime" : 76.0,
    "maxResTime" : 306.0,
    "pct1ResTime" : 237.90000000000006,
    "pct2ResTime" : 254.84999999999997,
    "pct3ResTime" : 305.5799999999998,
    "throughput" : 54.112554112554115,
    "receivedKBytesPerSec" : 92.74173092532467,
    "sentKBytesPerSec" : 32.02364042207792
  },
  "RunPractice" : {
    "transaction" : "RunPractice",
    "sampleCount" : 817,
    "errorCount" : 0,
    "errorPct" : 0.0,
    "meanResTime" : 5010.559363525093,
    "medianResTime" : 3649.0,
    "minResTime" : 296.0,
    "maxResTime" : 19104.0,
    "pct1ResTime" : 10298.400000000001,
    "pct2ResTime" : 12776.9,
    "pct3ResTime" : 17322.439999999973,
    "throughput" : 3.060005318491496,
    "receivedKBytesPerSec" : 86.70029943434847,
    "sentKBytesPerSec" : 0.7171887465214444
  }
}