{
  "AssignmentsList" : {
    "transaction" : "AssignmentsList",
    "sampleCount" : 160,
    "errorCount" : 0,
    "errorPct" : 0.0,
    "meanResTime" : 32.22499999999998,
    "medianResTime" : 30.5,
    "minResTime" : 25.0,
    "maxResTime" : 67.0,
    "pct1ResTime" : 38.0,
    "pct2ResTime" : 46.89999999999998,
    "pct3ResTime" : 67.0,
    "throughput" : 59.391239792130655,
    "receivedKBytesPerSec" : 22.786458333333332,
    "sentKBytesPerSec" : 19.19775426874536
  },
  "Get CSRF Token" : {
    "transaction" : "Get CSRF Token",
    "sampleCount" : 160,
    "errorCount" : 0,
    "errorPct" : 0.0,
    "meanResTime" : 34.81874999999999,
    "medianResTime" : 30.0,
    "minResTime" : 24.0,
    "maxResTime" : 133.0,
    "pct1ResTime" : 40.0,
    "pct2ResTime" : 62.24999999999983,
    "pct3ResTime" : 133.0,
    "throughput" : 56.89900426742532,
    "receivedKBytesPerSec" : 1520.714446457148,
    "sentKBytesPerSec" : 7.501333570412518
  },
  "StudentCourses" : {
    "transaction" : "StudentCourses",
    "sampleCount" : 160,
    "errorCount" : 0,
    "errorPct" : 0.0,
    "meanResTime" : 31.331250000000004,
    "medianResTime" : 28.0,
    "minResTime" : 22.0,
    "maxResTime" : 71.0,
    "pct1ResTime" : 44.900000000000006,
    "pct2ResTime" : 53.94999999999999,
    "pct3ResTime" : 65.50999999999988,
    "throughput" : 59.45745076179858,
    "receivedKBytesPerSec" : 74.19116963953921,
    "sentKBytesPerSec" : 14.399851356373096
  },
  "GetSubmissionId" : {
    "transaction" : "GetSubmissionId",
    "sampleCount" : 950,
    "errorCount" : 3,
    "errorPct" : 0.31578946,
    "meanResTime" : 4562.132631578944,
    "medianResTime" : 3464.0,
    "minResTime" : 92.0,
    "maxResTime" : 25851.0,
    "pct1ResTime" : 9686.599999999999,
    "pct2ResTime" : 12405.249999999996,
    "pct3ResTime" : 18367.27,
    "throughput" : 3.4987054789727803,
    "receivedKBytesPerSec" : 155.21785670798516,
    "sentKBytesPerSec" : 0.8072018492960237
  },
  "TestcasesResults" : {
    "transaction" : "TestcasesResults",
    "sampleCount" : 848,
    "errorCount" : 24,
    "errorPct" : 2.8301888,
    "meanResTime" : 17805.963443396213,
    "medianResTime" : 16481.0,
    "minResTime" : 5444.0,
    "maxResTime" : 45350.0,
    "pct1ResTime" : 26528.600000000002,
    "pct2ResTime" : 30150.6,
    "pct3ResTime" : 37243.94999999999,
    "throughput" : 2.9492472116050092,
    "receivedKBytesPerSec" : 83.24036894608756,
    "sentKBytesPerSec" : 0.6940555974834017
  },
  "Total" : {
    "transaction" : "Total",
    "sampleCount" : 4494,
    "errorCount" : 37,
    "errorPct" : 0.82332,
    "meanResTime" : 7967.75011125946,
    "medianResTime" : 5354.5,
    "minResTime" : 22.0,
    "maxResTime" : 46945.0,
    "pct1ResTime" : 19224.5,
    "pct2ResTime" : 24781.25,
    "pct3ResTime" : 34733.15000000003,
    "throughput" : 13.691785538013443,
    "receivedKBytesPerSec" : 442.71165770688486,
    "sentKBytesPerSec" : 6.7440639938259
  },
  "Upload" : {
    "transaction" : "Upload",
    "sampleCount" : 969,
    "errorCount" : 6,
    "errorPct" : 0.61919504,
    "meanResTime" : 9489.914344685247,
    "medianResTime" : 6447.0,
    "minResTime" : 57.0,
    "maxResTime" : 46945.0,
    "pct1ResTime" : 22774.0,
    "pct2ResTime" : 31469.0,
    "pct3ResTime" : 37069.5,
    "throughput" : 3.507552640437847,
    "receivedKBytesPerSec" : 155.89798488793204,
    "sentKBytesPerSec" : 4.798423184959151
  },
  "Course Page" : {
    "transaction" : "Course Page",
    "sampleCount" : 160,
    "errorCount" : 0,
    "errorPct" : 0.0,
    "meanResTime" : 76.48124999999999,
    "medianResTime" : 66.0,
    "minResTime" : 53.0,
    "maxResTime" : 203.0,
    "pct1ResTime" : 117.80000000000001,
    "pct2ResTime" : 130.95,
    "pct3ResTime" : 169.44999999999925,
    "throughput" : 58.78030859662013,
    "receivedKBytesPerSec" : 1903.4408580547392,
    "sentKBytesPerSec" : 17.048585598824396
  },
  "Login" : {
    "transaction" : "Login",
    "sampleCount" : 160,
    "errorCount" : 0,
    "errorPct" : 0.0,
    "meanResTime" : 117.80625000000003,
    "medianResTime" : 98.5,
    "minResTime" : 77.0,
    "maxResTime" : 239.0,
    "pct1ResTime" : 173.60000000000002,
    "pct2ResTime" : 188.95,
    "pct3ResTime" : 223.13999999999965,
    "throughput" : 57.59539236861051,
    "receivedKBytesPerSec" : 98.71085313174946,
    "sentKBytesPerSec" : 34.08477321814255
  },
  "RunPractice" : {
    "transaction" : "RunPractice",
    "sampleCount" : 927,
    "errorCount" : 4,
    "errorPct" : 0.43149945,
    "meanResTime" : 7692.592233009705,
    "medianResTime" : 6036.0,
    "minResTime" : 82.0,
    "maxResTime" : 39771.0,
    "pct1ResTime" : 15058.6,
    "pct2ResTime" : 18768.8,
    "pct3ResTime" : 24470.64000000003,
    "throughput" : 3.4283685477697112,
    "receivedKBytesPerSec" : 96.77814156744307,
    "sentKBytesPerSec" : 0.8009234774826085
  }
}