{
  "AssignmentsList" : {
    "transaction" : "AssignmentsList",
    "sampleCount" : 120,
    "errorCount" : 0,
    "errorPct" : 0.0,
    "meanResTime" : 31.416666666666657,
    "medianResTime" : 30.0,
    "minResTime" : 25.0,
    "maxResTime" : 53.0,
    "pct1ResTime" : 37.0,
    "pct2ResTime" : 41.849999999999966,
    "pct3ResTime" : 53.0,
    "throughput" : 55.63282336578582,
    "receivedKBytesPerSec" : 21.319577248493278,
    "sentKBytesPerSec" : 17.98287552155772
  },
  "Get CSRF Token" : {
    "transaction" : "Get CSRF Token",
    "sampleCount" : 120,
    "errorCount" : 0,
    "errorPct" : 0.0,
    "meanResTime" : 36.75833333333334,
    "medianResTime" : 31.0,
    "minResTime" : 25.0,
    "maxResTime" : 130.0,
    "pct1ResTime" : 47.70000000000002,
    "pct2ResTime" : 83.89999999999975,
    "pct3ResTime" : 129.79,
    "throughput" : 54.49591280653951,
    "receivedKBytesPerSec" : 1456.4888631074025,
    "sentKBytesPerSec" : 7.1845197547683926
  },
  "StudentCourses" : {
    "transaction" : "StudentCourses",
    "sampleCount" : 120,
    "errorCount" : 0,
    "errorPct" : 0.0,
    "meanResTime" : 33.90833333333333,
    "medianResTime" : 30.0,
    "minResTime" : 22.0,
    "maxResTime" : 119.0,
    "pct1ResTime" : 49.900000000000006,
    "pct2ResTime" : 61.69999999999993,
    "pct3ResTime" : 113.11999999999978,
    "throughput" : 54.89478499542543,
    "receivedKBytesPerSec" : 68.50233016925893,
    "sentKBytesPerSec" : 13.294830741079597
  },
  "GetSubmissionId" : {
    "transaction" : "GetSubmissionId",
    "sampleCount" : 848,
    "errorCount" : 2,
    "errorPct" : 0.23584905,
    "meanResTime" : 3345.9339622641505,
    "medianResTime" : 2025.0,
    "minResTime" : 222.0,
    "maxResTime" : 32656.0,
    "pct1ResTime" : 7821.800000000001,
    "pct2ResTime" : 11457.2,
    "pct3ResTime" : 16050.18,
    "throughput" : 3.07969435486214,
    "receivedKBytesPerSec" : 137.34523503097853,
    "sentKBytesPerSec" : 0.7110997355203522
  },
  "TestcasesResults" : {
    "transaction" : "TestcasesResults",
    "sampleCount" : 803,
    "errorCount" : 1,
    "errorPct" : 0.124533,
    "meanResTime" : 12013.958904109586,
    "medianResTime" : 11268.0,
    "minResTime" : 5238.0,
    "maxResTime" : 34796.0,
    "pct1ResTime" : 17876.000000000007,
    "pct2ResTime" : 20788.6,
    "pct3ResTime" : 24257.360000000004,
    "throughput" : 2.9422217988223784,
    "receivedKBytesPerSec" : 85.1889200433822,
    "sentKBytesPerSec" : 0.7116819579148698
  },
  "Total" : {
    "transaction" : "Total",
    "sampleCount" : 3966,
    "errorCount" : 6,
    "errorPct" : 0.15128593,
    "meanResTime" : 6026.618507312146,
    "medianResTime" : 3704.5,
    "minResTime" : 22.0,
    "maxResTime" : 45304.0,
    "pct1ResTime" : 13549.800000000003,
    "pct2ResTime" : 17276.599999999984,
    "pct3ResTime" : 33362.199999999844,
    "throughput" : 12.764519399430327,
    "receivedKBytesPerSec" : 424.08903617378223,
    "sentKBytesPerSec" : 6.4368608285994755
  },
  "Upload" : {
    "transaction" : "Upload",
    "sampleCount" : 886,
    "errorCount" : 1,
    "errorPct" : 0.11286682,
    "meanResTime" : 7500.038374717829,
    "medianResTime" : 4028.5,
    "minResTime" : 109.0,
    "maxResTime" : 45304.0,
    "pct1ResTime" : 17088.100000000013,
    "pct2ResTime" : 26031.0,
    "pct3ResTime" : 44070.55,
    "throughput" : 3.1975978316966396,
    "receivedKBytesPerSec" : 143.51182678114498,
    "sentKBytesPerSec" : 4.426859178928335
  },
  "Course Page" : {
    "transaction" : "Course Page",
    "sampleCount" : 120,
    "errorCount" : 0,
    "errorPct" : 0.0,
    "meanResTime" : 67.54999999999993,
    "medianResTime" : 61.0,
    "minResTime" : 53.0,
    "maxResTime" : 154.0,
    "pct1ResTime" : 93.10000000000005,
    "pct2ResTime" : 114.94999999999999,
    "pct3ResTime" : 152.52999999999994,
    "throughput" : 54.39709882139619,
    "receivedKBytesPerSec" : 1761.4876685743427,
    "sentKBytesPerSec" : 15.777283544877607
  },
  "Login" : {
    "transaction" : "Login",
    "sampleCount" : 120,
    "errorCount" : 0,
    "errorPct" : 0.0,
    "meanResTime" : 131.23333333333326,
    "medianResTime" : 102.0,
    "minResTime" : 79.0,
    "maxResTime" : 351.0,
    "pct1ResTime" : 218.60000000000008,
    "pct2ResTime" : 277.34999999999985,
    "pct3ResTime" : 346.5899999999998,
    "throughput" : 53.956834532374096,
    "receivedKBytesPerSec" : 92.47484824640287,
    "sentKBytesPerSec" : 31.931486061151077
  },
  "RunPractice" : {
    "transaction" : "RunPractice",
    "sampleCount" : 829,
    "errorCount" : 2,
    "errorPct" : 0.24125452,
    "meanResTime" : 5712.750301568159,
    "medianResTime" : 4199.0,
    "minResTime" : 65.0,
    "maxResTime" : 24599.0,
    "pct1ResTime" : 12205.0,
    "pct2ResTime" : 14876.5,
    "pct3ResTime" : 19991.10000000001,
    "throughput" : 3.0334743343920607,
    "receivedKBytesPerSec" : 85.7685372920204,
    "sentKBytesPerSec" : 0.7092552985172934
  }
}