Device,kB_read/s,kB_wrtn/s
loop0,0.0,0.0
sda,17.3010989010989,332.0967032967033
