{"Disk Read(KB/s)": 12.250400000000019, "Disk Write(KB/s)": 278.7470000000001}