{"%idle": 68.01772727272726, "user+system(%)": 29.333513513513502, "%iowait": 1.3300900900900903}