{"I/O wait(%)": 1.309090909090909, "user+system(%)": 30.6, "Idle(%)": 68.15454545454546, "Available Memory(Kb)": 4752980.072727272}