Device,kB_read/s,kB_wrtn/s
loop0,0.0,0.0
sda,2295.083870967742,315.52258064516127
