{"Disk Read(KB/s)": 2214.3279999999995, "Disk Write(KB/s)": 310.79666666666657}