{"user+system(%)": 2.3990990990990975, "%iowait": 30.701891891891883, "%idle": 55.745181818181806}