{"I/O wait(%)": 31.2, "Available Memory(Kb)": 3982213.2363636363, "user+system(%)": 13.045454545454545, "Idle(%)": 55.68181818181818}