Device,kB_read/s,kB_wrtn/s
loop0,0.0,0.0
sda,128.84556962025317,59.00759493670886
