{"Disk Read(KB/s)": 93.95566666666672, "Disk Write(KB/s)": 53.991866666666624}