{"user+system(%)": 0.4888950276243094, "%iowait": 0.12662983425414417, "%idle": 98.47077777777783}