{"Available Memory(Kb)": 9469146.711111112, "I/O wait(%)": 0.13333333333333333, "user+system(%)": 1.3222222222222222, "Idle(%)": 98.5111111111111}