{"%iowait": 0.2874033149171264, "%idle": 95.78244444444445, "user+system(%)": 1.294198895027625}