{"I/O wait(%)": 2.3181818181818183, "user+system(%)": 30.745454545454546, "Available Memory(Kb)": 6187414.8, "Idle(%)": 67.01818181818182}