{
  "Login_user1" : {
    "transaction" : "Login_user1",
    "sampleCount" : 1,
    "errorCount" : 0,
    "errorPct" : 0.0,
    "meanResTime" : 121.0,
    "medianResTime" : 121.0,
    "minResTime" : 121.0,
    "maxResTime" : 121.0,
    "pct1ResTime" : 121.0,
    "pct2ResTime" : 121.0,
    "pct3ResTime" : 121.0,
    "throughput" : 8.264462809917356,
    "receivedKBytesPerSec" : 14.131908574380166,
    "sentKBytesPerSec" : 4.8586002066115705
  },
  "TestcasesResults_2_128470_user1" : {
    "transaction" : "TestcasesResults_2_128470_user1",
    "sampleCount" : 1,
    "errorCount" : 0,
    "errorPct" : 0.0,
    "meanResTime" : 5300.0,
    "medianResTime" : 5300.0,
    "minResTime" : 5300.0,
    "maxResTime" : 5300.0,
    "pct1ResTime" : 5300.0,
    "pct2ResTime" : 5300.0,
    "pct3ResTime" : 5300.0,
    "throughput" : 0.18867924528301885,
    "receivedKBytesPerSec" : 7.538141214622642,
    "sentKBytesPerSec" : 0.04569575471698113
  },
  "RunPractice_2_128466_user1 1628541560347" : {
    "transaction" : "RunPractice_2_128466_user1 1628541560347",
    "sampleCount" : 1,
    "errorCount" : 0,
    "errorPct" : 0.0,
    "meanResTime" : 2119.0,
    "medianResTime" : 2119.0,
    "minResTime" : 2119.0,
    "maxResTime" : 2119.0,
    "pct1ResTime" : 2119.0,
    "pct2ResTime" : 2119.0,
    "pct3ResTime" : 2119.0,
    "throughput" : 0.47192071731949037,
    "receivedKBytesPerSec" : 13.369089930391693,
    "sentKBytesPerSec" : 0.11060641812175553
  },
  "TestcasesResults_2_128467_user1" : {
    "transaction" : "TestcasesResults_2_128467_user1",
    "sampleCount" : 1,
    "errorCount" : 0,
    "errorPct" : 0.0,
    "meanResTime" : 5352.0,
    "medianResTime" : 5352.0,
    "minResTime" : 5352.0,
    "maxResTime" : 5352.0,
    "pct1ResTime" : 5352.0,
    "pct2ResTime" : 5352.0,
    "pct3ResTime" : 5352.0,
    "throughput" : 0.18684603886397608,
    "receivedKBytesPerSec" : 7.463623411808669,
    "sentKBytesPerSec" : 0.045251775037369206
  },
  "GetSubmissionId_2_user1" : {
    "transaction" : "GetSubmissionId_2_user1",
    "sampleCount" : 7,
    "errorCount" : 0,
    "errorPct" : 0.0,
    "meanResTime" : 307.0,
    "medianResTime" : 296.0,
    "minResTime" : 277.0,
    "maxResTime" : 356.0,
    "pct1ResTime" : 356.0,
    "pct2ResTime" : 356.0,
    "pct3ResTime" : 356.0,
    "throughput" : 0.00917252070041368,
    "receivedKBytesPerSec" : 0.3904092512569629,
    "sentKBytesPerSec" : 0.0021229369199199633
  },
  "AssignmentsList_6_user1" : {
    "transaction" : "AssignmentsList_6_user1",
    "sampleCount" : 1,
    "errorCount" : 0,
    "errorPct" : 0.0,
    "meanResTime" : 39.0,
    "medianResTime" : 39.0,
    "minResTime" : 39.0,
    "maxResTime" : 39.0,
    "pct1ResTime" : 39.0,
    "pct2ResTime" : 39.0,
    "pct3ResTime" : 39.0,
    "throughput" : 25.64102564102564,
    "receivedKBytesPerSec" : 9.940905448717949,
    "sentKBytesPerSec" : 8.288261217948717
  },
  "Course Page_6_user1" : {
    "transaction" : "Course Page_6_user1",
    "sampleCount" : 1,
    "errorCount" : 0,
    "errorPct" : 0.0,
    "meanResTime" : 90.0,
    "medianResTime" : 90.0,
    "minResTime" : 90.0,
    "maxResTime" : 90.0,
    "pct1ResTime" : 90.0,
    "pct2ResTime" : 90.0,
    "pct3ResTime" : 90.0,
    "throughput" : 11.11111111111111,
    "receivedKBytesPerSec" : 359.71137152777777,
    "sentKBytesPerSec" : 3.22265625
  },
  "TestcasesResults_2_128469_user1" : {
    "transaction" : "TestcasesResults_2_128469_user1",
    "sampleCount" : 1,
    "errorCount" : 0,
    "errorPct" : 0.0,
    "meanResTime" : 5329.0,
    "medianResTime" : 5329.0,
    "minResTime" : 5329.0,
    "maxResTime" : 5329.0,
    "pct1ResTime" : 5329.0,
    "pct2ResTime" : 5329.0,
    "pct3ResTime" : 5329.0,
    "throughput" : 0.18765246762994933,
    "receivedKBytesPerSec" : 7.4971192414149,
    "sentKBytesPerSec" : 0.04544708200412836
  },
  "Upload_2_user1-0" : {
    "transaction" : "Upload_2_user1-0",
    "sampleCount" : 7,
    "errorCount" : 0,
    "errorPct" : 0.0,
    "meanResTime" : 289.2857142857143,
    "medianResTime" : 294.0,
    "minResTime" : 254.0,
    "maxResTime" : 302.0,
    "pct1ResTime" : 302.0,
    "pct2ResTime" : 302.0,
    "pct3ResTime" : 302.0,
    "throughput" : 0.009173338085996113,
    "receivedKBytesPerSec" : 0.0020962510860577056,
    "sentKBytesPerSec" : 0.009552147806065149
  },
  "Upload_2_user1-1" : {
    "transaction" : "Upload_2_user1-1",
    "sampleCount" : 7,
    "errorCount" : 0,
    "errorPct" : 0.0,
    "meanResTime" : 287.7142857142857,
    "medianResTime" : 293.0,
    "minResTime" : 241.0,
    "maxResTime" : 330.0,
    "pct1ResTime" : 330.0,
    "pct2ResTime" : 330.0,
    "pct3ResTime" : 330.0,
    "throughput" : 0.00917387908303147,
    "receivedKBytesPerSec" : 0.3903378043434386,
    "sentKBytesPerSec" : 0.002123251311209432
  },
  "TestcasesResults_2_128471_user1" : {
    "transaction" : "TestcasesResults_2_128471_user1",
    "sampleCount" : 1,
    "errorCount" : 0,
    "errorPct" : 0.0,
    "meanResTime" : 5374.0,
    "medianResTime" : 5374.0,
    "minResTime" : 5374.0,
    "maxResTime" : 5374.0,
    "pct1ResTime" : 5374.0,
    "pct2ResTime" : 5374.0,
    "pct3ResTime" : 5374.0,
    "throughput" : 0.18608113137327875,
    "receivedKBytesPerSec" : 7.434340982043171,
    "sentKBytesPerSec" : 0.04506652400446595
  },
  "RunPractice_2_128468_user1 1628541816150" : {
    "transaction" : "RunPractice_2_128468_user1 1628541816150",
    "sampleCount" : 1,
    "errorCount" : 0,
    "errorPct" : 0.0,
    "meanResTime" : 2090.0,
    "medianResTime" : 2090.0,
    "minResTime" : 2090.0,
    "maxResTime" : 2090.0,
    "pct1ResTime" : 2090.0,
    "pct2ResTime" : 2090.0,
    "pct3ResTime" : 2090.0,
    "throughput" : 0.4784688995215311,
    "receivedKBytesPerSec" : 13.558332087320576,
    "sentKBytesPerSec" : 0.11214114832535886
  },
  "TestcasesResults_2_128466_user1" : {
    "transaction" : "TestcasesResults_2_128466_user1",
    "sampleCount" : 1,
    "errorCount" : 0,
    "errorPct" : 0.0,
    "meanResTime" : 6560.0,
    "medianResTime" : 6560.0,
    "minResTime" : 6560.0,
    "maxResTime" : 6560.0,
    "pct1ResTime" : 6560.0,
    "pct2ResTime" : 6560.0,
    "pct3ResTime" : 6560.0,
    "throughput" : 0.1524390243902439,
    "receivedKBytesPerSec" : 6.089224466463415,
    "sentKBytesPerSec" : 0.036918826219512195
  },
  "RunPractice_2_128472_user1 1628542323198" : {
    "transaction" : "RunPractice_2_128472_user1 1628542323198",
    "sampleCount" : 1,
    "errorCount" : 0,
    "errorPct" : 0.0,
    "meanResTime" : 2151.0,
    "medianResTime" : 2151.0,
    "minResTime" : 2151.0,
    "maxResTime" : 2151.0,
    "pct1ResTime" : 2151.0,
    "pct2ResTime" : 2151.0,
    "pct3ResTime" : 2151.0,
    "throughput" : 0.46490004649000466,
    "receivedKBytesPerSec" : 13.170200633426315,
    "sentKBytesPerSec" : 0.10896094839609485
  },
  "Upload_2_user1" : {
    "transaction" : "Upload_2_user1",
    "sampleCount" : 7,
    "errorCount" : 0,
    "errorPct" : 0.0,
    "meanResTime" : 578.0,
    "medianResTime" : 596.0,
    "minResTime" : 542.0,
    "maxResTime" : 622.0,
    "pct1ResTime" : 622.0,
    "pct2ResTime" : 622.0,
    "pct3ResTime" : 622.0,
    "throughput" : 0.009170261627564236,
    "receivedKBytesPerSec" : 0.39227943391974973,
    "sentKBytesPerSec" : 0.011671358374479425
  },
  "Get CSRF Token" : {
    "transaction" : "Get CSRF Token",
    "sampleCount" : 1,
    "errorCount" : 0,
    "errorPct" : 0.0,
    "meanResTime" : 100.0,
    "medianResTime" : 100.0,
    "minResTime" : 100.0,
    "maxResTime" : 100.0,
    "pct1ResTime" : 100.0,
    "pct2ResTime" : 100.0,
    "pct3ResTime" : 100.0,
    "throughput" : 10.0,
    "receivedKBytesPerSec" : 267.24609375,
    "sentKBytesPerSec" : 1.318359375
  },
  "Login_user1-0" : {
    "transaction" : "Login_user1-0",
    "sampleCount" : 1,
    "errorCount" : 0,
    "errorPct" : 0.0,
    "meanResTime" : 92.0,
    "medianResTime" : 92.0,
    "minResTime" : 92.0,
    "maxResTime" : 92.0,
    "pct1ResTime" : 92.0,
    "pct2ResTime" : 92.0,