Device,kB_read/s,kB_wrtn/s
loop0,0.0,0.0
sda,42.3741935483871,997.9741935483871
