{"Disk Write(KB/s)": 975.2095000000002, "Disk Read(KB/s)": 42.476166666666686}