{"%iowait": 0.21567567567567558, "user+system(%)": 96.82900900900903, "%idle": 0.9341818181818182}