{"Idle(%)": 0.8181818181818182, "Available Memory(Kb)": 2418278.0727272728, "user+system(%)": 98.82727272727273, "I/O wait(%)": 0.16363636363636364}