Device,kB_read/s,kB_wrtn/s
loop0,0.0,0.0
sda,33.56049382716049,324.98765432098764
