{"Disk Read(KB/s)": 37.57153333333337, "Disk Write(KB/s)": 282.2896666666667}