{"user+system(%)": 27.201351351351356, "%iowait": 1.418738738738739, "%idle": 70.10790909090908}