{"Available Memory(Kb)": 4955548.981818181, "Idle(%)": 70.17272727272727, "I/O wait(%)": 1.4, "user+system(%)": 28.509090909090908}