{
  "AssignmentsList" : {
    "transaction" : "AssignmentsList",
    "sampleCount" : 90,
    "errorCount" : 0,
    "errorPct" : 0.0,
    "meanResTime" : 37.04444444444445,
    "medianResTime" : 34.0,
    "minResTime" : 26.0,
    "maxResTime" : 90.0,
    "pct1ResTime" : 52.80000000000001,
    "pct2ResTime" : 57.900000000000006,
    "pct3ResTime" : 90.0,
    "throughput" : 38.75968992248062,
    "receivedKBytesPerSec" : 14.841899493970715,
    "sentKBytesPerSec" : 12.604469476744185
  },
  "Get CSRF Token" : {
    "transaction" : "Get CSRF Token",
    "sampleCount" : 90,
    "errorCount" : 0,
    "errorPct" : 0.0,
    "meanResTime" : 212.19999999999996,
    "medianResTime" : 34.0,
    "minResTime" : 27.0,
    "maxResTime" : 2003.0,
    "pct1ResTime" : 481.800000000002,
    "pct2ResTime" : 1946.5,
    "pct3ResTime" : 2003.0,
    "throughput" : 33.949453036589965,
    "receivedKBytesPerSec" : 907.2858708977745,
    "sentKBytesPerSec" : 4.54206549415315
  },
  "StudentCourses" : {
    "transaction" : "StudentCourses",
    "sampleCount" : 90,
    "errorCount" : 0,
    "errorPct" : 0.0,
    "meanResTime" : 45.055555555555564,
    "medianResTime" : 41.5,
    "minResTime" : 24.0,
    "maxResTime" : 92.0,
    "pct1ResTime" : 70.9,
    "pct2ResTime" : 77.9,
    "pct3ResTime" : 92.0,
    "throughput" : 37.453183520599254,
    "receivedKBytesPerSec" : 46.34099953183521,
    "sentKBytesPerSec" : 9.143843632958802
  },
  "GetSubmissionId" : {
    "transaction" : "GetSubmissionId",
    "sampleCount" : 636,
    "errorCount" : 0,
    "errorPct" : 0.0,
    "meanResTime" : 1540.8301886792449,
    "medianResTime" : 1151.5,
    "minResTime" : 200.0,
    "maxResTime" : 27150.0,
    "pct1ResTime" : 2806.3,
    "pct2ResTime" : 4125.849999999998,
    "pct3ResTime" : 5774.04,
    "throughput" : 2.329073131431501,
    "receivedKBytesPerSec" : 103.8773862070623,
    "sentKBytesPerSec" : 0.5436020296993445
  },
  "TestcasesResults" : {
    "transaction" : "TestcasesResults",
    "sampleCount" : 587,
    "errorCount" : 1,
    "errorPct" : 0.17035775,
    "meanResTime" : 18918.940374787056,
    "medianResTime" : 20072.0,
    "minResTime" : 5332.0,
    "maxResTime" : 31269.0,
    "pct1ResTime" : 24380.2,
    "pct2ResTime" : 25767.600000000002,
    "pct3ResTime" : 28123.16,
    "throughput" : 2.0807117664782093,
    "receivedKBytesPerSec" : 60.14515911064637,
    "sentKBytesPerSec" : 0.5030639101075802
  },
  "Total" : {
    "transaction" : "Total",
    "sampleCount" : 2947,
    "errorCount" : 6,
    "errorPct" : 0.20359688,
    "meanResTime" : 5843.435697319299,
    "medianResTime" : 2329.0,
    "minResTime" : 24.0,
    "maxResTime" : 31269.0,
    "pct1ResTime" : 21074.800000000003,
    "pct2ResTime" : 23182.6,
    "pct3ResTime" : 28881.719999999998,
    "throughput" : 9.069003825168563,
    "receivedKBytesPerSec" : 299.9036351026149,
    "sentKBytesPerSec" : 4.544280971017347
  },
  "Upload" : {
    "transaction" : "Upload",
    "sampleCount" : 640,
    "errorCount" : 1,
    "errorPct" : 0.15625,
    "meanResTime" : 4126.8218750000015,
    "medianResTime" : 1998.0,
    "minResTime" : 81.0,
    "maxResTime" : 31240.0,
    "pct1ResTime" : 5921.5999999999985,
    "pct2ResTime" : 25543.749999999996,
    "pct3ResTime" : 31117.49,
    "throughput" : 2.3235212965248833,
    "receivedKBytesPerSec" : 104.0187792539046,
    "sentKBytesPerSec" : 3.2483562334812155
  },
  "Course Page" : {
    "transaction" : "Course Page",
    "sampleCount" : 90,
    "errorCount" : 0,
    "errorPct" : 0.0,
    "meanResTime" : 81.95555555555556,
    "medianResTime" : 71.0,
    "minResTime" : 55.0,
    "maxResTime" : 180.0,
    "pct1ResTime" : 126.80000000000001,
    "pct2ResTime" : 141.9,
    "pct3ResTime" : 180.0,
    "throughput" : 37.328909166321026,
    "receivedKBytesPerSec" : 1208.2832428193694,
    "sentKBytesPerSec" : 10.899749844462878
  },
  "Login" : {
    "transaction" : "Login",
    "sampleCount" : 90,
    "errorCount" : 0,
    "errorPct" : 0.0,
    "meanResTime" : 141.77777777777777,
    "medianResTime" : 137.5,
    "minResTime" : 84.0,
    "maxResTime" : 251.0,
    "pct1ResTime" : 190.9,
    "pct2ResTime" : 203.8,
    "pct3ResTime" : 251.0,
    "throughput" : 35.046728971962615,
    "receivedKBytesPerSec" : 59.990143107476634,
    "sentKBytesPerSec" : 20.802150262850468
  },
  "RunPractice" : {
    "transaction" : "RunPractice",
    "sampleCount" : 634,
    "errorCount" : 4,
    "errorPct" : 0.6309148,
    "meanResTime" : 3860.2996845425873,
    "medianResTime" : 3230.0,
    "minResTime" : 187.0,
    "maxResTime" : 17700.0,
    "pct1ResTime" : 6002.0,
    "pct2ResTime" : 7909.25,
    "pct3ResTime" : 13185.499999999993,
    "throughput" : 2.316734938482283,
    "receivedKBytesPerSec" : 65.23153517833195,
    "sentKBytesPerSec" : 0.542984751206785
  }
}