{"%iowait": 0.017297297297297305, "user+system(%)": 71.32360360360357, "%idle": 27.308363636363644}