{"I/O wait(%)": 0.00909090909090909, "user+system(%)": 72.97272727272727, "Idle(%)": 27.009090909090908, "Available Memory(Kb)": 3372885.1272727274}