Device,kB_read/s,kB_wrtn/s
loop0,0.0,0.0
sda,22.65806451612903,883.0967741935484
