{"Disk Read(KB/s)": 22.714666666666663, "Disk Write(KB/s)": 873.1931666666665}