{"user+system(%)": 79.10774774774777, "%idle": 17.845181818181818, "%sys": 6.898108108108108, "%guest": 0.0, "%iowait": 1.492342342342342}