{"I/O wait(%)": 1.5818181818181818, "Idle(%)": 18.236363636363638, "user+system(%)": 80.15454545454546, "sys(%)": 7.545454545454546, "Available Memory(Kb)": 6747457.890909091}