Device,kB_read/s,kB_wrtn/s
loop0,0.0,0.0
sda,4.092307692307692,597.0725274725274
