{"Disk Read(KB/s)": 3.7220222222222223, "Disk Write(KB/s)": 547.9518666666661}