{"%iowait": 0.6375138121546957, "%idle": 13.985055555555569, "user+system(%)": 80.39066298342541}