{"Available Memory(Kb)": 7112059.444444444, "user+system(%)": 85.02222222222223, "Idle(%)": 14.411111111111111, "I/O wait(%)": 0.6277777777777778}