{"Disk Write(KB/s)": 679.9563333333332, "Disk Read(KB/s)": 461.68899999999996}