{"%idle": 9.582545454545452, "user+system(%)": 87.81720720720719, "%iowait": 0.5683783783783786}