{"I/O wait(%)": 0.5727272727272728, "Idle(%)": 9.572727272727272, "user+system(%)": 89.82727272727273, "Available Memory(Kb)": 5557434.545454546}