Device,kB_read/s,kB_wrtn/s
loop0,0.0,0.0
sda,30.3420814479638,432.8651583710407
