{"Disk Read(KB/s)": 31.71917777777774, "Disk Write(KB/s)": 445.21367777777795}