{"%iowait": 2.1986740331491705, "user+system(%)": 39.12309392265193, "%idle": 55.446500000000015}