{"user+system(%)": 42.15, "Idle(%)": 55.58888888888889, "I/O wait(%)": 2.2333333333333334, "Available Memory(Kb)": 10184111.555555556}