Device,kB_read/s,kB_wrtn/s
loop0,0.0,0.0
sda,13.888524590163934,780.4852459016394
