{"%iowait": 0.0754054054054054, "%idle": 0.6068181818181824, "%guest": 0.0, "user+system(%)": 97.65774774774775, "%sys": 4.025405405405408}