{"Available Memory(Kb)": 6517125.709090909, "I/O wait(%)": 0.05454545454545454, "sys(%)": 4.6, "Idle(%)": 0.5909090909090909, "user+system(%)": 99.28181818181818}