Device,kB_read/s,kB_wrtn/s
loop0,0.0,0.0
sda,534.5967213114754,580.2360655737705
