{"Disk Read(KB/s)": 527.3771666666665, "Disk Write(KB/s)": 572.9603333333333}