{"user+system(%)": 10.837477477477478, "%idle": 48.032454545454534, "%guest": 35.97747747747749, "%sys": 4.691351351351351, "%iowait": 4.451351351351352}