{"sys(%)": 4.736363636363636, "Available Memory(Kb)": 2529740.1818181816, "I/O wait(%)": 4.7, "user+system(%)": 47.2, "Idle(%)": 48.14545454545455}