Device,kB_read/s,kB_wrtn/s
loop0,0.0,0.0
sda,54.65882352941176,326.1411764705882
