{"Disk Read(KB/s)": 56.371566666666695, "Disk Write(KB/s)": 297.9146333333334}