{"%idle": 63.18654545454548, "%iowait": 1.9736036036036024, "user+system(%)": 33.35108108108109}