{"I/O wait(%)": 1.981818181818182, "Available Memory(Kb)": 5123203.018181819, "user+system(%)": 34.53636363636364, "Idle(%)": 63.472727272727276}