Device,kB_read/s,kB_wrtn/s
loop0,0.0,0.0
sda,17.58222222222222,315.72444444444443
