{"Disk Read(KB/s)": 18.619633333333375, "Disk Write(KB/s)": 279.3093000000001}