{"user+system(%)": 31.04963963963965, "%iowait": 1.4801801801801806, "%idle": 65.96327272727271}