{"Available Memory(Kb)": 4754875.818181818, "user+system(%)": 32.32727272727273, "Idle(%)": 66.10909090909091, "I/O wait(%)": 1.4272727272727272}