{"Disk Read(KB/s)": 665.1362666666666, "Disk Write(KB/s)": 637.3854222222225}