{"%idle": 10.685944444444447, "user+system(%)": 77.61254143646411, "%iowait": 0.24950276243093925}