{"I/O wait(%)": 0.23333333333333334, "Idle(%)": 11.194444444444445, "Available Memory(Kb)": 6730337.044444445, "user+system(%)": 88.53333333333333}