Device,kB_read/s,kB_wrtn/s
loop0,0.0,0.0
sda,0.5770491803278689,35.829508196721314
