{"Disk Read(KB/s)": 0.5763333333333333, "Disk Write(KB/s)": 35.61816666666666}