{"%iowait": 0.026396396396396404, "user+system(%)": 25.024774774774766, "%idle": 74.22681818181815}