{"Idle(%)": 74.18181818181819, "I/O wait(%)": 0.0, "Available Memory(Kb)": 2964301.090909091, "user+system(%)": 25.71818181818182}